station,lat,lon,date,year,month,temp,precip,spi3,spei3,spei6,gtk
Буэнос-Айрес,-34.5589,-58.4197,1961-01-01,1961,1,24.4,139.0,,,,1.8989071038251366
Буэнос-Айрес,-34.5589,-58.4197,1961-02-01,1961,2,23.5,58.0,,,,0.8226950354609929
Буэнос-Айрес,-34.5589,-58.4197,1961-03-01,1961,3,21.9,64.0,-0.38045645844667997,-0.40952952828588207,,0.974124809741248
Буэнос-Айрес,-34.5589,-58.4197,1961-04-01,1961,4,18.3,46.0,-1.4660069516534366,-1.5028433679552844,,0.8378870673952641
Буэнос-Айрес,-34.5589,-58.4197,1961-05-01,1961,5,15.1,66.0,-0.7645311249337408,-0.7935612987988321,,1.4569536423841059
Буэнос-Айрес,-34.5589,-58.4197,1961-06-01,1961,6,12.05,29.0,-0.5880928409084337,-0.6489151789131457,-0.8326932921314754,0.8022130013831259
Буэнос-Айрес,-34.5589,-58.4197,1961-07-01,1961,7,10.7,37.0,-0.2949689894019766,-0.31796793797488293,-1.3521923989688887,1.1526479750778815
Буэнос-Айрес,-34.5589,-58.4197,1961-08-01,1961,8,13.8,36.0,-0.7950423047008506,-0.8727510351979383,-1.1467971755438895,0.8695652173913043
Буэнос-Айрес,-34.5589,-58.4197,1961-09-01,1961,9,13.9,33.0,-1.1265903878176273,-1.205329728602105,-1.1593533767132194,0.7913669064748201
Буэнос-Айрес,-34.5589,-58.4197,1961-10-01,1961,10,18.2,136.0,-0.07861867293849105,-0.06877042554095515,-0.31270762056098156,2.490842490842491
Буэнос-Айрес,-34.5589,-58.4197,1961-11-01,1961,11,21.0,118.0,0.3850062031273806,0.41726997081925765,-0.15612315250092482,1.873015873015873
Буэнос-Айрес,-34.5589,-58.4197,1961-12-01,1961,12,22.3,134.0,0.9593351676175654,1.0360111441382862,0.3219880831127382,2.0029895366218238
Буэнос-Айрес,-34.5589,-58.4197,1962-01-01,1962,1,22.9,72.0,0.46648330686740297,0.5380935825067701,0.2292836901909109,1.0480349344978166
Буэнос-Айрес,-34.5589,-58.4197,1962-02-01,1962,2,22.6,38.0,-0.32330192742399494,-0.32207105525509816,-0.05467812663320265,0.56047197640118
Буэнос-Айрес,-34.5589,-58.4197,1962-03-01,1962,3,23.5,61.0,-1.3560337470753017,-1.4114064910349549,-0.20587435737755833,0.8652482269503546
Буэнос-Айрес,-34.5589,-58.4197,1962-04-01,1962,4,16.5,189.0,-0.0660575258999242,-0.10162550909882896,0.14757454481979224,3.8181818181818183
Буэнос-Айрес,-34.5589,-58.4197,1962-05-01,1962,5,13.1,13.0,-0.05584842280548122,-0.019774354471620605,-0.33056239665150416,0.33078880407124683
Буэнос-Айрес,-34.5589,-58.4197,1962-06-01,1962,6,11.5,14.0,0.13884266822841726,0.16604608512748287,-0.9306287816197943,0.4057971014492754
Буэнос-Айрес,-34.5589,-58.4197,1962-07-01,1962,7,8.5,92.0,-0.45491523881832563,-0.5029178747193376,-0.5051288829900222,
Буэнос-Айрес,-34.5589,-58.4197,1962-08-01,1962,8,12.0,49.0,0.008442854626335924,-0.015450088355734602,-0.18893827603560256,1.3611111111111112
Буэнос-Айрес,-34.5589,-58.4197,1962-09-01,1962,9,14.2,99.0,0.9272678115503702,0.9251592419955355,0.5742400981522049,2.323943661971831
Буэнос-Айрес,-34.5589,-58.4197,1962-10-01,1962,10,16.4,18.0,-0.5987895323619078,-0.658813358591775,-0.794659337525535,0.3658536585365854
Буэнос-Айрес,-34.5589,-58.4197,1962-11-01,1962,11,21.4,131.0,-0.031828381669392836,-0.031352766082209105,-0.030370358575365488,2.040498442367601
Буэнос-Айрес,-34.5589,-58.4197,1962-12-01,1962,12,22.6,102.0,-0.28392188222406006,-0.3070471248408455,0.2989441816229693,1.5044247787610618
Буэнос-Айрес,-34.5589,-58.4197,1963-01-01,1963,1,24.1,33.0,-0.12747029828368933,-0.11409400258016325,-0.5755782443389569,0.45643153526970953
Буэнос-Айрес,-34.5589,-58.4197,1963-02-01,1963,2,24.5,83.0,-0.6100250172104091,-0.65982136909916,-0.6328254946164387,1.129251700680272
Буэнос-Айрес,-34.5589,-58.4197,1963-03-01,1963,3,20.6,234.0,0.31848322552297736,0.3663533597508437,0.06712275223697128,3.7864077669902914
Буэнос-Айрес,-34.5589,-58.4197,1963-04-01,1963,4,19.5,72.0,0.6565681654234382,0.7010695804620529,0.4015856866854474,1.2307692307692308
Буэнос-Айрес,-34.5589,-58.4197,1963-05-01,1963,5,14.5,33.0,0.4624572585974276,0.5236123400518182,-0.03598303106285,0.7586206896551724
Буэнос-Айрес,-34.5589,-58.4197,1963-06-01,1963,6,12.1,129.0,0.2930659925086002,0.33703224512656466,0.3163007467494849,3.553719008264463
Буэнос-Айрес,-34.5589,-58.4197,1963-07-01,1963,7,12.6,48.0,0.48329791176639575,0.5592586308003585,0.6820697189174187,1.2698412698412698
Буэнос-Айрес,-34.5589,-58.4197,1963-08-01,1963,8,11.4,129.0,1.597728537457884,1.5498446622648223,1.16419292008958,3.7719298245614037
Буэнос-Айрес,-34.5589,-58.4197,1963-09-01,1963,9,13.3,150.0,1.6868239701294157,1.6198585792696725,1.2264644843860628,3.7593984962406015
Буэнос-Айрес,-34.5589,-58.4197,1963-10-01,1963,10,15.4,148.0,2.0457182250329105,1.7766138472422033,1.4619014323532054,3.2034632034632033
Буэнос-Айрес,-34.5589,-58.4197,1963-11-01,1963,11,18.0,152.0,1.8973661507993689,1.7691528825794336,1.950284390404975,2.814814814814815
Буэнос-Айрес,-34.5589,-58.4197,1963-12-01,1963,12,22.1,239.0,2.1129559327549083,1.9805432384698294,2.1709568381503166,3.6048265460030167
Буэнос-Айрес,-34.5589,-58.4197,1964-01-01,1964,1,24.0,24.0,1.275536998103905,1.3045671518882282,2.0167372438499305,0.3333333333333333
Буэнос-Айрес,-34.5589,-58.4197,1964-02-01,1964,2,23.2,186.0,1.2602060300187743,1.3181459829144053,1.9780663049357903,2.6724137931034484
Буэнос-Айрес,-34.5589,-58.4197,1964-03-01,1964,3,20.2,227.0,0.8741499777703524,0.9238603736352115,1.6553162999627324,3.745874587458746
Буэнос-Айрес,-34.5589,-58.4197,1964-04-01,1964,4,17.7,71.0,1.1935602789200754,1.2161749255366359,1.464863553640474,1.3370998116760828
Буэнос-Айрес,-34.5589,-58.4197,1964-05-01,1964,5,15.5,83.0,0.7208400811385375,0.7728213890084419,1.1749931636142392,1.7849462365591398
Буэнос-Айрес,-34.5589,-58.4197,1964-06-01,1964,6,9.6,41.0,-0.049764967150022904,-0.046411470089331795,0.5835500018358762,
Буэнос-Айрес,-34.5589,-58.4197,1964-07-01,1964,7,10.3,19.0,-0.1683054420806466,-0.1707120299160782,0.8146669824273459,0.6148867313915858
Буэнос-Айрес,-34.5589,-58.4197,1964-08-01,1964,8,11.6,37.0,-0.8840282199969637,-0.9593245739257319,0.21249324055977165,1.0632183908045978
Буэнос-Айрес,-34.5589,-58.4197,1964-09-01,1964,9,13.9,45.0,-1.2766070393170952,-1.314638175776241,-0.7310908134751738,1.079136690647482
Буэнос-Айрес,-34.5589,-58.4197,1964-10-01,1964,10,15.4,48.0,-1.160195580947072,-1.2762205704062208,-0.9120885041733218,1.0389610389610389
Буэнос-Айрес,-34.5589,-58.4197,1964-11-01,1964,11,18.5,68.0,-1.0752348169332233,-1.114027873400182,-1.4421361480432577,1.2252252252252251
Буэнос-Айрес,-34.5589,-58.4197,1964-12-01,1964,12,22.5,31.0,-1.4281033659311337,-1.4832480776170538,-1.7942139137071602,0.45925925925925926
Буэнос-Айрес,-34.5589,-58.4197,1965-01-01,1965,1,25.3,39.0,-1.8245838666904965,-1.8285606722301662,-1.894594183880384,0.5138339920948617
Буэнос-Айрес,-34.5589,-58.4197,1965-02-01,1965,2,24.6,120.0,-0.965091309576572,-1.0617918335624497,-1.7024001930527082,1.6260162601626016
Буэнос-Айрес,-34.5589,-58.4197,1965-03-01,1965,3,19.2,30.0,-1.1250772368537554,-1.1947267254386154,-1.8889648402701587,0.5208333333333334
Буэнос-Айрес,-34.5589,-58.4197,1965-04-01,1965,4,17.4,141.0,-0.04112866278086899,-0.07299442263087816,-1.1240720187726194,2.7011494252873565
Буэнос-Айрес,-34.5589,-58.4197,1965-05-01,1965,5,13.4,15.0,-0.6746501991393585,-0.6971161018862957,-1.1785288709836401,0.373134328358209
Буэнос-Айрес,-34.5589,-58.4197,1965-06-01,1965,6,15.1,40.0,-0.04055379981907635,-0.035987708684467996,-0.9436639258793006,0.8830022075055187
Буэнос-Айрес,-34.5589,-58.4197,1965-07-01,1965,7,10.1,55.0,-0.573312267241315,-0.6380214542480905,-0.5498355137514274,1.8151815181518152
Буэнос-Айрес,-34.5589,-58.4197,1965-08-01,1965,8,12.7,61.0,0.021723806396771978,-0.0006705019221546158,-0.7132245455836402,1.601049868766404
Буэнос-Айрес,-34.5589,-58.4197,1965-09-01,1965,9,13.6,48.0,0.017725367408205142,-0.08529912595332555,-0.17706058529290536,1.1764705882352942
Буэнос-Айрес,-34.5589,-58.4197,1965-10-01,1965,10,17.8,34.0,-0.9462466993788681,-1.0460483563959728,-1.112318509851232,0.6367041198501873
Буэнос-Айрес,-34.5589,-58.4197,1965-11-01,1965,11,20.4,107.0,-0.7194357716565709,-0.7642467241092615,-0.5714287994467497,1.7483660130718954
Буэнос-Айрес,-34.5589,-58.4197,1965-12-01,1965,12,21.4,84.0,-0.5498513315385882,-0.6031440198797031,-0.5550388636070298,1.308411214953271
Буэнос-Айрес,-34.5589,-58.4197,1966-01-01,1966,1,24.0,72.0,-0.16034332776974497,-0.15115059398883504,-0.7953733705251579,1.0
Буэнос-Айрес,-34.5589,-58.4197,1966-02-01,1966,2,22.1,80.0,-0.40792824224709096,-0.4223435972852279,-1.0130314066115917,1.2066365007541477
Буэнос-Айрес,-34.5589,-58.4197,1966-03-01,1966,3,20.9,287.0,0.8858845184977069,0.9347399693018604,0.436816364657659,4.577352472089315
Буэнос-Айрес,-34.5589,-58.4197,1966-04-01,1966,4,18.3,141.0,1.3151388344893067,1.3208193402750814,0.979987223394108,2.568306010928962
Буэнос-Айрес,-34.5589,-58.4197,1966-05-01,1966,5,15.5,38.0,1.1978377827085018,1.1867275847651544,0.6891574301758691,0.8172043010752689
Буэнос-Айрес,-34.5589,-58.4197,1966-06-01,1966,6,13.0,129.0,0.8689451973386477,0.93321051333861,1.136642717031318,3.3076923076923075
Буэнос-Айрес,-34.5589,-58.4197,1966-07-01,1966,7,12.0,54.0,0.5758856158490672,0.6552748766984765,1.2265692763746014,1.5
Буэнос-Айрес,-34.5589,-58.4197,1966-08-01,1966,8,11.0,18.0,0.5699613249293309,0.5978864246299656,1.2686914244691974,0.5454545454545454
Буэнос-Айрес,-34.5589,-58.4197,1966-09-01,1966,9,12.5,13.0,-1.9194810013389483,-1.6787362238925452,0.09585725935781675,0.3466666666666667
Буэнос-Айрес,-34.5589,-58.4197,1966-10-01,1966,10,15.7,63.0,-1.84513667769647,-1.960735697346271,-0.5108825493080557,1.3375796178343948
Буэнос-Айрес,-34.5589,-58.4197,1966-11-01,1966,11,20.0,80.0,-1.1411162181684535,-1.175778576680077,-0.45557878850783734,1.3333333333333333
Буэнос-Айрес,-34.5589,-58.4197,1966-12-01,1966,12,22.1,135.0,-0.01935483612711953,-0.007158348579704799,-0.7855599568595284,2.0361990950226243
Буэнос-Айрес,-34.5589,-58.4197,1967-01-01,1967,1,24.2,99.0,0.3691929892830961,0.43501293160649224,-0.7785348379660213,1.3636363636363635
Буэнос-Айрес,-34.5589,-58.4197,1967-02-01,1967,2,23.1,66.0,0.201596559564922,0.2899780578846615,-0.7249848917643025,0.9523809523809523
Буэнос-Айрес,-34.5589,-58.4197,1967-03-01,1967,3,20.2,82.0,-0.5086617629867426,-0.5518033134961894,-0.440684515137389,1.353135313531353
Буэнос-Айрес,-34.5589,-58.4197,1967-04-01,1967,4,18.2,118.0,-0.2580243624867651,-0.32118583890565733,-0.0550922503198823,2.161172161172161
Буэнос-Айрес,-34.5589,-58.4197,1967-05-01,1967,5,17.3,60.0,-0.07793201327108115,-0.04382362624405091,-0.018981845091042737,1.1560693641618498
Буэнос-Айрес,-34.5589,-58.4197,1967-06-01,1967,6,8.0,57.0,0.3014487822356227,0.346224892374466,-0.31126458888468445,
Буэнос-Айрес,-34.5589,-58.4197,1967-07-01,1967,7,10.3,98.0,0.5257806102079041,0.6036215704293327,0.01098276409759479,3.1715210355987056
Буэнос-Айрес,-34.5589,-58.4197,1967-08-01,1967,8,11.6,109.0,1.2184027350074806,1.230098069212079,0.502282424580811,3.132183908045977
Буэнос-Айрес,-34.5589,-58.4197,1967-09-01,1967,9,14.9,64.0,1.2211180063380431,1.213913812398058,0.9071287905987311,1.4317673378076063
Буэнос-Айрес,-34.5589,-58.4197,1967-10-01,1967,10,17.8,316.0,2.502745085647409,2.038711815821561,1.688326087457587,5.917602996254682
Буэнос-Айрес,-34.5589,-58.4197,1967-11-01,1967,11,21.6,34.0,1.5893919447023261,1.535311247423978,1.6651701254740021,0.5246913580246914
Буэнос-Айрес,-34.5589,-58.4197,1967-12-01,1967,12,24.5,25.0,0.8508084041344389,0.9303850810092233,1.290500232311215,0.3401360544217687
Буэнос-Айрес,-34.5589,-58.4197,1968-01-01,1968,1,23.8,54.0,-2.266673187693266,-2.1774500146015336,0.768691579153197,0.7563025210084033
Буэнос-Айрес,-34.5589,-58.4197,1968-02-01,1968,2,23.3,89.0,-1.2929980607829337,-1.406710038612214,0.3573866643668839,1.2732474964234621
Буэнос-Айрес,-34.5589,-58.4197,1968-03-01,1968,3,21.3,42.0,-1.1743122909437549,-1.242149585455632,-0.199145202799294,0.6572769953051644
Буэнос-Айрес,-34.5589,-58.4197,1968-04-01,1968,4,15.8,5.0,-2.209280370550834,-1.9720542208355836,-2.5118127018075045,0.10548523206751055
Буэнос-Айрес,-34.5589,-58.4197,1968-05-01,1968,5,13.2,13.0,-2.0917050276604323,-2.042103696979703,-2.2209376515633563,0.3282828282828283
Буэнос-Айрес,-34.5589,-58.4197,1968-06-01,1968,6,11.7,71.0,-1.2096797075426282,-1.2819923354550773,-1.6514850521852154,2.022792022792023
Буэнос-Айрес,-34.5589,-58.4197,1968-07-01,1968,7,13.1,42.0,-0.36729546180628153,-0.4018444913200581,-1.6756617083822398,1.0687022900763359
Буэнос-Айрес,-34.5589,-58.4197,1968-08-01,1968,8,13.5,99.0,0.6916729428351907,0.7243626306409946,-1.1865378255133703,2.4444444444444446
Буэнос-Айрес,-34.5589,-58.4197,1968-09-01,1968,9,14.5,13.0,-0.13511653399323467,-0.25745499024692786,-1.19403145402577,0.2988505747126437
Буэнос-Айрес,-34.5589,-58.4197,1968-10-01,1968,10,17.0,186.0,0.9368511319451278,0.9600376589785129,0.37425849395458005,3.6470588235294117
Буэнос-Айрес,-34.5589,-58.4197,1968-11-01,1968,11,22.3,109.0,0.5990565819924194,0.6390545254560381,0.8621313301894151,1.6292974588938713
Буэнос-Айрес,-34.5589,-58.4197,1968-12-01,1968,12,22.3,285.0,2.397982921438741,2.1713479089673196,1.6977267892182826,4.260089686098655
Буэнос-Айрес,-34.5589,-58.4197,1969-01-01,1969,1,24.2,62.0,1.603625092556511,1.567263004879768,1.6382521860242807,0.8539944903581267
Буэнос-Айрес,-34.5589,-58.4197,1969-02-01,1969,2,23.9,68.0,1.0476099520178839,1.1394822626689232,1.250525091359942,0.9483960948396095
Буэнос-Айрес,-34.5589,-58.4197,1969-03-01,1969,3,22.1,121.0,-0.47137768442456757,-0.5106171697217592,1.1939380511285949,1.8250377073906485
Буэнос-Айрес,-34.5589,-58.4197,1969-04-01,1969,4,18.7,93.0,-0.11676584376191887,-0.15982863251287677,0.8306300773993119,1.6577540106951871
Буэнос-Айрес,-34.5589,-58.4197,1969-05-01,1969,5,15.1,225.0,1.0521776895986878,1.0667343197066266,1.2527916830046797,4.966887417218543
Буэнос-Айрес,-34.5589,-58.4197,1969-06-01,1969,6,12.4,34.0,1.1762180062398393,1.2161828307539966,0.42458834560346453,0.9139784946236559
Буэнос-Айрес,-34.5589,-58.4197,1969-07-01,1969,7,12.6,56.0,1.2638604835221223,1.2864567250113463,0.6722346423197376,1.4814814814814814
Буэнос-Айрес,-34.5589,-58.4197,1969-08-01,1969,8,10.9,0.0,-1.0138579326599462,-1.0816283075149205,0.5326019537780903,0.0
Буэнос-Айрес,-34.5589,-58.4197,1969-09-01,1969,9,14.5,39.0,-1.481273874629709,-1.448497138091111,0.5098218095652529,0.896551724137931
Буэнос-Айрес,-34.5589,-58.4197,1969-10-01,1969,10,16.0,39.0,-2.212199479732357,-2.296917624441182,0.1480220316534493,0.8125
Буэнос-Айрес,-34.5589,-58.4197,1969-11-01,1969,11,20.3,74.0,-1.1943706487692123,-1.224979988638925,-1.6052557227876998,1.2151067323481117
Буэнос-Айрес,-34.5589,-58.4197,1969-12-01,1969,12,24.6,88.0,-0.8061968530072012,-0.8778314123571879,-1.3783776420155205,1.1924119241192412
Буэнос-Айрес,-34.5589,-58.4197,1970-01-01,1970,1,24.1,151.0,0.3593566598403775,0.4244834913056076,-0.9211124061205396,2.0885200553250347
Буэнос-Айрес,-34.5589,-58.4197,1970-02-01,1970,2,25.0,65.0,0.23543951008709202,0.32792190326800286,-0.7249848917643025,0.8666666666666667
Буэнос-Айрес,-34.5589,-58.4197,1970-03-01,1970,3,22.5,81.0,-0.07663733457374104,-0.06860084231936654,-0.6346121386709933,1.2
Буэнос-Айрес,-34.5589,-58.4197,1970-04-01,1970,4,20.7,104.0,-0.40935680038626326,-0.4914625233742143,-0.16711980959522985,1.674718196457327
Буэнос-Айрес,-34.5589,-58.4197,1970-05-01,1970,5,14.5,81.0,-0.033904278721530186,0.004076075587025423,0.037104764088713986,1.8620689655172413
Буэнос-Айрес,-34.5589,-58.4197,1970-06-01,1970,6,11.4,31.0,0.13884266822841726,0.16604608512748287,-0.11376453900715128,0.9064327485380117
Буэнос-Айрес,-34.5589,-58.4197,1970-07-01,1970,7,11.5,63.0,0.16462569897292084,0.2116760874578286,-0.3734053251591645,1.826086956521739
Буэнос-Айрес,-34.5589,-58.4197,1970-08-01,1970,8,12.4,73.0,0.16430216219378185,0.1577792318063166,-0.08674865549799035,1.9623655913978495
Буэнос-Айрес,-34.5589,-58.4197,1970-09-01,1970,9,15.9,73.0,0.5968779822267583,0.5725057333773133,0.34667964991503275,1.530398322851153
Буэнос-Айрес,-34.5589,-58.4197,1970-10-01,1970,10,16.7,100.0,0.4003720961987811,0.44814360524788555,0.35326595778215647,1.996007984031936
Буэнос-Айрес,-34.5589,-58.4197,1970-11-01,1970,11,18.5,51.0,-0.30242351505160553,-0.3252199857493714,-0.13794397306507317,0.918918918918919
Буэнос-Айрес,-34.5589,-58.4197,1970-12-01,1970,12,22.4,43.0,-0.8831091830265205,-0.9576106740159582,-0.43193778450388515,0.6398809523809523
Буэнос-Айрес,-34.5589,-58.4197,1971-01-01,1971,1,23.4,192.0,0.08587479677326197,0.1251966715118585,0.2529258923327583,2.735042735042735
Буэнос-Айрес,-34.5589,-58.4197,1971-02-01,1971,2,21.5,179.0,1.0411509683079032,1.1338397992474611,0.7547758464581733,2.7751937984496124
Буэнос-Айрес,-34.5589,-58.4197,1971-03-01,1971,3,21.6,69.0,0.891736744952341,0.9401512407210105,0.2669102608059786,1.0648148148148149
Буэнос-Айрес,-34.5589,-58.4197,1971-04-01,1971,4,16.5,48.0,-0.00018285982920845722,-0.025970622387325837,-0.042104039948861874,0.9696969696969697
Буэнос-Айрес,-34.5589,-58.4197,1971-05-01,1971,5,13.1,62.0,-0.7372901368446597,-0.7644422333674684,0.16261434467999494,1.5776081424936388
Буэнос-Айрес,-34.5589,-58.4197,1971-06-01,1971,6,9.5,54.0,-0.34817523154943103,-0.3835335555844529,0.43019857352810814,
Буэнос-Айрес,-34.5589,-58.4197,1971-07-01,1971,7,12.3,73.0,0.2969314780906672,0.35889962336602704,0.03685746516866251,1.978319783197832
Буэнос-Айрес,-34.5589,-58.4197,1971-08-01,1971,8,14.0,48.0,0.2642210157667536,0.26813732109830424,-0.6305043403602753,1.1428571428571428
Буэнос-Айрес,-34.5589,-58.4197,1971-09-01,1971,9,16.1,129.0,1.0255189446560866,1.0245008293472517,0.26218853629793293,2.6708074534161486
Буэнос-Айрес,-34.5589,-58.4197,1971-10-01,1971,10,17.0,74.0,0.455036023331403,0.5039176911193203,0.48301881925751966,1.4509803921568627
Буэнос-Айрес,-34.5589,-58.4197,1971-11-01,1971,11,21.7,47.0,-0.009789838125937145,-0.007358829632114654,0.15967323466876204,0.7219662058371735
Буэнос-Айрес,-34.5589,-58.4197,1971-12-01,1971,12,23.8,130.0,-0.28392188222406006,-0.3070471248408455,0.3751792697521612,1.8207282913165266
Буэнос-Айрес,-34.5589,-58.4197,1972-01-01,1972,1,25.1,67.0,-0.3743035608778113,-0.39192410650955567,-0.04563047976888059,0.8897742363877822
Буэнос-Айрес,-34.5589,-58.4197,1972-02-01,1972,2,23.5,44.0,-0.354694685835418,-0.3592918855781129,-0.4053319633884767,0.624113475177305
Буэнос-Айрес,-34.5589,-58.4197,1972-03-01,1972,3,20.7,105.0,-0.8181799629686206,-0.8850143058186211,-0.8639332289345234,1.6908212560386473
Буэнос-Айрес,-34.5589,-58.4197,1972-04-01,1972,4,18.4,25.0,-1.361725841360677,-1.4205131149921266,-1.2061078201715758,0.4528985507246377
Буэнос-Айрес,-34.5589,-58.4197,1972-05-01,1972,5,16.5,39.0,-0.8290565240765886,-0.8621124186271223,-0.9506615267334224,0.7878787878787878
Буэнос-Айрес,-34.5589,-58.4197,1972-06-01,1972,6,13.6,185.0,0.41689065938949127,0.47153466754433493,-0.42117114964030744,4.534313725490196
Буэнос-Айрес,-34.5589,-58.4197,1972-07-01,1972,7,10.9,51.0,0.9904120935535403,1.0531340904402575,-0.2037443243389053,1.5596330275229358
Буэнос-Айрес,-34.5589,-58.4197,1972-08-01,1972,8,12.1,86.0,1.7336346106710783,1.655780656115792,0.29626618589813647,2.369146005509642
Буэнос-Айрес,-34.5589,-58.4197,1972-09-01,1972,9,15.4,82.0,0.7082148279256689,0.6942692097553991,0.6579948857198071,1.774891774891775
Буэнос-Айрес,-34.5589,-58.4197,1972-10-01,1972,10,16.2,83.0,0.455036023331403,0.5039176911193203,0.9827396796838945,1.7078189300411524
Буэнос-Айрес,-34.5589,-58.4197,1972-11-01,1972,11,19.3,84.0,-0.02079965335857975,-0.019344567394483266,1.1635975439909019,1.450777202072539
Буэнос-Айрес,-34.5589,-58.4197,1972-12-01,1972,12,22.6,107.0,-0.057854368846619174,-0.0508513244027629,0.31432315273924477,1.5781710914454277
Буэнос-Айрес,-34.5589,-58.4197,1973-01-01,1973,1,23.5,120.0,0.3396241213829032,0.4033039870690271,0.48279172533551257,1.702127659574468
Буэнос-Айрес,-34.5589,-58.4197,1973-02-01,1973,2,23.1,134.0,0.6791090045301258,0.7965152756953398,0.5635180479014088,1.9336219336219336
Буэнос-Айрес,-34.5589,-58.4197,1973-03-01,1973,3,22.7,197.0,0.9554631355574562,0.9984471929176005,0.7484297390573132,2.8928046989720997
Буэнос-Айрес,-34.5589,-58.4197,1973-04-01,1973,4,17.6,112.0,0.9739218718112548,1.0159306183842793,0.9044605866137421,2.121212121212121
Буэнос-Айрес,-34.5589,-58.4197,1973-05-01,1973,5,13.8,20.0,0.3982900978310163,0.45918113420708867,0.6366476446554225,0.4830917874396135
Буэнос-Айрес,-34.5589,-58.4197,1973-06-01,1973,6,12.4,107.0,0.3347938158681519,0.3826722592969626,0.8777398221631836,2.8763440860215055
Буэнос-Айрес,-34.5589,-58.4197,1973-07-01,1973,7,10.3,99.0,0.6169426064547909,0.697047619497419,0.9968475178508931,3.203883495145631
Буэнос-Айрес,-34.5589,-58.4197,1973-08-01,1973,8,12.2,0.7,0.6335470326270632,0.6643612483639589,0.5728429395995904,0.01912568306010929
Буэнос-Айрес,-34.5589,-58.4197,1973-09-01,1973,9,14.1,0.9,-1.289329173421534,-1.3234692812988818,-0.35121631876583503,0.02127659574468085
Буэнос-Айрес,-34.5589,-58.4197,1973-10-01,1973,10,17.3,111.0,-1.4715885908948543,-1.5973738573179144,-0.2986510964401216,2.138728323699422
Буэнос-Айрес,-34.5589,-58.4197,1973-11-01,1973,11,19.0,52.0,-1.037365063866051,-1.0780929452464962,-0.3264592859005518,0.9122807017543859
Буэнос-Айрес,-34.5589,-58.4197,1973-12-01,1973,12,22.4,30.0,-0.8941798469795195,-0.9689852997203349,-1.399376661875971,0.44642857142857145
Буэнос-Айрес,-34.5589,-58.4197,1974-01-01,1974,1,24.2,280.0,0.8197950468299033,0.893817076715443,-0.21541860982066446,3.8567493112947657
Буэнос-Айрес,-34.5589,-58.4197,1974-02-01,1974,2,22.3,47.0,0.6500311791918912,0.7676122486375736,-0.14128097265689138,0.70254110612855
Буэнос-Айрес,-34.5589,-58.4197,1974-03-01,1974,3,22.2,112.0,0.8858845184977069,0.9347399693018604,0.25518466662323547,1.6816816816816818
Буэнос-Айрес,-34.5589,-58.4197,1974-04-01,1974,4,18.8,9.0,-1.4660069516534366,-1.5028433679552844,-0.3921999989931448,0.1595744680851064
Буэнос-Айрес,-34.5589,-58.4197,1974-05-01,1974,5,15.8,33.0,-0.9721773747657139,-1.011799933633042,-0.3062596518735788,0.6962025316455697
Буэнос-Айрес,-34.5589,-58.4197,1974-06-01,1974,6,10.9,11.0,-1.7354416475951826,-1.7397246188104323,-0.2470851690022263,0.3363914373088685
Буэнос-Айрес,-34.5589,-58.4197,1974-07-01,1974,7,13.0,82.0,-0.36729546180628153,-0.4018444913200581,-1.4024641016213395,2.1025641025641026
Буэнос-Айрес,-34.5589,-58.4197,1974-08-01,1974,8,11.4,124.0,0.7456647850093067,0.7794064964461322,-0.5129908487999334,3.625730994152047
Буэнос-Айрес,-34.5589,-58.4197,1974-09-01,1974,9,12.9,9.0,0.6642770212037791,0.6465355131046664,-0.9764051190325527,0.23255813953488372
Буэнос-Айрес,-34.5589,-58.4197,1974-10-01,1974,10,16.9,29.0,-0.6567115051644826,-0.7242454074947592,-0.7656357478827269,0.571992110453649
Буэнос-Айрес,-34.5589,-58.4197,1974-11-01,1974,11,19.7,22.0,-2.589212497777209,-2.3042078289708945,-1.2492685847527516,0.37225042301184436
Буэнос-Айрес,-34.5589,-58.4197,1974-12-01,1974,12,21.5,48.0,-2.0468090314162937,-1.9976460529885935,-1.2202180708581343,0.7441860465116279
Буэнос-Айрес,-34.5589,-58.4197,1975-01-01,1975,1,24.1,93.0,-1.4311586344356513,-1.4838908412922742,-1.457637995296053,1.2863070539419088
Буэнос-Айрес,-34.5589,-58.4197,1975-02-01,1975,2,23.2,175.0,0.3346000904733245,0.4374814858325146,-1.4699724240608385,2.514367816091954
Буэнос-Айрес,-34.5589,-58.4197,1975-03-01,1975,3,21.2,71.0,0.2407107029664667,0.2825387525472302,-1.0836679807679515,1.1163522012578617
Буэнос-Айрес,-34.5589,-58.4197,1975-04-01,1975,4,18.2,86.0,0.2750991433666084,0.2874933870918541,-0.6400087230193525,1.575091575091575
Буэнос-Айрес,-34.5589,-58.4197,1975-05-01,1975,5,15.6,118.0,0.031113983797236698,0.07443107483568091,0.15189676478197683,2.5213675213675213
Буэнос-Айрес,-34.5589,-58.4197,1975-06-01,1975,6,13.3,50.0,0.4572850832685226,0.5147649893266432,0.36799222336484494,1.2531328320802004
Буэнос-Айрес,-34.5589,-58.4197,1975-07-01,1975,7,9.7,80.0,0.7906833718401006,0.8681213562096547,0.5866032919554727,
Буэнос-Айрес,-34.5589,-58.4197,1975-08-01,1975,8,11.4,110.0,0.9843357741928387,1.0141746669307694,0.44709663383321674,3.216374269005848
Буэнос-Айрес,-34.5589,-58.4197,1975-09-01,1975,9,14.9,66.0,1.0828143870027716,1.0811498700239257,0.9319536338156998,1.476510067114094
Буэнос-Айрес,-34.5589,-58.4197,1975-10-01,1975,10,17.3,22.0,-0.1666918548392668,-0.16785559747989112,0.5224353379321114,0.4238921001926782
Буэнос-Айрес,-34.5589,-58.4197,1975-11-01,1975,11,20.2,45.0,-1.454389587855323,-1.4560416333341868,-0.30394203058151004,0.7425742574257426
Буэнос-Айрес,-34.5589,-58.4197,1975-12-01,1975,12,23.6,38.0,-1.9653952152208343,-1.934501531441434,-0.8033429105581414,0.536723163841808
Буэнос-Айрес,-34.5589,-58.4197,1976-01-01,1976,1,24.0,172.0,-0.24918934868448714,-0.2513079781137272,-0.39755190650801586,2.388888888888889
Буэнос-Айрес,-34.5589,-58.4197,1976-02-01,1976,2,23.3,128.0,0.5079979748663803,0.6226349326448469,-0.5869589823486479,1.8311874105865522
Буэнос-Айрес,-34.5589,-58.4197,1976-03-01,1976,3,19.3,84.0,0.5471775151251457,0.6053488540071702,-0.7005184909313495,1.450777202072539
Буэнос-Айрес,-34.5589,-58.4197,1976-04-01,1976,4,17.0,69.0,-0.12533116869677344,-0.1696513328012074,-0.3505923127922491,1.3529411764705883
Буэнос-Айрес,-34.5589,-58.4197,1976-05-01,1976,5,15.2,85.0,-0.24437157970496212,-0.22620035300231528,0.070319698382666,1.8640350877192982
Буэнос-Айрес,-34.5589,-58.4197,1976-06-01,1976,6,10.4,53.0,0.05922212971234649,0.07666992960697118,0.35656637114883444,1.6987179487179487
Буэнос-Айрес,-34.5589,-58.4197,1976-07-01,1976,7,10.8,89.0,0.6250803745263908,0.7052672215314157,0.18135986852538666,2.746913580246914
Буэнос-Айрес,-34.5589,-58.4197,1976-08-01,1976,8,11.9,98.0,0.9843357741928387,1.0141746669307694,0.21249324055977165,2.7450980392156863
Буэнос-Айрес,-34.5589,-58.4197,1976-09-01,1976,9,14.0,73.0,1.1203639480885492,1.1177544421679009,0.6511088987896998,1.7380952380952381
Буэнос-Айрес,-34.5589,-58.4197,1976-10-01,1976,10,16.7,247.0,1.975966241466214,1.7333829549960613,1.4910170687095765,4.930139720558882
Буэнос-Айрес,-34.5589,-58.4197,1976-11-01,1976,11,19.5,89.0,1.5456027407895232,1.5004460842641132,1.543811697880356,1.5213675213675213
Буэнос-Айрес,-34.5589,-58.4197,1976-12-01,1976,12,22.3,187.0,1.9988325804512335,1.9000899588081062,1.8894370115877899,2.795216741405082
Буэнос-Айрес,-34.5589,-58.4197,1977-01-01,1977,1,24.9,20.0,0.18900063171161444,0.2393693898655698,1.4396178344637298,0.2677376171352075
Буэнос-Айрес,-34.5589,-58.4197,1977-02-01,1977,2,22.8,280.0,1.4834524296358362,1.491733454290859,1.9680616768139034,4.093567251461988
Буэнос-Айрес,-34.5589,-58.4197,1977-03-01,1977,3,21.1,71.0,0.4616952536023454,0.5174353634690296,1.4118275079389258,1.1216429699842023
Буэнос-Айрес,-34.5589,-58.4197,1977-04-01,1977,4,18.3,15.0,0.5093556976573503,0.5454261707421988,0.44087338941030085,0.273224043715847
Буэнос-Айрес,-34.5589,-58.4197,1977-05-01,1977,5,13.1,111.0,-0.5786939744851415,-0.5931118633239828,0.6099015246163231,2.8244274809160306
Буэнос-Айрес,-34.5589,-58.4197,1977-06-01,1977,6,12.2,47.0,-0.2588269731756989,-0.2830035425170034,0.07847280107314364,1.284153005464481
Буэнос-Айрес,-34.5589,-58.4197,1977-07-01,1977,7,11.6,20.0,0.19357770577784245,0.2441988515094605,0.39280828712835525,0.5747126436781609
Буэнос-Айрес,-34.5589,-58.4197,1977-08-01,1977,8,12.5,57.0,-0.43441811196608693,-0.5014855085559959,-0.8571552687518259,1.52
Буэнос-Айрес,-34.5589,-58.4197,1977-09-01,1977,9,15.6,99.0,0.18744173469510686,0.10869156340164847,-0.27055369990612677,2.1153846153846154
Буэнос-Айрес,-34.5589,-58.4197,1977-10-01,1977,10,19.1,84.0,0.3337921673998446,0.37919357198437087,0.3320818376791529,1.4659685863874345
Буэнос-Айрес,-34.5589,-58.4197,1977-11-01,1977,11,20.6,96.0,0.3016308745761972,0.3289016809886007,-0.030370358575365488,1.5533980582524272
Буэнос-Айрес,-34.5589,-58.4197,1977-12-01,1977,12,23.3,35.0,-0.6553234871711947,-0.7176900699005215,-0.5373935319572373,0.5007153075822603
Буэнос-Айрес,-34.5589,-58.4197,1978-01-01,1978,1,23.5,97.0,-0.5628875776174254,-0.6014478496904929,-0.27087848020419725,1.375886524822695
Буэнос-Айрес,-34.5589,-58.4197,1978-02-01,1978,2,22.7,133.0,-0.11392855895374653,-0.07432407373904769,0.05453519930028151,1.9530102790014685
Буэнос-Айрес,-34.5589,-58.4197,1978-03-01,1978,3,22.1,101.0,0.18285852227070878,0.21949572001859838,-0.2943043950199912,1.5233785822021115
Буэнос-Айрес,-34.5589,-58.4197,1978-04-01,1978,4,17.6,17.0,-0.3995670987384938,-0.48056055016215177,-0.7557209954006072,0.32196969696969696
Буэнос-Айрес,-34.5589,-58.4197,1978-05-01,1978,5,14.5,6.0,-1.2814621071415702,-1.3223263167823052,-1.0909116652600823,0.13793103448275862
Буэнос-Айрес,-34.5589,-58.4197,1978-06-01,1978,6,10.8,231.0,0.4572850832685226,0.5147649893266432,0.32207897529843943,7.12962962962963
Буэнос-Айрес,-34.5589,-58.4197,1978-07-01,1978,7,13.0,191.0,1.931904063006387,1.7696674744044116,1.0374914669265776,4.897435897435898
Буэнос-Айрес,-34.5589,-58.4197,1978-08-01,1978,8,11.6,41.0,2.7828412498724013,2.3472890703137512,0.8657423204677454,1.1781609195402298
Буэнос-Айрес,-34.5589,-58.4197,1978-09-01,1978,9,14.9,113.0,1.82292617001999,1.7271289652755273,1.421579076565995,2.527964205816555
Буэнос-Айрес,-34.5589,-58.4197,1978-10-01,1978,10,17.9,143.0,0.9271400107381564,0.9514936170963338,1.7519890345322793,2.6629422718808193
Буэнос-Айрес,-34.5589,-58.4197,1978-11-01,1978,11,20.1,200.0,1.9475051902492542,1.8054304963340613,2.4087147227233747,3.316749585406302
Буэнос-Айрес,-34.5589,-58.4197,1978-12-01,1978,12,23.2,73.0,1.1875227042646535,1.2481617378461167,1.8060247923839585,1.0488505747126438
Буэнос-Айрес,-34.5589,-58.4197,1979-01-01,1979,1,24.7,15.0,0.10668103696726486,0.14833546033301429,0.6502007153736287,0.20242914979757085
Буэнос-Айрес,-34.5589,-58.4197,1979-02-01,1979,2,24.8,29.0,-2.406336391007178,-2.3496575579726917,0.2879974223373235,0.3897849462365591
Буэнос-Айрес,-34.5589,-58.4197,1979-03-01,1979,3,21.2,78.0,-2.1665760374589356,-2.0528869514549237,-0.349571946519576,1.2264150943396226
Буэнос-Айрес,-34.5589,-58.4197,1979-04-01,1979,4,17.8,63.0,-1.4304445314231036,-1.4752298430411992,-0.9093662448191513,1.1797752808988764
Буэнос-Айрес,-34.5589,-58.4197,1979-05-01,1979,5,14.1,20.0,-0.9045306631782901,-0.9414778598539773,-1.8575296592383401,0.4728132387706856
Буэнос-Айрес,-34.5589,-58.4197,1979-06-01,1979,6,11.2,8.0,-1.183207125698491,-1.2570024413655674,-2.025202295307396,0.23809523809523808
Буэнос-Айрес,-34.5589,-58.4197,1979-07-01,1979,7,12.6,116.0,-0.15714127510824158,-0.15773820820873932,-1.2359869688992913,3.068783068783069
Буэнос-Айрес,-34.5589,-58.4197,1979-08-01,1979,8,14.0,158.0,1.3852887085239292,1.3752777738261035,-0.01919304880470166,3.761904761904762
Буэнос-Айрес,-34.5589,-58.4197,1979-09-01,1979,9,13.6,15.0,1.3787655490813833,1.3583405204241141,-0.010131689605023536,0.36764705882352944
Буэнос-Айрес,-34.5589,-58.4197,1979-10-01,1979,10,17.3,89.0,0.5728059878359768,0.621395840109462,0.2454164668316948,1.7148362235067438
Буэнос-Айрес,-34.5589,-58.4197,1979-11-01,1979,11,19.2,150.0,0.03406197949790668,0.04035190959605249,0.9618878865370744,2.6041666666666665
Буэнос-Айрес,-34.5589,-58.4197,1979-12-01,1979,12,21.9,75.0,0.3171179291881116,0.37038703976119053,1.054762807817003,1.1415525114155252
Буэнос-Айрес,-34.5589,-58.4197,1980-01-01,1980,1,25.2,41.0,-0.12747029828368933,-0.11409400258016325,0.22137841342114162,0.5423280423280423
Буэнос-Айрес,-34.5589,-58.4197,1980-02-01,1980,2,23.3,94.0,-0.7058142681098626,-0.7706155365616195,-0.6512144941626219,1.3447782546494993
Буэнос-Айрес,-34.5589,-58.4197,1980-03-01,1980,3,24.7,141.0,-0.2497034226831934,-0.26304011856400866,-0.0024112372090689844,1.902834008097166
Буэнос-Айрес,-34.5589,-58.4197,1980-04-01,1980,4,19.8,178.0,0.8020688162987946,0.8490972784860253,0.5338679550965474,2.9966329966329965
Буэнос-Айрес,-34.5589,-58.4197,1980-05-01,1980,5,16.4,103.0,0.957806682009184,0.9860100627023562,0.3639874650513309,2.09349593495935
Буэнос-Айрес,-34.5589,-58.4197,1980-06-01,1980,6,11.4,69.0,1.1627226766633874,1.2042972548810653,0.5513029123502561,2.017543859649123
Буэнос-Айрес,-34.5589,-58.4197,1980-07-01,1980,7,10.4,79.0,0.813566494370935,0.889953640353086,0.9761464448897776,2.532051282051282
Буэнос-Айрес,-34.5589,-58.4197,1980-08-01,1980,8,12.7,31.0,0.3130773840508968,0.32174668575164805,0.9409266857389015,0.8136482939632546
Буэнос-Айрес,-34.5589,-58.4197,1980-09-01,1980,9,14.6,57.0,0.06144523307596133,-0.03550614453791109,0.9747719861597015,1.3013698630136987
Буэнос-Айрес,-34.5589,-58.4197,1980-10-01,1980,10,16.9,75.0,-0.6421394139332858,-0.7078088707198187,0.30353710326566596,1.4792899408284026
Буэнос-Айрес,-34.5589,-58.4197,1980-11-01,1980,11,19.2,152.0,0.3538628057145211,0.3843742648973314,0.4640409281459731,2.638888888888889
Буэнос-Айрес,-34.5589,-58.4197,1980-12-01,1980,12,24.3,67.0,0.1323589899787074,0.16438139630224236,0.06076203645980493,0.9190672153635117
Буэнос-Айрес,-34.5589,-58.4197,1981-01-01,1981,1,23.9,196.0,1.275536998103905,1.3045671518882282,0.6001025595383856,2.7336122733612274
Буэнос-Айрес,-34.5589,-58.4197,1981-02-01,1981,2,24.2,72.0,0.4849461182459651,0.598522965375077,0.6266084573266871,0.9917355371900827
Буэнос-Айрес,-34.5589,-58.4197,1981-03-01,1981,3,21.3,102.0,0.45502297903066113,0.5104988761337851,0.436816364657659,1.596244131455399
Буэнос-Айрес,-34.5589,-58.4197,1981-04-01,1981,4,18.6,44.0,-0.751376013316348,-0.8583533960489532,0.2743305870733861,0.7885304659498208
Буэнос-Айрес,-34.5589,-58.4197,1981-05-01,1981,5,17.7,313.0,1.1605508604449781,1.156536559133646,1.051040324587844,5.894538606403013
Буэнос-Айрес,-34.5589,-58.4197,1981-06-01,1981,6,10.8,35.0,1.437741083357922,1.4369420818740306,1.2000917386345522,1.0802469135802468
Буэнос-Айрес,-34.5589,-58.4197,1981-07-01,1981,7,11.0,39.0,1.7042025906458824,1.6175102503330738,0.7112785408583974,1.1818181818181819
Буэнос-Айрес,-34.5589,-58.4197,1981-08-01,1981,8,14.1,5.0,-1.2321427457610583,-1.2761298179452991,0.5865536361128106,0.1182033096926714
Буэнос-Айрес,-34.5589,-58.4197,1981-09-01,1981,9,13.6,63.0,-1.0983799206145417,-1.1837045544078517,0.8630530515999991,1.5441176470588236
Буэнос-Айрес,-34.5589,-58.4197,1981-10-01,1981,10,16.9,56.0,-1.2640413775235544,-1.385197149230623,0.9049960804575675,1.1045364891518739
Буэнос-Айрес,-34.5589,-58.4197,1981-11-01,1981,11,20.2,159.0,0.2911349370079935,0.3177118882848589,-0.45557878850783734,2.623762376237624
Буэнос-Айрес,-34.5589,-58.4197,1981-12-01,1981,12,23.3,80.0,0.14172301970611378,0.17491555336376238,-0.4406950851311873,1.1444921316165952
Буэнос-Айрес,-34.5589,-58.4197,1982-01-01,1982,1,24.0,29.0,-0.10568590523741196,-0.08954924876413456,-0.9127634683876545,0.4027777777777778
Буэнос-Айрес,-34.5589,-58.4197,1982-02-01,1982,2,22.4,163.0,-0.04777100674582634,0.0033169011103066546,0.10402688790946428,2.425595238095238
Буэнос-Айрес,-34.5589,-58.4197,1982-03-01,1982,3,22.6,125.0,0.07881170981784803,0.10485461160669243,0.13520306979100088,1.8436578171091444
Буэнос-Айрес,-34.5589,-58.4197,1982-04-01,1982,4,19.4,67.0,0.43591039799286274,0.4657810199440025,0.2146064558935079,1.1512027491408934
Буэнос-Айрес,-34.5589,-58.4197,1982-05-01,1982,5,16.5,80.0,0.009574731512032754,0.05117901380708043,-0.11056981991779564,1.6161616161616161
Буэнос-Айрес,-34.5589,-58.4197,1982-06-01,1982,6,12.3,100.0,0.4006126514087184,0.45401912568314956,0.19897187054622267,2.710027100271003
Буэнос-Айрес,-34.5589,-58.4197,1982-07-01,1982,7,11.2,67.0,0.7830147253538252,0.8607681414903233,0.6967294847359323,1.994047619047619
Буэнос-Айрес,-34.5589,-58.4197,1982-08-01,1982,8,13.0,32.0,0.5473773976874019,0.5740762475792635,0.1668329638004055,0.8205128205128205
Буэнос-Айрес,-34.5589,-58.4197,1982-09-01,1982,9,15.3,201.0,1.471145931211443,1.4395892840680882,1.149541886080364,4.379084967320262
Буэнос-Айрес,-34.5589,-58.4197,1982-10-01,1982,10,17.4,141.0,1.6204423947454165,1.497737128156507,1.4017730831241937,2.7011494252873565
Буэнос-Айрес,-34.5589,-58.4197,1982-11-01,1982,11,19.3,30.0,1.213212528371988,1.2217161557565004,1.1635975439909019,0.5181347150259067
Буэнос-Айрес,-34.5589,-58.4197,1982-12-01,1982,12,24.5,79.0,-0.29393944185753285,-0.318341732985101,0.7239683741942097,1.0748299319727892
Буэнос-Айрес,-34.5589,-58.4197,1983-01-01,1983,1,25.8,84.0,-1.0071586103673058,-1.0730782778714296,0.519863858229527,1.0852713178294573
Буэнос-Айрес,-34.5589,-58.4197,1983-02-01,1983,2,23.2,66.0,-0.4844835485943745,-0.5127482905104968,0.4988854790316462,0.9482758620689655
Буэнос-Айрес,-34.5589,-58.4197,1983-03-01,1983,3,21.6,46.0,-1.0414614580658355,-1.1127040318495114,-1.022608601175941,0.7098765432098766
Буэнос-Айрес,-34.5589,-58.4197,1983-04-01,1983,4,18.1,54.0,-1.5024351279816723,-1.5306319820878032,-1.6505075011111745,0.994475138121547
Буэнос-Айрес,-34.5589,-58.4197,1983-05-01,1983,5,14.9,40.0,-1.1123537078883483,-1.154864665634265,-1.225943717247414,0.8948545861297539
Буэнос-Айрес,-34.5589,-58.4197,1983-06-01,1983,6,9.8,22.0,-0.8710882056782756,-0.9485930690973953,-1.4132028392424303,
Буэнос-Айрес,-34.5589,-58.4197,1983-07-01,1983,7,10.1,11.0,-1.1549853088312156,-1.2572889664032594,-1.8780872621999176,0.36303630363036304
Буэнос-Айрес,-34.5589,-58.4197,1983-08-01,1983,8,11.6,86.0,-0.5124319546922516,-0.5842833938256881,-1.2720089904177212,2.471264367816092
Буэнос-Айрес,-34.5589,-58.4197,1983-09-01,1983,9,13.6,57.0,-0.13511653399323467,-0.25745499024692786,-0.9589176957729328,1.3970588235294117
Буэнос-Айрес,-34.5589,-58.4197,1983-10-01,1983,10,18.4,130.0,0.6873536688603323,0.7320025090254126,-0.23429412179116532,2.3550724637681157
Буэнос-Айрес,-34.5589,-58.4197,1983-11-01,1983,11,20.5,67.0,0.03406197949790668,0.04035190959605249,-0.30394203058151004,1.089430894308943
Буэнос-Айрес,-34.5589,-58.4197,1983-12-01,1983,12,23.4,145.0,0.5673570920761211,0.6406988515731122,0.3372685583472899,2.0655270655270654
Буэнос-Айрес,-34.5589,-58.4197,1984-01-01,1984,1,25.4,183.0,1.1081056615777634,1.1600626176209627,1.1861366121127594,2.4015748031496065
Буэнос-Айрес,-34.5589,-58.4197,1984-02-01,1984,2,24.3,237.0,1.9033767561967252,1.7836875832008676,1.6865003300397374,3.251028806584362
Буэнос-Айрес,-34.5589,-58.4197,1984-03-01,1984,3,22.0,63.0,1.1345112672243094,1.156089186633921,1.1715479522457812,0.9545454545454546
Буэнос-Айрес,-34.5589,-58.4197,1984-04-01,1984,4,17.1,75.0,0.5679399412282876,0.608033593642487,0.9756255913444328,1.4619883040935673
Буэнос-Айрес,-34.5589,-58.4197,1984-05-01,1984,5,13.8,46.0,-0.6924181741237597,-0.7162629680992767,0.8826662730727352,1.1111111111111112
Буэнос-Айрес,-34.5589,-58.4197,1984-06-01,1984,6,9.8,64.0,-0.14323186224760154,-0.15226514995926202,0.7698883848464934,
Буэнос-Айрес,-34.5589,-58.4197,1984-07-01,1984,7,9.7,52.0,0.035008981294627706,0.06432483624339029,0.35309585751532196,
Буэнос-Айрес,-34.5589,-58.4197,1984-08-01,1984,8,10.9,10.0,-0.40379043282896515,-0.4686648231558718,-0.9319820377804852,0.3058103975535168
Буэнос-Айрес,-34.5589,-58.4197,1984-09-01,1984,9,14.1,42.0,-1.1847127593243854,-1.2488150957111324,-0.792470904348887,0.9929078014184397
Буэнос-Айрес,-34.5589,-58.4197,1984-10-01,1984,10,18.8,174.0,0.17400479692914272,0.2094962185560653,0.10958853715338722,3.0851063829787235
Буэнос-Айрес,-34.5589,-58.4197,1984-11-01,1984,11,19.0,52.0,0.18524656656013042,0.20413125633644624,-0.11080649917499445,0.9122807017543859
Буэнос-Айрес,-34.5589,-58.4197,1984-12-01,1984,12,21.4,70.0,0.15107347579927896,0.1854262814662326,-0.45822772081779806,1.0903426791277258
Буэнос-Айрес,-34.5589,-58.4197,1985-01-01,1985,1,24.3,87.0,-0.7981663718972558,-0.8558660512041546,-0.550139218275818,1.1934156378600822
Буэнос-Айрес,-34.5589,-58.4197,1985-02-01,1985,2,24.0,72.0,-0.4844835485943745,-0.5127482905104968,-0.3515359627500624,1.0
Буэнос-Айрес,-34.5589,-58.4197,1985-03-01,1985,3,21.3,89.0,-0.4992897069875758,-0.5414669738768757,-0.3080620824381796,1.3928012519561814
Буэнос-Айрес,-34.5589,-58.4197,1985-04-01,1985,4,17.5,140.0,0.04004006233435226,0.020188536951336815,-0.532818575704136,2.6666666666666665
Буэнос-Айрес,-34.5589,-58.4197,1985-05-01,1985,5,15.1,389.0,1.9388776201565099,1.7181043444983524,1.2304810499914147,8.58719646799117
Буэнос-Айрес,-34.5589,-58.4197,1985-06-01,1985,6,12.8,49.0,2.4924116592823036,2.1681772919518503,1.4509185995196683,1.2760416666666667
Буэнос-Айрес,-34.5589,-58.4197,1985-07-01,1985,7,11.8,92.0,2.4446626039477763,2.0729848991338375,1.5511078798997888,2.598870056497175
Буэнос-Айрес,-34.5589,-58.4197,1985-08-01,1985,8,12.4,17.0,0.04812093175273475,0.028703997397848544,1.7246743319159346,0.45698924731182794
Буэнос-Айрес,-34.5589,-58.4197,1985-09-01,1985,9,14.4,56.0,0.03240059847653767,-0.06860574281878834,2.016333753457958,1.2962962962962963
Буэнос-Айрес,-34.5589,-58.4197,1985-10-01,1985,10,17.2,173.0,0.4003720961987811,0.44814360524788555,1.8945418097630764,3.352713178294574
Буэнос-Айрес,-34.5589,-58.4197,1985-11-01,1985,11,21.1,216.0,1.8553318512285824,1.7383660098917428,1.3301199149380998,3.4123222748815167
Буэнос-Айрес,-34.5589,-58.4197,1985-12-01,1985,12,22.8,68.0,1.5090312390226712,1.524650719180515,1.16229905209833,0.9941520467836257
Буэнос-Айрес,-34.5589,-58.4197,1986-01-01,1986,1,24.4,98.0,0.9964056108940049,1.0595459452571971,0.9411375143978657,1.3387978142076502
Буэнос-Айрес,-34.5589,-58.4197,1986-02-01,1986,2,24.1,26.0,-0.937718319442069,-1.0317491148804423,0.7481984330401306,0.359612724757953
Буэнос-Айрес,-34.5589,-58.4197,1986-03-01,1986,3,20.4,75.0,-1.0065570745603547,-1.0779238128174478,0.392602948986401,1.2254901960784315
Буэнос-Айрес,-34.5589,-58.4197,1986-04-01,1986,4,19.1,162.0,-0.285577126691224,-0.35243544713197406,0.344451847925521,2.8272251308900525
Буэнос-Айрес,-34.5589,-58.4197,1986-05-01,1986,5,14.7,102.0,0.4624572585974276,0.5236123400518182,-0.18660321313961,2.312925170068027
Буэнос-Айрес,-34.5589,-58.4197,1986-06-01,1986,6,13.6,52.0,0.9265126338161188,0.9881973555964406,-0.10118530761471052,1.2745098039215685
Буэнос-Айрес,-34.5589,-58.4197,1986-07-01,1986,7,12.4,36.0,0.3061194263763564,0.3689817418028532,-0.17616755819822827,0.967741935483871
Буэнос-Айрес,-34.5589,-58.4197,1986-08-01,1986,8,12.3,156.0,1.0243425849307384,1.0521010748441526,0.8438867067935736,4.227642276422764
Буэнос-Айрес,-34.5589,-58.4197,1986-09-01,1986,9,15.0,61.0,1.0543154982093768,1.0530920864172588,1.2691620757110316,1.3555555555555556
Буэнос-Айрес,-34.5589,-58.4197,1986-10-01,1986,10,17.5,185.0,1.8495724067787918,1.6526288638158195,1.2858355239263424,3.5238095238095237
Буэнос-Айрес,-34.5589,-58.4197,1986-11-01,1986,11,20.0,174.0,1.6416021301800408,1.5763394245183782,1.6077624637021586,2.9
Буэнос-Айрес,-34.5589,-58.4197,1986-12-01,1986,12,23.2,48.0,1.114978134579124,1.182176578068284,1.3615874077851693,0.6896551724137931
Буэнос-Айрес,-34.5589,-58.4197,1987-01-01,1987,1,25.1,50.0,-0.062425603648260726,-0.04085433250342603,1.2208483967248749,0.6640106241699867
Буэнос-Айрес,-34.5589,-58.4197,1987-02-01,1987,2,24.6,139.0,-0.397187891532025,-0.409631614232572,0.876269422181009,1.8834688346883468
Буэнос-Айрес,-34.5589,-58.4197,1987-03-01,1987,3,22.2,166.0,0.3531880050049943,0.4033726075888736,0.9167095370835584,2.4924924924924925
Буэнос-Айрес,-34.5589,-58.4197,1987-04-01,1987,4,19.0,61.0,0.5093556976573503,0.5454261707421988,0.3037539617360682,1.0701754385964912
Буэнос-Айрес,-34.5589,-58.4197,1987-05-01,1987,5,12.5,17.0,-0.1981657765807789,-0.17542048502918678,-0.4913221273247014,0.4533333333333333
Буэнос-Айрес,-34.5589,-58.4197,1987-06-01,1987,6,12.1,4.0,-1.304325882654995,-1.3698078848885047,-0.6036806804340219,0.11019283746556474
Буэнос-Айрес,-34.5589,-58.4197,1987-07-01,1987,7,12.8,86.0,-0.6143696221168699,-0.6843580764494183,-0.04141968185669251,2.2395833333333335
Буэнос-Айрес,-34.5589,-58.4197,1987-08-01,1987,8,11.7,57.0,-0.0998642041315925,-0.13585070908174535,-0.3746859068612051,1.623931623931624
Буэнос-Айрес,-34.5589,-58.4197,1987-09-01,1987,9,13.3,43.0,0.3194011538644644,0.2598295346895823,-0.9764051190325527,1.0776942355889725
Буэнос-Айрес,-34.5589,-58.4197,1987-10-01,1987,10,17.2,117.0,0.06775661749252758,0.09374587721477108,-0.4287302301078801,2.2674418604651163
Буэнос-Айрес,-34.5589,-58.4197,1987-11-01,1987,11,20.9,120.0,0.31211020346257606,0.3400599798890776,0.17646321416335645,1.9138755980861244
Буэнос-Айрес,-34.5589,-58.4197,1987-12-01,1987,12,21.9,112.0,0.6284791728767924,0.7047759302642261,0.6216378637921595,1.704718417047184
Буэнос-Айрес,-34.5589,-58.4197,1988-01-01,1988,1,24.4,59.0,0.13771901720969473,0.182760518975224,0.060871149673085344,0.8060109289617486
Буэнос-Айрес,-34.5589,-58.4197,1988-02-01,1988,2,22.5,92.0,-0.13314374882711708,-0.09695787435249509,0.04622907544844186,1.362962962962963
Буэнос-Айрес,-34.5589,-58.4197,1988-03-01,1988,3,22.8,586.0,2.3192519532346973,1.9967359799209337,1.92753324549266,8.567251461988304
Буэнос-Айрес,-34.5589,-58.4197,1988-04-01,1988,4,16.5,21.0,2.150806652118639,1.9335588052496768,1.7384095616587318,0.42424242424242425
Буэнос-Айрес,-34.5589,-58.4197,1988-05-01,1988,5,12.4,0.0,1.8890599913925963,1.6861187432894074,1.3026535464772815,0.0
Буэнос-Айрес,-34.5589,-58.4197,1988-06-01,1988,6,10.5,4.0,-2.2340784979742265,-2.1089607027114616,1.2000917386345522,0.12698412698412698
Буэнос-Айрес,-34.5589,-58.4197,1988-07-01,1988,7,10.1,21.0,-2.5045560081237808,-2.27296857774801,1.2086591525166188,0.693069306930693
Буэнос-Айрес,-34.5589,-58.4197,1988-08-01,1988,8,12.9,21.0,-2.042272812572308,-1.8759665282109292,1.2027256924712608,0.5426356589147286
Буэнос-Айрес,-34.5589,-58.4197,1988-09-01,1988,9,13.8,45.0,-1.8179677237835592,-1.6319162092601809,-2.2926949929591967,1.0869565217391304
Буэнос-Айрес,-34.5589,-58.4197,1988-10-01,1988,10,16.0,133.0,-0.1539823450267843,-0.1535096189522315,-1.4122383269012295,2.7708333333333335
Буэнос-Айрес,-34.5589,-58.4197,1988-11-01,1988,11,20.7,133.0,0.6290903506023947,0.6694960830149383,-0.45557878850783734,2.14170692431562
Буэнос-Айрес,-34.5589,-58.4197,1988-12-01,1988,12,23.9,40.0,0.24384268285250996,0.2891994131747059,-0.519766116298952,0.5578800557880056
Буэнос-Айрес,-34.5589,-58.4197,1989-01-01,1989,1,25.7,16.0,-1.0611287233970588,-1.1276491407143032,-0.9461272614547009,0.20752269779507135
Буэнос-Айрес,-34.5589,-58.4197,1989-02-01,1989,2,24.8,54.0,-2.6461944419624093,-2.5059733393887185,-1.050338460768397,0.7258064516129032
Буэнос-Айрес,-34.5589,-58.4197,1989-03-01,1989,3,21.7,114.0,-1.1867957701898812,-1.2540689663994171,-0.693166886154357,1.7511520737327189
Буэнос-Айрес,-34.5589,-58.4197,1989-04-01,1989,4,19.0,215.0,0.6189443209858928,0.6618293937628398,-0.1074535714803505,3.7719298245614037
Буэнос-Айрес,-34.5589,-58.4197,1989-05-01,1989,5,15.1,8.0,0.44971054856269477,0.5108895716077014,-0.7080365258202566,0.17660044150110377
Буэнос-Айрес,-34.5589,-58.4197,1989-06-01,1989,6,12.7,49.0,0.5993076281254385,0.6638894268936737,-0.47967849083031,1.2860892388451444
Буэнос-Айрес,-34.5589,-58.4197,1989-07-01,1989,7,10.7,35.0,-0.8336931505487742,-0.9260145692005386,-0.028237828492219542,1.0903426791277258
Буэнос-Айрес,-34.5589,-58.4197,1989-08-01,1989,8,14.1,203.0,1.4304534432103324,1.413335104165956,1.060063810982585,4.799054373522458
Буэнос-Айрес,-34.5589,-58.4197,1989-09-01,1989,9,13.8,24.0,1.1389515133042978,1.1357204576241253,1.0755136365795115,0.5797101449275363
Буэнос-Айрес,-34.5589,-58.4197,1989-10-01,1989,10,16.6,45.0,0.6770673295073477,0.7222206241687136,-0.08237451094520434,0.9036144578313252
Буэнос-Айрес,-34.5589,-58.4197,1989-11-01,1989,11,20.0,89.0,-1.1146731924368858,-1.1511105901384289,0.3237589623410679,1.4833333333333334
Буэнос-Айрес,-34.5589,-58.4197,1989-12-01,1989,12,24.8,148.0,0.018912678411684567,0.03622872797336512,0.6835078330245891,1.989247311827957
Буэнос-Айрес,-34.5589,-58.4197,1990-01-01,1990,1,25.5,207.0,1.5095747894859781,1.4946180478513498,1.4500059814851327,2.7058823529411766
Буэнос-Айрес,-34.5589,-58.4197,1990-02-01,1990,2,23.2,203.0,1.8675090292953396,1.7603509934387722,1.214079106583473,2.9166666666666665
Буэнос-Айрес,-34.5589,-58.4197,1990-03-01,1990,3,20.5,110.0,1.3310094130485057,1.3188573719839884,1.0828124651380875,1.7886178861788617
Буэнос-Айрес,-34.5589,-58.4197,1990-04-01,1990,4,17.6,203.0,1.3546389315502736,1.353889906219828,1.653542759139686,3.8446969696969697
Буэнос-Айрес,-34.5589,-58.4197,1990-05-01,1990,5,14.1,49.0,0.6060742118950899,0.6642243067113534,1.4489754075197543,1.1583924349881796
Буэнос-Айрес,-34.5589,-58.4197,1990-06-01,1990,6,11.1,7.0,0.4972595164869946,0.5572026341394033,1.2697804213548114,0.21021021021021022
Буэнос-Айрес,-34.5589,-58.4197,1990-07-01,1990,7,10.7,32.0,-0.8967345188335017,-0.9933349084686282,0.7064411069132452,0.9968847352024922
Буэнос-Айрес,-34.5589,-58.4197,1990-08-01,1990,8,14.2,24.0,-1.589123672853882,-1.5636924577396192,-0.14113506842882195,0.5633802816901409
Буэнос-Айрес,-34.5589,-58.4197,1990-09-01,1990,9,13.6,81.0,-0.4259239121475029,-0.5712172538425221,0.12000199984800383,1.9852941176470589
Буэнос-Айрес,-34.5589,-58.4197,1990-10-01,1990,10,19.0,105.0,-0.01694560807947717,7.896798725225612e-05,-0.669895999359984,1.8421052631578947
Буэнос-Айрес,-34.5589,-58.4197,1990-11-01,1990,11,21.8,237.0,1.6675714041909395,1.5965302717841052,0.63299242000613,3.623853211009174
Буэнос-Айрес,-34.5589,-58.4197,1990-12-01,1990,12,21.7,96.0,1.3618141145599871,1.4012179180684536,0.8858614886481107,1.4746543778801844
Буэнос-Айрес,-34.5589,-58.4197,1991-01-01,1991,1,23.5,134.0,1.6884927831825416,1.6310705946263497,1.238012322830807,1.900709219858156
Буэнос-Айрес,-34.5589,-58.4197,1991-02-01,1991,2,22.6,75.0,0.24383680476766,0.3372948977784089,1.2761239266205757,1.1061946902654867
Буэнос-Айрес,-34.5589,-58.4197,1991-03-01,1991,3,22.9,32.0,-0.56563163966373,-0.6143738542791498,0.5175870917414023,0.4657933042212518
Буэнос-Айрес,-34.5589,-58.4197,1991-04-01,1991,4,18.1,103.0,-0.8474889700884888,-0.9554995742543264,0.5231047707898121,1.8968692449355433
Буэнос-Айрес,-34.5589,-58.4197,1991-05-01,1991,5,16.4,41.0,-0.7645311249337408,-0.7935612987988321,-0.4913221273247014,0.8333333333333335
Буэнос-Айрес,-34.5589,-58.4197,1991-06-01,1991,6,11.6,105.0,0.41689065938949127,0.47153466754433493,-0.25988898589592835,3.0172413793103448
Буэнос-Айрес,-34.5589,-58.4197,1991-07-01,1991,7,10.8,84.0,0.6493498867494674,0.7296617297927266,-0.2665348981298702,2.5925925925925926
Буэнос-Айрес,-34.5589,-58.4197,1991-08-01,1991,8,13.0,53.0,1.004391494309303,1.0332397697359303,-0.18893827603560256,1.358974358974359
Буэнос-Айрес,-34.5589,-58.4197,1991-09-01,1991,9,16.0,71.0,0.5854628439910778,0.5598769695072414,0.5813131302382442,1.4791666666666667
Буэнос-Айрес,-34.5589,-58.4197,1991-10-01,1991,10,16.2,109.0,0.2546996799738785,0.2959059236912026,0.6301762791229892,2.242798353909465
Буэнос-Айрес,-34.5589,-58.4197,1991-11-01,1991,11,19.3,62.0,-0.09840275377484267,-0.10385157331102057,0.6187563469333218,1.0708117443868739
Буэнос-Айрес,-34.5589,-58.4197,1991-12-01,1991,12,22.8,274.0,1.4163987672636176,1.4475955796674518,1.3263722548973649,4.005847953216374
Буэнос-Айрес,-34.5589,-58.4197,1992-01-01,1992,1,23.7,258.6,2.5933743344552145,2.223017620881474,1.959591597966676,3.6371308016877637
Буэнос-Айрес,-34.5589,-58.4197,1992-02-01,1992,2,24.1,243.2,2.8605968625979648,2.3183691916436997,2.328730185347679,3.363762102351314
Буэнос-Айрес,-34.5589,-58.4197,1992-03-01,1992,3,23.0,131.68817317304965,1.8773903800805885,1.7198406287260055,1.9105750232686065,1.9085242488847776
Буэнос-Айрес,-34.5589,-58.4197,1992-04-01,1992,4,17.8,70.65082513648726,0.9880059477307118,1.0292089294126188,1.8701832146383777,1.323049159859312
Буэнос-Айрес,-34.5589,-58.4197,1992-05-01,1992,5,14.4,197.0,0.8285521251316115,0.871586134279197,2.027344895254675,4.560185185185185
Буэнос-Айрес,-34.5589,-58.4197,1992-06-01,1992,6,13.1,93.0,1.2341114805649926,1.2666125382426967,1.9855356962028075,2.366412213740458
Буэнос-Айрес,-34.5589,-58.4197,1992-07-01,1992,7,8.8,85.5,1.637612741291411,1.570700128124636,1.5224832567965296,
Буэнос-Айрес,-34.5589,-58.4197,1992-08-01,1992,8,12.3,78.0,1.1467541639716583,1.1655355224232116,1.2162523560316023,2.113821138211382
Буэнос-Айрес,-34.5589,-58.4197,1992-09-01,1992,9,14.5,42.0,0.5566884835956252,0.5279345772040029,1.2540582537972909,0.9655172413793104
Буэнос-Айрес,-34.5589,-58.4197,1992-10-01,1992,10,18.0,97.0,0.06775661749252758,0.09374587721477108,1.2879153342407887,1.7962962962962963
Буэнос-Айрес,-34.5589,-58.4197,1992-11-01,1992,11,18.3,42.0,-0.8189232509076546,-0.8647091802338452,0.26322794968193985,0.7650273224043715
Буэнос-Айрес,-34.5589,-58.4197,1992-12-01,1992,12,22.8,101.0,-0.3950211180220411,-0.43179254385353083,-0.06732559839239068,1.476608187134503
Буэнос-Айрес,-34.5589,-58.4197,1993-01-01,1993,1,25.4,112.0,-0.24918934868448714,-0.2513079781137272,-0.23724140902618887,1.4698162729658792
Буэнос-Айрес,-34.5589,-58.4197,1993-02-01,1993,2,22.7,119.0,0.4617138901259468,0.5740622561035952,-0.21000128345701302,1.7474302496328928
Буэнос-Айрес,-34.5589,-58.4197,1993-03-01,1993,3,23.1,73.0,-0.02126045039301707,-0.006588127127897569,-0.3080620824381796,1.0533910533910533
Буэнос-Айрес,-34.5589,-58.4197,1993-04-01,1993,4,18.7,177.0,0.5290298218280717,0.5665459562675172,0.22063121466896968,3.1550802139037435
Буэнос-Айрес,-34.5589,-58.4197,1993-05-01,1993,5,14.4,83.0,0.42408782401768463,0.4851996583538789,0.5230078486244658,1.9212962962962963
Буэнос-Айрес,-34.5589,-58.4197,1993-06-01,1993,6,11.9,121.0,1.3673491353551246,1.379282773327921,0.8536256081020447,3.3893557422969187
Буэнос-Айрес,-34.5589,-58.4197,1993-07-01,1993,7,10.0,25.0,0.6412838268230392,0.7215739683560399,0.6771583900924127,
Буэнос-Айрес,-34.5589,-58.4197,1993-08-01,1993,8,12.4,38.0,0.3731688544179942,0.3872796335395484,0.4594271574324192,1.021505376344086
Буэнос-Айрес,-34.5589,-58.4197,1993-09-01,1993,9,13.7,33.0,-1.4448999060852945,-1.4259763704611577,0.7192028729757022,0.8029197080291971
Буэнос-Айрес,-34.5589,-58.4197,1993-10-01,1993,10,17.6,155.0,0.17400479692914272,0.2094962185560653,0.5801910633603532,2.9356060606060606
Буэнос-Айрес,-34.5589,-58.4197,1993-11-01,1993,11,19.7,216.0,1.5015540336070796,1.4649497992590408,1.254047323315051,3.6548223350253806
Буэнос-Айрес,-34.5589,-58.4197,1993-12-01,1993,12,22.0,147.0,1.9628187330378224,1.8741866936591016,1.1176933332112249,2.227272727272727
Буэнос-Айрес,-34.5589,-58.4197,1994-01-01,1994,1,23.0,40.0,1.1757016049374738,1.2192838779505526,0.9475589843322908,0.5797101449275363
Буэнос-Айрес,-34.5589,-58.4197,1994-02-01,1994,2,23.5,56.0,-0.3337217391700939,-0.3344271273390539,0.8131436205696148,0.7943262411347518
Буэнос-Айрес,-34.5589,-58.4197,1994-03-01,1994,3,21.6,238.0,0.20468473863800343,0.24334508035678384,1.2699584655979392,3.6728395061728394
Буэнос-Айрес,-34.5589,-58.4197,1994-04-01,1994,4,17.5,168.0,1.077715907120623,1.1123753330821216,1.3489920380407678,3.2
Буэнос-Айрес,-34.5589,-58.4197,1994-05-01,1994,5,16.4,50.0,1.1444705396789998,1.143405528209813,0.6761518530650952,1.016260162601626
Буэнос-Айрес,-34.5589,-58.4197,1994-06-01,1994,6,13.3,49.0,0.5603732006318274,0.6234737492904243,0.4133407897306065,1.2280701754385965
Буэнос-Айрес,-34.5589,-58.4197,1994-07-01,1994,7,11.1,65.0,0.05541238718277753,0.08768740367304254,0.810091069980719,1.951951951951952
Буэнос-Айрес,-34.5589,-58.4197,1994-08-01,1994,8,12.6,21.0,-0.26976999131315477,-0.3232631614616072,0.8874312818757134,0.5555555555555556
Буэнос-Айрес,-34.5589,-58.4197,1994-09-01,1994,9,15.3,17.0,-1.2146831225959036,-1.2706762185994402,-0.0930565530188225,0.37037037037037035
Буэнос-Айрес,-34.5589,-58.4197,1994-10-01,1994,10,17.3,95.0,-1.1095350550403102,-1.2223902091766212,-0.679398881902535,1.8304431599229287
Буэнос-Айрес,-34.5589,-58.4197,1994-11-01,1994,11,21.5,20.0,-1.4684144467332216,-1.468076143297981,-1.35066425621703,0.31007751937984496
Буэнос-Айрес,-34.5589,-58.4197,1994-12-01,1994,12,24.8,111.0,-0.5394052883704029,-0.5916951227816425,-1.0876234518003518,1.4919354838709677
Буэнос-Айрес,-34.5589,-58.4197,1995-01-01,1995,1,24.0,58.0,-1.0611287233970588,-1.1276491407143032,-1.4812553958664108,0.8055555555555556
Буэнос-Айрес,-34.5589,-58.4197,1995-02-01,1995,2,22.6,54.0,-0.5521239408936846,-0.5922126650890441,-1.6652441625886465,0.7964601769911505
Буэнос-Айрес,-34.5589,-58.4197,1995-03-01,1995,3,21.9,120.0,-0.6535845571465358,-0.7099814324493702,-0.9316393616689292,1.82648401826484
Буэнос-Айрес,-34.5589,-58.4197,1995-04-01,1995,4,17.9,242.0,0.8197299482438335,0.8666489195664915,0.10420144080489323,4.506517690875233
Буэнос-Айрес,-34.5589,-58.4197,1995-05-01,1995,5,15.1,23.0,0.7445822455211106,0.7948563765599876,0.24178700257351118,0.5077262693156733
Буэнос-Айрес,-34.5589,-58.4197,1995-06-01,1995,6,11.3,30.0,0.7736419071827154,0.8402023606829097,-0.026196740857348626,0.8849557522123894
Буэнос-Айрес,-34.5589,-58.4197,1995-07-01,1995,7,11.0,22.0,-1.1182731228449359,-1.2209968310025099,0.0752582933026962,0.6666666666666666
Буэнос-Айрес,-34.5589,-58.4197,1995-08-01,1995,8,11.5,11.0,-1.589123672853882,-1.5636924577396192,0.014384784386159736,0.3188405797101449
Буэнос-Айрес,-34.5589,-58.4197,1995-09-01,1995,9,15.0,45.0,-2.3766757569043317,-1.8460406545989103,-0.06806000428477506,1.0
Буэнос-Айрес,-34.5589,-58.4197,1995-10-01,1995,10,17.1,79.0,-1.0762058024574834,-1.1867425917566654,-1.5612113626559652,1.5399610136452242
Буэнос-Айрес,-34.5589,-58.4197,1995-11-01,1995,11,21.0,113.0,-0.154417537400839,-0.16481120878616184,-1.0172190247840296,1.7936507936507937
Буэнос-Айрес,-34.5589,-58.4197,1995-12-01,1995,12,23.7,28.0,-0.6023553690079444,-0.6604115543759459,-1.3608619120267886,0.39381153305203936
Буэнос-Айрес,-34.5589,-58.4197,1996-01-01,1996,1,24.2,46.0,-1.088388504056212,-1.1549646592352851,-1.4812553958664108,0.6336088154269972
Буэнос-Айрес,-34.5589,-58.4197,1996-02-01,1996,2,23.4,124.0,-0.8576450612618167,-0.9428667803300044,-0.919853278527946,1.7663817663817665
Буэнос-Айрес,-34.5589,-58.4197,1996-03-01,1996,3,22.9,31.0,-0.9835818328525822,-1.0548602449561826,-1.2144436798711502,0.4512372634643377
Буэнос-Айрес,-34.5589,-58.4197,1996-04-01,1996,4,18.8,116.0,-0.21288127660408418,-0.26980078091525983,-0.9093662448191513,2.0567375886524824
Буэнос-Айрес,-34.5589,-58.4197,1996-05-01,1996,5,15.7,5.0,-0.9917936805090781,-1.0320407326545735,-1.3554458244902452,0.10615711252653928
Буэнос-Айрес,-34.5589,-58.4197,1996-06-01,1996,6,10.5,8.0,-0.7207348539016293,-0.7915019095426722,-1.2987692283477843,0.25396825396825395
Буэнос-Айрес,-34.5589,-58.4197,1996-07-01,1996,7,10.1,16.0,-2.323059132363679,-2.1731843661741435,-1.3521923989688887,0.528052805280528
Буэнос-Айрес,-34.5589,-58.4197,1996-08-01,1996,8,14.5,40.0,-1.5651495576795784,-1.5455552715551324,-1.548243516761771,0.9195402298850575
Буэнос-Айрес,-34.5589,-58.4197,1996-09-01,1996,9,13.8,113.0,0.0900941679553112,-0.002790098346203983,-0.7135573367761475,2.7294685990338166
Буэнос-Айрес,-34.5589,-58.4197,1996-10-01,1996,10,18.3,71.0,0.1506426275317979,0.18422793266082468,-1.112318509851232,1.2932604735883424
Буэнос-Айрес,-34.5589,-58.4197,1996-11-01,1996,11,21.4,135.0,0.7085417677223327,0.7491350812990237,-0.21106932473656653,2.102803738317757
Буэнос-Айрес,-34.5589,-58.4197,1996-12-01,1996,12,24.0,80.0,0.05695180692974666,0.07929211930435359,0.01155186714927049,1.1111111111111112
Буэнос-Айрес,-34.5589,-58.4197,1997-01-01,1997,1,25.9,134.0,0.7016800692545112,0.7783751409854115,0.5638576671557705,1.7245817245817245
Буэнос-Айрес,-34.5589,-58.4197,1997-02-01,1997,2,22.7,68.0,0.04395197964325625,0.11002453183983397,0.4988854790316462,0.9985315712187959
Буэнос-Айрес,-34.5589,-58.4197,1997-03-01,1997,3,22.0,136.0,0.23354009824631217,0.27475529592660386,0.20778533006734445,2.0606060606060606
Буэнос-Айрес,-34.5589,-58.4197,1997-04-01,1997,4,19.4,75.0,-0.14256245320958116,-0.18940156436976577,0.24461418438530336,1.288659793814433
Буэнос-Айрес,-34.5589,-58.4197,1997-05-01,1997,5,16.5,118.0,0.3982900978310163,0.45918113420708867,0.2573641277108534,2.3838383838383836
Буэнос-Айрес,-34.5589,-58.4197,1997-06-01,1997,6,12.3,63.0,0.47332460820093314,0.5318347672387502,0.3736919230707291,1.7073170731707317
Буэнос-Айрес,-34.5589,-58.4197,1997-07-01,1997,7,13.0,41.0,0.5841467593797033,0.6637204338276874,0.13815618003721175,1.0512820512820513
Буэнос-Айрес,-34.5589,-58.4197,1997-08-01,1997,8,14.0,97.0,0.5699613249293309,0.5978864246299656,0.5386363648577096,2.3095238095238093
Буэнос-Айрес,-34.5589,-58.4197,1997-09-01,1997,9,14.6,19.0,-0.08804026776716592,-0.2048177817226506,0.25441472218278083,0.4337899543378995
Буэнос-Айрес,-34.5589,-58.4197,1997-10-01,1997,10,17.1,107.0,0.1389091266125767,0.1714966767981262,0.5159170186135393,2.085769980506823
Буэнос-Айрес,-34.5589,-58.4197,1997-11-01,1997,11,19.9,111.0,-0.154417537400839,-0.16481120878616184,0.26730105076507416,1.8592964824120604
Буэнос-Айрес,-34.5589,-58.4197,1997-12-01,1997,12,21.5,127.5,0.5979874160086505,0.6729149420019481,0.38647090431962305,1.9767441860465116
Буэнос-Айрес,-34.5589,-58.4197,1998-01-01,1998,1,22.9,144.0,1.0007455312569395,1.0635135158197946,0.7925238016305255,2.096069868995633
Буэнос-Айрес,-34.5589,-58.4197,1998-02-01,1998,2,21.9,112.0,0.8378149057327401,0.9495200454957833,0.6369739993530849,1.704718417047184
Буэнос-Айрес,-34.5589,-58.4197,1998-03-01,1998,3,21.0,95.0,0.32545572011478074,0.3738105794831139,0.6083563680796111,1.507936507936508
Буэнос-Айрес,-34.5589,-58.4197,1998-04-01,1998,4,18.3,69.0,-0.16866616443785895,-0.21928907937573536,0.42130224995369436,1.2568306010928962
Буэнос-Айрес,-34.5589,-58.4197,1998-05-01,1998,5,15.6,43.0,-0.4939195723152423,-0.5005322378386338,0.14921147555345626,0.9188034188034188
Буэнос-Айрес,-34.5589,-58.4197,1998-06-01,1998,6,12.4,17.0,-0.7207348539016293,-0.7915019095426722,-0.32414610564785556,0.45698924731182794
Буэнос-Айрес,-34.5589,-58.4197,1998-07-01,1998,7,13.3,46.0,-0.6282457528432673,-0.699949529887944,-0.6938715326722427,1.1528822055137844
Буэнос-Айрес,-34.5589,-58.4197,1998-08-01,1998,8,13.2,18.0,-1.1910179832882515,-1.240568679185654,-1.0801689032679922,0.45454545454545453
Буэнос-Айрес,-34.5589,-58.4197,1998-09-01,1998,9,14.1,67.0,-0.5405417385714752,-0.6879611757351238,-1.046256760679238,1.5839243498817968
Буэнос-Айрес,-34.5589,-58.4197,1998-10-01,1998,10,18.5,55.0,-0.9943706836972771,-1.098453845158055,-1.1836791700052145,0.990990990990991
Буэнос-Айрес,-34.5589,-58.4197,1998-11-01,1998,11,20.2,63.0,-0.7689720523050911,-0.8145118033723415,-1.3608179449012914,1.0396039603960396
Буэнос-Айрес,-34.5589,-58.4197,1998-12-01,1998,12,22.7,163.0,0.009367351294461897,0.02541162483401884,-0.35341876511960363,2.393538913362702
Буэнос-Айрес,-34.5589,-58.4197,1999-01-01,1999,1,22.3,205.0,1.4058800498302615,1.4120824989056768,0.5492533093679026,3.0642750373692076
Буэнос-Айрес,-34.5589,-58.4197,1999-02-01,1999,2,23.1,162.0,1.7206489994302552,1.6618030029994206,1.2088137383048032,2.3376623376623376
Буэнос-Айрес,-34.5589,-58.4197,1999-03-01,1999,3,22.7,154.0,1.336177549171084,1.3229977388433705,1.0828124651380875,2.2613803230543317
Буэнос-Айрес,-34.5589,-58.4197,1999-04-01,1999,4,16.6,27.0,0.3533001964450802,0.37480223489043096,0.9930123048005791,0.5421686746987951
Буэнос-Айрес,-34.5589,-58.4197,1999-05-01,1999,5,14.7,42.0,-0.3627572781193443,-0.3564835812622961,0.8982769336012979,0.9523809523809523
Буэнос-Айрес,-34.5589,-58.4197,1999-06-01,1999,6,11.6,15.0,-1.27695892501679,-1.3446620988134654,0.43579974273518735,0.43103448275862066
Буэнос-Айрес,-34.5589,-58.4197,1999-07-01,1999,7,11.3,103.0,0.01442793264989895,0.040704988380100636,0.1505695331952277,3.03834808259587
Буэнос-Айрес,-34.5589,-58.4197,1999-08-01,1999,8,13.0,63.0,0.337242046430847,0.34815708184133676,-0.28503309473678035,1.6153846153846154
Буэнос-Айрес,-34.5589,-58.4197,1999-09-01,1999,9,15.3,65.0,0.8356404128552571,0.8300957423093618,-0.5647633822372035,1.4161220043572984
Буэнос-Айрес,-34.5589,-58.4197,1999-10-01,1999,10,17.5,30.0,-0.7156286824246977,-0.790506151632965,-0.4833369501431922,0.5714285714285714
Буэнос-Айрес,-34.5589,-58.4197,1999-11-01,1999,11,20.0,43.0,-1.3847898784707129,-1.395675997728473,-0.8272677062651929,0.7166666666666667
Буэнос-Айрес,-34.5589,-58.4197,1999-12-01,1999,12,23.1,56.0,-1.6518135420586701,-1.6787663700608093,-0.8122353178349898,0.8080808080808081
Буэнос-Айрес,-34.5589,-58.4197,2000-01-01,2000,1,24.9,87.0,-1.102088485174316,-1.168629295542098,-1.306429797807731,1.1646586345381527
Буэнос-Айрес,-34.5589,-58.4197,2000-02-01,2000,2,24.0,63.0,-0.7552763711960996,-0.8272223175788308,-1.7674074501769774,0.875
Буэнос-Айрес,-34.5589,-58.4197,2000-03-01,2000,3,21.5,52.0,-0.9721802766835388,-1.0433653492236084,-1.9299296268484372,0.8062015503875969
Буэнос-Айрес,-34.5589,-58.4197,2000-04-01,2000,4,18.8,181.0,-0.00018285982920845722,-0.025970622387325837,-0.7339274127489928,3.2092198581560285
Буэнос-Айрес,-34.5589,-58.4197,2000-05-01,2000,5,14.5,322.0,1.6461817672466,1.5229384804650588,0.929111339551322,7.402298850574713
Буэнос-Айрес,-34.5589,-58.4197,2000-06-01,2000,6,13.1,129.0,2.7615579582906746,2.322284293428747,1.4801644510300271,3.282442748091603
Буэнос-Айрес,-34.5589,-58.4197,2000-07-01,2000,7,9.1,44.0,2.2762333468769134,1.978801168297136,1.432423387489764,
Буэнос-Айрес,-34.5589,-58.4197,2000-08-01,2000,8,12.2,64.0,0.9540527619656479,0.9851889476481007,1.7840244503586145,1.7486338797814207
Буэнос-Айрес,-34.5589,-58.4197,2000-09-01,2000,9,14.1,124.0,0.845980378594307,0.8409364916315435,2.3933798528815315,2.9314420803782504
Буэнос-Айрес,-34.5589,-58.4197,2000-10-01,2000,10,17.3,120.0,1.032813380049239,1.0430362762054295,1.9639102431179372,2.3121387283236996
Буэнос-Айрес,-34.5589,-58.4197,2000-11-01,2000,11,19.2,102.0,0.9701505173050018,1.0015325402090425,1.2279242947878575,1.7708333333333333
Буэнос-Айрес,-34.5589,-58.4197,2000-12-01,2000,12,22.7,69.0,0.10418493846152514,0.13264058418255212,0.5369404183376338,1.013215859030837
Буэнос-Айрес,-34.5589,-58.4197,2001-01-01,2001,1,25.3,201.0,0.9088469256557264,0.9784229622813059,1.2550496166114935,2.6482213438735176
Буэнос-Айрес,-34.5589,-58.4197,2001-02-01,2001,2,25.2,127.0,0.9293793960397347,1.0341373487761734,1.3508223416893206,1.67989417989418
Буэнос-Айрес,-34.5589,-58.4197,2001-03-01,2001,3,22.9,229.0,1.5176726346796625,1.4640010498970661,1.2557528187231184,3.3333333333333335
Буэнос-Айрес,-34.5589,-58.4197,2001-04-01,2001,4,18.4,55.0,0.7902324653805791,0.8372829820354214,1.031555258933206,0.9963768115942029
Буэнос-Айрес,-34.5589,-58.4197,2001-05-01,2001,5,14.2,82.0,0.6305158542861011,0.6876386616788549,0.9367402010431872,1.9248826291079812
Буэнос-Айрес,-34.5589,-58.4197,2001-06-01,2001,6,13.0,51.0,-0.11492823706259962,-0.12020472912291534,1.1280405736556045,1.3076923076923077
Буэнос-Айрес,-34.5589,-58.4197,2001-07-01,2001,7,11.3,51.0,0.2504823502916583,0.30763536163596455,0.6623497737604003,1.5044247787610618
Буэнос-Айрес,-34.5589,-58.4197,2001-08-01,2001,8,14.8,153.0,1.1322665397831653,1.1523163653530961,1.0448294172703112,3.445945945945946
Буэнос-Айрес,-34.5589,-58.4197,2001-09-01,2001,9,14.5,31.0,0.8767574132031549,0.8730358217421947,0.3314587400687445,0.7126436781609196
Буэнос-Айрес,-34.5589,-58.4197,2001-10-01,2001,10,17.8,199.0,1.695250685671763,1.5495649417978816,1.1779370707429182,3.7265917602996255
Буэнос-Айрес,-34.5589,-58.4197,2001-11-01,2001,11,19.8,145.0,1.2407348170530876,1.2457658061972734,1.4589197487599095,2.441077441077441
Буэнос-Айрес,-34.5589,-58.4197,2001-12-01,2001,12,22.4,52.0,1.0252899747074224,1.0987170598758194,1.2113436695366468,0.7738095238095238
Буэнос-Айрес,-34.5589,-58.4197,2002-01-01,2002,1,24.3,133.0,0.5239483054369755,0.5980140039102553,1.434404903097047,1.8244170096021948
Буэнос-Айрес,-34.5589,-58.4197,2002-02-01,2002,2,22.7,34.0,-0.5983284672838998,-0.6461987916392843,0.44754944082445414,0.49926578560939794
Буэнос-Айрес,-34.5589,-58.4197,2002-03-01,2002,3,21.9,235.0,0.661897725773822,0.7204092345249917,1.0668933319529073,3.5768645357686455
Буэнос-Айрес,-34.5589,-58.4197,2002-04-01,2002,4,17.5,122.0,0.6689935016730884,0.71394404987667,0.7491563817682918,2.323809523809524
Буэнос-Айрес,-34.5589,-58.4197,2002-05-01,2002,5,16.7,174.0,1.5296391900491804,1.4401139033292765,0.8865811309917655,3.4730538922155687
Буэнос-Айрес,-34.5589,-58.4197,2002-06-01,2002,6,11.2,29.0,0.990336623576334,1.0480982373641354,1.049078224501308,0.8630952380952381
Буэнос-Айрес,-34.5589,-58.4197,2002-07-01,2002,7,11.2,108.0,1.2375728212953119,1.2649996100576777,1.127289071903216,3.2142857142857144
Буэнос-Айрес,-34.5589,-58.4197,2002-08-01,2002,8,13.8,96.0,0.913295087775049,0.9458026869107715,1.6790038659577415,2.318840579710145
Буэнос-Айрес,-34.5589,-58.4197,2002-09-01,2002,9,14.5,77.0,1.309743429384851,1.2960097750745447,1.4554826437433281,1.7701149425287357
Буэнос-Айрес,-34.5589,-58.4197,2002-10-01,2002,10,19.2,72.0,0.3893509932672191,0.43680622317962337,1.1279046766901428,1.25
Буэнос-Айрес,-34.5589,-58.4197,2002-11-01,2002,11,20.9,107.0,0.055876586908125546,0.06406277008167946,0.6541856105172885,1.7065390749601277
Буэнос-Айрес,-34.5589,-58.4197,2002-12-01,2002,12,22.6,170.0,0.6284791728767924,0.7047759302642261,1.205952711188693,2.5073746312684366
Буэнос-Айрес,-34.5589,-58.4197,2003-01-01,2003,1,24.9,192.0,1.7037891921458592,1.6423996203724807,1.4396178344637298,2.570281124497992
Буэнос-Айрес,-34.5589,-58.4197,2003-02-01,2003,2,23.1,239.0,2.0829158598368482,1.8964373775190912,1.8317430313446657,3.4487734487734487
Буэнос-Айрес,-34.5589,-58.4197,2003-03-01,2003,3,22.3,239.0,2.0385165607589433,1.8252095883998594,1.7682078268670767,3.5724962630792225
Буэнос-Айрес,-34.5589,-58.4197,2003-04-01,2003,4,17.6,59.0,1.4560623642550439,1.436770660397546,1.7817641564125482,1.1174242424242424
Буэнос-Айрес,-34.5589,-58.4197,2003-05-01,2003,5,15.3,52.0,0.5318127272395555,0.5921535968791519,1.5331043646458271,1.1328976034858387
Буэнос-Айрес,-34.5589,-58.4197,2003-06-01,2003,6,13.1,39.0,-0.49210387467923383,-0.5437305444299269,1.428692270075364,0.9923664122137404
Буэнос-Айрес,-34.5589,-58.4197,2003-07-01,2003,7,11.3,69.0,0.01442793264989895,0.040704988380100636,1.1081914364109222,2.0353982300884956
Буэнос-Айрес,-34.5589,-58.4197,2003-08-01,2003,8,11.6,26.0,-0.2843669103226237,-0.3392248038335818,0.2513282191840377,0.7471264367816092
Буэнос-Айрес,-34.5589,-58.4197,2003-09-01,2003,9,14.0,110.0,0.5508923792639495,0.5214820678119447,-0.21942634732381688,2.619047619047619
Буэнос-Айрес,-34.5589,-58.4197,2003-10-01,2003,10,18.5,55.0,-0.25690027934657544,-0.2700339632834898,-0.1914287211479878,0.990990990990991
Буэнос-Айрес,-34.5589,-58.4197,2003-11-01,2003,11,19.9,133.0,0.49797457477524226,0.5353231969894047,0.21807119859955776,2.2278056951423784
Буэнос-Айрес,-34.5589,-58.4197,2003-12-01,2003,12,21.7,131.0,0.36250247869925656,0.42026344123210724,0.5440945947138133,2.0122887864823347
Буэнос-Айрес,-34.5589,-58.4197,2004-01-01,2004,1,24.6,216.0,1.7872027999610616,1.703279745721994,1.2035568249923703,2.926829268292683
Буэнос-Айрес,-34.5589,-58.4197,2004-02-01,2004,2,22.9,35.0,0.827478536065748,0.9398000587853365,1.0147801895906332,0.5094614264919942
Буэнос-Айрес,-34.5589,-58.4197,2004-03-01,2004,3,23.1,26.0,-0.24120939741249195,-0.2534973593952448,0.035694795748836355,0.37518037518037517
Буэнос-Айрес,-34.5589,-58.4197,2004-04-01,2004,4,19.6,234.0,-0.008313111121739098,-0.035306060670587475,0.9973341461663751,3.979591836734694
Буэнос-Айрес,-34.5589,-58.4197,2004-05-01,2004,5,13.6,89.0,0.5255593205565713,0.5860217254190561,0.8107860228028614,2.1813725490196076
Буэнос-Айрес,-34.5589,-58.4197,2004-06-01,2004,6,13.0,10.0,1.0462650495634809,1.0996680853494074,0.4636690771250916,0.2564102564102564
Буэнос-Айрес,-34.5589,-58.4197,2004-07-01,2004,7,11.8,36.0,-0.25969430667605625,-0.2769756200156433,-0.33748023158149604,1.0169491525423728
Буэнос-Айрес,-34.5589,-58.4197,2004-08-01,2004,8,13.4,41.0,-1.071549821323181,-1.1344061498171545,-0.06642914210272553,1.0199004975124377
Буэнос-Айрес,-34.5589,-58.4197,2004-09-01,2004,9,15.4,21.0,-1.3750371274522601,-1.3811910547785848,0.3919583440442914,0.45454545454545453
Буэнос-Айрес,-34.5589,-58.4197,2004-10-01,2004,10,17.2,56.0,-1.3715030529029721,-1.4959961326545013,-1.112318509851232,1.0852713178294573
Буэнос-Айрес,-34.5589,-58.4197,2004-11-01,2004,11,19.5,63.0,-1.357190651492621,-1.3714401778486467,-1.758862652406395,1.0769230769230769
Буэнос-Айрес,-34.5589,-58.4197,2004-12-01,2004,12,23.1,76.0,-0.8720595201667344,-0.9462300409219032,-1.404623007622635,1.0966810966810967
Буэнос-Айрес,-34.5589,-58.4197,2005-01-01,2005,1,24.9,131.0,-0.08400476401468158,-0.06513520381252247,-0.9461272614547009,1.7536813922356091
Буэнос-Айрес,-34.5589,-58.4197,2005-02-01,2005,2,23.5,46.0,-0.23143933137430567,-0.21315529224370253,-1.3115839314665947,0.6524822695035462
Буэнос-Айрес,-34.5589,-58.4197,2005-03-01,2005,3,21.2,85.0,-0.3715361900739048,-0.3995700831281771,-0.9391905308899955,1.3364779874213837
Буэнос-Айрес,-34.5589,-58.4197,2005-04-01,2005,4,17.3,70.0,-0.9621478998638467,-1.0674001962698936,-0.8140375800063385,1.348747591522158
Буэнос-Айрес,-34.5589,-58.4197,2005-05-01,2005,5,14.9,13.0,-0.838387686267736,-0.8719739711987441,-0.8778889562706077,0.29082774049217003
Буэнос-Айрес,-34.5589,-58.4197,2005-06-01,2005,6,14.1,49.0,-0.6870483895777438,-0.7556225535299536,-0.8849599010734532,1.1583924349881796
Буэнос-Айрес,-34.5589,-58.4197,2005-07-01,2005,7,12.1,47.0,-0.5869045426137387,-0.6533941955030721,-1.2690335559299881,1.2947658402203857
Буэнос-Айрес,-34.5589,-58.4197,2005-08-01,2005,8,12.8,81.0,0.2887381618972128,0.29507334812081415,-0.6925702491840077,2.109375
Буэнос-Айрес,-34.5589,-58.4197,2005-09-01,2005,9,13.8,32.0,-0.04204008840514428,-0.15302644134373103,-0.766164111576054,0.7729468599033816
Буэнос-Айрес,-34.5589,-58.4197,2005-10-01,2005,10,16.8,39.0,-0.8059705764850965,-0.891407252971282,-1.031568813844749,0.7738095238095238
Буэнос-Айрес,-34.5589,-58.4197,2005-11-01,2005,11,21.8,38.0,-1.8012820177460864,-1.7413366032495503,-1.1582516432665964,0.581039755351682
Буэнос-Айрес,-34.5589,-58.4197,2005-12-01,2005,12,21.7,20.0,-2.0742344509287864,-2.018631764077119,-1.716885151052706,0.30721966205837176
Буэнос-Айрес,-34.5589,-58.4197,2006-01-01,2006,1,24.0,211.0,-0.09483250816926053,-0.07732573142230187,-0.6687637630541905,2.9305555555555554
Буэнос-Айрес,-34.5589,-58.4197,2006-02-01,2006,2,23.8,111.0,0.5384595244300475,0.6542515836389082,-0.7712436577579846,1.5546218487394958
Буэнос-Айрес,-34.5589,-58.4197,2006-03-01,2006,3,20.7,123.0,0.9208492538516991,0.9669258727417,-0.32185950186391116,1.9806763285024154
Буэнос-Айрес,-34.5589,-58.4197,2006-04-01,2006,4,18.8,33.0,-0.2489190714439623,-0.3108390230114855,-0.3505923127922491,0.5851063829787234
Буэнос-Айрес,-34.5589,-58.4197,2006-05-01,2006,5,14.2,5.0,-0.9045306631782901,-0.9414778598539773,-0.3549839076329365,0.11737089201877934
Буэнос-Айрес,-34.5589,-58.4197,2006-06-01,2006,6,13.0,76.0,-0.8948885504846682,-0.9729769567726193,0.16913248593682909,1.9487179487179487
Буэнос-Айрес,-34.5589,-58.4197,2006-07-01,2006,7,13.9,47.0,-0.34291446058349967,-0.37360419336072753,-0.594923618740005,1.1270983213429258
Буэнос-Айрес,-34.5589,-58.4197,2006-08-01,2006,8,12.2,12.0,-0.26976999131315477,-0.3232631614616072,-1.0265271896725914,0.32786885245901637
Буэнос-Айрес,-34.5589,-58.4197,2006-09-01,2006,9,14.8,25.0,-1.97389304735971,-1.7023021099089273,-1.5793580500636812,0.5630630630630631
Буэнос-Айрес,-34.5589,-58.4197,2006-10-01,2006,10,19.0,162.0,-0.1539823450267843,-0.1535096189522315,-0.4016737117507731,2.8421052631578947
Буэнос-Айрес,-34.5589,-58.4197,2006-11-01,2006,11,20.2,41.0,-0.2565109220971956,-0.275606041138368,-0.3983073115556998,0.6765676567656765
Буэнос-Айрес,-34.5589,-58.4197,2006-12-01,2006,12,24.3,215.0,1.203543715076444,1.2625518682757568,0.38271123210109986,2.9492455418381343
Буэнос-Айрес,-34.5589,-58.4197,2007-01-01,2007,1,24.1,62.0,0.4083411684700406,0.47672819859044246,0.13364392577493817,0.8575380359612724
Буэнос-Айрес,-34.5589,-58.4197,2007-02-01,2007,2,24.4,87.0,0.7007394931995671,0.8178418083678762,0.43271108672909425,1.1885245901639345
Буэнос-Айрес,-34.5589,-58.4197,2007-03-01,2007,3,21.8,288.0,0.8741499777703524,0.9238603736352115,1.2805301016794473,4.4036697247706424
Буэнос-Айрес,-34.5589,-58.4197,2007-04-01,2007,4,18.7,165.0,1.470295192297368,1.4481709904477345,1.3240779942477368,2.9411764705882355
Буэнос-Айрес,-34.5589,-58.4197,2007-05-01,2007,5,12.6,42.0,1.3489701998316033,1.3054830600988994,1.2685410744737813,1.1111111111111112
Буэнос-Айрес,-34.5589,-58.4197,2007-06-01,2007,6,10.4,42.0,0.41689065938949127,0.47153466754433493,0.858467054885124,1.3461538461538463
Буэнос-Айрес,-34.5589,-58.4197,2007-07-01,2007,7,9.4,7.0,-0.8492536557999742,-0.9427283788548738,0.8328557019629007,
Буэнос-Айрес,-34.5589,-58.4197,2007-08-01,2007,8,9.7,37.0,-1.0910731261329658,-1.1520445517244666,0.8328963415497479,
Буэнос-Айрес,-34.5589,-58.4197,2007-09-01,2007,9,16.0,90.0,-0.4823134723552038,-0.6292129138788456,0.014516734228033177,1.875
Буэнос-Айрес,-34.5589,-58.4197,2007-10-01,2007,10,18.9,160.0,0.8288317528727636,0.8634896900431906,0.03110212013075028,2.821869488536155
Буэнос-Айрес,-34.5589,-58.4197,2007-11-01,2007,11,18.8,31.0,0.32257299268333567,0.3511865814626786,-0.36039183589767865,0.549645390070922
Буэнос-Айрес,-34.5589,-58.4197,2007-12-01,2007,12,23.0,23.0,-0.6659737462308599,-0.7291438987273487,-0.9189494934190614,0.3333333333333333
Буэнос-Айрес,-34.5589,-58.4197,2008-01-01,2008,1,24.6,121.0,-1.25600445123774,-1.3191976355606951,-0.3214598770934347,1.6395663956639566
Буэнос-Айрес,-34.5589,-58.4197,2008-02-01,2008,2,24.5,85.0,-0.4844835485943745,-0.5127482905104968,-0.23630860801189235,1.1564625850340136
Буэнос-Айрес,-34.5589,-58.4197,2008-03-01,2008,3,21.7,167.0,0.4749975076559064,0.5312328524812286,-0.02162317766784349,2.565284178187404
Буэнос-Айрес,-34.5589,-58.4197,2008-04-01,2008,4,18.5,166.74193548387098,0.8357752284379514,0.8825148522767178,0.03330181580505371,3.004359197907585
Буэнос-Айрес,-34.5589,-58.4197,2008-05-01,2008,5,15.3,166.48387096774192,1.375656608796424,1.3258622030055283,0.8035539444043228,3.6270995853538546
Буэнос-Айрес,-34.5589,-58.4197,2008-06-01,2008,6,11.4,66.43940141229623,1.4861494022290325,1.4758638085335956,1.2440823731644088,1.9426725559150944
Буэнос-Айрес,-34.5589,-58.4197,2008-07-01,2008,7,13.7,82.18571907458569,1.2645737277477873,1.287036097228707,1.243746368302594,1.9996525322283623
Буэнос-Айрес,-34.5589,-58.4197,2008-08-01,2008,8,12.6,44.02409077560394,0.4746856290008359,0.4967717061377311,1.3858651352886335,1.1646584861270883
Буэнос-Айрес,-34.5589,-58.4197,2008-09-01,2008,9,13.8,50.91383447867687,0.2026680322537928,0.1261488976210183,1.3098813429661593,1.2298027651854317
Буэнос-Айрес,-34.5589,-58.4197,2008-10-01,2008,10,17.6,151.16092073899136,0.4014598706898565,0.449260933539086,1.1517953499065658,2.8628962261172606
Буэнос-Айрес,-34.5589,-58.4197,2008-11-01,2008,11,23.2,117.22923344363998,0.7115427525901081,0.7521171004812278,0.8100534770445225,1.6843280667189653
Буэнос-Айрес,-34.5589,-58.4197,2008-12-01,2008,12,23.2,62.15945672726143,0.4661597618390272,0.5328339410902682,0.4251221813673447,0.8930956426330665
Буэнос-Айрес,-34.5589,-58.4197,2009-01-01,2009,1,24.4,109.51435037153261,0.11604540297502103,0.15873377603008673,0.2764704105386184,1.4960976826712107
Буэнос-Айрес,-34.5589,-58.4197,2009-02-01,2009,2,23.9,69.89370576512631,-0.34872525131182164,-0.3522156744235195,0.1921482614898933,0.9748076117869778
Буэнос-Айрес,-34.5589,-58.4197,2009-03-01,2009,3,23.1,72.22611618219267,-0.46551598531635846,-0.5041265043690766,-0.05268523641921273,1.0422238987329389
Буэнос-Айрес,-34.5589,-58.4197,2009-04-01,2009,4,19.4,85.36104612698983,-0.6435785887997685,-0.7460288932699273,-0.4876290187081629,1.4666846413572137
Буэнос-Айрес,-34.5589,-58.4197,2009-05-01,2009,5,15.8,0.0,-0.9373184268119744,-0.9756617767830709,-1.0228862091353044,0.0
Буэнос-Айрес,-34.5589,-58.4197,2009-06-01,2009,6,11.3,0.0,-1.2584860333264904,-1.3275752664018357,-1.2540365790733388,0.0
Буэнос-Айрес,-34.5589,-58.4197,2009-07-01,2009,7,10.5,39.48654157876595,-1.9451596584705895,-1.9287854084208764,-1.6326556889094883,1.2535410025005065
Буэнос-Айрес,-34.5589,-58.4197,2009-08-01,2009,8,14.2,20.825683855957852,-1.6548406331244796,-1.6125574157678682,-1.5362553572304751,0.48886581821497305
Буэнос-Айрес,-34.5589,-58.4197,2009-09-01,2009,9,13.4,63.99748197544269,-0.6778734246908076,-0.8216185291761803,-1.4803220208474688,1.591977163568226
Буэнос-Айрес,-34.5589,-58.4197,2009-10-01,2009,10,17.2,57.98334319890477,-0.9493291703031004,-1.0494154930348691,-1.8654241345449398,1.1237082015291622
Буэнос-Айрес,-34.5589,-58.4197,2009-11-01,2009,11,20.9,46.990998912458,-0.971722071382991,-1.01505149595331,-1.735422573252932,0.7494577179020414
Буэнос-Айрес,-34.5589,-58.4197,2009-12-01,2009,12,22.2,135.69626601141968,-0.388190198335825,-0.4241593800124235,-0.7679552302761601,2.037481471642938
Буэнос-Айрес,-34.5589,-58.4197,2010-01-01,2010,1,25.5,77.63107061635861,-0.18993092020694688,-0.18451175391544603,-0.819552578723754,1.0147852368151453
Буэнос-Айрес,-34.5589,-58.4197,2010-02-01,2010,2,24.0,90.63840928431519,0.2351514235820431,0.32760004373597135,-0.5692286211673268,1.2588667956154886
Буэнос-Айрес,-34.5589,-58.4197,2010-03-01,2010,3,22.8,12.975693059186469,-1.2215607028996116,-1.287037948710752,-1.2073645987657002,0.18970311490038697
Буэнос-Айрес,-34.5589,-58.4197,2010-04-01,2010,4,17.9,54.938899184429744,-1.646651479854948,-1.6357144533509955,-1.1995992668564077,1.023070748313403
Буэнос-Айрес,-34.5589,-58.4197,2010-05-01,2010,5,15.9,54.79543108794473,-1.295552227682263,-1.3360152064068769,-0.8405418221451401,1.1487511758478979
Буэнос-Айрес,-34.5589,-58.4197,2010-06-01,2010,6,12.8,15.2317304559662,-0.766611611101788,-0.839975405621457,-1.4497927966763493,0.39665964729078645
Буэнос-Айрес,-34.5589,-58.4197,2010-07-01,2010,7,11.0,58.69283202670703,-0.33420506450053783,-0.3635068035605368,-1.4591702408536553,1.7785706674759705
Буэнос-Айрес,-34.5589,-58.4197,2010-08-01,2010,8,11.8,33.10574166405051,-0.7083778110736,-0.7863859733063663,-1.4610744629349366,0.9351904424873027
Буэнос-Айрес,-34.5589,-58.4197,2010-09-01,2010,9,14.8,49.54061354041459,-0.34733166422239486,-0.48869258956664985,-0.9912164032758454,1.1157795842435718
Буэнос-Айрес,-34.5589,-58.4197,2010-10-01,2010,10,16.9,69.45869534196181,-0.8043677627438017,-0.8896253361578813,-0.8352750265667488,1.3699939909657164
Буэнос-Айрес,-34.5589,-58.4197,2010-11-01,2010,11,20.2,152.18640444229442,0.21916492554485592,0.24064010663506988,-0.25530377057770764,2.5113268059784555
Буэнос-Айрес,-34.5589,-58.4197,2010-12-01,2010,12,24.3,79.48709060768152,0.1988501226537322,0.2389927202779296,-0.09270606102460098,1.09035789585297
Буэнос-Айрес,-34.5589,-58.4197,2011-01-01,2011,1,25.1,43.10868377088796,-0.03257432898663271,-0.007303387150033084,-0.618913612581834,0.5724924803570778
Буэнос-Айрес,-34.5589,-58.4197,2011-02-01,2011,2,23.5,120.13783252329495,-0.33650495379761863,-0.33772728111693623,-0.20196235757298284,1.7040827308268787
Буэнос-Айрес,-34.5589,-58.4197,2011-03-01,2011,3,22.0,25.573396750622663,-1.1272703876163135,-1.196853078639509,-0.6935188425306803,0.3874757083427676
Буэнос-Айрес,-34.5589,-58.4197,2011-04-01,2011,4,19.0,84.08052319245502,-0.6182090847698213,-0.7191113640172025,-0.5714359520631724,1.475096898113246
Буэнос-Айрес,-34.5589,-58.4197,2011-05-01,2011,5,15.0,0.0,-1.4423964209872115,-1.4762042144516043,-1.339108756444936,0.0
Буэнос-Айрес,-34.5589,-58.4197,2011-06-01,2011,6,12.0,10.18714047701367,-1.1404738516153112,-1.2162698111939807,-1.5949090216772102,0.28297612436149083
Буэнос-Айрес,-34.5589,-58.4197,2011-07-01,2011,7,10.9,55.030951312385504,-1.3059642111015288,-1.4019864167635177,-1.3939829894088651,1.682903709858884
Буэнос-Айрес,-34.5589,-58.4197,2011-08-01,2011,8,11.6,73.00043383267453,-0.22326343750362246,-0.27223751260894125,-1.3444591517661215,2.0977136158814518
Буэнос-Айрес,-34.5589,-58.4197,2011-09-01,2011,9,15.8,60.58859667566108,0.3527282320233773,0.2978671520572486,-0.8460606649542177,1.2782404361953814
Буэнос-Айрес,-34.5589,-58.4197,2011-10-01,2011,10,17.2,87.66755107304968,0.11836811067362635,0.14914568261375574,-0.7803755128994923,1.6989835479273194
Буэнос-Айрес,-34.5589,-58.4197,2011-11-01,2011,11,22.1,82.79746335927595,-0.2216859544415199,-0.23787509982193555,-0.3389537428413274,1.2488305182394563
Буэнос-Айрес,-34.5589,-58.4197,2011-12-01,2011,12,22.2,23.81453740801016,-0.8800181190405337,-0.9544297936701619,-0.6089602200534896,0.3575756367569093
Буэнос-Айрес,-34.5589,-58.4197,2012-01-01,2012,1,25.0,57.128974825347306,-1.4201082757603412,-1.4737094618649182,-0.9711128296119526,0.761719664337964
Буэнос-Айрес,-34.5589,-58.4197,2012-02-01,2012,2,24.6,70.00228162983896,-1.5916191878941144,-1.694805992168327,-1.414108098841491,0.9485404014883329
Буэнос-Айрес,-34.5589,-58.4197,2012-03-01,2012,3,21.6,166.3115071246062,-0.10520205949015737,-0.10065249058803268,-0.7099216913618909,2.566535603774787
Буэнос-Айрес,-34.5589,-58.4197,2012-04-01,2012,4,18.0,89.29391825390374,0.22848448249428494,0.23498167545369003,-0.6807287769361277,1.653591078775995
Буэнос-Айрес,-34.5589,-58.4197,2012-05-01,2012,5,16.5,0.0,-0.11053798499238644,-0.07941035900685824,-0.9735791740167508,0.0
Буэнос-Айрес,-34.5589,-58.4197,2012-06-01,2012,6,11.8,57.22652486716062,-0.5288777157800307,-0.5842055490349648,-0.5843099011170647,1.616568499072334
Буэнос-Айрес,-34.5589,-58.4197,2012-07-01,2012,7,9.8,43.11501483891672,-0.7086634884519823,-0.789558116454261,-0.3665621726980005,
Буэнос-Айрес,-34.5589,-58.4197,2012-08-01,2012,8,13.5,30.833105409177094,-0.32599704366743054,-0.3845904847068776,-0.4038448525944349,0.7613112446710394
Буэнос-Айрес,-34.5589,-58.4197,2012-09-01,2012,9,15.3,71.09370207700867,-0.28279950637456275,-0.41957409866908085,-0.7700025752358424,1.5488823981919102
Буэнос-Айрес,-34.5589,-58.4197,2012-10-01,2012,10,18.1,130.6235980568101,0.249565884155588,0.2904503910009975,-0.34902494468706535,2.4055911244348085
Буэнос-Айрес,-34.5589,-58.4197,2012-11-01,2012,11,22.1,122.50886276343732,0.7599536559403534,0.7999527367556191,0.40568089461404827,1.8477958184530514
Буэнос-Айрес,-34.5589,-58.4197,2012-12-01,2012,12,24.3,48.1088106468743,0.1998617662855966,0.2401242736098807,-0.060781012213583535,0.6599288154578093
Буэнос-Айрес,-34.5589,-58.4197,2013-01-01,2013,1,24.6,74.16876435810511,-0.3652405702805822,-0.38176887519908875,-0.1924857279162004,1.0049968070203945
Буэнос-Айрес,-34.5589,-58.4197,2013-02-01,2013,2,23.8,100.94286612547204,-0.5496040594585829,-0.5892609428788577,0.08303780077863195,1.4137656320094123
Буэнос-Айрес,-34.5589,-58.4197,2013-03-01,2013,3,20.2,161.27148132938078,0.22190962877169074,0.26211193607118394,0.2880324039451779,2.661245566491432
Буэнос-Айрес,-34.5589,-58.4197,2013-04-01,2013,4,19.4,57.461687748658804,0.18441085987772857,0.18506019668601442,-0.1573708113373502,0.9873142224855465
Буэнос-Айрес,-34.5589,-58.4197,2013-05-01,2013,5,15.1,39.29977745806464,-0.09248869506910541,-0.059700068321719944,-0.4897332510779801,0.8675447562486674
Буэнос-Айрес,-34.5589,-58.4197,2013-06-01,2013,6,12.9,16.503140812122925,-0.9036870905619726,-0.9819564283218094,-0.5210751059876628,0.4264377470832797
Буэнос-Айрес,-34.5589,-58.4197,2013-07-01,2013,7,11.6,26.506347707641858,-0.9903402739758828,-1.0912849192432412,-0.5424674631296635,0.7616766582655706
Буэнос-Айрес,-34.5589,-58.4197,2013-08-01,2013,8,12.1,75.20681054115423,-0.5248538222205323,-0.5973537101947434,-0.47667497645440776,2.0718129625662325
Буэнос-Айрес,-34.5589,-58.4197,2013-09-01,2013,9,13.8,88.85790447163386,0.3772344585533656,0.3257785694605063,-0.6624207012238135,2.1463261949670014
Буэнос-Айрес,-34.5589,-58.4197,2013-10-01,2013,10,17.9,89.30233629477577,0.48066279576179477,0.5297972463230021,-0.32437415865764,1.6629857783012247
Буэнос-Айрес,-34.5589,-58.4197,2013-11-01,2013,11,20.7,124.83708139288517,0.548676895742639,0.5875939482807883,0.1276593662555917,2.0102589596277807
Буэнос-Айрес,-34.5589,-58.4197,2013-12-01,2013,12,26.2,93.74256689424034,0.2611546088356338,0.30844893107656396,0.3559199931301308,1.1926535228274853
Буэнос-Айрес,-34.5589,-58.4197,2014-01-01,2014,1,25.4,60.229779158118895,0.010297209738210524,0.040785302203545336,0.25431319731789714,0.7904170493191456
Буэнос-Айрес,-34.5589,-58.4197,2014-02-01,2014,2,22.9,102.1201669034543,-0.20063439499603553,-0.17668045721899928,0.17784693794880224,1.4864653115495532
Буэнос-Айрес,-34.5589,-58.4197,2014-03-01,2014,3,20.7,196.02353055988522,0.37638366252379934,0.42797494757252436,0.44913832484466953,3.156578591946622
Буэнос-Айрес,-34.5589,-58.4197,2014-04-01,2014,4,18.4,74.61396075311653,0.5534656629820555,0.5926448637056292,0.3821057922556085,1.351702187556459
Буэнос-Айрес,-34.5589,-58.4197,2014-05-01,2014,5,15.3,130.74876288209705,0.840399340048158,0.8822602797036396,0.48767595095154825,2.8485569255358834
Буэнос-Айрес,-34.5589,-58.4197,2014-06-01,2014,6,12.6,0.0,0.04454668757169925,0.06013732417641157,0.19740246528764546,0.0
Буэнос-Айрес,-34.5589,-58.4197,2014-07-01,2014,7,12.5,67.8293618803999,0.38360266151209066,0.4531932763255128,0.5415328632112856,1.8087829834773308
Буэнос-Айрес,-34.5589,-58.4197,2014-08-01,2014,8,14.5,53.59331067509391,-0.47436836026423723,-0.5440351432931826,0.49502385431160445,1.232030130461929
Буэнос-Айрес,-34.5589,-58.4197,2014-09-01,2014,9,16.3,49.36612171970292,0.11539375115147575,0.026145695510452874,-0.041909392277568604,1.0095321415072172
Буэнос-Айрес,-34.5589,-58.4197,2014-10-01,2014,10,19.9,95.43756837220255,-0.1616409780827872,-0.1621526611127074,0.17819146672115183,1.5986192357152857
Буэнос-Айрес,-34.5589,-58.4197,2014-11-01,2014,11,20.8,28.45408989538386,-0.9168196814594536,-0.961602583250525,-1.0707181762711284,0.45599503037474126
Буэнос-Айрес,-34.5589,-58.4197,2014-12-01,2014,12,23.2,71.65222653635398,-0.8660585570059249,-0.9400378352218738,-0.7559352121414207,1.0294860134533617
Буэнос-Айрес,-34.5589,-58.4197,2015-01-01,2015,1,24.1,101.81892677528243,-0.8892660131842807,-0.9516649049904451,-0.8430883810182581,1.4082839111380696
Буэнос-Айрес,-34.5589,-58.4197,2015-02-01,2015,2,24.2,145.7431221057986,0.36058662115075557,0.46576980726089234,-0.392100428669886,2.0074810207410274
Буэнос-Айрес,-34.5589,-58.4197,2015-03-01,2015,3,22.9,68.98004221865554,0.0753452249224482,0.10101119854949536,-0.5326917329693381,1.0040763059484066
Буэнос-Айрес,-34.5589,-58.4197,2015-04-01,2015,4,20.3,44.72096686365483,-0.3187085914360033,-0.389881026026307,-0.8845964414501134,0.7343344312587
Буэнос-Айрес,-34.5589,-58.4197,2015-05-01,2015,5,16.9,22.784434923570707,-1.1486417120437808,-1.1912848024603229,-0.6519558893695815,0.4493971385319666
Буэнос-Айрес,-34.5589,-58.4197,2015-06-01,2015,6,13.6,74.06108663196758,-0.5819659368947854,-0.6422478828866087,-0.46595461418201245,1.8152227115678328
Буэнос-Айрес,-34.5589,-58.4197,2015-07-01,2015,7,12.6,57.73154220067935,-0.04230367831658966,-0.0246493788564473,-0.45331213208554777,1.5272894762084483
Буэнос-Айрес,-34.5589,-58.4197,2015-08-01,2015,8,14.9,35.21735712097716,0.16442879248840717,0.15791957617465371,-0.9760107017840585,0.7878603382768941
Буэнос-Айрес,-34.5589,-58.4197,2015-09-01,2015,9,14.3,68.74581063765248,-0.016506539410053502,-0.12414596919750986,-0.6674526651156617,1.6024664484301279
Буэнос-Айрес,-34.5589,-58.4197,2015-10-01,2015,10,15.4,95.63674683115441,-0.1463784658012977,-0.14493365273205536,-0.16445585585637965,2.0700594552197926
Буэнос-Айрес,-34.5589,-58.4197,2015-11-01,2015,11,19.9,123.71287998178089,0.3963419450905438,0.4292080385165127,0.4033868830795816,2.0722425457584737
Буэнос-Айрес,-34.5589,-58.4197,2015-12-01,2015,12,24.0,53.32120989703089,-0.07069940666032694,-0.06543462717501852,-0.1611530937241488,0.7405723596809847
Буэнос-Айрес,-34.5589,-58.4197,2016-01-01,2016,1,25.2,73.4031631905054,-0.3006599318622411,-0.3092509664402753,-0.42264384967190416,0.9709413120437221
Буэнос-Айрес,-34.5589,-58.4197,2016-02-01,2016,2,25.7,72.67985641761662,-0.8393265514236827,-0.9223321924069757,-0.43687696737979126,0.9426699924463894
Буэнос-Айрес,-34.5589,-58.4197,2016-03-01,2016,3,21.0,10.580590975007723,-1.5600991291586883,-1.5903972622084175,-1.1501597951317808,0.16794588849218609
Буэнос-Айрес,-34.5589,-58.4197,2016-04-01,2016,4,17.4,87.45631322932095,-1.4179009170952113,-1.465375581748261,-1.1825567385764502,1.6754082994122788
Буэнос-Айрес,-34.5589,-58.4197,2016-05-01,2016,5,12.8,62.63949258686154,-0.9076240876167307,-0.9447108370495167,-1.2865921117496053,1.631236786116186
Буэнос-Айрес,-34.5589,-58.4197,2016-06-01,2016,6,10.8,48.145577811074446,-0.019994857997698613,-0.012733059864784997,-1.1388857257487883,1.485974623798594
Буэнос-Айрес,-34.5589,-58.4197,2016-07-01,2016,7,11.2,46.196569253603805,-0.016978044799046122,0.004566908432318706,-1.1237510063297629,1.374897894452494
Буэнос-Айрес,-34.5589,-58.4197,2016-08-01,2016,8,13.7,8.833203014580405,-0.7745446136127941,-0.852503081158888,-1.2402132778167219,0.2149197813766522
Буэнос-Айрес,-34.5589,-58.4197,2016-09-01,2016,9,14.0,46.46401751626202,-1.2610612825936225,-1.3037542781636677,-0.6983482540253779,1.1062861313395718
Буэнос-Айрес,-34.5589,-58.4197,2016-10-01,2016,10,17.2,79.16113107160442,-1.0851977633027672,-1.1963780220886462,-0.732524844004289,1.5341304471241166
Буэнос-Айрес,-34.5589,-58.4197,2016-11-01,2016,11,20.6,66.64802702634216,-0.6792030269308218,-0.7230798799340172,-1.062986422308313,1.0784470392612
Буэнос-Айрес,-34.5589,-58.4197,2016-12-01,2016,12,24.5,73.87096547872038,-0.605730011358454,-0.6640760260239168,-1.1568825503343918,1.0050471493703452
Буэнос-Айрес,-34.5589,-58.4197,2017-01-01,2017,1,25.5,103.76670198217266,-0.37100903485251635,-0.3882332345075124,-1.0229846864313585,1.356427476891146
Буэнос-Айрес,-34.5589,-58.4197,2017-02-01,2017,2,25.0,161.69558270795017,0.518185676089356,0.6332402515820645,-0.04952557403879512,2.155941102772669
Буэнос-Айрес,-34.5589,-58.4197,2017-03-01,2017,3,22.3,111.7858294753171,0.5030676509617686,0.5602083258844589,0.04155190245315419,1.6709391550869523
Буэнос-Айрес,-34.5589,-58.4197,2017-04-01,2017,4,18.9,85.96411991000043,0.4658451997050723,0.4983916415804448,0.09628109021636223,1.5161220442680852
Буэнос-Айрес,-34.5589,-58.4197,2017-05-01,2017,5,16.0,45.11038494746409,-0.20689380778067748,-0.1850063538496303,0.10425776318326864,0.9397996864055019
Буэнос-Айрес,-34.5589,-58.4197,2017-06-01,2017,6,13.5,0.0,-0.6974020767353211,-0.766675415876326,-0.1432685207852541,0.0
Буэнос-Айрес,-34.5589,-58.4197,2017-07-01,2017,7,13.0,50.45709910553696,-0.7792105743141494,-0.8670119768407266,-0.1623673771091343,1.2937717719368451
Буэнос-Айрес,-34.5589,-58.4197,2017-08-01,2017,8,14.8,52.79438147159467,-0.7732222510260686,-0.8511929724879171,-0.6849109174935383,1.1890626457566367
Буэнос-Айрес,-34.5589,-58.4197,2017-09-01,2017,9,15.7,115.26935593052528,0.7029918813814686,0.688617954466573,-0.26546738227543737,2.447332397675696
Буэнос-Айрес,-34.5589,-58.4197,2017-10-01,2017,10,17.8,84.79371869393329,0.475159131263586,0.5242539019964654,-0.2134419079156704,1.5878973538189753
Буэнос-Айрес,-34.5589,-58.4197,2017-11-01,2017,11,20.1,102.2168323762311,0.5414213858619615,0.5801429487966648,-0.008018521731466,1.6951381820270497
Буэнос-Айрес,-34.5589,-58.4197,2017-12-01,2017,12,23.7,78.68091455454712,-0.1385808172172104,-0.14250323920774294,0.2462678370608762,1.1066232708093828
Буэнос-Айрес,-34.5589,-58.4197,2018-01-01,2018,1,25.1,38.503935607612846,-0.6677434111338356,-0.7159736864817371,-0.23506483554964902,0.5113404463162396
Буэнос-Айрес,-34.5589,-58.4197,2018-02-01,2018,2,24.4,132.65148063802837,-0.2633472076876912,-0.2509718204710367,0.1213394921638889,1.8121786972408247
Буэнос-Айрес,-34.5589,-58.4197,2018-03-01,2018,3,22.0,147.4561981609296,0.09097923041132654,0.1183340811373793,-0.0389837868764375,2.2341848206201456
Буэнос-Айрес,-34.5589,-58.4197,2018-04-01,2018,4,21.6,106.60347589013136,0.6422777386142375,0.6862103473837923,0.11113356331493349,1.6451153686748667
Буэнос-Айрес,-34.5589,-58.4197,2018-05-01,2018,5,16.7,1.4867536875079779,-0.11097782785607892,-0.07989100211368502,-0.34042209127284284,0.02967572230554846
Буэнос-Айрес,-34.5589,-58.4197,2018-06-01,2018,6,11.0,87.93692319164504,-0.040304026074983415,-0.03570509177840334,-0.10345567569545722,2.664755248231668
Буэнос-Айрес,-34.5589,-58.4197,2018-07-01,2018,7,10.9,22.29555061267472,-0.550156750803103,-0.6117618405927138,0.1221259537276469,0.6818211196536611
Буэнос-Айрес,-34.5589,-58.4197,2018-08-01,2018,8,12.1,68.48367632489037,0.30963374753834966,0.3179770813302541,-0.07819172486270354,1.8866026535782472
Буэнос-Айрес,-34.5589,-58.4197,2018-09-01,2018,9,16.9,108.76106912948335,0.4866748654250455,0.44961244203395295,0.11652828897301538,2.145188740226496
Буэнос-Айрес,-34.5589,-58.4197,2018-10-01,2018,10,17.6,54.8922457792237,0.2448393686677992,0.285422496950597,-0.2528267245007182,1.0396258670307519
Буэнос-Айрес,-34.5589,-58.4197,2018-11-01,2018,11,21.0,74.25205236097676,-0.1442380480964339,-0.15373897878514398,0.08843865747299151,1.17860400572979
Буэнос-Айрес,-34.5589,-58.4197,2018-12-01,2018,12,22.2,83.78686152918226,-0.6773782742220384,-0.7413847917328446,-0.34932148086781684,1.2580609839216557
Буэнос-Айрес,-34.5589,-58.4197,2019-01-01,2019,1,24.6,66.1075155380242,-0.6095632593835076,-0.6526335192107771,-0.3697664818600063,0.8957657931981599
Буэнос-Айрес,-34.5589,-58.4197,2019-02-01,2019,2,24.1,27.41368925354262,-1.1477238700298091,-1.2574352517711083,-1.1043285561302536,0.37916582646670294
Буэнос-Айрес,-34.5589,-58.4197,2019-03-01,2019,3,21.0,105.23598246869206,-1.009362255037793,-1.080730580551717,-1.2866393895190658,1.670412420137969
Буэнос-Айрес,-34.5589,-58.4197,2019-04-01,2019,4,19.4,34.90155105297575,-1.4741038591824092,-1.5090634399713838,-1.4033357719137642,0.5996830077830885
Буэнос-Айрес,-34.5589,-58.4197,2019-05-01,2019,5,16.0,73.74403367878014,-0.4368567667334723,-0.4379500705895793,-1.0762119076712502,1.5363340349745864
Буэнос-Айрес,-34.5589,-58.4197,2019-06-01,2019,6,14.5,21.824405519131663,-0.7041833734418038,-0.7739026091384698,-1.3037024562272705,0.5017104717041762
Буэнос-Айрес,-34.5589,-58.4197,2019-07-01,2019,7,11.5,82.73661943365262,0.19650270490367053,0.24747563805761313,-0.9772414502967599,2.3981628821348586
Буэнос-Айрес,-34.5589,-58.4197,2019-08-01,2019,8,12.3,27.665278160082803,-0.31043353939147666,-0.36765864194951864,-0.6849380963055693,0.749736535503599
Буэнос-Айрес,-34.5589,-58.4197,2019-09-01,2019,9,14.6,48.81608302672316,-0.05393095197604598,-0.16644511820033617,-0.7864381917512695,1.1145224435324923
Буэнос-Айрес,-34.5589,-58.4197,2019-10-01,2019,10,17.4,122.47621393646585,-0.15452066485401078,-0.15411695962766922,0.0252296342108072,2.346287623303944
Буэнос-Айрес,-34.5589,-58.4197,2019-11-01,2019,11,22.2,52.837563753285785,-0.30092765021256535,-0.3236061498712103,-0.4617515477633104,0.7933568131123991
Буэнос-Айрес,-34.5589,-58.4197,2019-12-01,2019,12,23.1,88.64372781070428,-0.15555961372625554,-0.16177065512365002,-0.2567788216727489,1.279130271438734
Буэнос-Айрес,-34.5589,-58.4197,2020-01-01,2020,1,24.4,141.2418674272719,0.051584671940262464,0.08696379065196316,-0.15617521051201952,1.9295337080228403
Буэнос-Айрес,-34.5589,-58.4197,2020-02-01,2020,2,23.9,25.193670259001927,-0.21068628371673936,-0.18857783638197503,-0.51202190149339,0.35137615423991525
Буэнос-Айрес,-34.5589,-58.4197,2020-03-01,2020,3,23.5,112.40711572218795,-0.2256272670029117,-0.23598715515779028,-0.3163346949198233,1.594427173364368
Буэнос-Айрес,-34.5589,-58.4197,2020-04-01,2020,4,18.0,86.05435603172774,-0.6863360235151926,-0.7909885461705181,-0.5585736885025632,1.5935991857727356
Буэнос-Айрес,-34.5589,-58.4197,2020-05-01,2020,5,15.1,89.84831221679849,0.12512703442301445,0.17518333507164538,-0.11411114997432163,1.9834064507019533
Буэнос-Айрес,-34.5589,-58.4197,2020-06-01,2020,6,12.6,12.78456952165456,-0.10847673574837007,-0.11289665552218352,-0.4047605136180775,0.33821612491149633
Буэнос-Айрес,-34.5589,-58.4197,2020-07-01,2020,7,10.6,23.962191901513837,-0.36001201924282605,-0.3934124603350814,-0.9421879862315373,0.7535280472174162
Буэнос-Айрес,-34.5589,-58.4197,2020-08-01,2020,8,13.3,66.5497096144127,-0.7724410834941032,-0.8504188250831544,-0.3704985942193464,1.6679125216644788
Буэнос-Айрес,-34.5589,-58.4197,2020-09-01,2020,9,14.2,63.58562015836196,-0.13356861169870143,-0.2557306845621684,-0.32381625154405613,1.4926201915108441
Буэнос-Айрес,-34.5589,-58.4197,2020-10-01,2020,10,16.7,101.38403457689459,0.23776763370085163,0.2778906536652056,-0.13131393595078666,2.023633424688515
Буэнос-Айрес,-34.5589,-58.4197,2020-11-01,2020,11,21.0,103.66368379398006,0.19200372229669332,0.21141300891833983,-0.3139722588215533,1.6454552983171435
Буэнос-Айрес,-34.5589,-58.4197,2020-12-01,2020,12,22.8,54.15831228429572,-0.20232307951377068,-0.21479163403811913,-0.3420940937967889,0.7917881912908731
Буэнос-Айрес,-34.5589,-58.4197,2021-01-01,2021,1,23.05,96.6377187645558,-0.25525328487011867,-0.25813924900999125,-0.12036230818394122,1.397508586616859
Буэнос-Айрес,-34.5589,-58.4197,2021-02-01,2021,2,23.3,127.0,0.005776089201352621,0.06576277984272728,0.07464584942921751,1.8168812589413448
Буэнос-Айрес,-34.5589,-58.4197,2021-03-01,2021,3,21.8,37.0,-0.38369559535910036,-0.4131443974350932,-0.47724829304288546,0.5657492354740061
Буэнос-Айрес,-34.5589,-58.4197,2021-04-01,2021,4,20.4,30.0,-1.0568538699220569,-1.1563801572160677,-0.9797160234388772,0.49019607843137253
Буэнос-Айрес,-34.5589,-58.4197,2021-05-01,2021,5,14.3,46.0,-1.4039994491984469,-1.439985467159873,-1.0788530355087045,1.0722610722610724
Буэнос-Айрес,-34.5589,-58.4197,2021-06-01,2021,6,11.7,5.0,-1.3181101490496272,-1.3823975047599288,-1.2242715573524747,0.14245014245014245
Буэнос-Айрес,-34.5589,-58.4197,2021-07-01,2021,7,11.5,7.0,-1.4597212496379883,-1.5415724828254014,-1.76297548108102,0.2028985507246377
Буэнос-Айрес,-34.5589,-58.4197,2021-08-01,2021,8,12.4,21.0,-2.4711066147220806,-2.121183630771933,-1.9768608916262984,0.5645161290322581
Буэнос-Айрес,-34.5589,-58.4197,2021-09-01,2021,9,15.4,76.0,-1.184712759324385,-1.248815095711132,-1.688927700820257,1.645021645021645
Буэнос-Айрес,-34.5589,-58.4197,2021-10-01,2021,10,18.2,7.0,-1.6383083581408595,-1.7624064793713778,-2.0981969662268205,0.1282051282051282
Буэнос-Айрес,-34.5589,-58.4197,2021-11-01,2021,11,20.9,61.0,-1.30239526189939,-1.3228169576343558,-2.2795370652218043,0.9728867623604466
Буэнос-Айрес,-34.5589,-58.4197,2021-12-01,2021,12,23.7,3.0,-2.4449273924523243,-2.2890587665803843,-2.4154280240659918,0.04219409282700422
Буэнос-Айрес,-34.5589,-58.4197,2022-01-01,2022,1,25.3,32.0,-2.6042012167672053,-2.419657128671291,-2.387919211225391,0.42160737812911725
Буэнос-Айрес,-34.5589,-58.4197,2022-02-01,2022,2,22.5,216.0,-0.25156360429703684,-0.2370029166454117,-1.292933018127754,3.2
Буэнос-Айрес,-34.5589,-58.4197,2022-03-01,2022,3,20.4,17.0,-0.3449552296209412,-0.36985636954000883,-1.8889648402701587,0.2777777777777778
Буэнос-Айрес,-34.5589,-58.4197,2022-04-01,2022,4,17.9,4.0,-0.5411514063706702,-0.636311634738404,-1.848921021985725,0.074487895716946
Буэнос-Айрес,-34.5589,-58.4197,2022-05-01,2022,5,13.7,2.0,-2.7265462585454765,-2.5156754170888744,-1.8860530125058839,0.04866180048661801
Буэнос-Айрес,-34.5589,-58.4197,2022-06-01,2022,6,10.5,0.0,-2.644868198919581,-2.36995081912654,-1.6701067396898543,0.0
Буэнос-Айрес,-34.5589,-58.4197,2022-07-01,2022,7,12.4,49.0,-1.6249015795344461,-1.6825340483311033,-1.4530241098133323,1.3172043010752688
Буэнос-Айрес,-34.5589,-58.4197,2022-08-01,2022,8,13.0,18.0,-1.4946890711515284,-1.491280102668436,-2.3035989491069313,0.46153846153846156
Буэнос-Айрес,-34.5589,-58.4197,2022-09-01,2022,9,15.2,29.0,-1.4448999060852936,-1.4259763704611568,-2.374536887220396,0.6359649122807017
Буэнос-Айрес,-34.5589,-58.4197,2022-10-01,2022,10,17.3,21.0,-2.4708351229490626,-2.5233178017486577,-2.6349826809666745,0.4046242774566474
Буэнос-Айрес,-34.5589,-58.4197,2022-11-01,2022,11,22.0,71.0,-1.6250833840636938,-1.5996039699591402,-2.163335544679695,1.0757575757575757
Буэнос-Айрес,-34.5589,-58.4197,2022-12-01,2022,12,24.1,71.0,-1.2366113801191705,-1.3066349725817445,-1.6996637213140522,0.9820193637621023
Буэнос-Айрес,-34.5589,-58.4197,2023-01-01,2023,1,25.7,57.0,-0.9275308135804484,-0.9913976430106654,-1.9020484791254957,0.7392996108949417
Буэнос-Айрес,-34.5589,-58.4197,2023-02-01,2023,2,24.6,26.0,-1.5344802888470839,-1.641667747037491,-2.4120444593402772,0.3523035230352303
Буэнос-Айрес,-34.5589,-58.4197,2023-03-01,2023,3,25.3,19.0,-2.645781475689987,-2.3468109371550763,-2.493545167900941,0.2503293807641634
Буэнос-Айрес,-34.5589,-58.4197,2023-04-01,2023,4,18.6,83.0,-2.49261672668692,-2.0994482992088264,-1.8950102742895147,1.4874551971326164
Буэнос-Айрес,-34.5589,-58.4197,2023-05-01,2023,5,16.5,143.0,-0.19052583890222102,-0.1670324377268966,-1.0239195277702249,2.888888888888889
Буэнос-Айрес,-34.5589,-58.4197,2023-06-01,2023,6,13.3,0.0,0.2253161617849801,0.2623272251186216,-1.3115323753854526,0.0
Буэнос-Айрес,-34.5589,-58.4197,2023-07-01,2023,7,12.6,54.0,0.3695226916548253,0.4380018149059704,-1.145745166404005,1.4285714285714286
Буэнос-Айрес,-34.5589,-58.4197,2023-08-01,2023,8,13.6,142.0,0.5132273121253228,0.5378822953327145,-0.03266290633445536,3.480392156862745
Буэнос-Айрес,-34.5589,-58.4197,2023-09-01,2023,9,14.5,50.0,0.9866456714428187,0.9855246911032992,0.6853685794131256,1.1494252873563218
Буэнос-Айрес,-34.5589,-58.4197,2023-10-01,2023,10,17.4,40.0,0.24327192494526872,0.28375401877062845,0.4088224903973973,0.7662835249042146
Буэнос-Айрес,-34.5589,-58.4197,2023-11-01,2023,11,20.7,129.0,-0.36029313916785716,-0.3874985302322962,0.07448742132068811,2.077294685990338
Буэнос-Айрес,-34.5589,-58.4197,2023-12-01,2023,12,22.5,124.0,0.12298133472238529,0.15382403144194445,0.6493105684264258,1.837037037037037
Буэнос-Айрес,-34.5589,-58.4197,2024-01-01,2024,1,24.9,31.0,0.06497590760990286,0.10190864650319924,0.12560025059106444,0.4149933065595716
Буэнос-Айрес,-34.5589,-58.4197,2024-02-01,2024,2,25.4,249.0,0.9758621974511675,1.0760765246127255,0.6541552663767372,3.267716535433071
Буэнос-Айрес,-34.5589,-58.4197,2024-03-01,2024,3,22.6,390.0,2.0385165607589433,1.8252095883998594,1.6193300920163112,5.752212389380531
Буэнос-Айрес,-34.5589,-58.4197,2024-04-01,2024,4,18.7,209.0,2.6925692568633166,2.2505181113186676,2.08405519484879,3.7254901960784315
Буэнос-Айрес,-34.5589,-58.4197,2024-05-01,2024,5,12.9,10.0,1.8981563737947564,1.691995436639205,1.6881479997145759,0.25839793281653745
Буэнос-Айрес,-34.5589,-58.4197,2024-06-01,2024,6,14.1,62.0,0.6684353309216863,0.7347311461627448,1.8627207130460728,1.4657210401891252
Буэнос-Айрес,-34.5589,-58.4197,2024-07-01,2024,7,10.5,7.0,-1.0471094458276007,-1.1494544445965311,1.7997059395088992,0.2222222222222222
Буэнос-Айрес,-34.5589,-58.4197,2024-08-01,2024,8,12.0,163.0,0.9030364391026003,0.9358219686445722,1.9556071406783349,4.527777777777778
Буэнос-Айрес,-34.5589,-58.4197,2024-09-01,2024,9,16.3,18.0,0.34488579908715256,0.288923943038533,0.6648638459245073,0.36809815950920244
Буэнос-Айрес,-34.5589,-58.4197,2024-10-01,2024,10,19.6,66.0,0.41136348137967627,0.4594198066004506,-0.41067404297660115,1.1224489795918366
Буэнос-Айрес,-34.5589,-58.4197,2024-11-01,2024,11,21.4,149.0,-0.19958847123939344,-0.2138970006724434,0.47919024941850014,2.3208722741433023
Буэнос-Айрес,-34.5589,-58.4197,2024-12-01,2024,12,21.6,38.0,-0.26393527992113275,-0.28448984335442323,-0.10507547446894454,0.5864197530864198
Буэнос-Айрес,-34.5589,-58.4197,2025-01-01,2025,1,24.9,68.0,-0.24918934868448714,-0.2513079781137272,0.011906724683550394,0.9103078982597055
Буэнос-Айрес,-34.5589,-58.4197,2025-02-01,2025,2,25.1,130.0,-0.40792824224709096,-0.4223435972852279,-0.6052867096656337,1.7264276228419655
Буэнос-Айрес,-34.5589,-58.4197,2025-03-01,2025,3,22.6,217.0,0.7423166974795541,0.7989657607257209,0.45862593732293255,3.200589970501475
Буэнос-Айрес,-34.5589,-58.4197,2025-04-01,2025,4,17.9,88.0,0.9290933900016101,0.973267070998903,0.5922252166374987,1.638733705772812
Буэнос-Айрес,-34.5589,-58.4197,2025-05-01,2025,5,16.4,263.0,1.7080947156434296,1.5657152236086307,1.0863849358684432,5.345528455284554
Буэнос-Айрес,-34.5589,-58.4197,2025-06-01,2025,6,11.1,13.0,1.2563198767210544,1.2857189771509347,1.2697804213548114,0.39039039039039036
Буэнос-Айрес,-34.5589,-58.4197,2025-07-01,2025,7,11.4,47.0,1.315793897213311,1.3282580351617157,1.3264512148968934,1.3742690058479532
Буэнос-Айрес,-34.5589,-58.4197,2025-08-01,2025,8,13.3,117.0,0.2887381618972128,0.29507334812081415,1.6045669075245037,2.9323308270676693
Буэнос-Айрес,-34.5589,-58.4197,2025-09-01,2025,9,15.2,98.0,1.1389515133042978,1.1357204576241253,1.5491183505386,2.1491228070175437
Буэнос-Айрес,-34.5589,-58.4197,2025-10-01,2025,10,18.6,139.0,1.4499710911968515,1.374800615206289,1.6016319181274046,2.4910394265232974
Буэнос-Айрес,-34.5589,-58.4197,2025-11-01,2025,11,20.1,117.0,1.0458262101874363,1.07158728043394,0.931245858298526,1.9402985074626866
Буэнос-Айрес,-34.5589,-58.4197,2025-12-01,2025,12,25.2,80.0,0.5145207407243658,0.5846474583216029,1.0255322593687395,1.0582010582010581
Буэнос-Айрес,-34.5589,-58.4197,2026-01-01,2026,1,24.1,11.0,-0.8109220346011259,-0.869378870628467,0.48279172533551257,0.15214384508990317
Буэнос-Айрес,-34.5589,-58.4197,2026-02-01,2026,2,24.4,76.0,-1.3092646510042796,-1.4230593626535128,-0.14041644978835874,1.0382513661202186
Буэнос-Айрес,-34.5589,-58.4197,2026-03-01,2026,3,24.4,76.0,-1.467381567941213,-1.5105374916858991,-0.6273258577378338,1.0382513661202186
Буэнос-Айрес,-34.5589,-58.4197,2026-04-01,2026,4,24.4,76.0,-0.6378500444315062,-0.7399662279577637,-1.0720233682674025,1.0382513661202186
Буэнос-Айрес,-34.5589,-58.4197,2026-05-01,2026,5,15.1,64.31231219194079,-0.41693867641624915,-0.41606903672893736,-1.1291739250991417,1.4196978408816952
Буэнос-Айрес,-34.5589,-58.4197,2026-06-01,2026,6,12.05,27.66273637471193,-0.3084202289621404,-0.3388821892544616,-1.2925425988938408,0.7652209232285458
Буэнос-Айрес,-34.5589,-58.4197,2026-07-01,2026,7,11.2,89.20379457190018,0.22388871695797277,0.27807239320527155,-0.4889906249746694,2.65487483844941
Буэнос-Айрес,-34.5589,-58.4197,2026-08-01,2026,8,12.5,65.11645442956602,0.3490558174797618,0.361041203022542,-0.32433589665983814,1.7364387847884273
Буэнос-Айрес,-34.5589,-58.4197,2026-09-01,2026,9,14.5,28.07724005548797,0.2727588647493092,0.20647522274023558,-0.2588316679033102,0.6454537943790338
Буэнос-Айрес,-34.5589,-58.4197,2026-10-01,2026,10,17.3,116.59599847459758,-0.019519599780675627,-0.002784370666961129,0.1324720250277625,2.246551030339067
Буэнос-Айрес,-34.5589,-58.4197,2026-11-01,2026,11,20.2,61.09259863976537,-0.5161274592471867,-0.553337735764977,-0.16753090098188836,1.0081286904251712
Буэнос-Айрес,-34.5589,-58.4197,2026-12-01,2026,12,22.8,109.91008104608096,0.07209180329599026,0.09640890470579153,0.13360603171812668,1.606872529913464
Корриентес,-27.4386,-59.0458,1961-01-01,1961,1,27.8,67.0,,,,0.8033573141486811
Корриентес,-27.4386,-59.0458,1961-02-01,1961,2,26.4,200.0,,,,2.525252525252525
Корриентес,-27.4386,-59.0458,1961-03-01,1961,3,23.6,320.0,0.8397068248519758,0.8641243872231388,,4.519774011299435
Корриентес,-27.4386,-59.0458,1961-04-01,1961,4,21.0,100.0,0.8199014799865727,0.8748706910641199,,1.5873015873015872
Корриентес,-27.4386,-59.0458,1961-05-01,1961,5,19.8,80.0,0.6207563703725661,0.6912504042641499,,1.3468013468013469
Корриентес,-27.4386,-59.0458,1961-06-01,1961,6,15.4,30.0,-0.17144437248740005,-0.45745245589171574,0.2381415830685863,0.6493506493506493
Корриентес,-27.4386,-59.0458,1961-07-01,1961,7,16.4,20.0,-0.3315943592226978,-0.37527223835699824,0.6242860303286247,0.40650406504065045
Корриентес,-27.4386,-59.0458,1961-08-01,1961,8,20.1,40.0,-0.4343459511408296,-0.41935001400474886,0.44205748678209966,0.6633499170812603
Корриентес,-27.4386,-59.0458,1961-09-01,1961,9,19.2,20.0,-0.8659754738731414,-0.9244427064985803,-0.864404926254229,0.3472222222222222
Корриентес,-27.4386,-59.0458,1961-10-01,1961,10,23.1,180.0,0.2628389079371298,0.27685837713699657,-0.1144612963175583,2.5974025974025974
Корриентес,-27.4386,-59.0458,1961-11-01,1961,11,24.3,320.0,1.3774338488666267,1.354125637519702,0.9198075946698118,4.3895747599451305
Корриентес,-27.4386,-59.0458,1961-12-01,1961,12,26.4,90.0,1.1010520610321957,1.1123589650524879,0.7651422852165648,1.1363636363636365
Корриентес,-27.4386,-59.0458,1962-01-01,1962,1,25.7,210.0,0.9595159581775334,1.0183160813328715,0.8998665292992226,2.7237354085603114
Корриентес,-27.4386,-59.0458,1962-02-01,1962,2,25.1,40.0,-0.6075277297427393,-0.6574804090552401,0.5688060725304659,0.5312084993359893
Корриентес,-27.4386,-59.0458,1962-03-01,1962,3,24.5,220.0,0.18539783343399308,0.1954938212593699,0.9531938176679616,2.993197278911565
Корриентес,-27.4386,-59.0458,1962-04-01,1962,4,20.5,220.0,0.24661018923833136,0.29981216409651074,0.7878545117320995,3.5772357723577235
Корриентес,-27.4386,-59.0458,1962-05-01,1962,5,15.9,90.0,0.7491270633908987,0.8163667726573127,0.1658972312528722,1.8867924528301887
Корриентес,-27.4386,-59.0458,1962-06-01,1962,6,14.7,3.0,0.4034225858401817,0.3321867050505656,0.1808717653013298,0.06802721088435375
Корриентес,-27.4386,-59.0458,1962-07-01,1962,7,11.2,20.0,-0.5438149494553105,-0.6040657243413092,-0.0330691532713521,0.5952380952380952
Корриентес,-27.4386,-59.0458,1962-08-01,1962,8,15.8,20.0,-1.4451731745416918,-1.5337890422504927,0.3696917275770401,0.4219409282700422
Корриентес,-27.4386,-59.0458,1962-09-01,1962,9,20.0,20.0,-1.3955761144017698,-1.4664703706163802,-0.23149763114133984,0.3333333333333333
Корриентес,-27.4386,-59.0458,1962-10-01,1962,10,19.5,80.0,-1.1485920326318195,-1.1988794620395375,-1.301445451999161,1.3675213675213675
Корриентес,-27.4386,-59.0458,1962-11-01,1962,11,25.7,120.0,-0.7900241831830418,-0.8630534113611491,-1.3481420891703824,1.556420233463035
Корриентес,-27.4386,-59.0458,1962-12-01,1962,12,27.2,60.0,-0.8719597048274377,-0.944517518650223,-1.3814921804192175,0.7352941176470589
Корриентес,-27.4386,-59.0458,1963-01-01,1963,1,28.4,200.0,-0.19627666154057502,-0.21815393683186027,-0.8078774518609594,2.347417840375587
Корриентес,-27.4386,-59.0458,1963-02-01,1963,2,26.6,120.0,-0.3290185709715147,-0.3470614331300655,-0.7609222041358032,1.5037593984962405
Корриентес,-27.4386,-59.0458,1963-03-01,1963,3,25.9,60.0,-0.368576732494149,-0.404211266381513,-0.9681997665707291,0.7722007722007722
Корриентес,-27.4386,-59.0458,1963-04-01,1963,4,21.4,140.0,-0.5629401627313477,-0.5953421198878649,-0.7420687652170446,2.1806853582554515
Корриентес,-27.4386,-59.0458,1963-05-01,1963,5,19.8,80.0,-0.5506702242404811,-0.5937629334437664,-0.7104667440440302,1.3468013468013469
Корриентес,-27.4386,-59.0458,1963-06-01,1963,6,16.2,20.0,0.027148381203628575,-0.18080668604929379,-0.5294477402564947,0.411522633744856
Корриентес,-27.4386,-59.0458,1963-07-01,1963,7,18.6,40.0,-0.213326110964668,-0.24524954388929798,-0.7062525245682134,0.7168458781362007
Корриентес,-27.4386,-59.0458,1963-08-01,1963,8,17.9,5.0,-0.8992111287222342,-0.9499836635094611,-0.9357131688207518,0.0931098696461825
Корриентес,-27.4386,-59.0458,1963-09-01,1963,9,19.8,180.0,1.1696354170909151,1.156855208133307,0.31520465574234224,3.0303030303030303
Корриентес,-27.4386,-59.0458,1963-10-01,1963,10,22.4,70.0,0.4099639804834378,0.4370042692916633,0.0887649187211428,1.0416666666666667
Корриентес,-27.4386,-59.0458,1963-11-01,1963,11,23.6,100.0,0.33093405199937226,0.33175084832247553,-0.15874045232895528,1.4124293785310735
Корриентес,-27.4386,-59.0458,1963-12-01,1963,12,26.3,140.0,-0.4482305529038295,-0.5135226298178839,0.023015998460166158,1.7743979721166032
Корриентес,-27.4386,-59.0458,1964-01-01,1964,1,26.8,90.0,-0.5326968067811635,-0.6047493587179947,-0.34551160330147856,1.1194029850746268
Корриентес,-27.4386,-59.0458,1964-02-01,1964,2,27.7,120.0,-0.5366572003296931,-0.5794153320110913,-0.20928592486934464,1.444043321299639
Корриентес,-27.4386,-59.0458,1964-03-01,1964,3,24.3,200.0,-0.17826956539860772,-0.19852058495457875,-0.5351241779330832,2.7434842249657065
Корриентес,-27.4386,-59.0458,1964-04-01,1964,4,21.4,216.0,0.4874012371208538,0.5512263707986674,-0.033930947971887976,3.364485981308411
Корриентес,-27.4386,-59.0458,1964-05-01,1964,5,20.1,20.0,0.32752883169384966,0.3887059085659966,-0.17818067973794013,0.33167495854063017
Корриентес,-27.4386,-59.0458,1964-06-01,1964,6,12.9,30.0,0.17470159023249868,0.024273900657562256,-0.27850049605014715,0.7751937984496124
Корриентес,-27.4386,-59.0458,1964-07-01,1964,7,13.6,4.0,-1.4365061627714035,-1.4532133851297124,-0.047187598333793,0.09803921568627451
Корриентес,-27.4386,-59.0458,1964-08-01,1964,8,15.9,21.0,-1.125004812811728,-1.1986987459265497,-0.0242447615082901,0.44025157232704404
Корриентес,-27.4386,-59.0458,1964-09-01,1964,9,19.4,81.0,-0.3466300974141948,-0.3457831186439135,-0.23828433408343072,1.3917525773195876
Корриентес,-27.4386,-59.0458,1964-10-01,1964,10,20.0,54.0,-0.6700623721004683,-0.7368521438099138,-1.5006775855141634,0.9
Корриентес,-27.4386,-59.0458,1964-11-01,1964,11,23.5,75.0,-0.8986323245178819,-0.9667372451820925,-1.330932532665311,1.0638297872340425
Корриентес,-27.4386,-59.0458,1964-12-01,1964,12,24.5,208.0,-0.2501031476149016,-0.2985873140277716,-0.5647072020491355,2.8299319727891157
Корриентес,-27.4386,-59.0458,1965-01-01,1965,1,26.7,103.0,-0.15934159937189454,-0.17526976390923527,-0.5771016530557922,1.285892634207241
Корриентес,-27.4386,-59.0458,1965-02-01,1965,2,26.7,182.0,0.3951813368014345,0.46437812916888355,-0.19329679935537109,2.272159800249688
Корриентес,-27.4386,-59.0458,1965-03-01,1965,3,22.6,44.0,-0.706855200134746,-0.7602931513882129,-0.8258242380096622,0.6489675516224189
Корриентес,-27.4386,-59.0458,1965-04-01,1965,4,20.5,241.0,0.1881359583427328,0.2369711076954124,-0.08635495334672232,3.9186991869918697
Корриентес,-27.4386,-59.0458,1965-05-01,1965,5,17.7,88.0,0.006804797526101652,0.03641669509378448,0.14989792139637406,1.6572504708097928
Корриентес,-27.4386,-59.0458,1965-06-01,1965,6,19.4,70.0,0.7434320475451822,0.7501181944559927,-0.05098855799824371,1.2027491408934707
Корриентес,-27.4386,-59.0458,1965-07-01,1965,7,14.9,29.0,0.2908031689104034,0.31154937764024443,0.24156796338215453,0.6487695749440716
Корриентес,-27.4386,-59.0458,1965-08-01,1965,8,17.1,56.0,0.4383551075811506,0.5283035920527615,0.1631290732698563,1.0916179337231968
Корриентес,-27.4386,-59.0458,1965-09-01,1965,9,16.4,81.0,0.5252838920525139,0.5898335901226116,0.763677925802952,1.6463414634146343
Корриентес,-27.4386,-59.0458,1965-10-01,1965,10,20.9,234.0,1.4151778470009468,1.4141524279462043,1.172832967046325,3.7320574162679425
Корриентес,-27.4386,-59.0458,1965-11-01,1965,11,23.4,213.0,1.4200736006872956,1.3900427768558168,1.204883135257663,3.034188034188034
Корриентес,-27.4386,-59.0458,1965-12-01,1965,12,25.0,285.0,1.6561647535294672,1.5686567101969247,1.652487678327827,3.8
Корриентес,-27.4386,-59.0458,1966-01-01,1966,1,25.9,378.0,1.8226545692599183,1.6986308382168556,1.9446982281015255,4.864864864864865
Корриентес,-27.4386,-59.0458,1966-02-01,1966,2,24.2,165.0,2.1709018547624503,2.00000916900047,2.0278479133572977,2.272727272727273
Корриентес,-27.4386,-59.0458,1966-03-01,1966,3,23.9,199.0,1.6188576510655153,1.5370886264813977,1.9632884982573302,2.775453277545328
Корриентес,-27.4386,-59.0458,1966-04-01,1966,4,22.1,150.0,0.39483978103643097,0.45610340899574986,1.5053990996202788,2.262443438914027
Корриентес,-27.4386,-59.0458,1966-05-01,1966,5,18.0,64.0,0.21461440216995897,0.2667620447083107,1.3994057166500862,1.1851851851851851
Корриентес,-27.4386,-59.0458,1966-06-01,1966,6,17.0,7.0,-0.09428277031619409,-0.3503983708642863,0.8528354773392747,0.13725490196078433
Корриентес,-27.4386,-59.0458,1966-07-01,1966,7,15.8,43.0,-0.5309052164494442,-0.5903612120762121,0.1274554885283914,0.9071729957805907
Корриентес,-27.4386,-59.0458,1966-08-01,1966,8,13.6,16.0,-0.8781792044475749,-0.926396449490435,-0.08861132502199805,0.39215686274509803
Корриентес,-27.4386,-59.0458,1966-09-01,1966,9,16.7,51.0,-0.2771874614220467,-0.26739256245508003,-0.5336978241839603,1.0179640718562875
Корриентес,-27.4386,-59.0458,1966-10-01,1966,10,20.7,105.0,-0.4752229760077379,-0.5333500720353349,-0.8374987112877809,1.6908212560386473
Корриентес,-27.4386,-59.0458,1966-11-01,1966,11,24.6,105.0,-0.38673046881555756,-0.45176583321011915,-0.8165708154803454,1.4227642276422765
Корриентес,-27.4386,-59.0458,1966-12-01,1966,12,25.0,130.0,-0.22912287522710933,-0.275511216671371,-0.5186153676317379,1.7333333333333334
Корриентес,-27.4386,-59.0458,1967-01-01,1967,1,25.2,173.0,-0.02904500734461871,-0.02424973043698879,-0.37212067975323715,2.2883597883597884
Корриентес,-27.4386,-59.0458,1967-02-01,1967,2,25.1,241.0,0.6968291800481973,0.7800059736855495,0.320248565471552,3.200531208499336
Корриентес,-27.4386,-59.0458,1967-03-01,1967,3,22.5,180.0,0.8768626914122755,0.8994785650782305,0.48523036836936456,2.6666666666666665
Корриентес,-27.4386,-59.0458,1967-04-01,1967,4,21.0,50.0,0.20623943081883805,0.2564916105322385,0.017850302907327188,0.7936507936507936
Корриентес,-27.4386,-59.0458,1967-05-01,1967,5,21.8,38.0,-0.6326821935142067,-0.6847523308485547,-0.07008198509600051,0.581039755351682
Корриентес,-27.4386,-59.0458,1967-06-01,1967,6,11.7,22.0,-7.554229015942697,-1.9647053167903656,-0.1551485847816822,0.6267806267806267
Корриентес,-27.4386,-59.0458,1967-07-01,1967,7,15.7,71.0,-0.3195620324471321,-0.36210871371359804,0.008950636567300668,1.5074309978768579
Корриентес,-27.4386,-59.0458,1967-08-01,1967,8,17.0,52.0,0.3235874740017094,0.41368462679666546,-0.4757145806476229,1.0196078431372548
Корриентес,-27.4386,-59.0458,1967-09-01,1967,9,18.6,59.0,0.714802548995067,0.7694176696808198,-0.8474063740609283,1.0573476702508962
Корриентес,-27.4386,-59.0458,1967-10-01,1967,10,22.7,114.0,0.11067381866819699,0.10900715731950066,-0.2314832879796448,1.6740088105726871
Корриентес,-27.4386,-59.0458,1967-11-01,1967,11,22.8,107.0,-0.21824266342804707,-0.27044254032075116,-0.09038566007260343,1.564327485380117
Корриентес,-27.4386,-59.0458,1967-12-01,1967,12,27.2,11.0,-1.1561241119406653,-1.2037371978629339,-0.7568611469785613,0.13480392156862744
Корриентес,-27.4386,-59.0458,1968-01-01,1968,1,26.6,140.0,-1.1551315514054752,-1.2583950795399725,-0.9020832367914777,1.7543859649122806
Корриентес,-27.4386,-59.0458,1968-02-01,1968,2,25.6,109.0,-1.208519399020971,-1.280811532668207,-1.1010475632430181,1.4192708333333333
Корриентес,-27.4386,-59.0458,1968-03-01,1968,3,24.1,31.0,-1.0518045971851848,-1.1029507311134599,-1.681163775009715,0.4287690179806362
Корриентес,-27.4386,-59.0458,1968-04-01,1968,4,18.0,38.0,-1.555183689489186,-1.5911999746644794,-1.9473439313955745,0.7037037037037037
Корриентес,-27.4386,-59.0458,1968-05-01,1968,5,15.7,38.0,-2.2488837687502667,-2.1411902411752726,-1.8830133323886278,0.8067940552016986
Корриентес,-27.4386,-59.0458,1968-06-01,1968,6,15.9,78.0,-0.7075529601239123,-1.1379115005404876,-1.3668490125512036,1.6352201257861636
Корриентес,-27.4386,-59.0458,1968-07-01,1968,7,17.1,76.0,0.3402345580907313,0.36509501632253366,-1.2025373678792501,1.4814814814814814
Корриентес,-27.4386,-59.0458,1968-08-01,1968,8,17.0,152.0,1.766145881073822,1.5713045756829294,-0.4757145806476229,2.980392156862745
Корриентес,-27.4386,-59.0458,1968-09-01,1968,9,17.6,60.0,1.7359612075935484,1.5599126710357716,0.1921253687333197,1.1363636363636365
Корриентес,-27.4386,-59.0458,1968-10-01,1968,10,21.6,152.0,1.3599599789986592,1.366789964717281,1.1621008905387369,2.345679012345679
Корриентес,-27.4386,-59.0458,1968-11-01,1968,11,25.6,86.0,-0.0672306624668635,-0.10519320869780928,0.8939682846735997,1.1197916666666667
Корриентес,-27.4386,-59.0458,1968-12-01,1968,12,26.8,78.0,-0.402655325642272,-0.4646450025678259,0.4238525374106596,0.9701492537313433
Корриентес,-27.4386,-59.0458,1969-01-01,1969,1,25.2,294.0,0.2418139512558993,0.28433038865981175,0.7568942772589158,3.888888888888889
Корриентес,-27.4386,-59.0458,1969-02-01,1969,2,26.2,130.0,0.44943732968932604,0.5226275910003151,0.29660741744950403,1.6539440203562341
Корриентес,-27.4386,-59.0458,1969-03-01,1969,3,24.0,48.0,0.1971609844685723,0.2081117666228317,-0.1837326010775426,0.6666666666666666
Корриентес,-27.4386,-59.0458,1969-04-01,1969,4,20.3,105.0,-0.787034451963217,-0.8380975229152139,-0.5606997127615256,1.7241379310344827
Корриентес,-27.4386,-59.0458,1969-05-01,1969,5,18.9,144.0,-0.4391001052834924,-0.46860361347356067,-0.12398611364993292,2.5396825396825395
Корриентес,-27.4386,-59.0458,1969-06-01,1969,6,14.9,10.0,0.1367584146181498,-0.028168873034788388,-0.03808431587809302,0.22371364653243847
Корриентес,-27.4386,-59.0458,1969-07-01,1969,7,16.8,20.0,0.15884925332561584,0.16710216620673177,-0.7223795646723148,0.3968253968253968
Корриентес,-27.4386,-59.0458,1969-08-01,1969,8,14.2,19.0,-1.2769248348820461,-1.3605439459734363,-0.9284788760379675,0.4460093896713615
Корриентес,-27.4386,-59.0458,1969-09-01,1969,9,20.3,60.0,-0.47387169202671525,-0.48947228428936,-0.3353563592568493,0.9852216748768473
Корриентес,-27.4386,-59.0458,1969-10-01,1969,10,20.5,117.0,-0.19965840089742362,-0.23462219170006549,-0.1144612963175583,1.9024390243902438
Корриентес,-27.4386,-59.0458,1969-11-01,1969,11,23.9,127.0,-0.01856129046841773,-0.05163339846122441,-0.6124787116087905,1.7712691771269178
Корриентес,-27.4386,-59.0458,1969-12-01,1969,12,25.8,34.0,-0.7091724172721229,-0.7845906223886795,-1.0033050421801182,0.4392764857881137
Корриентес,-27.4386,-59.0458,1970-01-01,1970,1,27.2,123.0,-0.9042819727744891,-1.008316417448633,-0.91873962463975,1.5073529411764706
Корриентес,-27.4386,-59.0458,1970-02-01,1970,2,26.3,208.0,-0.4319292211495765,-0.4627998432484613,-0.3768156024836236,2.6362484157160964
Корриентес,-27.4386,-59.0458,1970-03-01,1970,3,25.1,112.0,0.024391472880493772,0.02165900155486206,-0.5298223396962749,1.4873837981407703
Корриентес,-27.4386,-59.0458,1970-04-01,1970,4,23.1,31.0,-0.3880878407647773,-0.4016373606536457,-1.0345467533119164,0.44733044733044736
Корриентес,-27.4386,-59.0458,1970-05-01,1970,5,19.0,84.0,-0.9372717688316062,-1.0119771484567888,-0.9954015987553504,1.4736842105263157
Корриентес,-27.4386,-59.0458,1970-06-01,1970,6,15.4,46.0,-0.6193130575862783,-1.0371681385539426,-0.6017989780125207,0.9956709956709957
Корриентес,-27.4386,-59.0458,1970-07-01,1970,7,15.2,44.0,0.15884925332561584,0.16710216620673177,-0.3660301902645535,0.9649122807017544
Корриентес,-27.4386,-59.0458,1970-08-01,1970,8,15.6,64.0,0.42711153291039106,0.5172472602447495,-0.6842318562185126,1.3675213675213675
Корриентес,-27.4386,-59.0458,1970-09-01,1970,9,19.1,215.0,2.0146527311017213,1.7309311624411046,0.4107380967960914,3.7521815008726005
Корриентес,-27.4386,-59.0458,1970-10-01,1970,10,21.3,104.0,1.5084968478951601,1.4925278262114543,1.1674740799573287,1.6275430359937402
Корриентес,-27.4386,-59.0458,1970-11-01,1970,11,21.5,76.0,0.6396044533411499,0.65900791866509,0.6374842327083097,1.178294573643411
Корриентес,-27.4386,-59.0458,1970-12-01,1970,12,26.1,97.0,-0.7178777686020644,-0.793336944205862,0.4018044781698964,1.2388250319284801
Корриентес,-27.4386,-59.0458,1971-01-01,1971,1,26.3,151.0,-0.5771647660116408,-0.654724051670997,0.26580904066620126,1.9138149556400508
Корриентес,-27.4386,-59.0458,1971-02-01,1971,2,25.0,69.0,-0.7738899025574588,-0.837441262060994,-0.14559006011118553,0.92
Корриентес,-27.4386,-59.0458,1971-03-01,1971,3,23.3,190.0,-0.17826956539860772,-0.19852058495457875,-0.7118458882910685,2.7181688125894135
Корриентес,-27.4386,-59.0458,1971-04-01,1971,4,18.9,101.0,-0.3392481149034028,-0.3471408649427783,-0.8135967668167956,1.781305114638448
Корриентес,-27.4386,-59.0458,1971-05-01,1971,5,16.0,101.0,0.10745385985717268,0.14879595030445575,-0.5029709297661346,2.1041666666666665
Корриентес,-27.4386,-59.0458,1971-06-01,1971,6,11.3,12.0,-0.14271876135167408,-0.41771296156382126,-0.5113913887411196,0.35398230088495575
Корриентес,-27.4386,-59.0458,1971-07-01,1971,7,16.8,58.0,0.12765473485559303,0.1327008601315985,-0.3356215068165983,1.1507936507936507
Корриентес,-27.4386,-59.0458,1971-08-01,1971,8,16.1,70.0,0.264145218480717,0.3528221358737365,0.18241209293478097,1.4492753623188404
Корриентес,-27.4386,-59.0458,1971-09-01,1971,9,20.1,34.0,0.4757620374392887,0.5411813997873752,-0.2112537981968194,0.5638474295190713
Корриентес,-27.4386,-59.0458,1971-10-01,1971,10,20.0,61.0,-0.5592804179016683,-0.6220833426926411,-0.40183511453493403,1.0166666666666666
Корриентес,-27.4386,-59.0458,1971-11-01,1971,11,24.6,41.0,-1.9130775229795847,-1.7654415374103043,-1.2369737594674934,0.5555555555555556
Корриентес,-27.4386,-59.0458,1971-12-01,1971,12,27.1,133.0,-1.1235126521288261,-1.1753497970390656,-0.8700366302200387,1.6359163591635917
Корриентес,-27.4386,-59.0458,1972-01-01,1972,1,25.7,199.0,-0.240192783336547,-0.2691200671211364,-0.5989212079106216,2.5810635538262
Корриентес,-27.4386,-59.0458,1972-02-01,1972,2,25.7,68.0,-0.19449371995039028,-0.1947008246304604,-1.1237776311193288,0.8819714656290532
Корриентес,-27.4386,-59.0458,1972-03-01,1972,3,23.3,203.0,0.18539783343399308,0.1954938212593699,-0.6150469678922671,2.90414878397711
Корриентес,-27.4386,-59.0458,1972-04-01,1972,4,19.6,187.0,0.14703128399501478,0.1924452334840543,-0.17646988927550233,3.1802721088435373
Корриентес,-27.4386,-59.0458,1972-05-01,1972,5,20.5,92.0,0.5411176077059643,0.611301132105126,0.21361823237033067,1.4959349593495934
Корриентес,-27.4386,-59.0458,1972-06-01,1972,6,18.5,95.0,0.6523695497864628,0.643691099548554,0.42455865878394417,1.7117117117117118
Корриентес,-27.4386,-59.0458,1972-07-01,1972,7,14.3,68.0,0.9110027958771729,0.9482653275325553,0.48392726503450895,1.5850815850815851
Корриентес,-27.4386,-59.0458,1972-08-01,1972,8,15.1,68.0,1.1793487771860827,1.171353706064278,0.886878611641919,1.5011037527593818
Корриентес,-27.4386,-59.0458,1972-09-01,1972,9,19.7,32.0,0.549705623059362,0.6135673593846462,0.6716094465405978,0.5414551607445008
Корриентес,-27.4386,-59.0458,1972-10-01,1972,10,19.9,110.0,-0.047012298418471495,-0.0658837724224164,0.608080000758003,1.8425460636515913
Корриентес,-27.4386,-59.0458,1972-11-01,1972,11,22.1,243.0,0.5734323063410627,0.5902885110658387,0.9452537445561342,3.665158371040724
Корриентес,-27.4386,-59.0458,1972-12-01,1972,12,24.7,158.0,0.7449433015558287,0.7751303553980385,0.8083972940248572,2.1322537112010798
Корриентес,-27.4386,-59.0458,1973-01-01,1973,1,26.9,441.0,1.7203578189426358,1.628449416058713,1.4968614483339422,5.4646840148698885
Корриентес,-27.4386,-59.0458,1973-02-01,1973,2,26.7,143.0,1.7555219052622069,1.7067915683558144,1.4958143151743903,1.7852684144818975
Корриентес,-27.4386,-59.0458,1973-03-01,1973,3,25.1,256.0,2.0709759863513177,1.866263752262395,1.724630373285331,3.399734395750332
Корриентес,-27.4386,-59.0458,1973-04-01,1973,4,22.4,189.0,0.6968585704188522,0.7585545582885111,1.5844824695379978,2.8125
Корриентес,-27.4386,-59.0458,1973-05-01,1973,5,18.3,153.0,1.0224646144818217,1.0668059685973585,1.6466767766935964,2.7868852459016393
Корриентес,-27.4386,-59.0458,1973-06-01,1973,6,16.3,125.5,0.9693993330005165,0.995842615310003,1.7712011631441507,2.5664621676891617
Корриентес,-27.4386,-59.0458,1973-07-01,1973,7,13.8,98.0,1.8215965331527768,1.7097653816089569,1.2835789513176517,2.367149758454106
Корриентес,-27.4386,-59.0458,1973-08-01,1973,8,14.0,76.0,1.7192110691089646,1.5423254312490875,1.3649230009112274,1.8095238095238095
Корриентес,-27.4386,-59.0458,1973-09-01,1973,9,17.0,39.0,1.049510644572605,1.0604213625087537,1.1495038268262159,0.7647058823529411
Корриентес,-27.4386,-59.0458,1973-10-01,1973,10,21.2,81.0,-0.19965840089742362,-0.23462219170006549,1.2489576235473985,1.2735849056603774
Корриентес,-27.4386,-59.0458,1973-11-01,1973,11,21.8,64.0,-1.2057729536445634,-1.2412480401519952,0.28050182247975197,0.9785932721712538
Корриентес,-27.4386,-59.0458,1973-12-01,1973,12,24.3,188.0,-0.27837847107189495,-0.32960878441857255,0.08968145788476924,2.578875171467764
Корриентес,-27.4386,-59.0458,1974-01-01,1974,1,27.3,126.0,-0.20873160607848404,-0.23261263247858482,-0.40417351470656354,1.5384615384615385
Корриентес,-27.4386,-59.0458,1974-02-01,1974,2,24.7,192.0,0.4734059120899345,0.5481679833798778,-0.26288220591832595,2.591093117408907
Корриентес,-27.4386,-59.0458,1974-03-01,1974,3,23.7,51.0,-0.43990519872306466,-0.48054939594363666,-0.6311160199946602,0.7172995780590717
Корриентес,-27.4386,-59.0458,1974-04-01,1974,4,20.3,83.0,-0.5282493171506051,-0.5571414550364502,-0.7242457178096863,1.3628899835796386
Корриентес,-27.4386,-59.0458,1974-05-01,1974,5,18.2,119.0,-0.7394222233018328,-0.8015386355019275,-0.29149454189510804,2.1794871794871793
Корриентес,-27.4386,-59.0458,1974-06-01,1974,6,14.1,11.0,-0.14982541085969228,-0.4275588615727622,-0.7014993502621202,0.26004728132387706
Корриентес,-27.4386,-59.0458,1974-07-01,1974,7,17.0,62.0,0.3402345580907313,0.36509501632253366,-0.40173804878566355,1.2156862745098038
Корриентес,-27.4386,-59.0458,1974-08-01,1974,8,15.6,61.0,0.19083495154596233,0.2764217978945031,-0.6440736851237006,1.3034188034188035
Корриентес,-27.4386,-59.0458,1974-09-01,1974,9,16.8,27.0,0.3213400482312944,0.38511398565208815,-0.30024398599410373,0.5357142857142857
Корриентес,-27.4386,-59.0458,1974-10-01,1974,10,20.4,31.0,-1.1628130519518076,-1.211705099137872,-0.6185420512366372,0.5065359477124183
Корриентес,-27.4386,-59.0458,1974-11-01,1974,11,23.1,53.0,-2.41124727089212,-2.049498542902136,-1.504835109686819,0.7647907647907648
Корриентес,-27.4386,-59.0458,1974-12-01,1974,12,24.7,137.0,-1.2810618018467523,-1.3091229144746663,-1.0432662832443325,1.8488529014844803
Корриентес,-27.4386,-59.0458,1975-01-01,1975,1,26.5,44.0,-1.4274207769208889,-1.505503385566494,-1.6260811289317445,0.5534591194968553
Корриентес,-27.4386,-59.0458,1975-02-01,1975,2,26.6,158.0,-0.6146623356897071,-0.6652964856715796,-1.6114521564685933,1.9799498746867168
Корриентес,-27.4386,-59.0458,1975-03-01,1975,3,24.1,376.0,0.7916303371321834,0.8179043222322585,-0.12891194895503072,5.200553250345782
Корриентес,-27.4386,-59.0458,1975-04-01,1975,4,21.5,180.0,1.1594422992284756,1.174089698479822,0.2811607161463438,2.7906976744186047
Корриентес,-27.4386,-59.0458,1975-05-01,1975,5,18.3,59.0,1.087431450810443,1.123122271922804,0.49019269664003357,1.0746812386156648
Корриентес,-27.4386,-59.0458,1975-06-01,1975,6,17.1,68.0,0.37636732444044413,0.2966893775511799,0.5793495557212393,1.3255360623781676
Корриентес,-27.4386,-59.0458,1975-07-01,1975,7,13.8,34.0,0.021512721240774375,0.015184934655358537,1.0374524572760604,0.821256038647343
Корриентес,-27.4386,-59.0458,1975-08-01,1975,8,15.4,109.0,1.0023814952314691,1.0328809432307162,1.2004473704200809,2.3593073593073592
Корриентес,-27.4386,-59.0458,1975-09-01,1975,9,17.8,89.0,1.2376233379252508,1.209634805050341,0.659156198960867,1.6666666666666667
Корриентес,-27.4386,-59.0458,1975-10-01,1975,10,20.3,71.0,0.5431027161260708,0.5791976395615405,0.35835137526119704,1.1658456486042692
Корриентес,-27.4386,-59.0458,1975-11-01,1975,11,21.9,203.0,0.4231005402873225,0.4311081419444063,0.7586103855492198,3.0898021308980215
Корриентес,-27.4386,-59.0458,1975-12-01,1975,12,24.8,128.0,0.16764564398335866,0.1643899164973974,0.584264974471108,1.7204301075268817
Корриентес,-27.4386,-59.0458,1976-01-01,1976,1,26.5,271.0,0.8885800044536278,0.9526357032100405,0.9395507280227489,3.408805031446541
Корриентес,-27.4386,-59.0458,1976-02-01,1976,2,24.9,104.0,0.45543778354798653,0.5290328582490165,0.5946313456867472,1.392235609103079
Корриентес,-27.4386,-59.0458,1976-03-01,1976,3,22.4,222.0,0.892724002413759,0.9144723369433402,0.7390185468750864,3.3035714285714284
Корриентес,-27.4386,-59.0458,1976-04-01,1976,4,19.1,65.0,-0.1769344338096622,-0.16566643213999688,0.44180922533676276,1.1343804537521816
Корриентес,-27.4386,-59.0458,1976-05-01,1976,5,16.0,30.0,-0.3140268587073032,-0.32703223058081515,-0.037071296614402664,0.625
Корриентес,-27.4386,-59.0458,1976-06-01,1976,6,14.2,16.0,-2.303081492586607,-1.9399556556522115,-0.13767982379036825,0.3755868544600939
Корриентес,-27.4386,-59.0458,1976-07-01,1976,7,15.2,30.0,-1.0680021995379296,-1.1284777821021246,-0.668754310945923,0.6578947368421053
Корриентес,-27.4386,-59.0458,1976-08-01,1976,8,15.5,18.0,-0.9204980377333156,-0.9737919199098485,-0.6842318562185126,0.3870967741935484
Корриентес,-27.4386,-59.0458,1976-09-01,1976,9,18.3,35.0,-0.7985524537131689,-0.851105113085936,-1.8102818252722854,0.6375227686703097
Корриентес,-27.4386,-59.0458,1976-10-01,1976,10,21.3,21.0,-1.8719507711531165,-1.7849082288580886,-2.0130085138474545,0.3286384976525822
Корриентес,-27.4386,-59.0458,1976-11-01,1976,11,23.4,96.0,-1.650390007844793,-1.5880548288316576,-1.7647881662321283,1.3675213675213675
Корриентес,-27.4386,-59.0458,1976-12-01,1976,12,25.2,122.0,-1.0809196391979115,-1.137731845166233,-1.3682951026038155,1.6137566137566137
Корриентес,-27.4386,-59.0458,1977-01-01,1977,1,25.8,655.0,1.8137487604809626,1.6926194139649664,1.1942391234228702,8.462532299741602
Корриентес,-27.4386,-59.0458,1977-02-01,1977,2,26.3,40.0,2.1190347376954017,1.9651929191693318,0.9992946449630629,0.5069708491761724
Корриентес,-27.4386,-59.0458,1977-03-01,1977,3,25.2,177.0,2.2128620736920297,1.9616322485847906,1.1159335213312125,2.3412698412698414
Корриентес,-27.4386,-59.0458,1977-04-01,1977,4,20.6,83.0,-0.6817931880078881,-0.7250526230738723,0.9962485117945564,1.343042071197411
Корриентес,-27.4386,-59.0458,1977-05-01,1977,5,16.9,101.0,-0.05873510849480443,-0.037385762392294186,1.2259302469573718,1.9921104536489154
Корриентес,-27.4386,-59.0458,1977-06-01,1977,6,16.4,26.0,-0.17144437248740005,-0.45745245589171574,1.2187206933698724,0.5284552845528456
Корриентес,-27.4386,-59.0458,1977-07-01,1977,7,17.7,53.0,0.22038633669116736,0.23470715997545893,-0.5996238120654225,0.9981167608286252
Корриентес,-27.4386,-59.0458,1977-08-01,1977,8,16.1,66.0,0.3235874740017094,0.41368462679666546,0.0537071297179255,1.3664596273291925
Корриентес,-27.4386,-59.0458,1977-09-01,1977,9,20.4,13.0,0.07046576011274773,0.11903419959033373,-0.45109041593525806,0.21241830065359477
Корриентес,-27.4386,-59.0458,1977-10-01,1977,10,22.9,85.0,-0.5714358556740216,-0.6348015672932803,-0.3333009627582505,1.2372634643377
Корриентес,-27.4386,-59.0458,1977-11-01,1977,11,23.6,154.0,-0.4702228468368297,-0.539886871409581,-0.2852910574667366,2.175141242937853
Корриентес,-27.4386,-59.0458,1977-12-01,1977,12,26.0,245.0,0.6127604913606275,0.6413718704020243,0.48907006533014014,3.141025641025641
Корриентес,-27.4386,-59.0458,1978-01-01,1978,1,26.5,142.0,0.633782549352186,0.7037262010289254,0.25648624273930876,1.7861635220125787
Корриентес,-27.4386,-59.0458,1978-02-01,1978,2,25.1,88.0,0.2852771442558658,0.3446777564269917,-0.0669948486302751,1.1686586985391767
Корриентес,-27.4386,-59.0458,1978-03-01,1978,3,25.3,36.0,-1.1544077227741414,-1.2000905423365218,-0.37767204592942377,0.4743083003952569
Корриентес,-27.4386,-59.0458,1978-04-01,1978,4,19.1,221.0,-0.42110872281558626,-0.4384102351658984,0.04545871656471036,3.856893542757417
Корриентес,-27.4386,-59.0458,1978-05-01,1978,5,16.2,97.0,-0.09771998202906401,-0.0814592804541803,-9.405977034800101e-05,1.9958847736625513
Корриентес,-27.4386,-59.0458,1978-06-01,1978,6,15.2,69.0,0.7003896544015757,0.7003394749379058,-0.38101391039824667,1.513157894736842
Корриентес,-27.4386,-59.0458,1978-07-01,1978,7,17.1,68.0,0.7303794007470459,0.7718218430230983,-0.09942660556663524,1.3255360623781676
Корриентес,-27.4386,-59.0458,1978-08-01,1978,8,14.6,72.0,0.9840873338040033,1.018045583459783,0.32571170557967555,1.643835616438356
Корриентес,-27.4386,-59.0458,1978-09-01,1978,9,19.6,33.0,0.6098132822525881,0.6712417088341733,0.7441622345108786,0.5612244897959183
Корриентес,-27.4386,-59.0458,1978-10-01,1978,10,22.3,118.0,0.08997932620438623,0.08607699545893012,0.5528245927372674,1.7638266068759343
Корриентес,-27.4386,-59.0458,1978-11-01,1978,11,23.6,195.0,0.3020390389613299,0.30037796273163725,0.6672765055441867,2.7542372881355934
Корриентес,-27.4386,-59.0458,1978-12-01,1978,12,25.5,84.0,0.13791373577337637,0.13153353218531455,0.23163761926606152,1.0980392156862746
Корриентес,-27.4386,-59.0458,1979-01-01,1979,1,27.7,87.0,-0.2850442640647651,-0.32110102704925797,-0.324293583416326,1.0469314079422383
Корриентес,-27.4386,-59.0458,1979-02-01,1979,2,25.5,65.0,-1.4022876185360995,-1.4647129017897258,-0.8626703400201513,0.8496732026143791
Корриентес,-27.4386,-59.0458,1979-03-01,1979,3,22.3,89.0,-1.342566894642209,-1.3722621534976798,-0.9792000752410223,1.3303437967115097
Корриентес,-27.4386,-59.0458,1979-04-01,1979,4,18.8,70.0,-1.1889659486234274,-1.2494629124846035,-1.2391918607832175,1.2411347517730495
Корриентес,-27.4386,-59.0458,1979-05-01,1979,5,15.9,5.0,-1.5114914183036063,-1.5665445224132335,-1.7587786273695658,0.10482180293501048
Корриентес,-27.4386,-59.0458,1979-06-01,1979,6,14.1,59.0,-1.0398603749708561,-1.4625554364441695,-1.6251767472384575,1.3947990543735225
Корриентес,-27.4386,-59.0458,1979-07-01,1979,7,15.9,37.0,-0.7033626105790417,-0.7706507684271551,-1.4587786270320868,0.7756813417190775
Корриентес,-27.4386,-59.0458,1979-08-01,1979,8,19.0,47.0,0.2999835826405389,0.38963604261413987,-1.221762996477743,0.8245614035087719
Корриентес,-27.4386,-59.0458,1979-09-01,1979,9,17.1,58.0,0.21296537256861636,0.2719103641998066,-0.9860183901361116,1.1306042884990253
Корриентес,-27.4386,-59.0458,1979-10-01,1979,10,22.0,178.0,0.6725133694502832,0.7142799658971721,0.00033344306336811295,2.696969696969697
Корриентес,-27.4386,-59.0458,1979-11-01,1979,11,22.9,49.0,-0.17550622845755448,-0.22387270452125252,-0.07015633406244098,0.7132459970887919
Корриентес,-27.4386,-59.0458,1979-12-01,1979,12,25.2,275.0,0.7015515162792989,0.7317036020571027,0.6357790508219171,3.6375661375661377
Корриентес,-27.4386,-59.0458,1980-01-01,1980,1,25.5,238.0,0.7242088381808577,0.7943662488857647,0.844533263765815,3.111111111111111
Корриентес,-27.4386,-59.0458,1980-02-01,1980,2,25.7,90.0,1.0295244653087432,1.1020775221908063,0.6871541682677816,1.1673151750972763
Корриентес,-27.4386,-59.0458,1980-03-01,1980,3,26.7,165.0,0.31936939931660063,0.3382725573992729,0.7241823395371726,2.059925093632959
Корриентес,-27.4386,-59.0458,1980-04-01,1980,4,23.4,97.0,-0.3826206856102522,-0.39554275603236655,0.15390821088360518,1.3817663817663817
Корриентес,-27.4386,-59.0458,1980-05-01,1980,5,20.1,135.0,0.1333420219855064,0.1774705844540341,0.6571216242694956,2.2388059701492535
Корриентес,-27.4386,-59.0458,1980-06-01,1980,6,14.9,86.0,0.42556264163098745,0.3610165895124955,0.29463286621631213,1.9239373601789709
Корриентес,-27.4386,-59.0458,1980-07-01,1980,7,13.7,8.0,0.6860664987547672,0.7272927056220516,-0.08987396898267531,0.19464720194647203
Корриентес,-27.4386,-59.0458,1980-08-01,1980,8,16.6,56.0,0.3816294780071161,0.47213681647453204,0.2530912004534004,1.1244979919678713
Корриентес,-27.4386,-59.0458,1980-09-01,1980,9,16.2,68.0,0.07046576011274773,0.11903419959033373,0.2358920989303228,1.3991769547325104
Корриентес,-27.4386,-59.0458,1980-10-01,1980,10,21.1,126.0,0.3614553385205307,0.38450686290512637,0.7021542744820127,1.990521327014218
Корриентес,-27.4386,-59.0458,1980-11-01,1980,11,21.7,121.0,0.06867388547395707,0.044487812344399934,0.16861765375802454,1.858678955453149
Корриентес,-27.4386,-59.0458,1980-12-01,1980,12,25.4,85.0,-0.28550231978039264,-0.3374092403527451,-0.42690950588341675,1.1154855643044619
Корриентес,-27.4386,-59.0458,1981-01-01,1981,1,26.2,148.0,-0.364264586657699,-0.41259528716148025,-0.2453081743772929,1.8829516539440203
Корриентес,-27.4386,-59.0458,1981-02-01,1981,2,26.6,180.0,-0.1086255637138032,-0.09720884853135574,-0.06179774822580902,2.255639097744361
Корриентес,-27.4386,-59.0458,1981-03-01,1981,3,23.7,185.0,0.4336181311631712,0.45809217090109405,0.09305617465208552,2.60196905766526
Корриентес,-27.4386,-59.0458,1981-04-01,1981,4,21.2,91.0,0.1378256874239912,0.18243641573860306,-0.26402601784043367,1.430817610062893
Корриентес,-27.4386,-59.0458,1981-05-01,1981,5,21.7,136.0,0.20960276490009486,0.26129022978865135,-0.016506772406159036,2.089093701996928
Корриентес,-27.4386,-59.0458,1981-06-01,1981,6,13.7,22.0,0.08036180617318978,-0.10654612214218655,0.09357816630878141,0.5352798053527981
Корриентес,-27.4386,-59.0458,1981-07-01,1981,7,15.2,48.0,0.475041292336509,0.509108172126094,0.2757822019218182,1.0526315789473684
Корриентес,-27.4386,-59.0458,1981-08-01,1981,8,18.1,20.0,-0.4343459511408296,-0.41935001400474886,0.033189105336799425,0.3683241252302026
Корриентес,-27.4386,-59.0458,1981-09-01,1981,9,16.8,27.0,-0.5502315016264134,-0.5754290441487203,-0.43633925638975635,0.5357142857142857
Корриентес,-27.4386,-59.0458,1981-10-01,1981,10,20.5,8.0,-2.22462956235391,-2.025045539271316,-1.056884800442105,0.13008130081300814
Корриентес,-27.4386,-59.0458,1981-11-01,1981,11,23.1,119.0,-1.6197832775278762,-1.5660828115203262,-1.513638709420325,1.7171717171717171
Корриентес,-27.4386,-59.0458,1981-12-01,1981,12,25.0,28.0,-2.349991045310416,-1.9923687574041327,-1.8394187893116285,0.37333333333333335
Корриентес,-27.4386,-59.0458,1982-01-01,1982,1,25.6,82.0,-1.4908549783892904,-1.5592337326643375,-2.010425053487032,1.0677083333333333
Корриентес,-27.4386,-59.0458,1982-02-01,1982,2,24.8,135.0,-1.3288086695172163,-1.3959876404346483,-1.8994888316846614,1.814516129032258
Корриентес,-27.4386,-59.0458,1982-03-01,1982,3,23.7,72.0,-0.9868372063597637,-1.0402713755319664,-2.067552548239204,1.0126582278481013
Корриентес,-27.4386,-59.0458,1982-04-01,1982,4,21.4,83.0,-0.7432032851473012,-0.791244938781845,-1.5641144527207425,1.2928348909657321
Корриентес,-27.4386,-59.0458,1982-05-01,1982,5,18.7,95.0,-0.7613790229580569,-0.8253011449389238,-1.3897747283374837,1.6934046345811051
Корриентес,-27.4386,-59.0458,1982-06-01,1982,6,16.4,267.0,0.898498477005008,0.9215568012075555,-0.025207393957926087,5.426829268292684
Корриентес,-27.4386,-59.0458,1982-07-01,1982,7,16.9,22.0,1.8719401144889982,1.746045328285089,0.3263075023938256,0.43392504930966475
Корриентес,-27.4386,-59.0458,1982-08-01,1982,8,18.7,116.0,2.414613713729091,1.9279180992583824,0.6930365007766859,2.0677361853832443
Корриентес,-27.4386,-59.0458,1982-09-01,1982,9,20.4,167.0,1.873996253079619,1.6466318944745821,1.3343035786582873,2.7287581699346406
Корриентес,-27.4386,-59.0458,1982-10-01,1982,10,21.1,29.0,0.9298271628909858,0.9720016887266941,1.7950719061252662,0.45813586097946285
Корриентес,-27.4386,-59.0458,1982-11-01,1982,11,22.6,368.0,1.606506489286534,1.5417676852773148,1.9673054782051878,5.427728613569322
Корриентес,-27.4386,-59.0458,1982-12-01,1982,12,25.3,126.0,0.8018166403746557,0.8313079056415256,1.4210833043380764,1.6600790513833992
Корриентес,-27.4386,-59.0458,1983-01-01,1983,1,27.1,393.0,1.8551168111055818,1.7203872926158044,1.8456673753244695,4.833948339483395
Корриентес,-27.4386,-59.0458,1983-02-01,1983,2,26.2,142.0,1.3415516994023577,1.3778484646872533,1.7453430665854879,1.806615776081425
Корриентес,-27.4386,-59.0458,1983-03-01,1983,3,24.4,5.0,0.5847130844353633,0.61311620108269,0.963162542903457,0.06830601092896176
Корриентес,-27.4386,-59.0458,1983-04-01,1983,4,21.0,422.0,0.6217607019552027,0.6855391879386177,1.6338426457589412,6.698412698412699
Корриентес,-27.4386,-59.0458,1983-05-01,1983,5,18.4,203.0,1.1437478516601087,1.1709581611266393,1.527924246876692,3.677536231884058
Корриентес,-27.4386,-59.0458,1983-06-01,1983,6,13.1,7.0,1.41808294691575,1.4101688484318298,1.4587319565768988,0.178117048346056
Корриентес,-27.4386,-59.0458,1983-07-01,1983,7,13.4,75.0,1.1552410619566293,1.1733353061477754,0.9741237887393197,1.8656716417910448
Корриентес,-27.4386,-59.0458,1983-08-01,1983,8,16.4,2.0,-0.5359984125792449,-0.5362661590487425,0.8900016617242884,0.04065040650406505
Корриентес,-27.4386,-59.0458,1983-09-01,1983,9,16.8,1.0,-0.9123191739664733,-0.9743783491505865,1.2315354018923532,0.01984126984126984
Корриентес,-27.4386,-59.0458,1983-10-01,1983,10,22.2,70.0,-1.8895591705829338,-1.7975613348269261,-0.21464219954001104,1.0510510510510511
Корриентес,-27.4386,-59.0458,1983-11-01,1983,11,22.8,80.0,-1.665861814866168,-1.5990567598905696,-1.5933624991026152,1.1695906432748537
Корриентес,-27.4386,-59.0458,1983-12-01,1983,12,27.1,44.0,-1.6332094152064107,-1.577023172990985,-1.6962847665384546,0.5412054120541205
Корриентес,-27.4386,-59.0458,1984-01-01,1984,1,27.6,204.0,-0.5474058195109639,-0.6213207475418925,-1.3587792236304026,2.463768115942029
Корриентес,-27.4386,-59.0458,1984-02-01,1984,2,27.3,177.0,-0.030416629795226215,-0.008507515640756956,-0.8966623637675556,2.161172161172161
Корриентес,-27.4386,-59.0458,1984-03-01,1984,3,24.6,189.0,0.7486030336479342,0.7760911792912026,-0.30544379535444444,2.5609756097560976
Корриентес,-27.4386,-59.0458,1984-04-01,1984,4,19.2,301.0,0.9934774974522474,1.0318215341492998,0.4487404510873472,5.225694444444445
Корриентес,-27.4386,-59.0458,1984-05-01,1984,5,20.1,175.0,1.2717109866290865,1.276324281134221,0.9599305970210678,2.902155887230514
Корриентес,-27.4386,-59.0458,1984-06-01,1984,6,13.2,110.0,1.3027458743485916,1.3123200781113522,1.418139691470718,2.7777777777777777
Корриентес,-27.4386,-59.0458,1984-07-01,1984,7,16.1,7.0,1.2101362271239828,1.2217514939059149,1.2694797078357332,0.14492753623188404
Корриентес,-27.4386,-59.0458,1984-08-01,1984,8,13.9,213.0,1.9341832540742643,1.6712639197669694,1.5574628036884646,5.107913669064748
Корриентес,-27.4386,-59.0458,1984-09-01,1984,9,18.2,81.0,1.8419914934043584,1.6268871834067429,1.6280121442721167,1.4835164835164836
Корриентес,-27.4386,-59.0458,1984-10-01,1984,10,23.6,85.0,1.4775748595351026,1.4667874432025703,1.6973548603271758,1.2005649717514124
Корриентес,-27.4386,-59.0458,1984-11-01,1984,11,23.5,139.0,-0.010526027282778676,-0.0427834476009371,1.0233244103690302,1.9716312056737588
Корриентес,-27.4386,-59.0458,1984-12-01,1984,12,23.4,50.0,-0.7442202090838413,-0.819674176244449,0.26057606831922386,0.7122507122507122
Корриентес,-27.4386,-59.0458,1985-01-01,1985,1,26.5,72.0,-1.124178154867801,-1.2286577497915325,-0.059971652676538714,0.9056603773584906
Корриентес,-27.4386,-59.0458,1985-02-01,1985,2,26.4,276.0,-0.207812308038946,-0.20981623982766667,-0.19329679935537109,3.484848484848485
Корриентес,-27.4386,-59.0458,1985-03-01,1985,3,25.0,235.0,0.8183821383511066,0.8436888098086853,0.14889418837973348,3.1333333333333333
Корриентес,-27.4386,-59.0458,1985-04-01,1985,4,21.4,371.0,1.701870314875578,1.5890423587735414,0.91317906745107,5.778816199376947
Корриентес,-27.4386,-59.0458,1985-05-01,1985,5,19.9,107.0,1.4400427983555368,1.408125247161084,1.0260443750847754,1.7922948073701843
Корриентес,-27.4386,-59.0458,1985-06-01,1985,6,16.6,39.0,1.1159883836280342,1.1414882438389449,1.269072394514526,0.7831325301204818
Корриентес,-27.4386,-59.0458,1985-07-01,1985,7,15.2,65.0,0.5219726030708234,0.5584549048796129,1.580705671711549,1.4254385964912282
Корриентес,-27.4386,-59.0458,1985-08-01,1985,8,15.5,52.0,0.44954909522727854,0.5392732996963258,1.3020279162024533,1.118279569892473
Корриентес,-27.4386,-59.0458,1985-09-01,1985,9,17.9,108.0,1.1696354170909151,1.156855208133307,1.314472312197253,2.011173184357542
Корриентес,-27.4386,-59.0458,1985-10-01,1985,10,22.3,50.0,-0.047012298418471495,-0.0658837724224164,0.29084796004350716,0.7473841554559043
Корриентес,-27.4386,-59.0458,1985-11-01,1985,11,26.1,20.0,-1.2826879676498275,-1.3055286226932816,-0.7608994864884577,0.2554278416347382
Корриентес,-27.4386,-59.0458,1985-12-01,1985,12,27.8,83.0,-2.399147425692263,-2.014812496013538,-0.9966431715963204,0.9952038369304557
Корриентес,-27.4386,-59.0458,1986-01-01,1986,1,28.9,72.0,-2.4877318773012385,-2.2083818467027005,-1.4479251292825261,0.8304498269896193
Корриентес,-27.4386,-59.0458,1986-02-01,1986,2,27.1,122.0,-1.0753136895812483,-1.1493891185258518,-1.5831800719516527,1.5006150061500616
Корриентес,-27.4386,-59.0458,1986-03-01,1986,3,23.5,485.0,1.312585141737392,1.289543642690841,0.03157334550412479,6.879432624113475
Корриентес,-27.4386,-59.0458,1986-04-01,1986,4,23.1,511.0,2.3642242420906383,2.0078955492009665,1.296003035203905,7.373737373737374
Корриентес,-27.4386,-59.0458,1986-05-01,1986,5,19.1,124.0,2.634720664650956,2.160887391914636,1.7766367133897154,2.1640488656195465
Корриентес,-27.4386,-59.0458,1986-06-01,1986,6,18.9,166.0,1.7953885810283867,1.694546750123992,2.103047620659928,2.927689594356261
Корриентес,-27.4386,-59.0458,1986-07-01,1986,7,16.4,46.0,1.539402832409116,1.4958398896298752,2.1836285216080293,0.934959349593496
Корриентес,-27.4386,-59.0458,1986-08-01,1986,8,17.9,29.0,1.264088587400444,1.2345290103385356,2.073506611158451,0.5400372439478585
Корриентес,-27.4386,-59.0458,1986-09-01,1986,9,18.9,176.0,1.4151872249250828,1.3415874013367395,1.8980536919325612,3.1040564373897706
Корриентес,-27.4386,-59.0458,1986-10-01,1986,10,21.0,181.0,1.5315697404072404,1.511587475383715,1.8910023218718859,2.873015873015873
Корриентес,-27.4386,-59.0458,1986-11-01,1986,11,24.1,217.0,1.6568079884683182,1.5812603275326143,1.6115177595002845,3.0013831258644537
Корриентес,-27.4386,-59.0458,1986-12-01,1986,12,25.8,89.0,0.6277517272176637,0.6567578611464108,1.0732848767416965,1.1498708010335916
Корриентес,-27.4386,-59.0458,1987-01-01,1987,1,26.7,177.0,0.36645012748785494,0.421923211498475,0.9323909610095645,2.209737827715356
Корриентес,-27.4386,-59.0458,1987-02-01,1987,2,25.0,269.0,0.6445946872173441,0.7268632616283329,1.4456588885513848,3.5866666666666664
Корриентес,-27.4386,-59.0458,1987-03-01,1987,3,24.8,42.0,0.2904851273279131,0.3076761397262239,0.6484833581641863,0.5645161290322581
Корриентес,-27.4386,-59.0458,1987-04-01,1987,4,21.5,242.0,0.5572613338618951,0.6216382712538548,0.5869076495464798,3.751937984496124
Корриентес,-27.4386,-59.0458,1987-05-01,1987,5,14.5,66.0,-0.12025678468677048,-0.10698394931751194,0.22548171601985997,1.5172413793103448
Корриентес,-27.4386,-59.0458,1987-06-01,1987,6,14.5,45.0,0.5714200917949823,0.5455902671643357,0.4129401175096796,1.0344827586206897
Корриентес,-27.4386,-59.0458,1987-07-01,1987,7,18.6,132.0,0.8088446019075913,0.8494876326966331,0.7868174820222841,2.3655913978494625
Корриентес,-27.4386,-59.0458,1987-08-01,1987,8,15.6,41.0,1.0655254358317716,1.0833281330198261,0.3478348410962385,0.8760683760683761
Корриентес,-27.4386,-59.0458,1987-09-01,1987,9,17.5,26.0,0.9030712066142503,0.9372044396193522,0.7123676238307706,0.49523809523809526
Корриентес,-27.4386,-59.0458,1987-10-01,1987,10,20.8,68.0,-0.9416937895281726,-1.006252997139878,-0.04857089678459851,1.0897435897435896
Корриентес,-27.4386,-59.0458,1987-11-01,1987,11,24.0,206.0,-0.0509193085877186,-0.08725284280537855,0.47595678894374815,2.861111111111111
Корриентес,-27.4386,-59.0458,1987-12-01,1987,12,24.1,84.0,-0.10706091391425414,-0.1405045215516712,0.15535840860123992,1.161825726141079
Корриентес,-27.4386,-59.0458,1988-01-01,1988,1,26.7,189.0,0.3469298826631518,0.4006069419259325,-0.19319710072529087,2.359550561797753
Корриентес,-27.4386,-59.0458,1988-02-01,1988,2,24.8,75.0,-0.5507627913899915,-0.5950121721209849,-0.49236927548808174,1.0080645161290323
Корриентес,-27.4386,-59.0458,1988-03-01,1988,3,27.2,93.0,-0.518714637155839,-0.5642094662559842,-0.5616840719278557,1.1397058823529411
Корриентес,-27.4386,-59.0458,1988-04-01,1988,4,20.1,148.0,-0.5863077007261739,-0.6209939433704381,-0.32741712043783017,2.4543946932006633
Корриентес,-27.4386,-59.0458,1988-05-01,1988,5,13.7,5.0,-0.7909896252483462,-0.8571945103760342,-0.9871030729299697,0.12165450121654502
Корриентес,-27.4386,-59.0458,1988-06-01,1988,6,13.3,41.0,-0.2953379576671836,-0.6264980995798497,-0.8420761196171813,1.0275689223057645
Корриентес,-27.4386,-59.0458,1988-07-01,1988,7,13.2,2.0,-1.5472127253567218,-1.5432890677765954,-1.2364174529675966,0.050505050505050504
Корриентес,-27.4386,-59.0458,1988-08-01,1988,8,18.0,43.0,-0.5015298623523662,-0.49661572766203466,-1.031094439680273,0.7962962962962963
Корриентес,-27.4386,-59.0458,1988-09-01,1988,9,18.2,41.0,-0.7334468344142323,-0.7795881468075506,-0.9507964306328953,0.7509157509157509
Корриентес,-27.4386,-59.0458,1988-10-01,1988,10,20.8,117.0,-0.14450260174208912,-0.17380835430336525,-1.161921875714536,1.875
Корриентес,-27.4386,-59.0458,1988-11-01,1988,11,24.4,92.0,-0.48912641574902394,-0.5596493301859496,-0.7450891407873278,1.2568306010928962
Корриентес,-27.4386,-59.0458,1988-12-01,1988,12,26.7,65.0,-0.7442202090838413,-0.819674176244449,-1.1164663420669467,0.8114856429463171
Корриентес,-27.4386,-59.0458,1989-01-01,1989,1,27.9,70.0,-1.517018809083619,-1.580964891028641,-1.2082703120111802,0.8363201911589009
Корриентес,-27.4386,-59.0458,1989-02-01,1989,2,27.6,108.0,-1.345050858661812,-1.4112850178039797,-1.3679629763939665,1.3043478260869565
Корриентес,-27.4386,-59.0458,1989-03-01,1989,3,23.9,272.0,0.06653519096231762,0.0673264383506898,-0.5139375763834815,3.793584379358438
Корриентес,-27.4386,-59.0458,1989-04-01,1989,4,21.3,293.0,1.0150692941750006,1.0507594012768806,0.1000857347589621,4.58528951486698
Корриентес,-27.4386,-59.0458,1989-05-01,1989,5,17.6,4.0,0.9086600840460635,0.9651948409314922,-0.07008198509600051,0.07575757575757576
Корриентес,-27.4386,-59.0458,1989-06-01,1989,6,15.9,46.0,0.531250099830441,0.49572883087901803,0.22185690129530275,0.9643605870020965
Корриентес,-27.4386,-59.0458,1989-07-01,1989,7,14.1,67.0,-0.49251089537993215,-0.5494229169594402,0.7663442769278558,1.5839243498817968
Корриентес,-27.4386,-59.0458,1989-08-01,1989,8,17.5,99.0,1.0114856974555195,1.0402268706658273,1.0844275543862996,1.8857142857142857
Корриентес,-27.4386,-59.0458,1989-09-01,1989,9,16.8,107.0,1.609520074610899,1.4767746841739855,0.9483134076751019,2.123015873015873
Корриентес,-27.4386,-59.0458,1989-10-01,1989,10,21.0,134.0,1.1660014758707302,1.1944773617387099,0.5528245927372674,2.126984126984127
Корриентес,-27.4386,-59.0458,1989-11-01,1989,11,22.9,118.0,0.39501836879708835,0.40095988678567696,0.7444873930657149,1.717612809315866
Корриентес,-27.4386,-59.0458,1989-12-01,1989,12,26.6,191.0,0.39938503200123193,0.4170091495906905,0.9782085638798316,2.393483709273183
Корриентес,-27.4386,-59.0458,1990-01-01,1990,1,26.9,130.0,0.14257271994285747,0.17252223803230507,0.5836942937114034,1.61090458488228
Корриентес,-27.4386,-59.0458,1990-02-01,1990,2,25.2,184.0,0.4674220612638518,0.5418030675355066,0.5860511838450833,2.433862433862434
Корриентес,-27.4386,-59.0458,1990-03-01,1990,3,25.1,135.0,0.0605321645520846,0.060827093089653075,0.30655814636802836,1.792828685258964
Корриентес,-27.4386,-59.0458,1990-04-01,1990,4,22.1,516.0,1.5571760164655675,1.4854103911927916,1.2517577303288407,7.782805429864253
Корриентес,-27.4386,-59.0458,1990-05-01,1990,5,16.9,56.0,1.419423923838206,1.39238411990257,1.3212164567003037,1.1045364891518739
Корриентес,-27.4386,-59.0458,1990-06-01,1990,6,12.9,71.0,1.4447295343684663,1.4319944016819615,1.246845641737944,1.834625322997416
Корриентес,-27.4386,-59.0458,1990-07-01,1990,7,12.8,8.0,-0.271896953281061,-0.3098075676286595,1.2975535148115172,0.20833333333333334
Корриентес,-27.4386,-59.0458,1990-08-01,1990,8,18.1,69.0,0.35857515448344623,0.4490370616055389,1.2698766132232944,1.270718232044199
Корриентес,-27.4386,-59.0458,1990-09-01,1990,9,17.2,35.0,-0.243278833376329,-0.22918129760070577,1.3465244040297346,0.6782945736434108
Корриентес,-27.4386,-59.0458,1990-10-01,1990,10,23.0,173.0,0.617490495380432,0.6572559645839212,0.22205620564192136,2.5072463768115942
Корриентес,-27.4386,-59.0458,1990-11-01,1990,11,25.4,124.0,0.19879405933051783,0.1875990340646594,0.25971758350842633,1.627296587926509
Корриентес,-27.4386,-59.0458,1990-12-01,1990,12,25.3,181.0,0.5825380036539627,0.6101927442470149,0.3460163606531977,2.3847167325428194
Корриентес,-27.4386,-59.0458,1991-01-01,1991,1,26.2,122.0,0.0776578921445089,0.09851573484228353,0.25181512171285475,1.5521628498727735
Корриентес,-27.4386,-59.0458,1991-02-01,1991,2,25.4,167.0,0.25440985542479355,0.3106879112939754,0.3060843741807984,2.1916010498687664
Корриентес,-27.4386,-59.0458,1991-03-01,1991,3,25.8,100.0,-0.3108474636752982,-0.3420726586526753,0.19473932225436497,1.2919896640826873
Корриентес,-27.4386,-59.0458,1991-04-01,1991,4,21.8,175.0,0.07263825222099016,0.11120568747853346,-0.02192356669207392,2.675840978593272
Корриентес,-27.4386,-59.0458,1991-05-01,1991,5,19.5,248.0,0.7196374090915044,0.7880428362151811,0.6322411976232885,4.239316239316239
Корриентес,-27.4386,-59.0458,1991-06-01,1991,6,15.9,127.0,1.2075809678231004,1.2272574453650038,0.7716235551468421,2.6624737945492662
Корриентес,-27.4386,-59.0458,1991-07-01,1991,7,14.7,18.0,1.9316229464486874,1.7883544306921786,0.9148229926050134,0.40816326530612246
Корриентес,-27.4386,-59.0458,1991-08-01,1991,8,17.6,12.0,0.460694070928354,0.5501573111767245,0.7797618017056714,0.22727272727272727
Корриентес,-27.4386,-59.0458,1991-09-01,1991,9,20.2,56.0,-0.7334468344142323,-0.7795881468075506,1.0142128095128988,0.9240924092409241
Корриентес,-27.4386,-59.0458,1991-10-01,1991,10,20.7,83.0,-0.7330014552253098,-0.8008534181739366,1.09649075659757,1.3365539452495974
Корриентес,-27.4386,-59.0458,1991-11-01,1991,11,22.4,37.0,-1.3089095845101189,-1.3270306374943301,-0.7688207392417707,0.5505952380952381
Корриентес,-27.4386,-59.0458,1991-12-01,1991,12,25.7,208.0,-0.3142231895604707,-0.3687906913202871,-0.7568611469785613,2.6977950713359276
Корриентес,-27.4386,-59.0458,1992-01-01,1992,1,26.0,107.0,-0.37777127712108055,-0.42813923772027007,-0.7912902548003496,1.3717948717948718
Корриентес,-27.4386,-59.0458,1992-02-01,1992,2,26.3,116.0,0.00831918099420994,0.035329524245590466,-0.7214706537525891,1.4702154626108999
Корриентес,-27.4386,-59.0458,1992-03-01,1992,3,24.0,119.0,-0.6187439202166773,-0.6691614283391691,-0.8040366130493616,1.6527777777777777
Корриентес,-27.4386,-59.0458,1992-04-01,1992,4,20.9,202.0,0.049031087875684325,0.08526862603943851,-0.3529598888657672,3.221690590111643
Корриентес,-27.4386,-59.0458,1992-05-01,1992,5,18.4,26.0,-0.13728658563744456,-0.12628998986925918,-0.21165847446225028,0.47101449275362317
Корриентес,-27.4386,-59.0458,1992-06-01,1992,6,18.7,99.0,0.464536037305198,0.4112671753809078,-0.30959986994467076,1.7647058823529411
Корриентес,-27.4386,-59.0458,1992-07-01,1992,7,12.0,25.0,-0.09935331293990504,-0.11900430700105438,-0.06136144090445867,0.6944444444444444
Корриентес,-27.4386,-59.0458,1992-08-01,1992,8,15.6,53.0,0.6741014181013187,0.7511906420377842,0.14365992175173298,1.1324786324786325
Корриентес,-27.4386,-59.0458,1992-09-01,1992,9,18.1,69.0,0.2812436510758052,0.34356524661770055,0.3611264521940049,1.270718232044199
Корриентес,-27.4386,-59.0458,1992-10-01,1992,10,20.9,234.0,1.2961221750568206,1.3111051008771337,0.874253446672534,3.7320574162679425
Корриентес,-27.4386,-59.0458,1992-11-01,1992,11,22.3,119.0,0.8121735140495183,0.8337292441523944,0.8721297602490529,1.7787742899850523
Корриентес,-27.4386,-59.0458,1992-12-01,1992,12,25.5,165.0,0.7782527177300154,0.8081356736356262,0.7407749370159089,2.156862745098039
Корриентес,-27.4386,-59.0458,1993-01-01,1993,1,27.0,232.0,0.5219451864047169,0.5882502586352084,0.9431214143499512,2.8641975308641974
Корриентес,-27.4386,-59.0458,1993-02-01,1993,2,24.8,14.0,-0.12175774399380344,-0.11211757305746267,0.44944262109927696,0.1881720430107527
Корриентес,-27.4386,-59.0458,1993-03-01,1993,3,25.1,164.0,-0.17826956539860772,-0.19852058495457875,0.4604164606075193,2.1779548472775563
Корриентес,-27.4386,-59.0458,1993-04-01,1993,4,22.9,64.0,-1.059508950187115,-1.120862849572453,-0.48648268643981213,0.9315866084425036
Корриентес,-27.4386,-59.0458,1993-05-01,1993,5,18.0,37.0,-0.6536401814385747,-0.7078391057016784,-0.6428085386827727,0.6851851851851852
Корриентес,-27.4386,-59.0458,1993-06-01,1993,6,15.7,60.0,-0.6193130575862783,-1.0371681385539426,-0.7513899207787625,1.2738853503184713
Корриентес,-27.4386,-59.0458,1993-07-01,1993,7,13.8,17.0,-0.5309052164494442,-0.5903612120762121,-1.2817280806509763,0.4106280193236715
Корриентес,-27.4386,-59.0458,1993-08-01,1993,8,16.2,25.0,-0.24518313772366987,-0.20294723378720023,-0.7798662071206381,0.51440329218107
Корриентес,-27.4386,-59.0458,1993-09-01,1993,9,17.6,32.0,-1.0086910341952489,-1.0768590176538022,-1.3709929935803455,0.6060606060606061
Корриентес,-27.4386,-59.0458,1993-10-01,1993,10,22.5,109.0,-0.5471623724602103,-0.6093748479008124,-0.8901722531326977,1.614814814814815
Корриентес,-27.4386,-59.0458,1993-11-01,1993,11,23.2,298.0,0.9166460303839693,0.9360741259274951,0.5970319422409445,4.281609195402299
Корриентес,-27.4386,-59.0458,1993-12-01,1993,12,25.4,44.0,0.4423381875021529,0.4629202833485253,-0.038401513908003816,0.5774278215223098
Корриентес,-27.4386,-59.0458,1994-01-01,1994,1,27.0,184.0,0.5672559185979645,0.6354737025176981,0.1952605158746051,2.271604938271605
Корриентес,-27.4386,-59.0458,1994-02-01,1994,2,24.7,149.0,-0.3494592402794718,-0.3701224959308578,0.37165403871329045,2.010796221322537
Корриентес,-27.4386,-59.0458,1994-03-01,1994,3,23.5,361.0,1.3867144280603,1.3514164672008284,1.2169092586571688,5.120567375886525
Корриентес,-27.4386,-59.0458,1994-04-01,1994,4,21.4,121.0,0.861257909910109,0.913026915166023,0.9523796634657143,1.884735202492212
Корриентес,-27.4386,-59.0458,1994-05-01,1994,5,20.4,122.0,1.0455362084572994,1.086945283776401,0.5891491985512513,1.9934640522875817
Корриентес,-27.4386,-59.0458,1994-06-01,1994,6,17.1,97.0,0.5189777196651911,0.48034411697408,1.078249895357663,1.8908382066276803
Корриентес,-27.4386,-59.0458,1994-07-01,1994,7,15.5,33.0,0.8857176455543935,0.9240676960267998,1.0609862550536358,0.7096774193548387
Корриентес,-27.4386,-59.0458,1994-08-01,1994,8,16.3,64.0,0.8430409629108305,0.9002857536239395,1.129513245776704,1.30879345603272
Корриентес,-27.4386,-59.0458,1994-09-01,1994,9,21.1,59.0,0.39969660191957274,0.46511085299430455,0.4683759827032677,0.9320695102685624
Корриентес,-27.4386,-59.0458,1994-10-01,1994,10,22.3,155.0,0.6267059696972446,0.666850148283757,1.0172329009073675,2.3168908819133036
Корриентес,-27.4386,-59.0458,1994-11-01,1994,11,23.0,208.0,0.8121735140495183,0.8337292441523944,0.9452537445561342,3.0144927536231885
Корриентес,-27.4386,-59.0458,1994-12-01,1994,12,27.5,64.0,0.31136340574216337,0.32193163281208576,0.3064036778599797,0.7757575757575758
Корриентес,-27.4386,-59.0458,1995-01-01,1995,1,26.6,163.0,0.12113569120520046,0.14815080377105075,0.2936211465760664,2.0426065162907268
Корриентес,-27.4386,-59.0458,1995-02-01,1995,2,24.3,308.0,0.6445946872173441,0.7268632616283329,0.9557785495343931,4.224965706447188
Корриентес,-27.4386,-59.0458,1995-03-01,1995,3,23.9,256.0,1.5471189214983714,1.4809916396814857,1.2426970437543565,3.5704323570432357
Корриентес,-27.4386,-59.0458,1995-04-01,1995,4,19.9,57.0,0.8236804172588613,0.8783769323352586,0.6516085352049876,0.9547738693467337
Корриентес,-27.4386,-59.0458,1995-05-01,1995,5,15.9,68.0,0.049634000345290245,0.08439801352089583,0.34641013490274014,1.4255765199161425
Корриентес,-27.4386,-59.0458,1995-06-01,1995,6,16.2,5.0,-1.1316284652752704,-1.5357091782956764,0.4744494774787448,0.102880658436214
Корриентес,-27.4386,-59.0458,1995-07-01,1995,7,16.6,27.0,-0.7170660385682002,-0.7846999818091183,0.5150235588566922,0.5421686746987951
Корриентес,-27.4386,-59.0458,1995-08-01,1995,8,17.0,32.0,-0.9204980377333156,-0.9737919199098485,-0.2809248548158339,0.6274509803921569
Корриентес,-27.4386,-59.0458,1995-09-01,1995,9,19.2,20.0,-0.8890019801653084,-0.9493043507866511,-1.641819822180675,0.3472222222222222
Корриентес,-27.4386,-59.0458,1995-10-01,1995,10,21.0,61.0,-1.2493469731597349,-1.2885931264458614,-1.474787047858542,0.9682539682539683
Корриентес,-27.4386,-59.0458,1995-11-01,1995,11,25.4,79.0,-1.530518942890025,-1.5004150837678227,-1.692064937332768,1.036745406824147
Корриентес,-27.4386,-59.0458,1995-12-01,1995,12,25.5,85.0,-1.2346029581884186,-1.2705619857772992,-1.4868365596968374,1.1111111111111112
Корриентес,-27.4386,-59.0458,1996-01-01,1996,1,27.1,83.0,-1.274040299640756,-1.3695485755015446,-1.5871226289746798,1.020910209102091
Корриентес,-27.4386,-59.0458,1996-02-01,1996,2,25.2,342.0,0.4972863740616476,0.5734927851950307,-0.37135101972025647,4.523809523809524
Корриентес,-27.4386,-59.0458,1996-03-01,1996,3,23.9,132.0,0.6780834945127371,0.7066698024343419,-0.21389696152521492,1.8410041841004183
Корриентес,-27.4386,-59.0458,1996-04-01,1996,4,21.7,411.0,1.71094093684701,1.5953796467496615,0.8818341347430632,6.313364055299539
Корриентес,-27.4386,-59.0458,1996-05-01,1996,5,18.6,20.0,0.8846192610873357,0.9432445414838765,0.9051629153597197,0.35842293906810035
Корриентес,-27.4386,-59.0458,1996-06-01,1996,6,12.3,7.0,0.8758232833670828,0.8972590206062413,0.9571290735362522,0.1897018970189702
Корриентес,-27.4386,-59.0458,1996-07-01,1996,7,12.8,0.5,-1.9705298333431713,-1.8566752342952577,1.1450637321021357,0.013020833333333334
Корриентес,-27.4386,-59.0458,1996-08-01,1996,8,18.5,45.0,-1.1865699351193348,-1.26487019731392,0.5451889173971008,0.8108108108108109
Корриентес,-27.4386,-59.0458,1996-09-01,1996,9,17.9,94.0,0.17811111861812765,0.23491538063796363,0.8113075768897275,1.7504655493482308
Корриентес,-27.4386,-59.0458,1996-10-01,1996,10,20.8,196.0,1.124641973800438,1.156521511066638,-0.17689582894742353,3.141025641025641
Корриентес,-27.4386,-59.0458,1996-11-01,1996,11,23.6,127.0,0.7808527834740719,0.8025281715332967,0.19629313288993228,1.7937853107344632
Корриентес,-27.4386,-59.0458,1996-12-01,1996,12,25.1,251.0,1.0321869249085713,1.0498839400433209,0.9671321610500615,3.3333333333333335
Корриентес,-27.4386,-59.0458,1997-01-01,1997,1,27.8,139.0,0.5265120914417931,0.5930364487558546,0.8705320824375092,1.6666666666666667
Корриентес,-27.4386,-59.0458,1997-02-01,1997,2,25.9,429.0,2.1284914838655995,1.971576887703589,1.7711139017601405,5.521235521235521
Корриентес,-27.4386,-59.0458,1997-03-01,1997,3,23.8,75.0,1.1314011822763232,1.1328620791154373,1.413023372712656,1.050420168067227
Корриентес,-27.4386,-59.0458,1997-04-01,1997,4,21.0,69.0,0.637702996425142,0.7011653980144423,0.7576143002971629,1.0952380952380953
Корриентес,-27.4386,-59.0458,1997-05-01,1997,5,19.3,85.0,-0.9214078283887068,-0.995427000550913,0.8225725817297699,1.468048359240069
Корриентес,-27.4386,-59.0458,1997-06-01,1997,6,15.2,22.0,-0.45720144656547523,-0.8386965557937461,0.32655317904189635,0.4824561403508772
Корриентес,-27.4386,-59.0458,1997-07-01,1997,7,18.5,26.0,-0.2956375792635982,-0.33588688916286047,0.45637496060537064,0.46846846846846846
Корриентес,-27.4386,-59.0458,1997-08-01,1997,8,18.4,8.0,-1.1010130950766772,-1.1727068241996101,-1.3980892362972068,0.14492753623188406
Корриентес,-27.4386,-59.0458,1997-09-01,1997,9,20.7,27.0,-1.364750024368826,-1.43683548110503,-1.3511097820751865,0.43478260869565216
Корриентес,-27.4386,-59.0458,1997-10-01,1997,10,22.1,251.0,0.6997851522139109,0.7423068650305296,0.2756708275932315,3.7858220211161386
Корриентес,-27.4386,-59.0458,1997-11-01,1997,11,24.4,275.0,1.5504502328468648,1.4970431334515675,0.9155285489629463,3.7568306010928962
Корриентес,-27.4386,-59.0458,1997-12-01,1997,12,26.6,323.0,2.0558482110233167,1.849792000537457,1.6892409244830835,4.0476190476190474
Корриентес,-27.4386,-59.0458,1998-01-01,1998,1,26.8,232.0,1.6835134906794837,1.6025524352282012,1.6580583592353428,2.8855721393034828
Корриентес,-27.4386,-59.0458,1998-02-01,1998,2,25.2,300.0,2.2967388872872525,2.0825207736902946,2.1270514144466626,3.9682539682539684
Корриентес,-27.4386,-59.0458,1998-03-01,1998,3,22.9,222.0,1.6757396262257784,1.5807784580204556,2.17716859917329,3.2314410480349345
Корриентес,-27.4386,-59.0458,1998-04-01,1998,4,20.4,401.0,1.8242139799515957,1.672996447116605,2.1062011287833764,6.552287581699346
Корриентес,-27.4386,-59.0458,1998-05-01,1998,5,17.4,40.0,1.2645228339063537,1.2705260971438332,2.0270582695826427,0.7662835249042146
Корриентес,-27.4386,-59.0458,1998-06-01,1998,6,15.7,2.0,0.8920509972036405,0.9146747141998197,1.5204830312307593,0.04246284501061571
Корриентес,-27.4386,-59.0458,1998-07-01,1998,7,16.8,8.0,-1.509745571819702,-1.5131887105260977,1.3051240279350087,0.15873015873015872
Корриентес,-27.4386,-59.0458,1998-08-01,1998,8,15.7,36.0,-1.3587376068366237,-1.4456101459658743,0.8743162992914904,0.7643312101910829
Корриентес,-27.4386,-59.0458,1998-09-01,1998,9,17.1,33.0,-0.9359364872613211,-0.999667620537197,0.5777665774776203,0.6432748538011696
Корриентес,-27.4386,-59.0458,1998-10-01,1998,10,21.4,78.0,-0.7841062803895688,-0.8521406755177574,-1.612533220724647,1.2149532710280373
Корриентес,-27.4386,-59.0458,1998-11-01,1998,11,23.4,161.0,-0.2879689175919515,-0.345971689139678,-0.8888974550783668,2.2934472934472936
Корриентес,-27.4386,-59.0458,1998-12-01,1998,12,24.5,176.0,0.24337064481011528,0.24770158942369402,-0.2459724000640069,2.3945578231292517
Корриентес,-27.4386,-59.0458,1999-01-01,1999,1,25.3,130.0,0.2874212673244452,0.3350763546520856,-0.19319710072529087,1.7127799736495388
Корриентес,-27.4386,-59.0458,1999-02-01,1999,2,25.8,153.0,0.18596886757198464,0.23481671323662784,-0.046239401036779954,1.9767441860465116
Корриентес,-27.4386,-59.0458,1999-03-01,1999,3,25.8,296.0,0.7969892739030776,0.8230826169396906,0.7204575898587319,3.8242894056847545
Корриентес,-27.4386,-59.0458,1999-04-01,1999,4,19.5,106.0,0.5653888182097015,0.6297497520747511,0.5405681629713492,1.811965811965812
Корриентес,-27.4386,-59.0458,1999-05-01,1999,5,16.3,108.0,0.664131465022451,0.7340518666401932,0.5455070419316074,2.208588957055215
Корриентес,-27.4386,-59.0458,1999-06-01,1999,6,14.8,34.0,0.0745695567993328,-0.1146182033755163,0.35820553029317537,0.7657657657657657
Корриентес,-27.4386,-59.0458,1999-07-01,1999,7,13.4,39.0,0.23053498151243915,0.2458187194082985,0.5722110855693818,0.9701492537313433
Корриентес,-27.4386,-59.0458,1999-08-01,1999,8,16.8,0.0,-0.737502053737588,-0.7671984157915658,0.4126197624672832,0.0
Корриентес,-27.4386,-59.0458,1999-09-01,1999,9,21.0,17.0,-1.5252660025098703,-1.5882770905769918,-0.7473244868225257,0.2698412698412698
Корриентес,-27.4386,-59.0458,1999-10-01,1999,10,21.8,66.0,-1.7176481316004326,-1.6708981077636453,-1.0305858358310804,1.0091743119266054
Корриентес,-27.4386,-59.0458,1999-11-01,1999,11,22.5,80.0,-1.4872362565586443,-1.467717066353753,-1.5844597449682136,1.1851851851851851
Корриентес,-27.4386,-59.0458,1999-12-01,1999,12,26.2,72.0,-1.3167368837033813,-1.338226202026212,-1.6832405095356031,0.916030534351145
Корриентес,-27.4386,-59.0458,2000-01-01,2000,1,26.3,72.0,-1.5571750351379607,-1.6138269819853246,-1.8821326314632807,0.9125475285171103
Корриентес,-27.4386,-59.0458,2000-02-01,2000,2,25.6,240.0,-0.30187230757164,-0.31638977815821423,-1.0612729741135822,3.125
Корриентес,-27.4386,-59.0458,2000-03-01,2000,3,23.4,72.0,-0.34285022424854894,-0.37655485947982625,-1.1781413017533326,1.0256410256410255
Корриентес,-27.4386,-59.0458,2000-04-01,2000,4,21.9,129.0,0.06793080827954338,0.10603926535457858,-0.8989708155281371,1.9634703196347032
Корриентес,-27.4386,-59.0458,2000-05-01,2000,5,16.9,93.0,-0.45841956324905486,-0.49036995921841636,-0.6343418259815391,1.8343195266272192
Корриентес,-27.4386,-59.0458,2000-06-01,2000,6,16.3,60.0,0.25724782093067267,0.1372505487681381,-0.3229563748124137,1.2269938650306749
Корриентес,-27.4386,-59.0458,2000-07-01,2000,7,11.1,5.0,-0.011007648139741793,-0.020909728631006808,-0.004999732125665239,0.15015015015015015
Корриентес,-27.4386,-59.0458,2000-08-01,2000,8,17.1,0.0,-0.8992111287222342,-0.9499836635094611,-0.8357422957836225,0.0
Корриентес,-27.4386,-59.0458,2000-09-01,2000,9,18.8,27.0,-2.754526170196302,-2.4899394659326317,-0.6663695226053489,0.4787234042553192
Корриентес,-27.4386,-59.0458,2000-10-01,2000,10,22.9,216.0,0.2926529238243516,0.30951984542480365,0.13629310629602487,3.1441048034934496
Корриентес,-27.4386,-59.0458,2000-11-01,2000,11,22.1,166.0,0.7301515103541166,0.751530660684218,0.22367223614018214,2.5037707390648567
Корриентес,-27.4386,-59.0458,2000-12-01,2000,12,24.9,308.0,1.5012165742106258,1.4494812878900478,1.004562825589917,4.123159303882195
Корриентес,-27.4386,-59.0458,2001-01-01,2001,1,26.6,182.0,1.0963677391737137,1.1405765812186752,1.037251372115563,2.280701754385965
Корриентес,-27.4386,-59.0458,2001-02-01,2001,2,27.6,59.0,0.7256716040600832,0.8090593267768162,0.9594398439010021,0.7125603864734299
Корриентес,-27.4386,-59.0458,2001-03-01,2001,3,26.3,177.0,-0.12851905081757817,-0.14447062800910612,1.1067447912864021,2.2433460076045626
Корриентес,-27.4386,-59.0458,2001-04-01,2001,4,22.0,154.0,-0.18203563964963482,-0.17136698050362606,0.619477487815754,2.3333333333333335
Корриентес,-27.4386,-59.0458,2001-05-01,2001,5,16.2,10.0,-0.17168134594526957,-0.1653206627160464,0.2451931648651474,0.205761316872428
Корриентес,-27.4386,-59.0458,2001-06-01,2001,6,16.5,175.0,0.5148634155830464,0.47517078060661005,0.07255977308339867,3.5353535353535355
Корриентес,-27.4386,-59.0458,2001-07-01,2001,7,16.5,20.0,0.46558070350038405,0.4991081937650228,-0.02368779256683884,0.40404040404040403
Корриентес,-27.4386,-59.0458,2001-08-01,2001,8,19.8,46.0,1.264088587400444,1.2345290103385356,0.40837355329039815,0.7744107744107744
Корриентес,-27.4386,-59.0458,2001-09-01,2001,9,18.1,70.0,0.12846973130626557,0.18176837150574068,0.3661537937751679,1.289134438305709
Корриентес,-27.4386,-59.0458,2001-10-01,2001,10,22.1,156.0,0.5711379299713388,0.6087417513698239,0.6889191021387917,2.3529411764705883
Корриентес,-27.4386,-59.0458,2001-11-01,2001,11,23.8,197.0,0.818404478618351,0.8399083516215958,1.135557301379221,2.7591036414565826
Корриентес,-27.4386,-59.0458,2001-12-01,2001,12,24.6,49.0,0.16764564398335866,0.1643899164973974,0.04129255566553116,0.6639566395663956
Корриентес,-27.4386,-59.0458,2002-01-01,2002,1,26.1,274.0,0.5401645859907757,0.607309265655209,0.6373621500526816,3.499361430395913
Корриентес,-27.4386,-59.0458,2002-02-01,2002,2,25.2,123.0,0.10411527593882901,0.14328692277373847,0.6074486385957206,1.626984126984127
Корриентес,-27.4386,-59.0458,2002-03-01,2002,3,26.5,382.0,1.7928338281691367,1.668579862340147,1.3178172646636497,4.80503144654088
Корриентес,-27.4386,-59.0458,2002-04-01,2002,4,21.4,367.0,1.6714951846708264,1.5676858667081766,1.5094476274574382,5.716510903426792
Корриентес,-27.4386,-59.0458,2002-05-01,2002,5,20.0,87.0,1.8395704613943602,1.692504715117331,1.5053564373787693,1.45
Корриентес,-27.4386,-59.0458,2002-06-01,2002,6,14.5,44.0,1.0611268308842325,1.0882112455201787,1.7053783571611527,1.0114942528735633
Корриентес,-27.4386,-59.0458,2002-07-01,2002,7,13.7,87.0,0.5866663786486779,0.6257322159406652,1.5744051242952715,2.116788321167883
Корриентес,-27.4386,-59.0458,2002-08-01,2002,8,18.5,31.0,0.515703174577261,0.603323774079184,1.5628971218742505,0.5585585585585585
Корриентес,-27.4386,-59.0458,2002-09-01,2002,9,18.6,65.0,0.7262277066587225,0.7799028366486878,1.1509421865809484,1.1648745519713262
Корриентес,-27.4386,-59.0458,2002-10-01,2002,10,23.2,151.0,0.33209772882010075,0.3525809344405431,0.608080000758003,2.1695402298850577
Корриентес,-27.4386,-59.0458,2002-11-01,2002,11,23.9,176.0,0.6198874727862543,0.6386257816937585,0.6623433396402303,2.4546722454672247
Корриентес,-27.4386,-59.0458,2002-12-01,2002,12,25.6,303.0,1.2669818075024382,1.2574525266706371,1.3673514022803135,3.9453125
Корриентес,-27.4386,-59.0458,2003-01-01,2003,1,27.1,68.0,0.6599315498025647,0.7301926281379717,0.6455177379001915,0.8364083640836408
Корриентес,-27.4386,-59.0458,2003-02-01,2003,2,26.4,106.0,0.2975823135131236,0.3581849297000043,0.6074486385957206,1.3383838383838385
Корриентес,-27.4386,-59.0458,2003-03-01,2003,3,24.1,118.0,-0.9653488929893639,-1.019343017097717,0.4353654524134604,1.632088520055325
Корриентес,-27.4386,-59.0458,2003-04-01,2003,4,21.3,114.0,-0.46011634271705404,-0.4817528218298192,0.04152656656773636,1.784037558685446
Корриентес,-27.4386,-59.0458,2003-05-01,2003,5,18.1,2.0,-0.8822446756433873,-0.9543174872948187,-0.49449290311428074,0.03683241252302026
Корриентес,-27.4386,-59.0458,2003-06-01,2003,6,19.7,11.0,-1.2106593805705819,-1.592832758663728,-1.4329805300276375,0.18612521150592218
Корриентес,-27.4386,-59.0458,2003-07-01,2003,7,15.4,6.0,-2.1727678917543254,-1.9897101490864588,-1.2760557251201818,0.12987012987012986
Корриентес,-27.4386,-59.0458,2003-08-01,2003,8,14.9,63.0,-0.6068252683561977,-0.6176706528486565,-1.1673806431631009,1.4093959731543624
Корриентес,-27.4386,-59.0458,2003-09-01,2003,9,20.1,22.0,-0.629577130959295,-0.6642881581263217,-1.5453096409344678,0.3648424543946932
Корриентес,-27.4386,-59.0458,2003-10-01,2003,10,23.0,137.0,0.07959493010746106,0.07456543732596639,-1.2317690171584743,1.9855072463768115
Корриентес,-27.4386,-59.0458,2003-11-01,2003,11,23.7,164.0,0.1305880501112697,0.11266839626968142,-0.24261373133298772,2.3066104078762306
Корриентес,-27.4386,-59.0458,2003-12-01,2003,12,24.3,282.0,1.0711088676071625,1.0853575066879013,0.7844626595353247,3.8683127572016462
Корриентес,-27.4386,-59.0458,2004-01-01,2004,1,27.1,35.0,0.3567092698676555,0.4112975403311099,0.2471375335897884,0.43050430504305043
Корриентес,-27.4386,-59.0458,2004-02-01,2004,2,25.3,42.0,-0.47359765332287207,-0.5093598503152154,-0.30607481635373934,0.5533596837944664
Корриентес,-27.4386,-59.0458,2004-03-01,2004,3,25.2,81.0,-2.0202811390410513,-1.930636412624683,-0.4245430080915789,1.0714285714285714
Корриентес,-27.4386,-59.0458,2004-04-01,2004,4,23.0,146.0,-0.8769155169913506,-0.9330610044001078,-0.5213275692696341,2.1159420289855073
Корриентес,-27.4386,-59.0458,2004-05-01,2004,5,14.2,2.0,-0.9214078283887068,-0.995427000550913,-1.0119808510947035,0.046948356807511735
Корриентес,-27.4386,-59.0458,2004-06-01,2004,6,16.8,55.0,-0.22375299873026464,-0.5293528952417152,-1.685775777761481,1.0912698412698412
Корриентес,-27.4386,-59.0458,2004-07-01,2004,7,15.7,22.0,-1.021579534254406,-1.0848702256732008,-1.327194311461162,0.46709129511677283
Корриентес,-27.4386,-59.0458,2004-08-01,2004,8,16.2,21.0,-0.30633466101157847,-0.272609095357231,-1.0684509966609474,0.43209876543209874
Корриентес,-27.4386,-59.0458,2004-09-01,2004,9,19.8,170.0,1.049510644572605,1.0604213625087537,0.04249246354345698,2.861952861952862
Корриентес,-27.4386,-59.0458,2004-10-01,2004,10,21.5,197.0,1.5468958544928273,1.5241788602406068,0.6217234660664802,3.054263565891473
Корриентес,-27.4386,-59.0458,2004-11-01,2004,11,22.5,204.0,1.6417820964060983,1.569526054541292,1.1541112218889666,3.022222222222222
Корриентес,-27.4386,-59.0458,2004-12-01,2004,12,25.4,145.0,0.907875208627368,0.9337525394640334,1.1601507385695258,1.9028871391076116
Корриентес,-27.4386,-59.0458,2005-01-01,2005,1,27.5,69.0,0.02774044951288427,0.0412307988394133,0.6938886140263508,0.8363636363636363
Корриентес,-27.4386,-59.0458,2005-02-01,2005,2,26.1,86.0,-0.9000323069726768,-0.9703556121720963,0.6159582274979695,1.0983397190293742
Корриентес,-27.4386,-59.0458,2005-03-01,2005,3,24.8,142.0,-0.9297176474826615,-0.9844275545729452,0.08366373921583191,1.9086021505376345
Корриентес,-27.4386,-59.0458,2005-04-01,2005,4,20.5,347.0,0.645647360683469,0.7089270530846199,0.44180922533676276,5.642276422764228
Корриентес,-27.4386,-59.0458,2005-05-01,2005,5,19.1,91.0,0.9522856751414189,1.0045939359431766,0.20569419329493008,1.588132635253054
Корриентес,-27.4386,-59.0458,2005-06-01,2005,6,18.7,67.0,1.08153142575006,1.1081961247437868,0.25840794607597917,1.1942959001782532
Корриентес,-27.4386,-59.0458,2005-07-01,2005,7,15.3,4.0,0.032281548207496534,0.027131255348737372,0.575972119544279,0.08714596949891068
Корриентес,-27.4386,-59.0458,2005-08-01,2005,8,17.6,19.0,-0.4343459511408296,-0.41935001400474886,0.7456743991460724,0.35984848484848486
Корриентес,-27.4386,-59.0458,2005-09-01,2005,9,16.5,48.0,-1.0845375893736249,-1.156111706437478,0.8056777069904424,0.9696969696969697
Корриентес,-27.4386,-59.0458,2005-10-01,2005,10,20.5,67.0,-0.9551304375555283,-1.0191023113978772,-0.7497711251923332,1.089430894308943
Корриентес,-27.4386,-59.0458,2005-11-01,2005,11,24.0,189.0,-0.01856129046841773,-0.05163339846122441,-0.30681167887321953,2.625
Корриентес,-27.4386,-59.0458,2005-12-01,2005,12,25.3,95.0,-0.1537786121457605,-0.1923014637859968,-0.7037027234325404,1.251646903820817
Корриентес,-27.4386,-59.0458,2006-01-01,2006,1,28.3,116.0,-0.07553613531040627,-0.07804661435321798,-0.6207795207280896,1.3663133097762072
Корриентес,-27.4386,-59.0458,2006-02-01,2006,2,27.0,61.0,-1.114158877919332,-1.1881337413886124,-0.8966623637675556,0.7530864197530864
Корриентес,-27.4386,-59.0458,2006-03-01,2006,3,25.1,145.0,-0.754865303199691,-0.8093786864731501,-0.7877186979574112,1.9256308100929616
Корриентес,-27.4386,-59.0458,2006-04-01,2006,4,21.1,101.0,-0.6396119963867938,-0.6792437563341467,-0.7108949897081348,1.5955766192733016
Корриентес,-27.4386,-59.0458,2006-05-01,2006,5,15.6,31.0,-0.5709082841806227,-0.6163061806216723,-1.1722877999360581,0.6623931623931624
Корриентес,-27.4386,-59.0458,2006-06-01,2006,6,17.9,72.0,-0.21611148429350296,-0.518891915940139,-0.9552300518895481,1.3407821229050279
Корриентес,-27.4386,-59.0458,2006-07-01,2006,7,18.7,0.0,-0.6761515580089564,-0.7426261153993504,-0.9790278127959694,0.0
Корриентес,-27.4386,-59.0458,2006-08-01,2006,8,17.0,12.0,-0.5359984125792449,-0.5362661590487425,-0.821688792801028,0.23529411764705882
Корриентес,-27.4386,-59.0458,2006-09-01,2006,9,18.9,58.0,-1.11056591941324,-1.1830064449677913,-1.003774935407612,1.0229276895943562
Корриентес,-27.4386,-59.0458,2006-10-01,2006,10,23.8,172.0,0.2827370768436082,0.2986672916243829,-0.3247688426894025,2.4089635854341735
Корриентес,-27.4386,-59.0458,2006-11-01,2006,11,23.6,60.0,-0.13338851062970317,-0.17780915466571737,-0.4532967703682934,0.847457627118644
Корриентес,-27.4386,-59.0458,2006-12-01,2006,12,27.1,154.0,0.07124429049366951,0.057641966289369025,-0.4792287749327081,1.894218942189422
Корриентес,-27.4386,-59.0458,2007-01-01,2007,1,27.1,161.0,-0.22755208973794297,-0.2544551318035539,-0.17765408826211815,1.980319803198032
Корриентес,-27.4386,-59.0458,2007-02-01,2007,2,27.1,155.0,0.25440985542479355,0.3106879112939754,0.10148447985383138,1.9065190651906518
Корриентес,-27.4386,-59.0458,2007-03-01,2007,3,25.8,216.0,0.5403092886146208,0.5680033072239937,0.41853301891003064,2.7906976744186047
Корриентес,-27.4386,-59.0458,2007-04-01,2007,4,23.0,121.0,0.29968091931016566,0.3562912479625649,-0.02992466965420177,1.7536231884057971
Корриентес,-27.4386,-59.0458,2007-05-01,2007,5,14.8,10.0,-0.13728658563744456,-0.12628998986925918,-0.04943514612892601,0.22522522522522523
Корриентес,-27.4386,-59.0458,2007-06-01,2007,6,15.1,5.0,-0.9984689489193208,-1.4271632980823517,-0.31405021211783546,0.11037527593818984
Корриентес,-27.4386,-59.0458,2007-07-01,2007,7,12.3,3.0,-2.1978783964986546,-2.005505368541068,-0.4428432448273151,0.08130081300813008
Корриентес,-27.4386,-59.0458,2007-08-01,2007,8,13.5,6.0,-2.8499359409170184,-2.6777096406285295,-0.821688792801028,0.14814814814814814
Корриентес,-27.4386,-59.0458,2007-09-01,2007,9,20.8,140.0,0.30804477340017195,0.3713819810175692,-0.9073069333443434,2.2435897435897436
Корриентес,-27.4386,-59.0458,2007-10-01,2007,10,23.5,214.0,1.3281401158225017,1.339159107358065,-0.04857089678459851,3.0354609929078014
Корриентес,-27.4386,-59.0458,2007-11-01,2007,11,22.2,41.0,0.6396044533411499,0.65900791866509,-0.2004278825398179,0.6156156156156156
Корриентес,-27.4386,-59.0458,2007-12-01,2007,12,26.0,166.0,0.27758757682877855,0.28513409700484665,0.23163761926606152,2.128205128205128
Корриентес,-27.4386,-59.0458,2008-01-01,2008,1,27.1,63.0,-1.034676547295603,-1.1408597874417477,-0.11080709803816756,0.7749077490774908
Корриентес,-27.4386,-59.0458,2008-02-01,2008,2,25.9,78.0,-0.8477519340854007,-0.915665163510393,-0.19862178155145532,1.0038610038610039
Корриентес,-27.4386,-59.0458,2008-03-01,2008,3,25.1,43.0,-1.7982419018446836,-1.757826778064448,-1.1615031290602462,0.5710491367861886
Корриентес,-27.4386,-59.0458,2008-04-01,2008,4,20.4,37.0,-1.7345705916468765,-1.746430637612498,-1.9845911082598648,0.6045751633986928
Корриентес,-27.4386,-59.0458,2008-05-01,2008,5,17.8,10.0,-2.554785395800679,-2.333925640226224,-1.7701529637573772,0.18726591760299627
Корриентес,-27.4386,-59.0458,2008-06-01,2008,6,13.6,97.0,-0.8544348618786956,-1.2925956925972284,-1.8276162698035237,2.377450980392157
Корриентес,-27.4386,-59.0458,2008-07-01,2008,7,19.0,1.0,-0.609229853037202,-0.6730103210663156,-1.8027544564583509,0.017543859649122806
Корриентес,-27.4386,-59.0458,2008-08-01,2008,8,17.2,33.0,0.15331816527754677,0.23677666990722568,-1.9695480722552907,0.6395348837209303
Корриентес,-27.4386,-59.0458,2008-09-01,2008,9,17.6,86.0,-0.11258787901489165,-0.08268411764647522,-1.0940480159219563,1.628787878787879
Корриентес,-27.4386,-59.0458,2008-10-01,2008,10,22.2,137.0,0.41960366848055847,0.4473961547705464,-0.16436018709992894,2.057057057057057
Корриентес,-27.4386,-59.0458,2008-11-01,2008,11,24.5,55.0,-0.23551585338373648,-0.2892090912239232,-0.2004278825398179,0.7482993197278912
Корриентес,-27.4386,-59.0458,2008-12-01,2008,12,26.9,94.0,-0.6408307091370898,-0.7152129875888763,-0.8100932164143019,1.164807930607187
Корриентес,-27.4386,-59.0458,2009-01-01,2009,1,25.3,158.0,-0.7091251631722161,-0.8006020950245907,-0.4632615955506911,2.0816864295125166
Корриентес,-27.4386,-59.0458,2009-02-01,2009,2,25.8,156.0,-0.14150900201435102,-0.13454391326958473,-0.2844446361078014,2.0155038759689923
Корриентес,-27.4386,-59.0458,2009-03-01,2009,3,26.2,33.0,-0.5852093880555347,-0.6341436824334608,-1.006727542917427,0.4198473282442748
Корриентес,-27.4386,-59.0458,2009-04-01,2009,4,22.6,53.0,-1.059508950187115,-1.120862849572453,-1.426561854413829,0.7817109144542773
Корриентес,-27.4386,-59.0458,2009-05-01,2009,5,19.2,59.0,-1.724263894968978,-1.7484555615202564,-1.1559642255226543,1.0243055555555556
Корриентес,-27.4386,-59.0458,2009-06-01,2009,6,13.2,10.0,-1.372058731518488,-1.6929035549569884,-1.2113835894915113,0.25252525252525254
Корриентес,-27.4386,-59.0458,2009-07-01,2009,7,12.5,42.0,-0.5698056742999468,-0.63156022166641,-1.298759721193254,1.12
Корриентес,-27.4386,-59.0458,2009-08-01,2009,8,18.4,22.0,-0.7182647376716775,-0.7452652750176181,-1.9892424840666276,0.39855072463768115
Корриентес,-27.4386,-59.0458,2009-09-01,2009,9,18.3,17.0,-0.8432306810674546,-0.8997906624588223,-1.7079892520259987,0.30965391621129323
Корриентес,-27.4386,-59.0458,2009-10-01,2009,10,23.4,34.0,-1.8895591705829338,-1.7975613348269261,-1.7238622340035745,0.4843304843304843
Корриентес,-27.4386,-59.0458,2009-11-01,2009,11,27.0,612.0,2.0798616718772225,1.8908814312048887,1.3857531238231624,7.555555555555555
Корриентес,-27.4386,-59.0458,2009-12-01,2009,12,26.6,160.0,1.9138880061308807,1.7540344559564054,1.6180897220402308,2.0050125313283207
Корриентес,-27.4386,-59.0458,2010-01-01,2010,1,27.2,299.0,2.3591351855866343,2.029510499987027,1.723858761496586,3.6642156862745097
Корриентес,-27.4386,-59.0458,2010-02-01,2010,2,27.9,122.0,0.9073759110954563,0.9871901240096701,1.789598929027813,1.4575866188769415
Корриентес,-27.4386,-59.0458,2010-03-01,2010,3,25.5,135.0,0.6726276452346813,0.7012537199593051,1.747615066662588,1.7647058823529411
Корриентес,-27.4386,-59.0458,2010-04-01,2010,4,20.8,57.0,-0.5980651210931925,-0.6338748086902527,1.4952330402388858,0.9134615384615384
Корриентес,-27.4386,-59.0458,2010-05-01,2010,5,15.9,205.0,0.1333420219855064,0.1774705844540341,0.5782899614246811,4.29769392033543
Корриентес,-27.4386,-59.0458,2010-06-01,2010,6,15.5,8.0,0.19586125215683142,0.05339249866501508,0.35426378662152397,0.17204301075268819
Корриентес,-27.4386,-59.0458,2010-07-01,2010,7,14.2,37.0,0.8687679590587024,0.9077541340363582,-0.17183007775505307,0.8685446009389671
Корриентес,-27.4386,-59.0458,2010-08-01,2010,8,15.1,54.0,-0.2908786636740926,-0.25496813997243695,0.0020460133024073116,1.1920529801324504
Корриентес,-27.4386,-59.0458,2010-09-01,2010,9,18.4,108.0,0.9030712066142503,0.9372044396193522,0.3357654828282934,1.9565217391304348
Корриентес,-27.4386,-59.0458,2010-10-01,2010,10,19.8,43.0,-0.10089518528143944,-0.12558664982205628,0.538840514966951,0.7239057239057239
Корриентес,-27.4386,-59.0458,2010-11-01,2010,11,22.4,40.0,-1.1191351389402067,-1.1666844042785747,-1.119064063515801,0.5952380952380952
Корриентес,-27.4386,-59.0458,2010-12-01,2010,12,25.5,181.0,-0.8346135107902397,-0.9085238142282365,-0.4334362617232401,2.366013071895425
Корриентес,-27.4386,-59.0458,2011-01-01,2011,1,27.3,134.0,-0.35754474391006585,-0.4048550244442584,-0.4794451197393593,1.636141636141636
Корриентес,-27.4386,-59.0458,2011-02-01,2011,2,25.5,222.0,0.656238028051126,0.7387671370679854,-0.06179774822580902,2.9019607843137254
Корриентес,-27.4386,-59.0458,2011-03-01,2011,3,24.2,35.0,-0.29809420374895185,-0.3283091568947765,-0.8859085968872427,0.4820936639118457
Корриентес,-27.4386,-59.0458,2011-04-01,2011,4,21.4,156.0,-0.06680949821642117,-0.0428866783288872,-0.44314066450658063,2.4299065420560746
Корриентес,-27.4386,-59.0458,2011-05-01,2011,5,17.9,39.0,-0.9135189512315518,-0.9871747528311269,-0.25782850032521226,0.7262569832402235
Корриентес,-27.4386,-59.0458,2011-06-01,2011,6,15.3,46.0,0.033185122334365116,-0.17237307586397171,-0.4753252278183269,1.0021786492374727
Корриентес,-27.4386,-59.0458,2011-07-01,2011,7,14.5,44.0,-0.34367405584926725,-0.3884703901694607,-0.2803617378813673,1.0114942528735633
Корриентес,-27.4386,-59.0458,2011-08-01,2011,8,15.9,2.0,-0.4015814106166092,-0.3817090766198187,-1.1061891583182188,0.041928721174004195
Корриентес,-27.4386,-59.0458,2011-09-01,2011,9,19.9,65.0,-0.2601676911061043,-0.24820587519758888,-0.3781500852784726,1.0887772194304857
Корриентес,-27.4386,-59.0458,2011-10-01,2011,10,21.5,158.0,0.11067381866819699,0.10900715731950066,-0.24836286089767334,2.449612403100775
Корриентес,-27.4386,-59.0458,2011-11-01,2011,11,24.1,287.0,1.323474124160113,1.308010272040129,0.8852665107300525,3.9695712309820195
Корриентес,-27.4386,-59.0458,2011-12-01,2011,12,25.1,48.0,0.6574997342859255,0.6871291201214237,0.4238525374106596,0.6374501992031872
Корриентес,-27.4386,-59.0458,2012-01-01,2012,1,27.4,93.0,0.08313763806616253,0.10478574817190119,0.00530997927317883,1.1313868613138687
Корриентес,-27.4386,-59.0458,2012-02-01,2012,2,28.6,67.0,-1.6375943155551087,-1.676662315897174,-0.11401073210696609,0.7808857808857809
Корриентес,-27.4386,-59.0458,2012-03-01,2012,3,25.3,94.0,-1.2439094717131445,-1.282953316883079,-0.39325886738879046,1.238471673254282
Корриентес,-27.4386,-59.0458,2012-04-01,2012,4,21.1,157.0,-0.5745995574460719,-0.6081496627885278,-0.5388044604304114,2.4802527646129544
Корриентес,-27.4386,-59.0458,2012-05-01,2012,5,19.4,45.0,-0.44552297524757095,-0.4758437432615034,-1.353910411687938,0.7731958762886598
Корриентес,-27.4386,-59.0458,2012-06-01,2012,6,16.0,31.0,-0.016043418594172805,-0.24117482120062297,-1.130845842172787,0.6458333333333334
Корриентес,-27.4386,-59.0458,2012-07-01,2012,7,13.1,13.0,-0.8723742886390742,-0.9407689445464374,-0.9956414964110898,0.33078880407124683
Корриентес,-27.4386,-59.0458,2012-08-01,2012,8,19.2,95.0,0.25208074849779105,0.3403490316556444,-0.34034177441802693,1.6493055555555556
Корриентес,-27.4386,-59.0458,2012-09-01,2012,9,20.8,23.0,0.055743365106913106,0.10300965268356972,-0.29328097565712885,0.3685897435897436
Корриентес,-27.4386,-59.0458,2012-10-01,2012,10,23.5,189.0,0.8864334034502729,0.9296278483600927,0.09672186664355138,2.6808510638297873
Корриентес,-27.4386,-59.0458,2012-11-01,2012,11,24.8,101.0,0.052998152971340085,0.027213831751292838,0.08699977493548662,1.35752688172043
Корриентес,-27.4386,-59.0458,2012-12-01,2012,12,27.3,120.0,0.2145084242737654,0.21601814443525538,0.059498422935809155,1.465201465201465
Корриентес,-27.4386,-59.0458,2013-01-01,2013,1,26.5,145.0,-0.2850442640647651,-0.32110102704925797,0.10386437966479406,1.8238993710691824
Корриентес,-27.4386,-59.0458,2013-02-01,2013,2,25.9,134.0,-0.2011493624538365,-0.20225486746417753,-0.14559006011118553,1.7245817245817245
Корриентес,-27.4386,-59.0458,2013-03-01,2013,3,22.5,274.0,0.6562329625832357,0.6849402044101024,0.6018344200437747,4.059259259259259
Корриентес,-27.4386,-59.0458,2013-04-01,2013,4,21.3,183.0,0.7085732282861599,0.7698074129393845,0.3140063573572482,2.863849765258216
Корриентес,-27.4386,-59.0458,2013-05-01,2013,5,17.9,76.0,0.7616824640000585,0.8283493331273143,0.4075729110860005,1.415270018621974
Корриентес,-27.4386,-59.0458,2013-06-01,2013,6,15.4,99.0,0.5910977027541733,0.5697331538200138,0.6735820631626701,2.142857142857143
Корриентес,-27.4386,-59.0458,2013-07-01,2013,7,15.9,24.0,0.4082820410950501,0.43818584098284064,0.7663442769278558,0.5031446540880503
Корриентес,-27.4386,-59.0458,2013-08-01,2013,8,14.6,15.0,0.23995580499272648,0.3277732548345667,0.7491187113944557,0.3424657534246575
Корриентес,-27.4386,-59.0458,2013-09-01,2013,9,18.8,24.0,-1.304808190527252,-1.378478202210841,0.07216960584808177,0.425531914893617
Корриентес,-27.4386,-59.0458,2013-10-01,2013,10,22.4,118.0,-0.6575966443726584,-0.7240696583899184,-0.2314832879796448,1.755952380952381
Корриентес,-27.4386,-59.0458,2013-11-01,2013,11,24.3,262.0,0.698084850743809,0.7189718344456734,0.6021345308184568,3.5939643347050754
Корриентес,-27.4386,-59.0458,2013-12-01,2013,12,27.8,58.0,0.37218830797516717,0.3877682756662348,-0.18867938027546421,0.6954436450839329
Корриентес,-27.4386,-59.0458,2014-01-01,2014,1,27.7,146.0,0.28239607008770745,0.3295064495582281,-0.1466977793208567,1.7569193742478941
Корриентес,-27.4386,-59.0458,2014-02-01,2014,2,27.8,165.0,-0.4043120954311729,-0.43183639182313716,0.16604205480771933,1.9784172661870503
Корриентес,-27.4386,-59.0458,2014-03-01,2014,3,23.4,5.0,-0.7963404943978805,-0.8514401498511852,-0.35694846672666836,0.07122507122507123
Корриентес,-27.4386,-59.0458,2014-04-01,2014,4,21.9,109.0,-0.8124061275845714,-0.8650596679792255,-0.5431791928415904,1.6590563165905632
Корриентес,-27.4386,-59.0458,2014-05-01,2014,5,18.7,65.0,-1.3590874361458134,-1.4282382731613281,-1.176364275433277,1.1586452762923352
Корриентес,-27.4386,-59.0458,2014-06-01,2014,6,16.4,47.0,-0.09428277031619409,-0.3503983708642863,-0.9054826252777705,0.9552845528455286
Корриентес,-27.4386,-59.0458,2014-07-01,2014,7,16.3,62.0,0.15884925332561584,0.16710216620673177,-0.7439335919241237,1.2678936605316973
Корриентес,-27.4386,-59.0458,2014-08-01,2014,8,19.1,0.5,-0.1350597473331871,-0.07861213141870069,-1.3694625793417656,0.008726003490401396
Корриентес,-27.4386,-59.0458,2014-09-01,2014,9,20.8,55.0,-0.15261905917790267,-0.1273930609649481,-0.4771027460922411,0.8814102564102564
Корриентес,-27.4386,-59.0458,2014-10-01,2014,10,25.8,81.0,-0.9216294316399842,-0.9869792343199504,-0.6229057907903233,1.0465116279069768
Корриентес,-27.4386,-59.0458,2014-11-01,2014,11,24.5,152.0,-0.15016284162130505,-0.1961729513985879,-0.28171602289359937,2.068027210884354
Корриентес,-27.4386,-59.0458,2014-12-01,2014,12,25.3,185.0,0.2605351975532162,0.26649762989405634,0.02606695238816987,2.437417654808959
Корриентес,-27.4386,-59.0458,2015-01-01,2015,1,27.1,70.0,-0.03480346186699393,-0.030905205823987175,-0.5689297038685946,0.8610086100861009
Корриентес,-27.4386,-59.0458,2015-02-01,2015,2,26.6,223.0,0.30372601301125035,0.3649193434382131,0.13141315556263117,2.7944862155388472
Корриентес,-27.4386,-59.0458,2015-03-01,2015,3,25.2,101.0,-0.2790151013800329,-0.3076972334571263,-0.06495854731680129,1.335978835978836
Корриентес,-27.4386,-59.0458,2015-04-01,2015,4,22.3,45.0,-0.2912070678986552,-0.2934504603124476,-0.40864765488909705,0.672645739910314
Корриентес,-27.4386,-59.0458,2015-05-01,2015,5,19.0,175.0,-0.2897451208689803,-0.29945955607221497,-0.12398611364993292,3.0701754385964914
Корриентес,-27.4386,-59.0458,2015-06-01,2015,6,17.8,181.0,0.7504925170896372,0.7581930104314244,0.2300071458524084,3.3895131086142323
Корриентес,-27.4386,-59.0458,2015-07-01,2015,7,16.1,6.0,1.7226312846621445,1.6368226704791367,0.5533097313531935,0.12422360248447203
Корриентес,-27.4386,-59.0458,2015-08-01,2015,8,20.4,57.0,1.289063435698814,1.2527749704670854,0.33459311634454264,0.9313725490196079
Корриентес,-27.4386,-59.0458,2015-09-01,2015,9,19.4,7.0,-1.11056591941324,-1.1830064449677913,0.345954918742603,0.12027491408934708
Корриентес,-27.4386,-59.0458,2015-10-01,2015,10,21.3,135.0,-0.16647753197804843,-0.19806453837181842,1.1888242657370356,2.112676056338028
Корриентес,-27.4386,-59.0458,2015-11-01,2015,11,23.6,237.0,0.5330993225518432,0.5479778267910488,0.9744540164586066,3.347457627118644
Корриентес,-27.4386,-59.0458,2015-12-01,2015,12,26.2,309.0,1.4670969830650287,1.4224159304778812,1.1274953863244916,3.931297709923664
Корриентес,-27.4386,-59.0458,2016-01-01,2016,1,28.6,211.0,1.4501846220284358,1.4304813212160181,1.2222794693847012,2.4592074592074593
Корриентес,-27.4386,-59.0458,2016-02-01,2016,2,27.8,117.0,1.2141280201855549,1.2682645426985393,1.1612272641636903,1.4028776978417266
Корриентес,-27.4386,-59.0458,2016-03-01,2016,3,22.8,128.0,0.10243215619748816,0.10614553216354358,1.1936623950823104,1.871345029239766
Корриентес,-27.4386,-59.0458,2016-04-01,2016,4,22.9,230.0,0.22424328508127203,0.275847571529359,1.1498103150739047,3.3478893740902476
Корриентес,-27.4386,-59.0458,2016-05-01,2016,5,15.2,13.0,-0.004008630955538149,0.02426930742197377,0.6853233342042376,0.2850877192982456
Корриентес,-27.4386,-59.0458,2016-06-01,2016,6,11.6,222.0,0.9616642452879566,0.9878618147940134,0.7090061040255503,6.379310344827586
Корриентес,-27.4386,-59.0458,2016-07-01,2016,7,15.3,38.0,1.0593522192428955,1.0868533434059067,0.6169228560808406,0.8278867102396514
Корриентес,-27.4386,-59.0458,2016-08-01,2016,8,17.8,82.0,2.015326951149583,1.7175137063561658,0.886878611641919,1.5355805243445693
Корриентес,-27.4386,-59.0458,2016-09-01,2016,9,17.7,13.0,0.08509818715003102,0.13492113995155963,0.8860039294463475,0.2448210922787194
Корриентес,-27.4386,-59.0458,2016-10-01,2016,10,21.0,214.0,0.9038374233765316,0.9466776036794385,1.2972737057576766,3.3968253968253967
Корриентес,-27.4386,-59.0458,2016-11-01,2016,11,23.1,121.0,0.31651900967540175,0.31611164135853337,1.2296369059298233,1.746031746031746
Корриентес,-27.4386,-59.0458,2016-12-01,2016,12,25.9,195.0,0.8344947333695626,0.8631975018875568,0.7309602911595721,2.5096525096525095
Корриентес,-27.4386,-59.0458,2017-01-01,2017,1,27.3,111.0,0.0776578921445089,0.09851573484228353,0.39803274778070674,1.3553113553113554
Корриентес,-27.4386,-59.0458,2017-02-01,2017,2,26.3,131.0,0.04681456089822805,0.07880083899644709,0.22466839372671246,1.6603295310519646
Корриентес,-27.4386,-59.0458,2017-03-01,2017,3,24.9,189.0,-0.048530412313807995,-0.05752237932247815,0.5939690241800789,2.5301204819277108
Корриентес,-27.4386,-59.0458,2017-04-01,2017,4,20.1,487.0,1.4685392882912816,1.4194871214845606,1.1547989908895766,8.076285240464346
Корриентес,-27.4386,-59.0458,2017-05-01,2017,5,18.7,219.0,2.0176108614382655,1.8076461132128985,1.6277500023125038,3.9037433155080214
Корриентес,-27.4386,-59.0458,2017-06-01,2017,6,16.3,56.0,1.7137568624130053,1.6372645111101507,1.510736891354315,1.1451942740286298
Корриентес,-27.4386,-59.0458,2017-07-01,2017,7,18.3,4.0,1.1075846652965513,1.1306584417389998,1.5659615147576147,0.07285974499089254
Корриентес,-27.4386,-59.0458,2017-08-01,2017,8,19.1,49.0,-0.14222902923731764,-0.08665469247826768,1.5736865246067129,0.8551483420593369
Корриентес,-27.4386,-59.0458,2017-09-01,2017,9,20.4,70.0,-0.06545835182181789,-0.03028423722601457,1.624256253998482,1.1437908496732025
Корриентес,-27.4386,-59.0458,2017-10-01,2017,10,21.5,88.0,-0.07925963016398264,-0.10162685445703139,0.747944288213456,1.3643410852713178
Корриентес,-27.4386,-59.0458,2017-11-01,2017,11,23.3,63.0,-0.7794150291049172,-0.85274888299356,-0.7926483257600024,0.9012875536480687
Корриентес,-27.4386,-59.0458,2017-12-01,2017,12,27.7,54.0,-1.4805901279158415,-1.4662120671732142,-1.3286663597458799,0.6498194945848376
Корриентес,-27.4386,-59.0458,2018-01-01,2018,1,26.4,362.0,0.3469298826631518,0.4006069419259325,0.16664047875460727,4.570707070707071
Корриентес,-27.4386,-59.0458,2018-02-01,2018,2,26.6,13.0,-0.004565847054289779,0.020756983018454314,-0.4813028309186815,0.16290726817042606
Корриентес,-27.4386,-59.0458,2018-03-01,2018,3,24.3,187.0,0.7052953470084501,0.7335872033534573,-0.290079912173315,2.5651577503429355
Корриентес,-27.4386,-59.0458,2018-04-01,2018,4,25.0,39.0,-1.08062540041207,-1.1421062414206682,-0.6620701455419573,0.52
Корриентес,-27.4386,-59.0458,2018-05-01,2018,5,19.6,236.0,0.4501224084366007,0.5178663053118467,0.24912619190065544,4.01360544217687
Корриентес,-27.4386,-59.0458,2018-06-01,2018,6,13.8,34.0,0.3854463591610633,0.3086333956662157,0.527339560750097,0.821256038647343
Корриентес,-27.4386,-59.0458,2018-07-01,2018,7,13.6,15.0,1.1552410619566293,1.1733353061477754,-0.371116217830438,0.36764705882352944
Корриентес,-27.4386,-59.0458,2018-08-01,2018,8,14.2,17.0,-0.8781792044475749,-0.926396449490435,0.1631290732698563,0.39906103286384975
Корриентес,-27.4386,-59.0458,2018-09-01,2018,9,21.6,71.0,-0.40022584631875335,-0.40633401972069055,0.018433444389584885,1.095679012345679
Корриентес,-27.4386,-59.0458,2018-10-01,2018,10,22.4,75.39285714285714,-0.5788343132340039,-0.6425279303191718,0.4921605192697565,1.1219175170068025
Корриентес,-27.4386,-59.0458,2018-11-01,2018,11,24.5,79.78571428571429,-0.7251655541051292,-0.7995812846576972,-1.100883656400935,1.0855199222546161
Корриентес,-27.4386,-59.0458,2018-12-01,2018,12,26.1,155.50981921091912,-0.4429532466383571,-0.5078829537325568,-0.7589333846874415,1.9860768737026706
Корриентес,-27.4386,-59.0458,2019-01-01,2019,1,27.2,131.94209618747223,-0.27704396979883106,-0.3118363555000362,-0.6392211648940154,1.616937453277846
Корриентес,-27.4386,-59.0458,2019-02-01,2019,2,25.8,159.39175458440408,0.1094598793834028,0.14928604239874493,-0.3548584114168808,2.059324994630544
Корриентес,-27.4386,-59.0458,2019-03-01,2019,3,23.4,230.45118538194447,0.4831674821319006,0.5093932787526328,0.03383016256606008,3.2827804185462175
Корриентес,-27.4386,-59.0458,2019-04-01,2019,4,21.6,107.00693678201591,0.3208916774239856,0.3787064628483813,-0.04160351613310286,1.6513416170064186
Корриентес,-27.4386,-59.0458,2019-05-01,2019,5,19.3,70.8750412315862,0.1911498358635729,0.24110258382934832,0.10638552075145459,1.22409397636591
Корриентес,-27.4386,-59.0458,2019-06-01,2019,6,18.3,97.48172364634641,0.22367437819047423,0.09150847493167173,0.2387458983318864,1.7756233815363645
Корриентес,-27.4386,-59.0458,2019-07-01,2019,7,14.7,38.74343285539145,0.48542092772294987,0.5200596623660443,0.44824551479838004,0.8785358924125045
Корриентес,-27.4386,-59.0458,2019-08-01,2019,8,16.5,29.983633286855035,0.561117557678325,0.6465158492323196,0.3763789748929892,0.6057299653910109
Корриентес,-27.4386,-59.0458,2019-09-01,2019,9,19.4,70.9861052430807,0.18110235223881804,0.2381009571222659,0.036965241104343745,1.2196925299498402
Корриентес,-27.4386,-59.0458,2019-10-01,2019,10,22.3,91.45924496720431,-0.23950350180785035,-0.278396705033271,0.1246899626457156,1.3671038111689733
Корриентес,-27.4386,-59.0458,2019-11-01,2019,11,25.6,92.92325508356913,-0.4386757110951412,-0.5067465548687914,-0.11362140489619293,1.209938217233973
Корриентес,-27.4386,-59.0458,2019-12-01,2019,12,25.3,141.91361648584598,-0.32656903440864843,-0.3822452859575994,-0.4138073296982789,1.869744617731831
Корриентес,-27.4386,-59.0458,2020-01-01,2020,1,26.8,15.658112934998883,-1.2352831607427803,-1.3338628591415183,-1.1250805854182224,0.19475264844525975
Корриентес,-27.4386,-59.0458,2020-02-01,2020,2,25.8,38.90299821939948,-1.7376007803085534,-1.763112588872573,-1.6010303010544469,0.5026227160129132
Корриентес,-27.4386,-59.0458,2020-03-01,2020,3,26.6,104.55253362456685,-2.0105668832265824,-1.9232682111402026,-1.831355360659584,1.3101821256211386
Корриентес,-27.4386,-59.0458,2020-04-01,2020,4,20.7,47.17095141656003,-1.448852232916075,-1.4954030416595914,-1.9235359132518548,0.7595966411684385
Корриентес,-27.4386,-59.0458,2020-05-01,2020,5,17.4,92.24707961690252,-0.8061628859529059,-0.873467720461956,-1.6037989212303063,1.7671854332739947
Корриентес,-27.4386,-59.0458,2020-06-01,2020,6,17.8,14.823783008990954,-0.7043332212167092,-1.1343344416872956,-1.8901413928987676,0.2775989327526396
Корриентес,-27.4386,-59.0458,2020-07-01,2020,7,14.6,2.5483672999099483,-0.5878847659212425,-0.6506072969801572,-1.601893568394413,0.05818190182442804
Корриентес,-27.4386,-59.0458,2020-08-01,2020,8,19.1,75.39191741835822,-0.3892030735459545,-0.3674998714128171,-0.9960669847401702,1.3157402690812952
Корриентес,-27.4386,-59.0458,2020-09-01,2020,9,20.5,48.347678761752924,-0.014884941881432035,0.02561341513473363,-0.9461603333773732,0.7861411180772833
Корриентес,-27.4386,-59.0458,2020-10-01,2020,10,24.2,111.5560001584029,0.215679607494997,0.2250198319248253,-0.32549523947510833,1.5365840242204254
Корриентес,-27.4386,-59.0458,2020-11-01,2020,11,25.1,35.1083620107851,-1.0708721080685368,-1.1241608281830469,-1.1376693215303175,0.4662465074473453
Корриентес,-27.4386,-59.0458,2020-12-01,2020,12,26.2,99.94609138631928,-1.0024972700857702,-1.0668838142010302,-1.0306245037167021,1.2715787708183115
Корриентес,-27.4386,-59.0458,2021-01-01,2021,1,26.9,194.0,-0.5396369046252502,-0.6125730667525938,-0.4559880419626088,2.4039653035935564
Корриентес,-27.4386,-59.0458,2021-02-01,2021,2,25.6,43.0,-0.6293436567040748,-0.6813541859680287,-1.1467456044001487,0.5598958333333334
Корриентес,-27.4386,-59.0458,2021-03-01,2021,3,24.7,102.0,-0.6389581951696851,-0.6901834369681206,-1.2692001846652006,1.3765182186234817
Корриентес,-27.4386,-59.0458,2021-04-01,2021,4,21.6,95.0,-1.0735669301689335,-1.135016719970921,-1.3348213073304234,1.4660493827160495
Корриентес,-27.4386,-59.0458,2021-05-01,2021,5,16.8,7.0,-1.1286908542219671,-1.2067509279138067,-1.2050685918714252,0.1388888888888889
Корриентес,-27.4386,-59.0458,2021-06-01,2021,6,14.7,38.0,-0.9226884784003152,-1.3585477177227825,-1.1666858323096667,0.8616780045351474
Корриентес,-27.4386,-59.0458,2021-07-01,2021,7,15.0,0.0,-1.604536397979916,-1.5885848500355852,-1.690870701321348,0.0
Корриентес,-27.4386,-59.0458,2021-08-01,2021,8,17.6,0.5,-1.5850743107883838,-1.672651951479445,-1.7659318159385378,0.00946969696969697
Корриентес,-27.4386,-59.0458,2021-09-01,2021,9,21.2,47.0,-1.8445571261741605,-1.8675471526888996,-1.8866657462157073,0.7389937106918238
Корриентес,-27.4386,-59.0458,2021-10-01,2021,10,21.7,24.0,-1.9161548986199346,-1.8165363875653164,-2.296562522317066,0.3686635944700461
Корриентес,-27.4386,-59.0458,2021-11-01,2021,11,24.2,123.0,-1.0829548345818967,-1.1348726321436136,-1.6156694494217412,1.6942148760330578
Корриентес,-27.4386,-59.0458,2021-12-01,2021,12,26.7,50.0,-1.590127630697463,-1.5465615016179992,-1.875113524453641,0.6242197253433208
Корриентес,-27.4386,-59.0458,2022-01-01,2022,1,30.2,7.0,-2.352203962105787,-2.1414064016258174,-2.192530853531813,0.0772626931567329
Корриентес,-27.4386,-59.0458,2022-02-01,2022,2,28.8,19.0,-2.9247447358646634,-2.6517309523894563,-2.6374846690904152,0.2199074074074074
Корриентес,-27.4386,-59.0458,2022-03-01,2022,3,23.6,173.0,-1.674415184594152,-1.6573054552744217,-2.346819338000402,2.443502824858757
Корриентес,-27.4386,-59.0458,2022-04-01,2022,4,20.8,84.0,-0.8315945788727205,-0.8853709526084049,-1.8545187632195166,1.3461538461538463
Корриентес,-27.4386,-59.0458,2022-05-01,2022,5,15.6,19.0,-0.5776927824024836,-0.6238508809989068,-1.9388615200119448,0.405982905982906
Корриентес,-27.4386,-59.0458,2022-06-01,2022,6,13.1,13.0,-1.6656781707107928,-1.8224095590611116,-1.8831320452894182,0.33078880407124683
Корриентес,-27.4386,-59.0458,2022-07-01,2022,7,18.8,8.0,-1.7032807789577709,-1.6644814318687446,-1.5106263277990521,0.14184397163120568
Корриентес,-27.4386,-59.0458,2022-08-01,2022,8,17.0,31.0,-1.199168750183635,-1.2783155297960016,-1.0609493539679131,0.6078431372549019
Корриентес,-27.4386,-59.0458,2022-09-01,2022,9,17.5,20.0,-1.427009171297391,-1.4964216354155209,-2.040380643999796,0.38095238095238093
Корриентес,-27.4386,-59.0458,2022-10-01,2022,10,21.1,97.0,-0.7712658328334289,-0.8393129901043347,-1.6896606500420517,1.5323854660347551
Корриентес,-27.4386,-59.0458,2022-11-01,2022,11,23.5,94.0,-0.8875579613969375,-0.9563181459114788,-1.3481420891703824,1.3333333333333333
Корриентес,-27.4386,-59.0458,2022-12-01,2022,12,27.4,44.0,-1.1235126521288268,-1.1753497970390656,-1.552464143806021,0.5352798053527981
Корриентес,-27.4386,-59.0458,2023-01-01,2023,1,28.4,98.0,-1.4027887289300973,-1.4842430482577762,-1.4534951901450834,1.1502347417840375
Корриентес,-27.4386,-59.0458,2023-02-01,2023,2,26.8,104.0,-1.3207058642357885,-1.3883336148912577,-1.5718684865562789,1.2935323383084578
Корриентес,-27.4386,-59.0458,2023-03-01,2023,3,26.7,101.0,-0.8872568678695143,-0.9424778394793729,-1.5350913516271025,1.260923845193508
Корриентес,-27.4386,-59.0458,2023-04-01,2023,4,21.1,87.0,-0.7308097672252889,-0.7779364593345087,-1.5228077422633601,1.3744075829383886
Корриентес,-27.4386,-59.0458,2023-05-01,2023,5,18.4,139.0,-0.2537524230016692,-0.25856576403492254,-1.0739334767636657,2.5181159420289854
Корриентес,-27.4386,-59.0458,2023-06-01,2023,6,18.1,6.0,-0.022352975396733896,-0.24999395875114602,-0.9145329622528094,0.11049723756906077
Корриентес,-27.4386,-59.0458,2023-07-01,2023,7,17.2,20.0,0.06437838182177587,0.06271225114162708,-0.7223795646723148,0.3875968992248062
Корриентес,-27.4386,-59.0458,2023-08-01,2023,8,20.3,35.0,-0.9859698627199998,-1.046581109205404,-0.6374286109048581,0.5747126436781609
Корриентес,-27.4386,-59.0458,2023-09-01,2023,9,20.5,88.0,0.22677099831034697,0.28648761233247766,-0.21798240079414258,1.4308943089430894
Корриентес,-27.4386,-59.0458,2023-10-01,2023,10,22.8,87.0,-0.047012298418471495,-0.06588377242241696,-0.07319064465770451,1.2719298245614035
Корриентес,-27.4386,-59.0458,2023-11-01,2023,11,25.5,152.0,0.1610861750642264,0.14620414689474104,-0.3502118209603908,1.9869281045751634
Корриентес,-27.4386,-59.0458,2023-12-01,2023,12,26.6,250.0,0.6377021965190532,0.6669406620782268,0.5738444633227733,3.1328320802005014
Корриентес,-27.4386,-59.0458,2024-01-01,2024,1,27.1,71.0,0.31735645844111027,0.3681413736641379,0.15224604839934971,0.8733087330873309
Корриентес,-27.4386,-59.0458,2024-02-01,2024,2,28.3,232.0,0.7486558959241597,0.8320615057370085,0.6539028419004229,2.7326266195524145
Корриентес,-27.4386,-59.0458,2024-03-01,2024,3,27.3,218.0,0.4787551439051841,0.5048425310580364,0.7793035287537253,2.6617826617826617
Корриентес,-27.4386,-59.0458,2024-04-01,2024,4,23.7,358.0,1.4717378038733413,1.4218992384983518,1.268190371616275,5.035161744022504
Корриентес,-27.4386,-59.0458,2024-05-01,2024,5,16.3,67.0,1.1918245663039695,1.211082210528867,1.2768727978320737,1.3701431492842535
Корриентес,-27.4386,-59.0458,2024-06-01,2024,6,19.4,1.0,0.8362196436212261,0.8541889618861364,0.7989822951482581,0.01718213058419244
Корриентес,-27.4386,-59.0458,2024-07-01,2024,7,14.5,9.0,-1.0524377875386963,-1.1139232917515196,1.0668198422415882,0.20689655172413793
Корриентес,-27.4386,-59.0458,2024-08-01,2024,8,16.4,118.0,0.11519450704921236,0.19612806117585152,1.057151873046499,2.3983739837398375
Корриентес,-27.4386,-59.0458,2024-09-01,2024,9,20.4,46.0,0.6098132822525881,0.6712417088341733,0.8895437448844986,0.7516339869281046
Корриентес,-27.4386,-59.0458,2024-10-01,2024,10,23.2,77.0,0.2727991150091163,0.287780088178356,-0.5575506378953542,1.1063218390804597
Корриентес,-27.4386,-59.0458,2024-11-01,2024,11,24.9,343.0,1.0766165698428105,1.0874434258537786,0.850008605638953,4.591700133868809
Корриентес,-27.4386,-59.0458,2024-12-01,2024,12,24.6,186.0,1.168452344810058,1.172219620354802,1.2395142325581676,2.5203252032520327
Корриентес,-27.4386,-59.0458,2025-01-01,2025,1,27.7,81.0,0.9203253514873618,0.9822248288240599,0.8668369722946022,0.9747292418772563
Корриентес,-27.4386,-59.0458,2025-02-01,2025,2,30.8,6.0,-1.1063679936436572,-1.1803905970897404,-0.004996634864435775,0.06493506493506493
Корриентес,-27.4386,-59.0458,2025-03-01,2025,3,26.9,86.0,-1.8909927289529493,-1.831146881448954,-0.22904655999809645,1.0656753407682775
Корриентес,-27.4386,-59.0458,2025-04-01,2025,4,20.2,15.0,-2.2750655108330213,-2.166677538977963,-0.6665001630294272,0.24752475247524752
Корриентес,-27.4386,-59.0458,2025-05-01,2025,5,19.9,251.0,-0.10896437946938932,-0.09419067672877794,-0.85777617030593,4.204355108877722
Корриентес,-27.4386,-59.0458,2025-06-01,2025,6,13.2,109.0,0.6561174269976322,0.6481542914602172,-0.8556702127143127,2.7525252525252526
Корриентес,-27.4386,-59.0458,2025-07-01,2025,7,15.4,28.0,1.8985625615244606,1.7650109216345318,-0.520731418235317,0.6060606060606061
Корриентес,-27.4386,-59.0458,2025-08-01,2025,8,16.6,72.0,0.9840873338040033,1.018045583459783,0.3167871796064976,1.4457831325301203
Корриентес,-27.4386,-59.0458,2025-09-01,2025,9,19.2,199.0,1.8258821863118162,1.6168673812498073,1.1306476753594903,3.454861111111111
Корриентес,-27.4386,-59.0458,2025-10-01,2025,10,21.3,284.0,2.6971391547709187,2.33305135772581,2.5343187546552324,4.444444444444445
Корриентес,-27.4386,-59.0458,2025-11-01,2025,11,23.3,63.0,1.5143701252086494,1.4678527324598236,1.4412670425112877,0.9012875536480687
Корриентес,-27.4386,-59.0458,2025-12-01,2025,12,25.5,412.0,1.7523190649632543,1.6396346564578341,2.0860044998236695,5.38562091503268
Корриентес,-27.4386,-59.0458,2026-01-01,2026,1,26.8,211.0,1.2057723168052927,1.2341661137139748,1.9326630434240104,2.6243781094527363
Корриентес,-27.4386,-59.0458,2026-02-01,2026,2,28.5,28.0,1.2887392342697321,1.332929043586621,1.677823163105272,0.32748538011695905
Корриентес,-27.4386,-59.0458,2026-03-01,2026,3,28.5,28.0,-1.1470150646026926,-1.1931679718131472,0.836571128505795,0.32748538011695905
Корриентес,-27.4386,-59.0458,2026-04-01,2026,4,28.5,28.0,-2.5776199428526936,-2.371855624106708,-0.4345020029681336,0.32748538011695905
Корриентес,-27.4386,-59.0458,2026-05-01,2026,5,18.2,84.3229572587633,-1.7807257248315862,-1.7945303432463278,-0.1559576641156312,1.5443765065707562
Корриентес,-27.4386,-59.0458,2026-06-01,2026,6,15.5,6.749216916284453,-1.4945952001768323,-1.7546891765347299,-1.577063579501385,0.14514444981256888
Корриентес,-27.4386,-59.0458,2026-07-01,2026,7,15.3,32.23855331120644,-0.41332433739063984,-0.4642004416749597,-2.15718450671324,0.7023649958868504
Корриентес,-27.4386,-59.0458,2026-08-01,2026,8,16.8,26.905820917000312,-0.8804052942382806,-0.9288959364058267,-2.1186538012804896,0.5338456531150856
Корриентес,-27.4386,-59.0458,2026-09-01,2026,9,18.9,46.40547292770677,-0.35458684217902403,-0.35477177244424946,-1.4762337729203723,0.8184386759736644
Корриентес,-27.4386,-59.0458,2026-10-01,2026,10,21.5,86.22489138756205,-0.6261594527182878,-0.6916819814593734,-0.8651780208874031,1.3368200215125898
Корриентес,-27.4386,-59.0458,2026-11-01,2026,11,23.6,232.6654920628382,0.43911077487478006,0.44824298559373355,-0.048790964576764885,3.28623576359941
Корриентес,-27.4386,-59.0458,2026-12-01,2026,12,25.6,128.2796480924036,0.4218593931237097,0.4410737850025984,0.1299240428170068,1.6703079178698383
Ла-Плата,-34.9661,-57.8958,1961-01-01,1961,1,22.3,133.0,,,,1.9880418535127056
Ла-Плата,-34.9661,-57.8958,1961-02-01,1961,2,22.0,27.0,,,,0.4090909090909091
Ла-Плата,-34.9661,-57.8958,1961-03-01,1961,3,20.8,48.0,-0.6505196868867972,-0.7067499518992613,,0.7692307692307693
Ла-Плата,-34.9661,-57.8958,1961-04-01,1961,4,14.8,85.0,-1.0575240822442407,-1.1260705076640036,,1.9144144144144144
Ла-Плата,-34.9661,-57.8958,1961-05-01,1961,5,14.3,97.0,-0.09114716830728067,-0.06787123584808007,,2.261072261072261
Ла-Плата,-34.9661,-57.8958,1961-06-01,1961,6,9.6,22.0,0.12146107455455685,0.12672918354595208,-0.5509321623360075,
Ла-Плата,-34.9661,-57.8958,1961-07-01,1961,7,8.8,60.0,0.10383385832657825,0.09029801244996209,-0.8380345141485026,
Ла-Плата,-34.9661,-57.8958,1961-08-01,1961,8,12.5,25.0,-1.0470140697144625,-1.0843384628573116,-0.7187380329673594,0.6666666666666666
Ла-Плата,-34.9661,-57.8958,1961-09-01,1961,9,12.4,23.0,-1.3848914052756065,-1.3551504989280165,-0.7536299625823228,0.6182795698924731
Ла-Плата,-34.9661,-57.8958,1961-10-01,1961,10,16.7,114.0,-0.8841073756978969,-0.9658497431771983,-0.5591426136962343,2.2754491017964074
Ла-Плата,-34.9661,-57.8958,1961-11-01,1961,11,19.4,91.0,-0.3339423118016221,-0.37947677423943177,-0.9102489028486792,1.563573883161512
Ла-Плата,-34.9661,-57.8958,1961-12-01,1961,12,20.6,87.0,0.2414023912549943,0.2938878798711187,-0.5814773411389234,1.4077669902912622
Ла-Плата,-34.9661,-57.8958,1962-01-01,1962,1,21.9,59.0,-0.0759309235268941,-0.17852776947640536,-0.774700897125943,0.898021308980213
Ла-Плата,-34.9661,-57.8958,1962-02-01,1962,2,21.7,31.0,-0.8308999414927737,-0.9254668324429658,-0.9273083257615933,0.47619047619047616
Ла-Плата,-34.9661,-57.8958,1962-03-01,1962,3,22.6,50.0,-1.4129388279833173,-1.4533063300192333,-0.8348234170608965,0.7374631268436578
Ла-Плата,-34.9661,-57.8958,1962-04-01,1962,4,14.8,180.0,-0.10224744444505254,-0.12490535847319827,-0.2700150872576718,4.054054054054054
Ла-Плата,-34.9661,-57.8958,1962-05-01,1962,5,11.2,11.0,0.0061331195593030945,0.040720640260902344,-0.598259866920724,0.3273809523809524
Ла-Плата,-34.9661,-57.8958,1962-06-01,1962,6,9.5,3.0,0.02357904600274342,0.01849086048288442,-1.0287089653845876,
Ла-Плата,-34.9661,-57.8958,1962-07-01,1962,7,7.1,71.0,-1.1157403423020642,-1.1644883548636147,-0.7958203152613539,
Ла-Плата,-34.9661,-57.8958,1962-08-01,1962,8,10.6,83.0,-0.2578155434773999,-0.2638231978575614,-0.2374675083408568,2.610062893081761
Ла-Плата,-34.9661,-57.8958,1962-09-01,1962,9,12.6,135.0,1.0790412057237526,1.0927505592337323,0.6305705859774581,3.5714285714285716
Ла-Плата,-34.9661,-57.8958,1962-10-01,1962,10,14.4,14.0,-0.07069000231556927,-0.09711584696126105,-0.743496282773361,0.32407407407407407
Ла-Плата,-34.9661,-57.8958,1962-11-01,1962,11,19.7,64.0,-0.49232177610783684,-0.5517237946704269,-0.6148222947028642,1.0829103214890017
Ла-Плата,-34.9661,-57.8958,1962-12-01,1962,12,21.4,61.0,-1.34566156792415,-1.4112835898602885,-0.3552140596273939,0.9501557632398754
Ла-Плата,-34.9661,-57.8958,1963-01-01,1963,1,22.3,165.0,0.40451399497402823,0.3875898150182146,0.1391996528129912,2.4663677130044843
Ла-Плата,-34.9661,-57.8958,1963-02-01,1963,2,22.5,89.0,0.4651695692724254,0.48846834309765425,-0.040963431250957826,1.3185185185185184
Ла-Плата,-34.9661,-57.8958,1963-03-01,1963,3,19.2,265.0,1.5199702739396574,1.4759497437782931,0.5728994172149404,4.600694444444445
Ла-Плата,-34.9661,-57.8958,1963-04-01,1963,4,17.9,34.0,0.9016177661079302,0.9597382584564805,0.7772215090195556,0.633147113594041
Ла-Плата,-34.9661,-57.8958,1963-05-01,1963,5,12.6,27.0,0.6876093409877027,0.7596655103950156,0.6709585857728666,0.7142857142857143
Ла-Плата,-34.9661,-57.8958,1963-06-01,1963,6,10.7,132.0,0.01366100192940164,0.007505456410345789,1.201876084417644,4.11214953271028
Ла-Плата,-34.9661,-57.8958,1963-07-01,1963,7,11.3,51.0,0.4095910085131143,0.4201040676640452,0.8146164269068816,1.5044247787610618
Ла-Плата,-34.9661,-57.8958,1963-08-01,1963,8,9.9,212.0,2.3812585250995437,2.042327978514045,1.7500373733246442,
Ла-Плата,-34.9661,-57.8958,1963-09-01,1963,9,12.0,189.0,2.5184774054972823,2.2761195202704982,1.632390674880393,5.25
Ла-Плата,-34.9661,-57.8958,1963-10-01,1963,10,14.1,85.0,2.277519277031339,2.1372635321348885,1.53102265793229,2.0094562647754137
Ла-Плата,-34.9661,-57.8958,1963-11-01,1963,11,16.4,134.0,1.2661298683193332,1.3015954157106155,2.0554545008319716,2.723577235772358
Ла-Плата,-34.9661,-57.8958,1963-12-01,1963,12,20.0,192.0,1.2235690955772782,1.2752941304160983,2.2072544250089705,3.2
Ла-Плата,-34.9661,-57.8958,1964-01-01,1964,1,22.9,22.0,0.8298396853949198,0.8621581859296576,1.7658189853835353,0.32023289665211063
Ла-Плата,-34.9661,-57.8958,1964-02-01,1964,2,21.4,197.0,1.1382102106224181,1.1814683522864189,1.5324397163724917,3.068535825545171
Ла-Плата,-34.9661,-57.8958,1964-03-01,1964,3,18.4,158.0,0.6843687671938041,0.7392422450956108,1.1912647729313308,2.86231884057971
Ла-Плата,-34.9661,-57.8958,1964-04-01,1964,4,15.6,79.0,1.2271013946291336,1.2694554508898228,1.250524303366646,1.688034188034188
Ла-Плата,-34.9661,-57.8958,1964-05-01,1964,5,13.5,77.0,0.597902041533912,0.6708517491090995,1.057168483094073,1.9012345679012346
Ла-Плата,-34.9661,-57.8958,1964-06-01,1964,6,7.7,48.0,0.12146107455455685,0.12672918354595208,0.5007075449740436,
Ла-Плата,-34.9661,-57.8958,1964-07-01,1964,7,8.8,28.0,-0.18015652841065033,-0.22074397020251646,0.7478069997235225,
Ла-Плата,-34.9661,-57.8958,1964-08-01,1964,8,10.3,49.0,-0.7462039998969361,-0.7828618751490425,0.08028854815107693,1.5857605177993528
Ла-Плата,-34.9661,-57.8958,1964-09-01,1964,9,12.2,63.0,-0.8134387190387853,-0.8793488414438126,-0.488242441022978,1.721311475409836
Ла-Плата,-34.9661,-57.8958,1964-10-01,1964,10,13.7,124.0,-0.02712093127969406,-0.04798987773122776,-0.19727699759963283,3.017031630170316
Ла-Плата,-34.9661,-57.8958,1964-11-01,1964,11,16.5,58.0,-0.16038673992965433,-0.18710041750816211,-0.6148222947028642,1.1717171717171717
Ла-Плата,-34.9661,-57.8958,1964-12-01,1964,12,20.7,36.0,-0.46640960274211923,-0.5038413563749367,-0.9162461130933724,0.5797101449275363
Ла-Плата,-34.9661,-57.8958,1965-01-01,1965,1,24.1,50.0,-1.5453470063952837,-1.5218026909713571,-0.9189054571604568,0.6915629322268326
Ла-Плата,-34.9661,-57.8958,1965-02-01,1965,2,23.5,86.0,-0.8907173466763071,-0.9829467052572015,-0.8399365114274808,1.2198581560283688
Ла-Плата,-34.9661,-57.8958,1965-03-01,1965,3,17.4,17.0,-1.2493889113463212,-1.3055196170472663,-1.2387088374889332,0.32567049808429116
Ла-Плата,-34.9661,-57.8958,1965-04-01,1965,4,15.6,111.0,-0.5249571633965578,-0.5892190707058795,-1.1839636917637093,2.371794871794872
Ла-Плата,-34.9661,-57.8958,1965-05-01,1965,5,12.4,11.0,-1.0134585380429348,-1.0758224253840567,-1.2477208186260418,0.2956989247311828
Ла-Плата,-34.9661,-57.8958,1965-06-01,1965,6,13.4,12.0,-0.6205966070904297,-0.6819729337368081,-1.3009066230109332,0.29850746268656714
Ла-Плата,-34.9661,-57.8958,1965-07-01,1965,7,9.7,45.0,-1.4241659090097636,-1.424633075672946,-1.1676014566727844,
Ла-Плата,-34.9661,-57.8958,1965-08-01,1965,8,10.9,50.0,-1.0470140697144625,-1.0843384628573116,-1.4111729291470065,1.529051987767584
Ла-Плата,-34.9661,-57.8958,1965-09-01,1965,9,13.1,35.0,-0.981693313474662,-1.0292848136038364,-1.13959813273794,0.8905852417302799
Ла-Плата,-34.9661,-57.8958,1965-10-01,1965,10,16.3,32.0,-1.4689205797870586,-1.4961162215862953,-1.7496680966907774,0.65439672801636
Ла-Плата,-34.9661,-57.8958,1965-11-01,1965,11,19.0,83.0,-1.2224772590777762,-1.2773532905218767,-1.5466711714933414,1.456140350877193
Ла-Плата,-34.9661,-57.8958,1965-12-01,1965,12,20.0,81.0,-0.6962479585248682,-0.7561399941984509,-1.1639931628075972,1.35
Ла-Плата,-34.9661,-57.8958,1966-01-01,1966,1,22.7,81.0,0.004581132249928687,-0.08395690125062297,-1.0548066433919687,1.1894273127753303
Ла-Плата,-34.9661,-57.8958,1966-02-01,1966,2,20.5,94.0,-0.02386060866811596,-0.06272508854498314,-0.9200359862728719,1.5284552845528456
Ла-Плата,-34.9661,-57.8958,1966-03-01,1966,3,19.4,239.0,0.9195038658177066,0.9654439486779208,0.3035833502315415,4.106529209621993
Ла-Плата,-34.9661,-57.8958,1966-04-01,1966,4,16.7,155.0,1.5889412650753267,1.5833429419697373,1.03952156881595,3.093812375249501
Ла-Плата,-34.9661,-57.8958,1966-05-01,1966,5,15.0,37.0,1.4040807672452091,1.3916891264497064,0.8895733376882582,0.8222222222222222
Ла-Плата,-34.9661,-57.8958,1966-06-01,1966,6,11.3,74.0,0.6825360957722717,0.7259303514582333,1.043690691467969,2.1828908554572273
Ла-Плата,-34.9661,-57.8958,1966-07-01,1966,7,10.5,43.0,-0.1686786667375405,-0.20821330424431989,1.0726479818135561,1.3650793650793651
Ла-Плата,-34.9661,-57.8958,1966-08-01,1966,8,9.3,11.0,-0.6980627911279162,-0.73306605503584,0.9129388158805339,
Ла-Плата,-34.9661,-57.8958,1966-09-01,1966,9,10.9,23.0,-2.060275346627289,-1.8019204794045005,-0.4965917602023915,0.7033639143730887
Ла-Плата,-34.9661,-57.8958,1966-10-01,1966,10,14.0,62.0,-1.7628916188229729,-1.7306910869083876,-1.2587949063270354,1.4761904761904763
Ла-Плата,-34.9661,-57.8958,1966-11-01,1966,11,17.8,86.0,-0.9659840897798927,-1.03716644005615,-1.2087991896504806,1.6104868913857677
Ла-Плата,-34.9661,-57.8958,1966-12-01,1966,12,20.3,103.0,-0.13939888226087532,-0.13483782766013652,-1.1487381826732599,1.6912972085385878
Ла-Плата,-34.9661,-57.8958,1967-01-01,1967,1,23.1,76.0,0.19219188512276492,0.13803177133442993,-1.062329429593142,1.0966810966810967
Ла-Плата,-34.9661,-57.8958,1967-02-01,1967,2,22.0,52.0,-0.256051249625942,-0.32361506686901936,-0.9491142595323602,0.7878787878787878
Ла-Плата,-34.9661,-57.8958,1967-03-01,1967,3,18.8,77.0,-0.6800931405324604,-0.7382126313544953,-0.6750103188599482,1.3652482269503545
Ла-Плата,-34.9661,-57.8958,1967-04-01,1967,4,16.1,88.0,-0.49694163867706437,-0.5592482085193896,-0.37356031858223704,1.8219461697722565
Ла-Плата,-34.9661,-57.8958,1967-05-01,1967,5,15.7,75.0,-0.002610287295772159,0.030991809191150032,-0.2752136301092278,1.5923566878980893
Ла-Плата,-34.9661,-57.8958,1967-06-01,1967,6,6.4,97.0,0.6312822079067344,0.6735101533569332,-0.2154918788418965,
Ла-Плата,-34.9661,-57.8958,1967-07-01,1967,7,8.8,89.0,0.8551863997443069,0.8711193098864437,0.04969792535132424,
Ла-Плата,-34.9661,-57.8958,1967-08-01,1967,8,10.0,109.0,1.42036710732871,1.375120760609779,0.7611318227123968,
Ла-Плата,-34.9661,-57.8958,1967-09-01,1967,9,13.2,100.0,1.1703179271702102,1.1811757920422603,1.140391376558582,2.525252525252525
Ла-Плата,-34.9661,-57.8958,1967-10-01,1967,10,15.9,326.0,2.6592804813443958,2.3973307375549213,1.8853261660754037,6.834381551362683
Ла-Плата,-34.9661,-57.8958,1967-11-01,1967,11,19.7,120.0,2.250403766300686,2.072334984128374,2.1907406472123836,2.030456852791878
Ла-Плата,-34.9661,-57.8958,1967-12-01,1967,12,23.2,15.0,1.5939096116681966,1.5820331978625974,1.7840243748470577,0.21551724137931033
Ла-Плата,-34.9661,-57.8958,1968-01-01,1968,1,23.0,29.0,-1.0756780450646846,-1.1942495766259391,1.1950151626700725,0.42028985507246375
Ла-Плата,-34.9661,-57.8958,1968-02-01,1968,2,22.1,120.0,-0.9893563975083982,-1.0753143429413088,1.050479115082826,1.8099547511312217
Ла-Плата,-34.9661,-57.8958,1968-03-01,1968,3,19.5,59.0,-0.6505196868867972,-0.7067499518992613,0.6314888041909834,1.0085470085470085
Ла-Плата,-34.9661,-57.8958,1968-04-01,1968,4,14.1,4.0,-0.8237613059856527,-0.8986972375688149,-1.2547588208625915,0.09456264775413711
Ла-Плата,-34.9661,-57.8958,1968-05-01,1968,5,11.8,19.0,-1.7561615168712035,-1.7737338241983998,-1.6279547059067934,0.536723163841808
Ла-Плата,-34.9661,-57.8958,1968-06-01,1968,6,10.0,55.0,-1.3445723540528445,-1.3748776464597599,-1.3065513232375339,
Ла-Плата,-34.9661,-57.8958,1968-07-01,1968,7,11.7,65.0,-0.3462272723565384,-0.40071659805352183,-0.9390135834578116,1.8518518518518519
Ла-Плата,-34.9661,-57.8958,1968-08-01,1968,8,12.2,75.0,0.2622327042953756,0.2961903040203007,-1.1812501101316395,2.0491803278688523
Ла-Плата,-34.9661,-57.8958,1968-09-01,1968,9,12.7,5.0,-0.7322956348159129,-0.8041359705169128,-1.453099672031384,0.13123359580052493
Ла-Плата,-34.9661,-57.8958,1968-10-01,1968,10,15.3,94.0,-0.7371334491200678,-0.8188377690298531,-0.7743168245542359,2.047930283224401
Ла-Плата,-34.9661,-57.8958,1968-11-01,1968,11,20.4,144.0,-0.1804948424659563,-0.2095263406810887,-0.04450009818722547,2.3529411764705883
Ла-Плата,-34.9661,-57.8958,1968-12-01,1968,12,20.6,164.0,1.1545701552308087,1.2143311013032456,0.5664896657030529,2.6537216828478964
Ла-Плата,-34.9661,-57.8958,1969-01-01,1969,1,22.7,53.0,0.9154608810582612,0.9516726017044095,0.22963805069698662,0.7782672540381792
Ла-Плата,-34.9661,-57.8958,1969-02-01,1969,2,22.4,88.0,0.3871832213986645,0.40197117275909644,0.09619294271320891,1.3095238095238095
Ла-Плата,-34.9661,-57.8958,1969-03-01,1969,3,20.3,98.0,-0.36098560953713515,-0.39138157481150393,0.480029239586201,1.6091954022988506
Ла-Плата,-34.9661,-57.8958,1969-04-01,1969,4,16.7,84.0,-0.02495853745576803,-0.038263803008404255,0.5304610034561145,1.6766467065868262
Ла-Плата,-34.9661,-57.8958,1969-05-01,1969,5,13.3,203.0,1.1038880081521438,1.1435969374777544,0.9032261262363629,5.087719298245614
Ла-Плата,-34.9661,-57.8958,1969-06-01,1969,6,11.0,61.0,1.3314716792098145,1.3346104859984447,0.5358095751444719,1.8484848484848484
Ла-Плата,-34.9661,-57.8958,1969-07-01,1969,7,10.9,78.0,1.4613940782570543,1.404729030744399,0.8983511393209402,2.385321100917431
Ла-Плата,-34.9661,-57.8958,1969-08-01,1969,8,9.2,0.0,-0.5259380471526098,-0.5521358997772701,0.6889436460571585,
Ла-Плата,-34.9661,-57.8958,1969-09-01,1969,9,13.0,46.0,-1.0868214163085936,-1.1187843482506366,0.5488885455297009,1.1794871794871795
Ла-Плата,-34.9661,-57.8958,1969-10-01,1969,10,14.3,43.0,-1.8643206428398824,-1.8070906279768306,0.10534494990629335,1.0023310023310024
Ла-Плата,-34.9661,-57.8958,1969-11-01,1969,11,18.8,47.0,-1.4021330994743473,-1.4355721258466394,-1.403368930548207,0.8333333333333334
Ла-Плата,-34.9661,-57.8958,1969-12-01,1969,12,23.6,34.0,-1.5321375286907282,-1.58144126278728,-1.732636842042618,0.480225988700565
Ла-Плата,-34.9661,-57.8958,1970-01-01,1970,1,23.0,77.0,-1.1987197316317315,-1.2900472121085147,-1.8933993956997202,1.1159420289855073
Ла-Плата,-34.9661,-57.8958,1970-02-01,1970,2,23.8,56.0,-0.9519269983262606,-1.0406223829167742,-1.6533195118538386,0.7843137254901961
Ла-Плата,-34.9661,-57.8958,1970-03-01,1970,3,20.6,92.0,-0.48831138793203926,-0.5315030395158167,-1.3825023768541957,1.4886731391585761
Ла-Плата,-34.9661,-57.8958,1970-04-01,1970,4,18.4,120.0,-0.04203989503047716,-0.05742696327201326,-0.7403089617104835,2.1739130434782608
Ла-Плата,-34.9661,-57.8958,1970-05-01,1970,5,12.6,23.0,-0.04662508882217649,-0.01808417545600889,-0.6963179234388704,0.6084656084656085
Ла-Плата,-34.9661,-57.8958,1970-06-01,1970,6,9.5,10.0,-0.40474978907580633,-0.4526048346732936,-0.7625528327936378,
Ла-Плата,-34.9661,-57.8958,1970-07-01,1970,7,9.6,40.0,-1.328651260270379,-1.3471699585502912,-0.8260103424094796,
Ла-Плата,-34.9661,-57.8958,1970-08-01,1970,8,10.8,62.0,-0.9612860960089541,-1.000232251718306,-0.6400574044840853,1.9135802469135803
Ла-Плата,-34.9661,-57.8958,1970-09-01,1970,9,14.2,67.0,-0.36662600195749445,-0.4434369921407412,-0.6711864776899201,1.5727699530516432
Ла-Плата,-34.9661,-57.8958,1970-10-01,1970,10,14.6,140.0,0.3220649171579314,0.3452651172582311,-0.551492746468393,3.1963470319634704
Ла-Плата,-34.9661,-57.8958,1970-11-01,1970,11,16.7,28.0,-0.26174411321972496,-0.2998118666835551,-0.809339102294324,0.5588822355289421
Ла-Плата,-34.9661,-57.8958,1970-12-01,1970,12,20.9,27.0,-0.7069422752730604,-0.767663879543872,-0.8689916151018849,0.430622009569378
Ла-Плата,-34.9661,-57.8958,1971-01-01,1971,1,22.1,149.0,-0.4526835574926134,-0.6038330590283623,-0.2155843075487001,2.2473604826546003
Ла-Плата,-34.9661,-57.8958,1971-02-01,1971,2,19.8,121.0,0.32347948357727846,0.3307000620351244,-0.013268634510427675,2.037037037037037
Ла-Плата,-34.9661,-57.8958,1971-03-01,1971,3,19.5,84.0,0.530449406124313,0.5834842514047796,-0.06779420515000656,1.435897435897436
Ла-Плата,-34.9661,-57.8958,1971-04-01,1971,4,14.3,38.0,-0.26020271375397525,-0.30090013086589823,-0.6023677713405109,0.8857808857808858
Ла-Плата,-34.9661,-57.8958,1971-05-01,1971,5,11.3,45.0,-0.7031825305000708,-0.748667172489325,-0.31755452048638594,1.3274336283185841
Ла-Плата,-34.9661,-57.8958,1971-06-01,1971,6,7.6,57.0,-0.5510814524730698,-0.6090075804991512,-0.031904320601039475,
Ла-Плата,-34.9661,-57.8958,1971-07-01,1971,7,11.0,73.0,0.061961738339245405,0.04447649759320797,-0.34320535826043896,2.212121212121212
Ла-Плата,-34.9661,-57.8958,1971-08-01,1971,8,12.1,44.0,-0.018139106217802983,-0.00384299125845682,-0.6873001577894075,1.2121212121212122
Ла-Плата,-34.9661,-57.8958,1971-09-01,1971,9,14.2,148.0,0.8264137452360693,0.8385690038132745,0.019798554408269015,3.4741784037558685
Ла-Плата,-34.9661,-57.8958,1971-10-01,1971,10,15.9,71.0,0.2598813158447045,0.2756901030385068,0.15405897201818117,1.4884696016771488
Ла-Плата,-34.9661,-57.8958,1971-11-01,1971,11,20.5,23.0,-0.19057914964372383,-0.22076226555251227,-0.22663152542338164,0.37398373983739835
Ла-Плата,-34.9661,-57.8958,1971-12-01,1971,12,22.9,66.0,-1.096307439459466,-1.171067205288035,-0.37947892371696984,0.9606986899563319
Ла-Плата,-34.9661,-57.8958,1972-01-01,1972,1,23.9,57.5,-1.4754339813639334,-1.4795192259263408,-0.6948422836258606,0.8019525801952581
Ла-Плата,-34.9661,-57.8958,1972-02-01,1972,2,22.2,49.0,-0.8846743011447574,-0.9771895959716855,-0.8581557111916875,0.7357357357357357
Ла-Плата,-34.9661,-57.8958,1972-03-01,1972,3,18.9,146.0,-0.24297765312951397,-0.26020407011449687,-0.964529841881509,2.5749559082892417
Ла-Плата,-34.9661,-57.8958,1972-04-01,1972,4,16.5,23.0,-0.48763652777534194,-0.5492616995494012,-1.1419705564966036,0.46464646464646464
Ла-Плата,-34.9661,-57.8958,1972-05-01,1972,5,14.5,48.0,-0.20939271050777208,-0.20054465024859233,-0.7728665581695029,1.103448275862069
Ла-Плата,-34.9661,-57.8958,1972-06-01,1972,6,11.5,139.0,0.17909628606906097,0.19021264837395196,-0.23136073188848374,4.028985507246377
Ла-Плата,-34.9661,-57.8958,1972-07-01,1972,7,9.4,47.0,0.6269677757084281,0.6456475650855138,-0.12127342491583167,
Ла-Плата,-34.9661,-57.8958,1972-08-01,1972,8,10.0,99.0,1.3150731609640114,1.2902015388212145,0.5397305450009128,
Ла-Плата,-34.9661,-57.8958,1972-09-01,1972,9,13.7,110.0,0.7279083327280925,0.7360191334313193,0.5036361576350307,2.67639902676399
Ла-Плата,-34.9661,-57.8958,1972-10-01,1972,10,14.2,106.0,0.7814071265764829,0.8419398880631392,0.8452685960854889,2.488262910798122
Ла-Плата,-34.9661,-57.8958,1972-11-01,1972,11,17.6,93.0,0.4448636585044717,0.4852598460904902,1.072525615097295,1.7613636363636365
Ла-Плата,-34.9661,-57.8958,1972-12-01,1972,12,21.0,101.0,0.3127930733080231,0.372499167574959,0.6302941314965679,1.6031746031746033
Ла-Плата,-34.9661,-57.8958,1973-01-01,1973,1,22.0,187.0,1.041703213200895,1.0794188020116866,1.18029458721397,2.8333333333333335
Ла-Плата,-34.9661,-57.8958,1973-02-01,1973,2,21.6,107.0,1.0341600594185834,1.0817406045536542,1.020481275609709,1.6512345679012346
Ла-Плата,-34.9661,-57.8958,1973-03-01,1973,3,20.8,95.0,0.7622254443809237,0.8157609294655668,0.734972221244937,1.5224358974358974
Ла-Плата,-34.9661,-57.8958,1973-04-01,1973,4,16.5,142.0,0.5731144259290252,0.6216937136827894,1.003095514823368,2.8686868686868685
Ла-Плата,-34.9661,-57.8958,1973-05-01,1973,5,12.4,12.0,0.07538501297057264,0.11750153249847005,0.6857498222346986,0.3225806451612903
Ла-Плата,-34.9661,-57.8958,1973-06-01,1973,6,11.0,101.0,0.5881168567480926,0.6289232487007052,0.8555014646347265,3.0606060606060606
Ла-Плата,-34.9661,-57.8958,1973-07-01,1973,7,9.6,96.0,0.4001971364668342,0.4101564035931336,0.5361257557360241,
Ла-Плата,-34.9661,-57.8958,1973-08-01,1973,8,10.7,9.0,0.40294876986673717,0.442938250449947,0.20094872812990905,0.2803738317757009
Ла-Плата,-34.9661,-57.8958,1973-09-01,1973,9,12.5,4.0,-1.3654264278032575,-1.3404872792094955,-0.3209763344523773,0.10666666666666667
Ла-Плата,-34.9661,-57.8958,1973-10-01,1973,10,15.7,94.0,-1.6070492103414105,-1.6088443861602058,-0.7511999033088075,1.9957537154989384
Ла-Плата,-34.9661,-57.8958,1973-11-01,1973,11,18.9,27.0,-1.5487395643554935,-1.5586947363999775,-0.9437564555287107,0.47619047619047616
Ла-Плата,-34.9661,-57.8958,1973-12-01,1973,12,20.0,35.0,-1.1428209252793349,-1.2169840591010894,-1.613096066422043,0.5833333333333334
Ла-Плата,-34.9661,-57.8958,1974-01-01,1974,1,22.9,173.0,-0.09661635412015153,-0.20269149596733604,-1.204607584030305,2.518195050946143
Ла-Плата,-34.9661,-57.8958,1974-02-01,1974,2,20.4,45.0,-0.05081798160964088,-0.09326262435897394,-1.1228173040183316,0.7352941176470589
Ла-Плата,-34.9661,-57.8958,1974-03-01,1974,3,20.0,144.0,0.5847165136116647,0.6390567456941305,-0.2663834701682161,2.4
Ла-Плата,-34.9661,-57.8958,1974-04-01,1974,4,16.5,12.0,-0.6481416464053449,-0.7191679219606858,-0.6746100967764619,0.24242424242424243
Ла-Плата,-34.9661,-57.8958,1974-05-01,1974,5,14.8,42.0,-0.3892078351903233,-0.40230650447074456,-0.39652528155307754,0.9459459459459459
Ла-Плата,-34.9661,-57.8958,1974-06-01,1974,6,9.5,16.0,-1.461868541650688,-1.4745256568578982,-0.42480607103017054,
Ла-Плата,-34.9661,-57.8958,1974-07-01,1974,7,12.1,76.0,-0.40816957550788774,-0.4669795588929813,-0.8619928699157463,2.09366391184573
Ла-Плата,-34.9661,-57.8958,1974-08-01,1974,8,10.5,80.0,-0.04571178382692264,-0.033694028942456905,-0.45837669492441496,2.5396825396825395
Ла-Плата,-34.9661,-57.8958,1974-09-01,1974,9,11.1,44.0,0.058225812570272165,0.009737642674700914,-1.0923910840589501,1.3213213213213213
Ла-Плата,-34.9661,-57.8958,1974-10-01,1974,10,15.1,44.0,-0.8101894756239416,-0.8925818038837541,-0.8591272834003743,0.9713024282560706
Ла-Плата,-34.9661,-57.8958,1974-11-01,1974,11,18.6,41.0,-1.494842477428003,-1.51404586442799,-1.1924115549041576,0.7347670250896058
Ла-Плата,-34.9661,-57.8958,1974-12-01,1974,12,20.9,41.0,-1.5068401152702955,-1.5588251154443657,-1.1639931628075972,0.6539074960127592
Ла-Плата,-34.9661,-57.8958,1975-01-01,1975,1,23.1,64.0,-1.4890746938512054,-1.4879430952795467,-1.4116819721398302,0.9235209235209235
Ла-Плата,-34.9661,-57.8958,1975-02-01,1975,2,21.8,153.0,-0.006016941667108913,-0.042491179929376954,-1.057851902307435,2.3394495412844036
Ла-Плата,-34.9661,-57.8958,1975-03-01,1975,3,19.4,80.0,0.11793092867516465,0.14169244197617342,-0.8947277180417322,1.3745704467353952
Ла-Плата,-34.9661,-57.8958,1975-04-01,1975,4,16.6,38.0,-0.016437718780830106,-0.028702634014883197,-0.7994121127708081,0.7630522088353413
Ла-Плата,-34.9661,-57.8958,1975-05-01,1975,5,14.4,140.0,0.15186571836729507,0.20162094917412499,-0.0073775095307393726,3.240740740740741
Ла-Плата,-34.9661,-57.8958,1975-06-01,1975,6,11.5,60.0,0.43811523369660715,0.4711042778691327,0.22380475744424302,1.7391304347826086
Ла-Плата,-34.9661,-57.8958,1975-07-01,1975,7,8.6,29.0,0.5828956635905163,0.60070036906015,0.19411198311911407,
Ла-Плата,-34.9661,-57.8958,1975-08-01,1975,8,10.6,134.0,0.6129844144791246,0.6551414083975101,0.3915291979035915,4.213836477987422
Ла-Плата,-34.9661,-57.8958,1975-09-01,1975,9,13.4,44.0,0.14809862976467386,0.10811451158039136,0.34160501417142447,1.0945273631840795
Ла-Плата,-34.9661,-57.8958,1975-10-01,1975,10,15.7,13.0,-0.5346022192459711,-0.6078891771610098,0.027728076567443295,0.2760084925690021
Ла-Плата,-34.9661,-57.8958,1975-11-01,1975,11,19.0,14.0,-2.355906740368928,-2.1492500136638006,-1.2496547071360076,0.24561403508771928
Ла-Плата,-34.9661,-57.8958,1975-12-01,1975,12,22.9,48.0,-2.200805390455894,-2.130107688600681,-1.4911305624006985,0.6986899563318777
Ла-Плата,-34.9661,-57.8958,1976-01-01,1976,1,22.6,114.0,-0.8592345325016729,-1.0084885205425749,-1.017146341227977,1.6814159292035398
Ла-Плата,-34.9661,-57.8958,1976-02-01,1976,2,21.6,164.0,0.5489645888035428,0.5803007883806416,-0.9854174355906413,2.5308641975308643
Ла-Плата,-34.9661,-57.8958,1976-03-01,1976,3,17.5,71.0,0.4961187768055323,0.5479748113534431,-0.8880743993299772,1.3523809523809525
Ла-Плата,-34.9661,-57.8958,1976-04-01,1976,4,15.6,72.0,0.28193378402409824,0.30487706631531863,-0.36706374292764693,1.5384615384615385
Ла-Плата,-34.9661,-57.8958,1976-05-01,1976,5,13.4,50.0,-0.4380246296362532,-0.45682906591730954,0.010144424380719249,1.243781094527363
Ла-Плата,-34.9661,-57.8958,1976-06-01,1976,6,8.5,60.0,-0.09707031847257792,-0.11516902597878156,0.1991594341900029,
Ла-Плата,-34.9661,-57.8958,1976-07-01,1976,7,8.8,63.0,0.04079395135091107,0.02128557084017454,0.06285053454753704,
Ла-Плата,-34.9661,-57.8958,1976-08-01,1976,8,11.1,62.0,0.13073875445483443,0.15646661106529447,-0.39513319263161556,1.8618618618618619
Ла-Плата,-34.9661,-57.8958,1976-09-01,1976,9,12.7,97.0,0.3342353626913925,0.31226669142525815,0.011580517087133563,2.545931758530184
Ла-Плата,-34.9661,-57.8958,1976-10-01,1976,10,14.8,222.0,1.3936802728380728,1.433178412203242,0.8726528844218421,5.0
Ла-Плата,-34.9661,-57.8958,1976-11-01,1976,11,17.9,109.0,1.4188137446873328,1.4353277265653772,1.1835413095457192,2.0297951582867784
Ла-Плата,-34.9661,-57.8958,1976-12-01,1976,12,20.3,149.0,1.7293069888693766,1.6860684185545884,1.510909192965617,2.4466338259441707
Ла-Плата,-34.9661,-57.8958,1977-01-01,1977,1,24.7,81.0,0.7687468942345089,0.7969195381374413,1.2952985964714425,1.0931174089068827
Ла-Плата,-34.9661,-57.8958,1977-02-01,1977,2,23.1,295.0,1.810636834683895,1.7573733075484101,1.9951014571633752,4.256854256854257
Ла-Плата,-34.9661,-57.8958,1977-03-01,1977,3,20.9,71.0,1.1178904736619923,1.1447021351255375,1.6984161528333388,1.1323763955342903
Ла-Плата,-34.9661,-57.8958,1977-04-01,1977,4,16.8,37.0,1.0096467417492423,1.0654338783660258,1.0798205063279274,0.7341269841269841
Ла-Плата,-34.9661,-57.8958,1977-05-01,1977,5,11.5,123.0,-0.0822014329318367,-0.05785754920504352,1.185565372386092,3.5652173913043477
Ла-Плата,-34.9661,-57.8958,1977-06-01,1977,6,10.9,55.0,0.22652511662164326,0.24224946928934596,0.9509558320864927,1.6819571865443426
Ла-Плата,-34.9661,-57.8958,1977-07-01,1977,7,10.0,47.0,0.5471949781318102,0.5639839984486479,0.9921982739946867,
Ла-Плата,-34.9661,-57.8958,1977-08-01,1977,8,10.3,44.0,-0.4197756904881383,-0.43868878917227844,-0.4030360344192253,1.4239482200647249
Ла-Плата,-34.9661,-57.8958,1977-09-01,1977,9,13.7,105.0,0.005946619482220957,-0.04726311364352971,0.0689607040017639,2.5547445255474455
Ла-Плата,-34.9661,-57.8958,1977-10-01,1977,10,16.8,149.0,0.6150813728417294,0.6664196223469013,0.6976833781697557,2.9563492063492065
Ла-Плата,-34.9661,-57.8958,1977-11-01,1977,11,18.5,102.0,0.8495873963490498,0.9072921896970316,0.4566691938187646,1.837837837837838
Ла-Плата,-34.9661,-57.8958,1977-12-01,1977,12,21.0,88.0,0.6487588536310781,0.729235370029336,0.4797676711638369,1.3968253968253967
Ла-Плата,-34.9661,-57.8958,1978-01-01,1978,1,22.2,75.0,0.19219188512276492,0.13803177133442993,0.4180456435085327,1.1261261261261262
Ла-Плата,-34.9661,-57.8958,1978-02-01,1978,2,20.9,172.0,0.616061229714805,0.6528826346526367,0.954117870311657,2.7432216905901115
Ла-Плата,-34.9661,-57.8958,1978-03-01,1978,3,20.2,146.0,0.787826445312798,0.8405758254392376,0.9443015170196303,2.4092409240924093
Ла-Плата,-34.9661,-57.8958,1978-04-01,1978,4,15.6,29.0,0.5960974190679339,0.6460940391013433,0.42479297321638226,0.6196581196581197
Ла-Плата,-34.9661,-57.8958,1978-05-01,1978,5,12.5,28.0,-0.341034486430437,-0.3483577293016941,0.11993283658316006,0.7466666666666667
Ла-Плата,-34.9661,-57.8958,1978-06-01,1978,6,8.8,153.0,0.17909628606906097,0.19021264837395196,0.6281222920165817,
Ла-Плата,-34.9661,-57.8958,1978-07-01,1978,7,11.9,186.0,1.6300267183836494,1.5363809777193254,1.4613832323815663,5.2100840336134455
Ла-Плата,-34.9661,-57.8958,1978-08-01,1978,8,10.6,24.0,2.0899798924959687,1.858595502453559,0.955745022021386,0.7547169811320755
Ла-Плата,-34.9661,-57.8958,1978-09-01,1978,9,13.4,100.0,1.28933439158908,1.29361756124848,0.8925104010558007,2.487562189054726
Ла-Плата,-34.9661,-57.8958,1978-10-01,1978,10,16.2,139.0,0.2598813158447045,0.2756901030385068,1.251735532268174,2.860082304526749
Ла-Плата,-34.9661,-57.8958,1978-11-01,1978,11,18.4,114.0,0.8246122377048459,0.8822911600156954,1.7028874604446897,2.0652173913043477
Ла-Плата,-34.9661,-57.8958,1978-12-01,1978,12,21.5,33.0,0.1872661785246636,0.2337696167166223,0.9004070827825952,0.5116279069767442
Ла-Плата,-34.9661,-57.8958,1979-01-01,1979,1,23.5,29.0,-0.8592345325016729,-1.0084885205425749,-0.4707857959050873,0.41134751773049644
Ла-Плата,-34.9661,-57.8958,1979-02-01,1979,2,23.8,21.0,-2.324253764504427,-2.0322260052450805,-0.7013139777763361,0.29411764705882354
Ла-Плата,-34.9661,-57.8958,1979-03-01,1979,3,19.6,49.0,-2.0150974317581833,-1.9370123597487061,-1.1465935345793337,0.8333333333333334
Ла-Плата,-34.9661,-57.8958,1979-04-01,1979,4,15.8,18.0,-1.8735571984374155,-1.8125828314363295,-1.7767145411068992,0.379746835443038
Ла-Плата,-34.9661,-57.8958,1979-05-01,1979,5,12.6,35.0,-1.4746702524309947,-1.5240172325569883,-1.9728741812742845,0.9259259259259259
Ла-Плата,-34.9661,-57.8958,1979-06-01,1979,6,10.0,6.0,-1.6304921818801703,-1.6116212629494444,-1.9793249109805144,
Ла-Плата,-34.9661,-57.8958,1979-07-01,1979,7,11.8,22.0,-1.5244003385062614,-1.5029240560915245,-1.8280506614981762,0.6214689265536724
Ла-Плата,-34.9661,-57.8958,1979-08-01,1979,8,11.9,107.0,-0.5877546388926169,-0.6175929870218284,-1.4766017548549428,2.9971988795518207
Ла-Плата,-34.9661,-57.8958,1979-09-01,1979,9,11.9,33.0,-0.4695299748638675,-0.5483004607056253,-1.4679770400603358,0.9243697478991597
Ла-Плата,-34.9661,-57.8958,1979-10-01,1979,10,16.2,65.0,-0.37247700854649546,-0.43293275105582174,-1.1209284741360355,1.337448559670782
Ла-Плата,-34.9661,-57.8958,1979-11-01,1979,11,17.7,64.0,-1.0741178563032072,-1.1404782397284297,-1.2251610075759685,1.2052730696798493
Ла-Плата,-34.9661,-57.8958,1979-12-01,1979,12,20.3,26.0,-1.1545191349363033,-1.2284525094949523,-1.2322370034959778,0.4269293924466338
Ла-Плата,-34.9661,-57.8958,1980-01-01,1980,1,23.8,35.0,-2.332907993626224,-1.8581721188980207,-1.2937575733663782,0.49019607843137253
Ла-Плата,-34.9661,-57.8958,1980-02-01,1980,2,22.1,49.0,-1.784838561542159,-1.7085346719095844,-1.866518818583892,0.7390648567119156
Ла-Плата,-34.9661,-57.8958,1980-03-01,1980,3,23.3,171.0,-0.22160165909497956,-0.2363597517957547,-0.9811308177735572,2.4463519313304722
Ла-Плата,-34.9661,-57.8958,1980-04-01,1980,4,18.7,136.0,0.664514283790932,0.718105386643051,-0.38005986911074324,2.4242424242424243
Ла-Плата,-34.9661,-57.8958,1980-05-01,1980,5,15.0,134.0,1.4669070893288647,1.4407113451561133,0.19377470371118566,2.977777777777778
Ла-Плата,-34.9661,-57.8958,1980-06-01,1980,6,10.0,100.0,1.4916798334860286,1.4686863289710037,0.7518217050414017,
Ла-Плата,-34.9661,-57.8958,1980-07-01,1980,7,9.2,35.0,0.9199150593499165,0.9327022680044851,0.9747553014356578,
Ла-Плата,-34.9661,-57.8958,1980-08-01,1980,8,10.7,53.0,0.17055905514504102,0.1990017445654475,1.3121367492828462,1.6510903426791277
Ла-Плата,-34.9661,-57.8958,1980-09-01,1980,9,13.0,52.0,-0.8134387190387853,-0.8793488414438126,0.8237089288728092,1.3333333333333333
Ла-Плата,-34.9661,-57.8958,1980-10-01,1980,10,15.5,134.0,0.0053720703019749785,-0.011307854440605941,0.6085224573609149,2.881720430107527
Ла-Плата,-34.9661,-57.8958,1980-11-01,1980,11,17.8,141.0,0.6033796126026416,0.6545980198099562,0.5516834190218033,2.640449438202247
Ла-Плата,-34.9661,-57.8958,1980-12-01,1980,12,22.1,34.0,0.39206053945064534,0.458764641719089,-0.18574394742816108,0.5128205128205128
Ла-Плата,-34.9661,-57.8958,1981-01-01,1981,1,22.3,76.0,0.06279033000943625,-0.01520834080355213,-0.09033086386968682,1.1360239162929746
Ла-Плата,-34.9661,-57.8958,1981-02-01,1981,2,22.4,109.0,-0.3741819762081786,-0.45351745869901755,0.08263122707155779,1.6220238095238095
Ла-Плата,-34.9661,-57.8958,1981-03-01,1981,3,18.9,78.0,-0.1541456842310377,-0.16103331461617043,0.07564101157068794,1.3756613756613756
Ла-Плата,-34.9661,-57.8958,1981-04-01,1981,4,16.5,17.0,-0.6194518222510424,-0.6891819080097275,-0.5498865823862736,0.3434343434343434
Ла-Плата,-34.9661,-57.8958,1981-05-01,1981,5,16.3,24.0,-1.2543862764530096,-1.3159930093581025,-1.0859816378978104,0.49079754601226994
Ла-Плата,-34.9661,-57.8958,1981-06-01,1981,6,9.1,28.0,-1.476834194784853,-1.486984783488214,-1.040559893891875,
Ла-Плата,-34.9661,-57.8958,1981-07-01,1981,7,9.4,61.0,-0.6862280737963933,-0.7558129538265772,-0.9682869634411058,
Ла-Плата,-34.9661,-57.8958,1981-08-01,1981,8,11.8,84.0,-0.031905476172707475,-0.018742426928129656,-1.0675734794564284,2.3728813559322033
Ла-Плата,-34.9661,-57.8958,1981-09-01,1981,9,12.1,87.0,0.4538381240580556,0.4427621488626243,-0.843624234719512,2.396694214876033
Ла-Плата,-34.9661,-57.8958,1981-10-01,1981,10,15.1,46.0,-0.23664827462286367,-0.28304951849706406,-0.643482740749707,1.0154525386313467
Ла-Плата,-34.9661,-57.8958,1981-11-01,1981,11,18.3,74.5,-0.551714179262157,-0.615234475932743,-0.5258403651531396,1.3570127504553735
Ла-Плата,-34.9661,-57.8958,1981-12-01,1981,12,21.1,103.0,-0.4104966269940983,-0.4413420543471779,-0.13354672037812482,1.6271721958925751
Ла-Плата,-34.9661,-57.8958,1982-01-01,1982,1,22.3,37.0,-0.32365660874508195,-0.4623898717378775,-0.5276267184736496,0.5530642750373692
Ла-Плата,-34.9661,-57.8958,1982-02-01,1982,2,20.6,184.0,0.5338784982984829,0.5638607448744258,-0.016723614675872696,2.9773462783171523
Ла-Плата,-34.9661,-57.8958,1982-03-01,1982,3,20.8,80.0,0.14852962209109832,0.1753904527221831,-0.2243148690167046,1.2820512820512822
Ла-Плата,-34.9661,-57.8958,1982-04-01,1982,4,17.7,35.0,0.21698550801760985,0.2327109076938196,-0.1706752618323531,0.6591337099811676
Ла-Плата,-34.9661,-57.8958,1982-05-01,1982,5,14.1,65.0,-0.5681270606206468,-0.6011017876438766,-0.07793010619739021,1.5366430260047281
Ла-Плата,-34.9661,-57.8958,1982-06-01,1982,6,9.7,136.0,0.42012458946155906,0.4519015082091362,0.2360978704912778,
Ла-Плата,-34.9661,-57.8958,1982-07-01,1982,7,9.3,75.0,0.9755636901194057,0.9847747292459269,0.6739520180898565,
Ла-Плата,-34.9661,-57.8958,1982-08-01,1982,8,10.8,19.0,0.6970357881790187,0.7374196173303659,-0.1434831258468404,0.5864197530864198
Ла-Плата,-34.9661,-57.8958,1982-09-01,1982,9,13.5,205.0,1.180350979794748,1.190780110707679,0.9929134854358181,5.061728395061729
Ла-Плата,-34.9661,-57.8958,1982-10-01,1982,10,15.6,97.0,0.8392089892133837,0.901552457430719,1.0953960622466996,2.072649572649573
Ла-Плата,-34.9661,-57.8958,1982-11-01,1982,11,17.5,20.0,0.5598059114325075,0.6085191542742452,0.8077830762867106,0.38095238095238093
Ла-Плата,-34.9661,-57.8958,1982-12-01,1982,12,23.2,47.0,-1.050232773590061,-1.1250867391674837,-0.07355256656863338,0.6752873563218391
Ла-Плата,-34.9661,-57.8958,1983-01-01,1983,1,24.3,58.0,-2.332907993626224,-1.8581721188980207,-0.4178678052193902,0.7956104252400549
Ла-Плата,-34.9661,-57.8958,1983-02-01,1983,2,21.9,28.0,-1.4128712572738167,-1.436921942515581,-0.5627542877343285,0.426179604261796
Ла-Плата,-34.9661,-57.8958,1983-03-01,1983,3,20.0,37.5,-1.6372283663821263,-1.6444574094242457,-1.777653030967217,0.625
Ла-Плата,-34.9661,-57.8958,1983-04-01,1983,4,16.7,47.0,-1.5794279656682932,-1.5836960353460063,-1.9389213257947715,0.93812375249501
Ла-Плата,-34.9661,-57.8958,1983-05-01,1983,5,12.5,42.0,-1.1619134659114632,-1.2253488165123942,-1.5500963856910361,1.12
Ла-Плата,-34.9661,-57.8958,1983-06-01,1983,6,8.2,34.0,-0.751557152018979,-0.8167303482317808,-1.5245468314069592,
Ла-Плата,-34.9661,-57.8958,1983-07-01,1983,7,8.2,16.0,-1.0005534809871903,-1.0599852011526067,-1.5739292265332598,
Ла-Плата,-34.9661,-57.8958,1983-08-01,1983,8,10.4,61.0,-0.978291694458748,-1.0170360461150627,-1.4729826300419153,1.955128205128205
Ла-Плата,-34.9661,-57.8958,1983-09-01,1983,9,11.3,130.0,0.14809862976467386,0.10811451158039136,-0.6048715503235127,3.8348082595870205
Ла-Плата,-34.9661,-57.8958,1983-10-01,1983,10,16.6,97.0,0.5154078734556437,0.558669821158077,-0.2640898525984996,1.9477911646586343
Ла-Плата,-34.9661,-57.8958,1983-11-01,1983,11,19.0,43.0,0.08447241105838768,0.08708740972891899,-0.5216042143922242,0.7543859649122807
Ла-Плата,-34.9661,-57.8958,1983-12-01,1983,12,21.6,96.0,-0.2855716803363575,-0.3006113330211772,-0.23405935337623593,1.4814814814814814
Ла-Плата,-34.9661,-57.8958,1984-01-01,1984,1,23.5,197.0,0.7480311951636474,0.7745478376554396,0.795137929851836,2.7943262411347516
Ла-Плата,-34.9661,-57.8958,1984-02-01,1984,2,22.5,260.0,1.9606858271097394,1.8708635593873928,1.5480861614901873,3.8518518518518516
Ла-Плата,-34.9661,-57.8958,1984-03-01,1984,3,19.7,125.0,1.843387262587715,1.713655371629219,1.3125726379487146,2.1150592216582065
Ла-Плата,-34.9661,-57.8958,1984-04-01,1984,4,15.5,51.0,1.2408747317327466,1.2819831488406572,1.2090997993089925,1.096774193548387
Ла-Плата,-34.9661,-57.8958,1984-05-01,1984,5,12.4,85.0,0.17703582126977221,0.2291237137426766,1.407199071695282,2.28494623655914
Ла-Плата,-34.9661,-57.8958,1984-06-01,1984,6,8.0,47.0,-0.08687714893970391,-0.10388214305934139,1.4457343022545937,
Ла-Плата,-34.9661,-57.8958,1984-07-01,1984,7,7.8,43.0,0.061961738339245405,0.04447649759320797,0.8924194680500693,
Ла-Плата,-34.9661,-57.8958,1984-08-01,1984,8,9.2,18.0,-1.0297269911498887,-1.0675006734068335,-0.46628405918770555,
Ла-Плата,-34.9661,-57.8958,1984-09-01,1984,9,12.6,47.0,-1.3848914052756065,-1.3551504989280165,-0.9247081672736074,1.2433862433862435
Ла-Плата,-34.9661,-57.8958,1984-10-01,1984,10,16.6,245.0,0.7328847938685782,0.7913299483064056,0.46607019239320147,4.919678714859437
Ла-Плата,-34.9661,-57.8958,1984-11-01,1984,11,17.7,54.0,0.7659041710228421,0.8229426495041102,0.08534672180762425,1.0169491525423728
Ла-Плата,-34.9661,-57.8958,1984-12-01,1984,12,18.5,44.0,0.6821575921369376,0.7633046689917391,-0.169665650905157,0.7927927927927928
Ла-Плата,-34.9661,-57.8958,1985-01-01,1985,1,23.2,36.0,-1.8816331793573833,-1.695293539243588,-0.4329720563516242,0.5172413793103449
Ла-Плата,-34.9661,-57.8958,1985-02-01,1985,2,23.0,24.0,-1.8931262245085365,-1.7799299190656608,-0.5991826137750723,0.34782608695652173
Ла-Плата,-34.9661,-57.8958,1985-03-01,1985,3,20.3,134.0,-0.7911897541351426,-0.8548555064897508,-0.14402513409682746,2.200328407224959
Ла-Плата,-34.9661,-57.8958,1985-04-01,1985,4,15.7,60.0,-0.48763652777534194,-0.5492616995494012,-1.2226225121285967,1.2738853503184713
Ла-Плата,-34.9661,-57.8958,1985-05-01,1985,5,13.4,246.0,1.4606610352677074,1.4358809385429283,0.15414927551585372,6.119402985074627
Ла-Плата,-34.9661,-57.8958,1985-06-01,1985,6,11.4,21.0,1.1735346036234118,1.1962131670802327,0.13722257764653453,0.6140350877192983
Ла-Плата,-34.9661,-57.8958,1985-07-01,1985,7,10.7,68.0,1.4128125694645781,1.3654946550033495,0.5361257557360241,2.1183800623052957
Ла-Плата,-34.9661,-57.8958,1985-08-01,1985,8,10.8,24.0,-0.9443490387614615,-0.9834381260265648,0.8757203033997872,0.7407407407407407
Ла-Плата,-34.9661,-57.8958,1985-09-01,1985,9,13.2,94.0,-0.12787342677909325,-0.19195414635977118,0.844505965695024,2.3737373737373737
Ла-Плата,-34.9661,-57.8958,1985-10-01,1985,10,15.4,247.0,1.2497808374419932,1.3023433294636444,1.5466644457372785,5.346320346320346
Ла-Плата,-34.9661,-57.8958,1985-11-01,1985,11,19.2,235.0,2.4458446893669636,2.2028184923708216,1.5789052162827437,4.079861111111111
Ла-Плата,-34.9661,-57.8958,1985-12-01,1985,12,21.1,19.0,1.8758290513861744,1.794154687436975,1.433165594817979,0.3001579778830964
Ла-Плата,-34.9661,-57.8958,1986-01-01,1986,1,23.6,121.0,1.0044859976195284,1.0422915631944636,1.38649281673923,1.7090395480225988
Ла-Плата,-34.9661,-57.8958,1986-02-01,1986,2,22.6,17.0,-1.0788747168194153,-1.1564930145573271,1.1618787687149286,0.25073746312684364
Ла-Плата,-34.9661,-57.8958,1986-03-01,1986,3,18.7,68.0,-0.6702019807752753,-0.7277079776860574,0.8247630501891218,1.2121212121212122
Ла-Плата,-34.9661,-57.8958,1986-04-01,1986,4,17.1,138.0,-0.44135799311818774,-0.49936711541115575,0.3448290108447831,2.690058479532164
Ла-Плата,-34.9661,-57.8958,1986-05-01,1986,5,12.0,92.0,0.47527935944475214,0.5461772647090302,-0.3721848957620519,2.5555555555555554
Ла-Плата,-34.9661,-57.8958,1986-06-01,1986,6,11.6,57.0,0.8574879241697366,0.9003179944022971,-0.03821025812554213,1.6379310344827587
Ла-Плата,-34.9661,-57.8958,1986-07-01,1986,7,10.9,45.0,0.2556972288425766,0.25545598226713795,-0.3496784037093312,1.3761467889908257
Ла-Плата,-34.9661,-57.8958,1986-08-01,1986,8,11.1,121.0,0.6129844144791246,0.6551414083975101,0.6689734300656905,3.6336336336336337
Ла-Плата,-34.9661,-57.8958,1986-09-01,1986,9,13.9,60.0,0.38248654866808945,0.3650288181758534,0.844505965695024,1.4388489208633093
Ла-Плата,-34.9661,-57.8958,1986-10-01,1986,10,15.8,125.0,0.6938310046977624,0.750232104866279,0.5597600872672478,2.6371308016877637
Ла-Плата,-34.9661,-57.8958,1986-11-01,1986,11,18.3,161.0,0.7659041710228421,0.8229426495041102,0.9182290488888292,2.9326047358834244
Ла-Плата,-34.9661,-57.8958,1986-12-01,1986,12,21.4,54.0,0.6571260909101836,0.7377963397506194,0.6999052636534099,0.8411214953271028
Ла-Плата,-34.9661,-57.8958,1987-01-01,1987,1,23.6,90.0,0.5224084917889952,0.523413194990177,0.7187429506037779,1.271186440677966
Ла-Плата,-34.9661,-57.8958,1987-02-01,1987,2,23.4,126.0,0.09898335784793673,0.07675148132049621,0.533186215131226,1.794871794871795
Ла-Плата,-34.9661,-57.8958,1987-03-01,1987,3,20.8,205.0,0.9624237834959711,1.005132171762844,1.075669366828683,3.28525641025641
Ла-Плата,-34.9661,-57.8958,1987-04-01,1987,4,16.9,55.0,0.8870685434812715,0.9452869454178777,0.8417625712346886,1.084812623274162
Ла-Плата,-34.9661,-57.8958,1987-05-01,1987,5,10.6,23.0,0.35696991596842514,0.4225579248344388,0.20503655768235896,0.7232704402515723
Ла-Плата,-34.9661,-57.8958,1987-06-01,1987,6,10.6,0.7,-1.3345069053478726,-1.366160638456202,0.003991079433608008,0.0220125786163522
Ла-Плата,-34.9661,-57.8958,1987-07-01,1987,7,11.5,68.0,-1.005369728785451,-1.0644327685486314,0.04772481567172769,1.9710144927536233
Ла-Плата,-34.9661,-57.8958,1987-08-01,1987,8,10.5,54.0,-0.7834782013827704,-0.8211457726706505,-0.1770891706051051,1.7142857142857142
Ла-Плата,-34.9661,-57.8958,1987-09-01,1987,9,11.2,45.0,-0.39573611084536225,-0.47334351195149765,-1.2815187311945393,1.3392857142857142
Ла-Плата,-34.9661,-57.8958,1987-10-01,1987,10,15.5,167.0,0.2910427316353504,0.31060010605809163,-0.4318810203555009,3.5913978494623655
Ла-Плата,-34.9661,-57.8958,1987-11-01,1987,11,19.1,104.0,0.5070565431745403,0.5522476438917154,-0.038767992268414334,1.8150087260034904
Ла-Плата,-34.9661,-57.8958,1987-12-01,1987,12,20.3,140.0,1.2235690955772782,1.2752941304160983,0.7816181208329205,2.2988505747126435
Ла-Плата,-34.9661,-57.8958,1988-01-01,1988,1,23.2,136.0,1.0355377385482927,1.0732992713640648,0.9195395671199358,1.9540229885057472
Ла-Плата,-34.9661,-57.8958,1988-02-01,1988,2,21.1,32.0,0.4107665665829348,0.4282227220626695,0.5812267411136974,0.5055292259083728
Ла-Плата,-34.9661,-57.8958,1988-03-01,1988,3,21.3,300.0,1.239228675329911,1.2491024910494302,1.538252835103417,4.694835680751174
Ла-Плата,-34.9661,-57.8958,1988-04-01,1988,4,14.7,66.0,0.9738481795811591,1.0307244380729668,1.234051958746761,1.4965986394557824
Ла-Плата,-34.9661,-57.8958,1988-05-01,1988,5,10.6,3.0,0.9947586487408853,1.0474974112687918,0.8435331009142463,0.09433962264150944
Ла-Плата,-34.9661,-57.8958,1988-06-01,1988,6,9.2,9.0,-1.3445723540528445,-1.3748776464597599,0.29115964428676727,
Ла-Плата,-34.9661,-57.8958,1988-07-01,1988,7,8.5,33.0,-1.935602399259315,-1.7923706279078644,-0.18030018599039943,
Ла-Плата,-34.9661,-57.8958,1988-08-01,1988,8,11.1,31.0,-1.6837170940962962,-1.6596624322079905,0.10308583841048989,0.9309309309309309
Ла-Плата,-34.9661,-57.8958,1988-09-01,1988,9,12.2,27.0,-1.7361002794933709,-1.6020101837588858,-1.8414831244926735,0.7377049180327869
Ла-Плата,-34.9661,-57.8958,1988-10-01,1988,10,14.6,111.0,-0.7979543265462291,-0.8803226174197744,-1.5320874950306569,2.5342465753424657
Ла-Плата,-34.9661,-57.8958,1988-11-01,1988,11,19.0,64.0,-0.6118510948114771,-0.6788508443810694,-1.403368930548207,1.1228070175438596
Ла-Плата,-34.9661,-57.8958,1988-12-01,1988,12,22.1,128.0,0.33933691552531964,0.40151267443867655,-0.6297728057737525,1.9306184012066365
Ла-Плата,-34.9661,-57.8958,1989-01-01,1989,1,25.2,19.0,-0.3655679125056201,-0.5089078139751938,-0.9189054571604568,0.25132275132275134
Ла-Плата,-34.9661,-57.8958,1989-02-01,1989,2,23.8,47.0,-0.6369348727595291,-0.7317830270991117,-0.9926716150564029,0.6582633053221288
Ла-Плата,-34.9661,-57.8958,1989-03-01,1989,3,20.1,145.0,-0.6212420285847572,-0.6754429687965919,-0.29237009140554865,2.4046434494195688
Ла-Плата,-34.9661,-57.8958,1989-04-01,1989,4,16.6,100.0,0.15953709212376335,0.16859045563015665,-0.23785425630597173,2.008032128514056
Ла-Плата,-34.9661,-57.8958,1989-05-01,1989,5,13.2,0.0,0.040912096180401564,0.07934532290017525,-0.4697267568187508,0.0
Ла-Плата,-34.9661,-57.8958,1989-06-01,1989,6,10.7,35.0,-0.6089198165959052,-0.6697826157781303,-0.9571293555906039,1.0903426791277258
Ла-Плата,-34.9661,-57.8958,1989-07-01,1989,7,9.3,52.0,-1.0822134146731919,-1.13447572563851,-0.592181310429057,
Ла-Плата,-34.9661,-57.8958,1989-08-01,1989,8,12.8,170.0,1.0092339494966167,1.0283696762675203,0.5397305450009128,4.427083333333333
Ла-Плата,-34.9661,-57.8958,1989-09-01,1989,9,12.2,17.0,0.5355907730788748,0.5312518403833595,-0.23736651662437697,0.4644808743169399
Ла-Плата,-34.9661,-57.8958,1989-10-01,1989,10,14.8,29.0,-0.24786091561396253,-0.2955154427586588,-0.8514156971494851,0.6531531531531531
Ла-Плата,-34.9661,-57.8958,1989-11-01,1989,11,19.1,48.0,-1.99201318976478,-1.9001892944665015,-0.775593251492027,0.837696335078534
Ла-Плата,-34.9661,-57.8958,1989-12-01,1989,12,22.9,194.0,0.04960874499174489,0.07933975580762911,0.2934427080534789,2.8238719068413394
Ла-Плата,-34.9661,-57.8958,1990-01-01,1990,1,23.8,260.0,1.7005509252283062,1.6635710780279558,1.285951849913988,3.641456582633053
Ла-Плата,-34.9661,-57.8958,1990-02-01,1990,2,21.6,253.0,2.708754411665736,2.370100934893513,1.4603995219367816,3.904320987654321
Ла-Плата,-34.9661,-57.8958,1990-03-01,1990,3,19.1,108.0,2.032584904173988,1.8421376074267761,1.583040847080694,1.8848167539267016
Ла-Плата,-34.9661,-57.8958,1990-04-01,1990,4,16.2,133.0,1.6279256465413545,1.6153294224550667,1.9746616057066892,2.736625514403292
Ла-Плата,-34.9661,-57.8958,1990-05-01,1990,5,12.4,73.0,0.597902041533912,0.6708517491090995,2.0410076492419598,1.9623655913978495
Ла-Плата,-34.9661,-57.8958,1990-06-01,1990,6,9.6,8.0,0.21708215776488102,0.23190596435530514,1.736209475465645,
Ла-Плата,-34.9661,-57.8958,1990-07-01,1990,7,9.2,14.0,-0.9529484321636046,-1.0156639813132733,0.7600189164711113,
Ла-Плата,-34.9661,-57.8958,1990-08-01,1990,8,12.7,31.0,-2.114421996164668,-2.0008450503032704,-0.48209879115411747,0.8136482939632546
Ла-Плата,-34.9661,-57.8958,1990-09-01,1990,9,12.0,67.0,-1.3077405223089338,-1.2964058971454588,-0.6380648576893587,1.8611111111111112
Ла-Плата,-34.9661,-57.8958,1990-10-01,1990,10,17.0,103.0,-0.41838659461258537,-0.4829591820269066,-0.9053949384040575,2.019607843137255
Ла-Плата,-34.9661,-57.8958,1990-11-01,1990,11,19.3,336.0,1.9804904496495275,1.8810700348040905,0.8538099039186934,5.803108808290156
Ла-Плата,-34.9661,-57.8958,1990-12-01,1990,12,19.4,175.0,2.614966288786443,2.278026741144394,1.6300314224452759,3.006872852233677
Ла-Плата,-34.9661,-57.8958,1991-01-01,1991,1,22.8,129.0,2.3106914346070093,2.096205207510389,1.7912113654596054,1.8859649122807018
Ла-Плата,-34.9661,-57.8958,1991-02-01,1991,2,21.2,18.0,0.5187269180029828,0.5473069164198096,1.567463950716344,0.2830188679245283
Ла-Плата,-34.9661,-57.8958,1991-03-01,1991,3,21.6,14.0,-1.1536567125154942,-1.2157375078516188,1.1363920946264274,0.21604938271604937
Ла-Плата,-34.9661,-57.8958,1991-04-01,1991,4,16.4,67.0,-1.7391149514684743,-1.7104032358932244,1.0664669069668011,1.361788617886179
Ла-Плата,-34.9661,-57.8958,1991-05-01,1991,5,15.4,95.0,-0.6091325553866085,-0.6461755056770354,-0.11346767650737082,2.0562770562770565
Ла-Плата,-34.9661,-57.8958,1991-06-01,1991,6,9.1,129.0,0.8900679951729625,0.9319807117512477,-0.29801888952344363,
Ла-Плата,-34.9661,-57.8958,1991-07-01,1991,7,8.7,97.0,1.3137185084605525,1.2836014111209966,-0.33024773720601086,
Ла-Плата,-34.9661,-57.8958,1991-08-01,1991,8,11.3,58.0,1.3044350949610017,1.2814759713797792,0.2381581242191563,1.710914454277286
Ла-Плата,-34.9661,-57.8958,1991-09-01,1991,9,14.2,74.0,0.4183134317706371,0.40410977299089196,0.8925104010558007,1.7370892018779343
Ла-Плата,-34.9661,-57.8958,1991-10-01,1991,10,14.6,139.0,0.34266982813462726,0.36823517605525447,1.0706362460194592,3.17351598173516
Ла-Плата,-34.9661,-57.8958,1991-11-01,1991,11,17.4,74.0,0.24458930826222625,0.26561949083028763,0.930925735864955,1.417624521072797
Ла-Плата,-34.9661,-57.8958,1991-12-01,1991,12,22.6,46.0,-0.06301624823498096,-0.04812913706590342,0.12393881026054719,0.6784660766961652
Ла-Плата,-34.9661,-57.8958,1992-01-01,1992,1,21.7,210.0,0.7060475691643028,0.7288313128629764,0.658507249405174,3.225806451612903
Ла-Плата,-34.9661,-57.8958,1992-02-01,1992,2,22.1,24.0,0.18393316995819187,0.173180208488244,0.22316187691181763,0.36199095022624433
Ла-Плата,-34.9661,-57.8958,1992-03-01,1992,3,22.1,137.0,0.644827490753481,0.6997852441736264,0.4184521993106734,2.0663650075414783
Ла-Плата,-34.9661,-57.8958,1992-04-01,1992,4,15.1,103.0,-0.07636301306106914,-0.09591092701961508,0.32166388515485905,2.273730684326711
Ла-Плата,-34.9661,-57.8958,1992-05-01,1992,5,11.8,116.0,0.9041170543109879,0.9652189317558871,0.6461410235654879,3.2768361581920904
Ла-Плата,-34.9661,-57.8958,1992-06-01,1992,6,10.9,108.0,1.1735346036234118,1.1962131670802327,1.1337132131141794,3.302752293577982
Ла-Плата,-34.9661,-57.8958,1992-07-01,1992,7,6.9,47.0,0.9359068909659087,0.9477494414101143,0.42131077822035523,
Ла-Плата,-34.9661,-57.8958,1992-08-01,1992,8,11.0,104.0,1.0316526423038792,1.0483437816355117,1.237280544861288,3.1515151515151514
Ла-Плата,-34.9661,-57.8958,1992-09-01,1992,9,12.2,56.0,0.14809862976467386,0.10811451158039136,0.9863243024246385,1.530054644808743
Ла-Плата,-34.9661,-57.8958,1992-10-01,1992,10,16.2,140.0,0.6348500084757663,0.6875737478244094,0.9634081611462572,2.880658436213992
Ла-Плата,-34.9661,-57.8958,1992-11-01,1992,11,16.5,91.0,0.24458930826222625,0.26561949083028763,0.767716712102564,1.8383838383838385
Ла-Плата,-34.9661,-57.8958,1992-12-01,1992,12,20.8,44.0,0.08664891323158595,0.12107766053551611,0.07695296800910048,0.7051282051282052
Ла-Плата,-34.9661,-57.8958,1993-01-01,1993,1,24.0,68.0,-0.4655141554803459,-0.6175986300134091,0.004003684171497278,0.9444444444444444
Ла-Плата,-34.9661,-57.8958,1993-02-01,1993,2,21.2,231.0,0.6746540696045245,0.715502350955068,0.6167658538301916,3.6320754716981134
Ла-Плата,-34.9661,-57.8958,1993-03-01,1993,3,21.4,44.0,0.45448849544292863,0.5045620572708973,0.34997409388044115,0.6853582554517134
Ла-Плата,-34.9661,-57.8958,1993-04-01,1993,4,17.5,150.0,1.1647457261385692,1.2121517980982797,0.5139993080010153,2.857142857142857
Ла-Плата,-34.9661,-57.8958,1993-05-01,1993,5,12.2,104.0,0.47527935944475214,0.5461772647090302,0.6709585857728666,2.841530054644809
Ла-Плата,-34.9661,-57.8958,1993-06-01,1993,6,9.5,126.0,1.5628460324567648,1.5262662898529493,1.254311178827637,
Ла-Плата,-34.9661,-57.8958,1993-07-01,1993,7,7.8,25.0,0.8058126849675528,0.8234234312038132,1.283014139519524,
Ла-Плата,-34.9661,-57.8958,1993-08-01,1993,8,10.7,21.0,-0.04571178382692264,-0.033694028942456905,0.3117990580858462,0.6542056074766355
Ла-Плата,-34.9661,-57.8958,1993-09-01,1993,9,11.8,46.0,-1.7142718902037182,-1.5876161286079085,0.5488885455297009,1.2994350282485876
Ла-Плата,-34.9661,-57.8958,1993-10-01,1993,10,16.8,180.0,0.09126582776113414,0.08573114645622376,0.5720295448068432,3.5714285714285716
Ла-Плата,-34.9661,-57.8958,1993-11-01,1993,11,17.7,219.0,1.5456324774016639,1.5421386463486086,1.2062493513555013,4.124293785310734
Ла-Плата,-34.9661,-57.8958,1993-12-01,1993,12,20.6,170.0,2.3298380713311606,2.102411379302745,1.2920091985700688,2.750809061488673
Ла-Плата,-34.9661,-57.8958,1994-01-01,1994,1,21.6,165.20689655172413,1.9449290181145766,1.847838232974198,1.641945131887941,2.5494891443167305
Ла-Плата,-34.9661,-57.8958,1994-02-01,1994,2,22.2,160.41379310344828,1.6474451592744206,1.6280701543925802,1.9570555031523416,2.408615512063788
Ла-Плата,-34.9661,-57.8958,1994-03-01,1994,3,19.2,106.83801925174626,1.0316890273205221,1.0681256779164052,1.9213702776949348,1.8548267231205946
Ла-Плата,-34.9661,-57.8958,1994-04-01,1994,4,15.9,61.85486590046651,0.4576623824585447,0.4976513394944217,1.6282028494051959,1.29674771279804
Ла-Плата,-34.9661,-57.8958,1994-05-01,1994,5,12.5,82.81591963518153,0.09685341085074542,0.14119229633562635,1.1495643649939553,2.2084245236048408
Ла-Плата,-34.9661,-57.8958,1994-06-01,1994,6,10.7,86.90385240144381,0.38004901839971966,0.4089363176866809,0.961567882694311,2.707285121540306
Ла-Плата,-34.9661,-57.8958,1994-07-01,1994,7,9.2,50.43838135168947,0.5034354450076477,0.5186212551791651,0.512440459489765,
Ла-Плата,-34.9661,-57.8958,1994-08-01,1994,8,9.9,50.222541753228015,0.1648022600464563,0.1928634196651116,0.08084859312940902,
Ла-Плата,-34.9661,-57.8958,1994-09-01,1994,9,12.9,109.75242151437763,0.19120615218423379,0.15540201645890492,0.3179286161446342,2.835979884092445
Ла-Плата,-34.9661,-57.8958,1994-10-01,1994,10,15.4,124.38042779357522,0.4787299783370259,0.5185943894904143,0.5873749231661924,2.6922170518089876
Ла-Плата,-34.9661,-57.8958,1994-11-01,1994,11,19.3,74.22624236788563,0.439133605286086,0.47905513655377885,0.4113967686564568,1.2819730978909436
Ла-Плата,-34.9661,-57.8958,1994-12-01,1994,12,23.0,86.51864853434466,0.17933084196578536,0.22492442389711956,0.18253992423684012,1.253893457019488
Ла-Плата,-34.9661,-57.8958,1995-01-01,1995,1,22.3,66.90909089995166,-0.1746756616820932,-0.29323642702002634,0.06853293568937867,1.0001358878916542
Ла-Плата,-34.9661,-57.8958,1995-02-01,1995,2,20.9,67.71980531486517,-0.3526909430288215,-0.43007334067706093,-0.03051727822708141,1.0800606908271957
Ла-Плата,-34.9661,-57.8958,1995-03-01,1995,3,19.8,95.12498804940712,-0.44447855038238604,-0.4834770467896581,-0.286652067958894,1.6014307752425443
Ла-Плата,-34.9661,-57.8958,1995-04-01,1995,4,15.9,2.221345053339519,-1.0050744844572885,-1.0762532074232887,-0.9584575341728301,0.04656907868636308
Ла-Плата,-34.9661,-57.8958,1995-05-01,1995,5,12.6,0.0,-1.5378347838546698,-1.5816095583677647,-1.203035466058631,0.0
Ла-Плата,-34.9661,-57.8958,1995-06-01,1995,6,9.0,32.267893154162024,-2.0430964864277765,-1.9178621444250314,-1.427821950562317,
Ла-Плата,-34.9661,-57.8958,1995-07-01,1995,7,8.7,31.943201958558877,-1.4996568352401598,-1.483882577047515,-1.44916025707645,
Ла-Плата,-34.9661,-57.8958,1995-08-01,1995,8,9.2,68.43852939862754,-0.624484496059104,-0.6562429272848451,-1.5271034329969373,
Ла-Плата,-34.9661,-57.8958,1995-09-01,1995,9,13.0,40.05551035263264,-0.8062668885727916,-0.8727763990215617,-1.800166438052319,1.0270643680162215
Ла-Плата,-34.9661,-57.8958,1995-10-01,1995,10,14.9,38.09115330449569,-1.0781555502330482,-1.1515506074809694,-1.556235351354304,0.8521510806374875
Ла-Плата,-34.9661,-57.8958,1995-11-01,1995,11,19.2,143.3658754560962,-0.40181157165429,-0.45375764915617645,-0.7488843669681561,2.4889908933350036
Ла-Плата,-34.9661,-57.8958,1995-12-01,1995,12,22.2,63.12607074698681,-0.20144822921700842,-0.20528216641372446,-0.7018173909296024,0.947838900104907
Ла-Плата,-34.9661,-57.8958,1996-01-01,1996,1,22.9,85.91759070282237,0.4238886551767258,0.4100844642202709,-0.47082568890729837,1.250619952006148
Ла-Плата,-34.9661,-57.8958,1996-02-01,1996,2,21.2,25.959362973482754,-0.8546288966932885,-0.9483993052519106,-0.9889319044017117,0.4081660844887226
Ла-Плата,-34.9661,-57.8958,1996-03-01,1996,3,21.1,58.970265961511565,-1.0403778706377986,-1.106429274811783,-0.9450614983630228,0.9315997782229315
Ла-Плата,-34.9661,-57.8958,1996-04-01,1996,4,16.5,70.22656064873847,-1.1082047369419628,-1.1735390159238488,-0.5986544291014723,1.4187183969442116
Ла-Плата,-34.9661,-57.8958,1996-05-01,1996,5,13.0,31.0,-0.7760046380690754,-0.8270643223177765,-1.1028474562963981,0.7948717948717948
Ла-Плата,-34.9661,-57.8958,1996-06-01,1996,6,8.2,32.333333333333336,-0.625747361758321,-0.6873414859549773,-1.2016567918133518,
Ла-Плата,-34.9661,-57.8958,1996-07-01,1996,7,7.6,33.666666666666664,-0.9217574770170588,-0.9862733786388019,-1.3297146050595006,
Ла-Плата,-34.9661,-57.8958,1996-08-01,1996,8,12.7,35.0,-1.152281880712905,-1.1855077889958094,-1.299331740789528,0.9186351706036745
Ла-Плата,-34.9661,-57.8958,1996-09-01,1996,9,12.0,133.0,0.07980763707108962,0.03332435917984148,-0.5614044355928567,3.6944444444444446
Ла-Плата,-34.9661,-57.8958,1996-10-01,1996,10,16.5,72.0,0.01616845263495438,0.0008861081418987037,-0.5897732065845925,1.4545454545454546
Ла-Плата,-34.9661,-57.8958,1996-11-01,1996,11,19.5,110.0,0.4982152614238956,0.5427658455164793,-0.22663152542338164,1.8803418803418803
Ла-Плата,-34.9661,-57.8958,1996-12-01,1996,12,22.4,112.0,0.2593338706029609,0.3137082622095368,0.18353052747013665,1.6666666666666667
Ла-Плата,-34.9661,-57.8958,1997-01-01,1997,1,24.5,114.0,0.7480311951636474,0.7745478376554396,0.5023446956591073,1.5510204081632653
Ла-Плата,-34.9661,-57.8958,1997-02-01,1997,2,21.2,92.0,0.48822423812992327,0.5138567139854932,0.6343768392254358,1.4465408805031446
Ла-Плата,-34.9661,-57.8958,1997-03-01,1997,3,20.1,55.0,-0.17087698783850927,-0.17972396386709794,-0.030021258794394056,0.912106135986733
Ла-Плата,-34.9661,-57.8958,1997-04-01,1997,4,17.7,64.0,-0.5531246270407676,-0.6192025294765958,0.03969172153445024,1.2052730696798493
Ла-Плата,-34.9661,-57.8958,1997-05-01,1997,5,14.4,69.25,-0.4850173326334023,-0.509135407255732,-0.06464699242843623,1.6030092592592593
Ла-Плата,-34.9661,-57.8958,1997-06-01,1997,6,10.6,74.5,0.15757655061444314,0.16653779958658196,-0.19169453085321592,2.342767295597484
Ла-Плата,-34.9661,-57.8958,1997-07-01,1997,7,11.4,28.661562739204204,0.03453595237600546,0.014426891493787062,-0.5644242188894865,0.8380573900352106
Ла-Плата,-34.9661,-57.8958,1997-08-01,1997,8,12.4,85.0,0.17269434988736782,0.20127757606270907,-0.4076868258880256,2.28494623655914
Ла-Плата,-34.9661,-57.8958,1997-09-01,1997,9,12.2,77.5,-0.05822983226703809,-0.1169050538957568,-0.030335406455453046,2.1174863387978142
Ла-Плата,-34.9661,-57.8958,1997-10-01,1997,10,15.9,70.0,-0.06522841064668376,-0.09096244033876207,-0.08071099790827127,1.4675052410901468
Ла-Плата,-34.9661,-57.8958,1997-11-01,1997,11,18.3,122.0,0.07968792109537878,0.08173059037657505,0.1146894097402887,2.2222222222222223
Ла-Плата,-34.9661,-57.8958,1997-12-01,1997,12,19.8,122.6,0.44083975248072177,0.5112575588177745,0.26115717519364934,2.063973063973064
Ла-Плата,-34.9661,-57.8958,1998-01-01,1998,1,21.5,123.2,0.9590951066226829,0.9964049652410657,0.6542428422672544,1.910077519379845
Ла-Плата,-34.9661,-57.8958,1998-02-01,1998,2,20.4,104.35976421188687,0.7262921537337068,0.7700589949642733,0.5552559507718133,1.705224905422988
Ла-Плата,-34.9661,-57.8958,1998-03-01,1998,3,19.2,56.38371832058686,0.016076262835780245,0.028858504224239037,0.23614939046168426,0.9788839986212996
Ла-Плата,-34.9661,-57.8958,1998-04-01,1998,4,16.5,125.0,0.10768825662310602,0.11055152883657748,0.6514444964750639,2.525252525252525
Ла-Плата,-34.9661,-57.8958,1998-05-01,1998,5,13.7,115.83333333333333,0.4691864269003403,0.5398879956137775,0.7023097186171895,2.8183292781832927
Ла-Плата,-34.9661,-57.8958,1998-06-01,1998,6,10.4,106.66666666666667,1.3277698724498779,1.3314381279107574,0.7873155039401355,3.418803418803419
Ла-Плата,-34.9661,-57.8958,1998-07-01,1998,7,11.5,49.0716804728408,0.9404643170763078,0.9520254207555322,0.5633907855884682,1.4223675499374144
Ла-Плата,-34.9661,-57.8958,1998-08-01,1998,8,11.0,38.012774939940414,0.24600178222901498,0.2790649225584165,0.46255440833399897,1.1519022709072853
Ла-Плата,-34.9661,-57.8958,1998-09-01,1998,9,12.2,117.40421086878015,0.11608659829464554,0.07303119678376606,1.1025945517420928,3.207765324283611
Ла-Плата,-34.9661,-57.8958,1998-10-01,1998,10,16.3,70.0,-0.14301559381626902,-0.17843027103299947,0.5411873334610482,1.4314928425357873
Ла-Плата,-34.9661,-57.8958,1998-11-01,1998,11,18.8,65.0,-0.08663414889564532,-0.10464879463447502,0.02200025578553879,1.1524822695035462
Ла-Плата,-34.9661,-57.8958,1998-12-01,1998,12,20.9,81.5,-0.4817622173136726,-0.5209373349352647,-0.4119278178725812,1.2998405103668262
Ла-Плата,-34.9661,-57.8958,1999-01-01,1999,1,21.2,98.0,-0.00035091881008341547,-0.08977007929963775,-0.23849797729092712,1.5408805031446542
Ла-Плата,-34.9661,-57.8958,1999-02-01,1999,2,21.5,169.0,0.7143872352105097,0.7575352778738428,0.44051868523573,2.62015503875969
Ла-Плата,-34.9661,-57.8958,1999-03-01,1999,3,20.6,144.0,0.9009645533757903,0.9481459651616196,0.40429709041547857,2.3300970873786406
Ла-Плата,-34.9661,-57.8958,1999-04-01,1999,4,14.9,41.0,0.6493787335257966,0.7022573095039932,0.3477148329756924,0.9172259507829977
Ла-Плата,-34.9661,-57.8958,1999-05-01,1999,5,12.5,32.0,-0.20939271050777208,-0.20054465024859233,0.2748006359056011,0.8533333333333334
Ла-Плата,-34.9661,-57.8958,1999-06-01,1999,6,9.5,22.0,-1.108348875964527,-1.1633313935099217,0.04355827470163526,
Ла-Плата,-34.9661,-57.8958,1999-07-01,1999,7,9.1,109.0,-0.06748718839445071,-0.0974499902287806,0.30499884276529754,
Ла-Плата,-34.9661,-57.8958,1999-08-01,1999,8,11.7,95.0,0.649173116500743,0.6907625032540301,0.11066792717711998,2.7065527065527064
Ла-Плата,-34.9661,-57.8958,1999-09-01,1999,9,13.4,87.0,1.0994796140187417,1.1127136494895034,-0.13732991134890143,2.1641791044776117
Ла-Плата,-34.9661,-57.8958,1999-10-01,1999,10,15.6,15.0,-0.4646226276365582,-0.532968684949252,-0.41444806106397214,0.32051282051282054
Ла-Плата,-34.9661,-57.8958,1999-11-01,1999,11,18.3,90.0,-0.7231799234648529,-0.7946255870046565,-0.2099344827351587,1.639344262295082
Ла-Плата,-34.9661,-57.8958,1999-12-01,1999,12,22.3,58.0,-1.061710883153831,-1.1365874041108577,-0.1455770569851979,0.866965620328849
Ла-Плата,-34.9661,-57.8958,2000-01-01,2000,1,24.4,86.0,-0.10704716561307233,-0.21485162419355128,-0.531420415351907,1.174863387978142
Ла-Плата,-34.9661,-57.8958,2000-02-01,2000,2,22.8,86.0,-0.2657180233753688,-0.3343344652007767,-0.8034780533237851,1.2573099415204678
Ла-Плата,-34.9661,-57.8958,2000-03-01,2000,3,20.3,35.0,-0.6603442593415219,-0.7172203770435208,-1.2452711924500373,0.5747126436781609
Ла-Плата,-34.9661,-57.8958,2000-04-01,2000,4,17.3,128.0,-0.2070357120446017,-0.24188845957452199,-0.36706374292764693,2.466281310211946
Ла-Плата,-34.9661,-57.8958,2000-05-01,2000,5,12.7,330.0,1.781250143361753,1.6720397617587803,1.0486327162666118,8.661417322834646
Ла-Плата,-34.9661,-57.8958,2000-06-01,2000,6,11.5,114.0,2.772697653572855,2.348439474713115,1.5065706702716588,3.3043478260869565
Ла-Плата,-34.9661,-57.8958,2000-07-01,2000,7,8.1,37.0,2.3206283446335942,2.0095626073872324,1.542194801781625,
Ла-Плата,-34.9661,-57.8958,2000-08-01,2000,8,10.3,106.0,1.0092339494966167,1.0283696762675203,1.8711857360144957,3.43042071197411
Ла-Плата,-34.9661,-57.8958,2000-09-01,2000,9,12.6,91.0,0.4773566584708738,0.4682892384119886,2.331849079698478,2.4074074074074074
Ла-Плата,-34.9661,-57.8958,2000-10-01,2000,10,15.7,163.0,1.204246530628621,1.2599028862355595,2.0233589207534552,3.4607218683651806
Ла-Плата,-34.9661,-57.8958,2000-11-01,2000,11,17.8,96.0,0.7995263978946805,0.8570303989980772,1.1490510689758269,1.797752808988764
Ла-Плата,-34.9661,-57.8958,2000-12-01,2000,12,21.0,92.0,0.7484009046629452,0.83005487549874,0.8283550570167396,1.4603174603174602
Ла-Плата,-34.9661,-57.8958,2001-01-01,2001,1,23.8,131.0,0.6270594944206174,0.6415111413712118,1.0949493822029082,1.834733893557423
Ла-Плата,-34.9661,-57.8958,2001-02-01,2001,2,23.8,110.0,0.6012608121452129,0.6369500236436992,0.9123335499045738,1.5406162464985995
Ла-Плата,-34.9661,-57.8958,2001-03-01,2001,3,21.5,217.0,1.1818978370169972,1.2002649821644769,1.276938662600542,3.364341085271318
Ла-Плата,-34.9661,-57.8958,2001-04-01,2001,4,16.4,32.0,0.6871455236809777,0.7417119367087526,0.7772215090195556,0.6504065040650407
Ла-Плата,-34.9661,-57.8958,2001-05-01,2001,5,12.9,55.0,0.5216805393430611,0.5937856951902472,0.6511210710761096,1.421188630490956
Ла-Плата,-34.9661,-57.8958,2001-06-01,2001,6,11.2,76.0,-0.2958907685383782,-0.3342276655797505,0.7296179395776652,2.261904761904762
Ла-Плата,-34.9661,-57.8958,2001-07-01,2001,7,9.5,60.0,0.2259447748300334,0.22326658093890062,0.5171083640094598,
Ла-Плата,-34.9661,-57.8958,2001-08-01,2001,8,13.8,190.0,1.7350395937408012,1.61389401522565,1.3173931668059005,4.5893719806763285
Ла-Плата,-34.9661,-57.8958,2001-09-01,2001,9,13.1,44.0,1.1299702029936014,1.1423207394322206,0.4348688945342784,1.1195928753180662
Ла-Плата,-34.9661,-57.8958,2001-10-01,2001,10,17.0,176.0,1.6478200036158999,1.652396814280142,1.114995593446358,3.450980392156863
Ла-Плата,-34.9661,-57.8958,2001-11-01,2001,11,18.2,114.0,0.6638107067435774,0.7178621528044925,1.4366343557050354,2.087912087912088
Ла-Плата,-34.9661,-57.8958,2001-12-01,2001,12,21.3,100.0,1.0613762714770352,1.13001186022105,1.4172997317616152,1.5649452269170578
Ла-Плата,-34.9661,-57.8958,2002-01-01,2002,1,22.8,260.0,1.5610398940975574,1.550995999502931,1.9397940982475093,3.801169590643275
Ла-Плата,-34.9661,-57.8958,2002-02-01,2002,2,21.1,78.0,1.3077489122058958,1.3377212306917998,1.3384217820911544,1.2322274881516588
Ла-Плата,-34.9661,-57.8958,2002-03-01,2002,3,20.3,350.0,2.340885078049986,2.0366846189545678,2.1238001350402294,5.747126436781609
Ла-Плата,-34.9661,-57.8958,2002-04-01,2002,4,15.6,108.0,1.8945781246860163,1.8252247442464968,2.01335520880122,2.3076923076923075
Ла-Плата,-34.9661,-57.8958,2002-05-01,2002,5,14.9,140.0,2.3627591370451335,2.046352848282747,2.0794626667748153,3.131991051454139
Ла-Плата,-34.9661,-57.8958,2002-06-01,2002,6,8.9,34.0,0.8164365425424803,0.8600524866740522,2.2136354058883474,
Ла-Плата,-34.9661,-57.8958,2002-07-01,2002,7,9.5,93.0,0.9038480578050119,0.9175172597033527,1.8873445462999223,
Ла-Плата,-34.9661,-57.8958,2002-08-01,2002,8,12.2,76.0,0.3649631390747257,0.4036494299284255,2.0680704085582713,2.0765027322404372
Ла-Плата,-34.9661,-57.8958,2002-09-01,2002,9,12.8,92.0,0.7829027551859391,0.7934894058735635,1.0450928067025782,2.3958333333333335
Ла-Плата,-34.9661,-57.8958,2002-10-01,2002,10,17.5,51.0,-0.21427983945555737,-0.25813772649277644,0.47240740874579223,0.9714285714285714
Ла-Плата,-34.9661,-57.8958,2002-11-01,2002,11,19.7,98.0,-0.20068376900366433,-0.23201306638893154,0.0044865027348804055,1.6582064297800339
Ла-Плата,-34.9661,-57.8958,2002-12-01,2002,12,21.1,81.0,-0.34517030597339804,-0.36791027623154204,0.14731920689991082,1.2796208530805686
Ла-Плата,-34.9661,-57.8958,2003-01-01,2003,1,24.0,43.0,-0.23716190201923756,-0.364842078190111,-0.45565168232580183,0.5972222222222222
Ла-Плата,-34.9661,-57.8958,2003-02-01,2003,2,21.5,172.0,0.3154310865468132,0.32166184116812524,0.02117027182696871,2.6666666666666665
Ла-Плата,-34.9661,-57.8958,2003-03-01,2003,3,20.7,64.0,-0.023314054963717655,-0.014987032560915782,-0.32495138246490635,1.0305958132045088
Ла-Плата,-34.9661,-57.8958,2003-04-01,2003,4,15.4,46.0,0.07643370670034236,0.07551254227892207,-0.2314347291402566,0.9956709956709957
Ла-Плата,-34.9661,-57.8958,2003-05-01,2003,5,13.5,57.0,-0.7031825305000708,-0.748667172489325,-0.3236144535491567,1.4074074074074074
Ла-Плата,-34.9661,-57.8958,2003-06-01,2003,6,11.1,53.0,-0.3717673683743878,-0.4168969986049711,-0.4058181659291948,1.5915915915915917
Ла-Плата,-34.9661,-57.8958,2003-07-01,2003,7,9.1,49.0,-0.11200245027522358,-0.1462277516494033,-0.19339602109779924,
Ла-Плата,-34.9661,-57.8958,2003-08-01,2003,8,9.9,35.0,-0.5567387541333055,-0.5848118779980072,-0.9755965412499015,
Ла-Плата,-34.9661,-57.8958,2003-09-01,2003,9,12.4,84.0,-0.38115254869354104,-0.45838406779607815,-0.6546350904181545,2.2580645161290325
Ла-Плата,-34.9661,-57.8958,2003-10-01,2003,10,16.5,71.0,-0.5463397324621687,-0.6203595079563072,-0.4980410595174687,1.4343434343434343
Ла-Плата,-34.9661,-57.8958,2003-11-01,2003,11,18.3,177.0,0.6466118487295199,0.6999350331531313,0.20457328092490046,3.2240437158469946
Ла-Плата,-34.9661,-57.8958,2003-12-01,2003,12,19.9,74.0,0.5046776695654631,0.5792148975048631,0.13953437716959133,1.2395309882747068
Ла-Плата,-34.9661,-57.8958,2004-01-01,2004,1,23.2,90.0,0.7824579944714553,0.811657766995126,0.2020006498239084,1.293103448275862
Ла-Плата,-34.9661,-57.8958,2004-02-01,2004,2,20.9,24.0,-0.7038270431347515,-0.7998011607657002,-0.09671630199031357,0.3827751196172249
Ла-Плата,-34.9661,-57.8958,2004-03-01,2004,3,21.6,20.0,-1.4921512682518807,-1.5223330293739459,-0.6750103188599482,0.30864197530864196
Ла-Плата,-34.9661,-57.8958,2004-04-01,2004,4,18.3,223.0,-0.05060054211350286,-0.06702855378151613,0.4021251970537803,4.061930783242259
Ла-Плата,-34.9661,-57.8958,2004-05-01,2004,5,11.4,40.0,0.35696991596842514,0.4225579248344388,-0.2752136301092278,1.1695906432748537
Ла-Плата,-34.9661,-57.8958,2004-06-01,2004,6,11.4,47.0,1.0417883897540159,1.0759376695387879,-0.34878142069669177,1.3742690058479532
Ла-Плата,-34.9661,-57.8958,2004-07-01,2004,7,9.8,32.0,-0.6035610629635632,-0.6716302922190837,-0.5480846638343861,
Ла-Плата,-34.9661,-57.8958,2004-08-01,2004,8,11.7,26.5,-1.0730804209214642,-1.1096089316124325,-0.3122426130228159,0.7549857549857549
Ла-Плата,-34.9661,-57.8958,2004-09-01,2004,9,13.3,21.0,-1.9996239742260835,-1.766435162015672,-0.10824798742695245,0.5263157894736842
Ла-Плата,-34.9661,-57.8958,2004-10-01,2004,10,15.3,50.0,-1.7413898126143599,-1.7142059521704645,-1.5132239927657967,1.0893246187363834
Ла-Плата,-34.9661,-57.8958,2004-11-01,2004,11,17.8,129.0,-0.6339084464074284,-0.702000367329871,-1.1554466025757444,2.4157303370786516
Ла-Плата,-34.9661,-57.8958,2004-12-01,2004,12,21.6,104.0,0.1600028514164992,0.2033475364601309,-0.8808265002246196,1.6049382716049383
Ла-Плата,-34.9661,-57.8958,2005-01-01,2005,1,23.6,146.0,1.0293574362171816,1.067152640155346,-0.18964046448567626,2.062146892655367
Ла-Плата,-34.9661,-57.8958,2005-02-01,2005,2,22.0,49.0,0.33951861004607076,0.3486904021099113,-0.24511279773482098,0.7424242424242424
Ла-Плата,-34.9661,-57.8958,2005-03-01,2005,3,19.4,117.0,0.23129058805393868,0.2659445320895503,0.21505990365387365,2.0103092783505154
Ла-Плата,-34.9661,-57.8958,2005-04-01,2005,4,15.3,65.0,-0.3681505824372942,-0.41972042122674397,0.41347716980769467,1.4161220043572984
Ла-Плата,-34.9661,-57.8958,2005-05-01,2005,5,13.1,22.0,-0.3314751096649661,-0.3376388610306521,-0.08384145459345535,0.5597964376590331
Ла-Плата,-34.9661,-57.8958,2005-06-01,2005,6,12.2,67.0,-0.39372403263076383,-0.4406846545511693,-0.20914511525181942,1.830601092896175
Ла-Плата,-34.9661,-57.8958,2005-07-01,2005,7,10.6,61.63636363636364,-0.20748084043616324,-0.25053696290061794,-0.5756075377159188,1.9382504288164666
Ла-Плата,-34.9661,-57.8958,2005-08-01,2005,8,11.0,56.27272727272727,0.12952697958893547,0.15516953933714941,-0.30901747978564564,1.7052341597796143
Ла-Плата,-34.9661,-57.8958,2005-09-01,2005,9,12.0,65.12178316151429,-0.16850953850763822,-0.2354423697474541,-0.5463764886893645,1.8089384211531745
Ла-Плата,-34.9661,-57.8958,2005-10-01,2005,10,14.9,52.12841238096019,-0.7429114108838889,-0.8247173861022622,-0.6883820292617043,1.166183722169132
Ла-Плата,-34.9661,-57.8958,2005-11-01,2005,11,20.3,120.38854474386461,-0.2347983128561081,-0.2699346739057249,-0.17206008791017113,1.9768233948089429
Ла-Плата,-34.9661,-57.8958,2005-12-01,2005,12,19.6,32.83049699721842,-0.5973456531495005,-0.6485981962967355,-0.6749127710896428,0.5583417856669799
Ла-Плата,-34.9661,-57.8958,2006-01-01,2006,1,22.2,90.97756715545933,-0.0033498828697220654,-0.09330373754977041,-0.6323205724332429,1.3660295368687587
Ла-Плата,-34.9661,-57.8958,2006-02-01,2006,2,22.0,2.666195736345955,-1.512371703614206,-1.513687477307246,-1.222575949462589,0.040396905096150834
Ла-Плата,-34.9661,-57.8958,2006-03-01,2006,3,18.7,22.932405346708123,-1.7379203193828212,-1.7259823915070276,-1.5577157160296753,0.4087772789074532
Ла-Плата,-34.9661,-57.8958,2006-04-01,2006,4,16.6,73.11375953059495,-1.7425794605386593,-1.713087042053166,-1.2809977195050344,1.4681477817388542
Ла-Плата,-34.9661,-57.8958,2006-05-01,2006,5,11.4,8.0,-1.4473083598557035,-1.4987855120596907,-1.716521766717924,0.23391812865497075
Ла-Плата,-34.9661,-57.8958,2006-06-01,2006,6,11.1,10.270833333333334,-1.1572141137881258,-1.208286649979947,-1.728071173538465,0.30843343343343343
Ла-Плата,-34.9661,-57.8958,2006-07-01,2006,7,12.2,12.541666666666668,-2.342952594720735,-2.030669731074361,-1.9246085744266153,0.3426684881602915
Ла-Плата,-34.9661,-57.8958,2006-08-01,2006,8,10.0,82.53005739626748,-1.0758259261725234,-1.1122622774620798,-1.673592345312612,
Ла-Плата,-34.9661,-57.8958,2006-09-01,2006,9,12.7,70.30205159111279,-0.41957552062549175,-0.4976954252491839,-1.1961349308314864,1.8451982044911492
Ла-Плата,-34.9661,-57.8958,2006-10-01,2006,10,17.3,89.42183307702915,0.04043995059773554,0.028305973787749617,-1.0820063348632312,1.7229640284591357
Ла-Плата,-34.9661,-57.8958,2006-11-01,2006,11,18.4,80.24192551657448,-0.2111553433457766,-0.24366382994831884,-0.8235956725835087,1.4536580709524363
Ла-Плата,-34.9661,-57.8958,2006-12-01,2006,12,22.8,24.98528614868487,-0.7107008100162133,-0.7717088916700223,-0.9003404596566176,0.36528196123808293
Ла-Плата,-34.9661,-57.8958,2007-01-01,2007,1,22.9,57.72871415376463,-1.096264940108256,-1.210776051462275,-0.7274770868214699,0.8403015160664429
Ла-Плата,-34.9661,-57.8958,2007-02-01,2007,2,23.8,67.94149207137467,-1.162842604071035,-1.2303254935620553,-1.0316496599785654,0.9515615136046872
Ла-Плата,-34.9661,-57.8958,2007-03-01,2007,3,20.3,132.60456986674689,-0.19381658475423333,-0.2053439834909579,-0.6954835880358012,2.1774149403406717
Ла-Плата,-34.9661,-57.8958,2007-04-01,2007,4,16.9,78.04421655175938,0.04781213461623072,0.04340322445707768,-0.638177702123832,1.5393336597980156
Ла-Плата,-34.9661,-57.8958,2007-05-01,2007,5,10.7,0.0,-0.268537178392513,-0.2669913023168733,-0.944898786874288,0.0
Ла-Плата,-34.9661,-57.8958,2007-06-01,2007,6,8.7,55.491100043766544,-0.6260352139387156,-0.6876413512556123,-0.6771158382132387,
Ла-Плата,-34.9661,-57.8958,2007-07-01,2007,7,7.2,46.85351302569167,-0.8404245508596369,-0.9083568277057018,-0.5800214886304673,
Ла-Плата,-34.9661,-57.8958,2007-08-01,2007,8,8.3,35.51430332784381,-0.5434850025086648,-0.5707656666694668,-0.6281719568430654,
Ла-Плата,-34.9661,-57.8958,2007-09-01,2007,9,14.6,82.64028451285044,-0.42495731885973104,-0.5031751371532249,-0.8636109484653803,1.8867644865947588
Ла-Плата,-34.9661,-57.8958,2007-10-01,2007,10,16.7,134.81416354843896,0.154652557540474,0.1572917708589835,-0.44999722111278256,2.6909014680327137
Ла-Плата,-34.9661,-57.8958,2007-11-01,2007,11,17.1,124.27352348425262,0.7297719328013281,0.7860199868210097,0.2870640440265843,2.422485837899661
Ла-Плата,-34.9661,-57.8958,2007-12-01,2007,12,21.5,44.449391410479805,0.34407605582035805,0.40667971173327305,-0.029387293589740352,0.6891378513252683
Ла-Плата,-34.9661,-57.8958,2008-01-01,2008,1,23.6,72.42982615915453,-0.033705250022208796,-0.12902098954680666,-0.06027597053119542,1.0230201434908832
Ла-Плата,-34.9661,-57.8958,2008-02-01,2008,2,23.3,102.42486083276755,-0.3711293908495484,-0.45019296482041443,0.18365565647832344,1.4653055913128405
Ла-Плата,-34.9661,-57.8958,2008-03-01,2008,3,19.9,128.85380225045424,0.16909366098490264,0.19797531797045773,0.2874768050099327,2.158355146573773
Ла-Плата,-34.9661,-57.8958,2008-04-01,2008,4,16.2,50.40163930256056,0.0737563852395596,0.07250970692588693,-0.11141717140743045,1.0370707675423985
Ла-Плата,-34.9661,-57.8958,2008-05-01,2008,5,13.0,48.3132556701305,-0.11298444482714863,-0.092333757857264,-0.42167364382528694,1.2388014274392436
Ла-Плата,-34.9661,-57.8958,2008-06-01,2008,6,9.6,18.013682152357898,-0.8283958977158977,-0.8940105300213145,-0.49783693370788806,
Ла-Плата,-34.9661,-57.8958,2008-07-01,2008,7,12.0,27.587660969736973,-0.970056484061642,-1.0316669261145435,-0.6135252347510255,0.7663239158260271
Ла-Плата,-34.9661,-57.8958,2008-08-01,2008,8,10.7,84.9901246707779,-0.6569015115406733,-0.690191974306936,-0.5519771373739856,2.647667435226726
Ла-Плата,-34.9661,-57.8958,2008-09-01,2008,9,12.0,103.50431761295235,0.2618046900929118,0.2328755225350285,-0.5815087940754605,2.875119933693121
Ла-Плата,-34.9661,-57.8958,2008-10-01,2008,10,15.7,91.14933633314631,0.43103002698984855,0.4661673429202951,-0.31225432347269033,1.9352300707674377
Ла-Плата,-34.9661,-57.8958,2008-11-01,2008,11,21.8,126.8550287500168,0.5555055127516884,0.6039512970410942,0.07006430157461042,1.9396793386852722
Ла-Плата,-34.9661,-57.8958,2008-12-01,2008,12,21.9,81.0102807343439,0.3040478780338595,0.36291378530683843,0.33201171843993943,1.23303319230356
Ла-Плата,-34.9661,-57.8958,2009-01-01,2009,1,24.2,60.403939203653835,0.2212336104300403,0.17239217052499411,0.31765329441651147,0.8320101818685102
Ла-Плата,-34.9661,-57.8958,2009-02-01,2009,2,22.9,103.73696587318678,-0.12247095509923703,-0.17418653766179087,0.2209198457029167,1.5099995032487157
Ла-Плата,-34.9661,-57.8958,2009-03-01,2009,3,21.3,154.71614227598866,0.2818951038577995,0.3208236800832508,0.3492346785210777,2.421222883818289
Ла-Плата,-34.9661,-57.8958,2009-04-01,2009,4,16.9,65.29638667023083,0.41556729902668044,0.4518657192815793,0.310138511504657,1.2878971729828568
Ла-Плата,-34.9661,-57.8958,2009-05-01,2009,5,13.7,120.78014672768866,0.7956980926668845,0.8638650755772228,0.3864730926441984,2.938689701403617
Ла-Плата,-34.9661,-57.8958,2009-06-01,2009,6,9.2,0.0,-0.05567881243323604,-0.06932298837794021,0.03686915897888806,
Ла-Плата,-34.9661,-57.8958,2009-07-01,2009,7,8.5,75.52185528321925,0.2783276149950289,0.2798717419183921,0.3248067425782512,
Ла-Плата,-34.9661,-57.8958,2009-08-01,2009,8,12.7,60.891491149230376,-0.5658140680095892,-0.5944168378827814,0.36418615779876984,1.598201867433868
Ла-Плата,-34.9661,-57.8958,2009-09-01,2009,9,11.5,57.121269040638126,-0.026623038102283763,-0.08265784082590917,-0.1905356765737772,1.6556889576996558
Ла-Плата,-34.9661,-57.8958,2009-10-01,2009,10,14.9,97.63253256585912,-0.25184269592139125,-0.29993867188075696,-0.02987477152925808,2.18417298805054
Ла-Плата,-34.9661,-57.8958,2009-11-01,2009,11,18.9,19.98654271788267,-0.9217909938001806,-0.9940929963411573,-1.1088277219185696,0.35249634423073495
Ла-Плата,-34.9661,-57.8958,2009-12-01,2009,12,19.9,63.311924180629596,-0.8598349375325263,-0.9299622181684548,-0.7860499309093928,1.0605012425566096
Ла-Плата,-34.9661,-57.8958,2010-01-01,2010,1,24.0,96.28505828398221,-0.8006181861955338,-0.9544724297655998,-0.8033640814142629,1.3372924761664196
Ла-Плата,-34.9661,-57.8958,2010-02-01,2010,2,21.9,152.35487258779557,0.4415858429561976,0.46240776593002514,-0.33323239174495023,2.3189478323865385
Ла-Плата,-34.9661,-57.8958,2010-03-01,2010,3,20.5,60.17087181674763,0.2075003723047243,0.24000999437552342,-0.45132143750634524,0.9783881596219126
Ла-Плата,-34.9661,-57.8958,2010-04-01,2010,4,15.6,39.337810105414796,-0.18184526251836738,-0.2138382339690508,-0.7045229240305785,0.8405514979789487
Ла-Плата,-34.9661,-57.8958,2010-05-01,2010,5,13.7,117.0,-0.21393487959205543,-0.205647638441392,0.06507412402270207,2.846715328467153
Ла-Плата,-34.9661,-57.8958,2010-06-01,2010,6,10.9,108.1,0.6692476671869564,0.7123951428644505,0.4549849001793879,3.305810397553517
Ла-Плата,-34.9661,-57.8958,2010-07-01,2010,7,9.4,99.2,1.3373153691895339,1.303331561624933,0.6811560500638018,
Ла-Плата,-34.9661,-57.8958,2010-08-01,2010,8,9.6,41.33285566127223,0.9144234452127735,0.9425235805733055,0.27615385136468756,
Ла-Плата,-34.9661,-57.8958,2010-09-01,2010,9,13.1,91.15123583719836,0.45011130905506436,0.43871232351182776,0.7257651491049146,2.3193698686310014
Ла-Плата,-34.9661,-57.8958,2010-10-01,2010,10,14.8,107.01426553903553,0.010754676460558112,-0.005228755663440249,0.925401675933127,2.4102312058341333
Ла-Плата,-34.9661,-57.8958,2010-11-01,2010,11,18.0,72.07230228667036,0.08674640171160063,0.08963313869656178,0.5794764453702073,1.3346722645679698
Ла-Плата,-34.9661,-57.8958,2010-12-01,2010,12,22.8,85.62681298034332,-0.009108066248974152,0.01296894275940311,0.1891832282922765,1.2518539909406916
Ла-Плата,-34.9661,-57.8958,2011-01-01,2011,1,23.6,86.97549267511585,0.0013728932116277898,-0.08773855100134613,-0.13304036174849712,1.228467410665478
Ла-Плата,-34.9661,-57.8958,2011-02-01,2011,2,22.0,130.17963065102768,0.36964087768970294,0.3823952339875457,0.26264727224965284,1.972418646227692
Ла-Плата,-34.9661,-57.8958,2011-03-01,2011,3,20.3,28.0,-0.306629351986166,-0.3310752427773247,-0.3192844752690814,0.45977011494252873
Ла-Плата,-34.9661,-57.8958,2011-04-01,2011,4,16.9,77.0,-0.3303028818508159,-0.37823151927717236,-0.3875103786826648,1.5187376725838266
Ла-Плата,-34.9661,-57.8958,2011-05-01,2011,5,12.4,29.0,-1.0720303708230265,-1.1353964223492221,-0.48328184800816976,0.7795698924731183
Ла-Плата,-34.9661,-57.8958,2011-06-01,2011,6,10.0,129.0,0.41110116850493905,0.4422499111309335,-0.11939620320967997,
Ла-Плата,-34.9661,-57.8958,2011-07-01,2011,7,9.0,89.0,0.7388238187967477,0.7577354082174949,0.07718104502878999,
Ла-Плата,-34.9661,-57.8958,2011-08-01,2011,8,9.5,25.0,0.849640188241318,0.8825936834640478,-0.4030360344192253,
Ла-Плата,-34.9661,-57.8958,2011-09-01,2011,9,13.9,26.0,-0.8134387190387862,-0.8793488414438148,-0.22901479386117668,0.6235011990407674
Ла-Плата,-34.9661,-57.8958,2011-10-01,2011,10,15.2,61.0,-1.5375765072825593,-1.5527164572978063,-0.4220244437017057,1.337719298245614
Ла-Плата,-34.9661,-57.8958,2011-11-01,2011,11,20.1,68.0,-1.1600580762552082,-1.2204544234339414,-0.37782214198074976,1.1276948590381426
Ла-Плата,-34.9661,-57.8958,2011-12-01,2011,12,20.4,55.0,-0.8260867531495767,-0.894547671334653,-1.1792157975507747,0.8986928104575164
Ла-Плата,-34.9661,-57.8958,2012-01-01,2012,1,24.3,24.0,-1.4619544388177939,-1.471111547869323,-1.8084936198397352,0.3292181069958848
Ла-Плата,-34.9661,-57.8958,2012-02-01,2012,2,23.3,186.0,0.05565346017020374,0.027524436500364128,-0.8180643025798691,2.6609442060085837
Ла-Плата,-34.9661,-57.8958,2012-03-01,2012,3,19.8,77.0,0.04019936631858554,0.05566053278759878,-0.5753204185310236,1.2962962962962963
Ла-Плата,-34.9661,-57.8958,2012-04-01,2012,4,15.6,45.0,0.290000349598552,0.3138112216641425,-0.5498865823862736,0.9615384615384616
Ла-Плата,-34.9661,-57.8958,2012-05-01,2012,5,14.9,71.0,-0.438024629636254,-0.45682906591731004,-0.3539528180895376,1.5883668903803132
Ла-Плата,-34.9661,-57.8958,2012-06-01,2012,6,10.1,18.0,-0.6205966070904307,-0.6819729337368088,-0.4942880156605189,0.594059405940594
Ла-Плата,-34.9661,-57.8958,2012-07-01,2012,7,7.3,20.0,-0.7429482911014955,-0.8126306882789014,-0.3496784037093312,
Ла-Плата,-34.9661,-57.8958,2012-08-01,2012,8,11.7,226.0,1.0872991735111532,1.0973850803218925,0.21586251889381147,6.438746438746438
Ла-Плата,-34.9661,-57.8958,2012-09-01,2012,9,13.3,42.0,1.0687882033738627,1.0827008758956493,0.1583645565157396,1.0526315789473684
Ла-Плата,-34.9661,-57.8958,2012-10-01,2012,10,16.3,179.0,1.9605479026828065,1.9028233840438817,0.8835178354420659,3.660531697341513
Ла-Плата,-34.9661,-57.8958,2012-11-01,2012,11,20.4,53.0,0.1225904933238499,0.12973271339987763,0.7134107318197315,0.8660130718954249
Ла-Плата,-34.9661,-57.8958,2012-12-01,2012,12,22.6,170.0,1.154570155230808,1.2143311013032456,1.4489244896528983,2.5073746312684366
Ла-Плата,-34.9661,-57.8958,2013-01-01,2013,1,23.2,73.0,0.4524399481345553,0.44311672667589524,1.3998240819428993,1.0488505747126438
Ла-Плата,-34.9661,-57.8958,2013-02-01,2013,2,22.1,83.0,0.5489645888035435,0.5803007883806416,0.434885452539578,1.2518853695324283
Ла-Плата,-34.9661,-57.8958,2013-03-01,2013,3,17.9,99.0,-0.2216016590949804,-0.2363597517957558,0.5675143410531098,1.8435754189944134
Ла-Плата,-34.9661,-57.8958,2013-04-01,2013,4,16.9,237.0,1.122828030956359,1.1730880258450882,0.9567503040251417,4.674556213017752
Ла-Плата,-34.9661,-57.8958,2013-05-01,2013,5,13.1,102.0,1.448144739890442,1.426172813609767,1.2175376337888875,2.595419847328244
Ла-Плата,-34.9661,-57.8958,2013-06-01,2013,6,10.4,13.0,1.3609866757232139,1.3597827500403346,0.6508968834082908,0.4166666666666667
Ла-Плата,-34.9661,-57.8958,2013-07-01,2013,7,9.8,75.0,0.21596063292788484,0.2124434074025598,0.8805331150104548,
Ла-Плата,-34.9661,-57.8958,2013-08-01,2013,8,10.0,5.0,-1.2969959106225337,-1.3206923748657329,0.7350705797016795,
Ла-Плата,-34.9661,-57.8958,2013-09-01,2013,9,12.0,172.0,0.6834141917742458,0.6891416020387106,1.4127976050928668,4.777777777777778
Ла-Плата,-34.9661,-57.8958,2013-10-01,2013,10,16.1,30.0,-0.3496427669440573,-0.40792234735492083,-0.1384060742153852,0.6211180124223602
Ла-Плата,-34.9661,-57.8958,2013-11-01,2013,11,19.1,148.0,0.7995263978946805,0.8570303989980759,-0.0036545602401759697,2.5828970331588135
Ла-Плата,-34.9661,-57.8958,2013-12-01,2013,12,24.4,34.0,-0.5280917440562058,-0.5723398342480307,-0.06557504923777314,0.4644808743169399
Ла-Плата,-34.9661,-57.8958,2014-01-01,2014,1,24.0,181.0,0.9283737579417402,0.9649735069898189,0.4636960435655971,2.513888888888889
Ла-Плата,-34.9661,-57.8958,2014-02-01,2014,2,21.3,216.0,1.2644861929683324,1.2985821326410703,1.3770876146587399,3.380281690140845
Ла-Плата,-34.9661,-57.8958,2014-03-01,2014,3,19.1,131.0,1.5676508400711888,1.5125215476431007,0.9813100358385721,2.2862129144851657
Ла-Плата,-34.9661,-57.8958,2014-04-01,2014,4,16.3,65.0,1.073565207557214,1.126621292152808,1.2216126232848499,1.329243353783231
Ла-Плата,-34.9661,-57.8958,2014-05-01,2014,5,13.3,89.0,0.37294097237652946,0.4394244757739404,1.0185115041051673,2.230576441102757
Ла-Плата,-34.9661,-57.8958,2014-06-01,2014,6,10.0,37.0,-0.0062478701249060195,-0.014550825690011515,1.235357044295215,
Ла-Плата,-34.9661,-57.8958,2014-07-01,2014,7,10.5,147.0,0.951824487321735,0.9626603642845248,1.30982274361092,4.666666666666667
Ла-Плата,-34.9661,-57.8958,2014-08-01,2014,8,12.7,70.0,0.9754312340041458,0.9980177579362983,0.786976253593769,1.837270341207349
Ла-Плата,-34.9661,-57.8958,2014-09-01,2014,9,14.3,109.0,1.443564165105018,1.4344677063438647,0.8720266407870567,2.5407925407925407
Ла-Плата,-34.9661,-57.8958,2014-10-01,2014,10,18.2,175.0,1.149239417221607,1.207961002296508,1.2380147205649426,3.2051282051282053
Ла-Плата,-34.9661,-57.8958,2014-11-01,2014,11,18.9,175.0,1.6481385646510427,1.6257410198230104,1.6894904024933945,3.0864197530864197
Ла-Плата,-34.9661,-57.8958,2014-12-01,2014,12,21.4,58.0,1.2006531657220565,1.2551843286474993,1.6683683898226196,0.9034267912772586
Ла-Плата,-34.9661,-57.8958,2015-01-01,2015,1,22.2,131.0,0.9348052035235187,0.971578490210143,1.285951849913988,1.966966966966967
Ла-Плата,-34.9661,-57.8958,2015-02-01,2015,2,22.6,79.0,0.0817217275059521,0.05714035591470802,1.1333581872124796,1.1651917404129795
Ла-Плата,-34.9661,-57.8958,2015-03-01,2015,3,20.7,45.0,-0.2216016590949804,-0.2363597517957558,0.5996780061707618,0.7246376811594203
Ла-Плата,-34.9661,-57.8958,2015-04-01,2015,4,18.7,44.0,-0.9749547801628123,-1.0473284688591131,-0.05367869811626494,0.7843137254901961
Ла-Плата,-34.9661,-57.8958,2015-05-01,2015,5,14.6,36.0,-1.1801948092687975,-1.2434227170963779,-0.7514438765141241,0.821917808219178
Ла-Плата,-34.9661,-57.8958,2015-06-01,2015,6,11.5,40.0,-0.7881087337629124,-0.8536634641954656,-0.7810048025626471,1.1594202898550725
Ла-Плата,-34.9661,-57.8958,2015-07-01,2015,7,10.1,74.0,-0.2148848648456692,-0.25859995326728813,-0.9624480320712523,2.442244224422442
Ла-Плата,-34.9661,-57.8958,2015-08-01,2015,8,13.3,179.0,1.3994640367973101,1.3584696650820276,-0.08121289256247383,4.486215538847118
Ла-Плата,-34.9661,-57.8958,2015-09-01,2015,9,12.2,31.0,1.0275477391945846,1.042043131392432,0.011580517087133563,0.8469945355191257
Ла-Плата,-34.9661,-57.8958,2015-10-01,2015,10,13.6,65.0,0.38369807064984995,0.41382978153403255,0.06316590985159215,1.5931372549019607
Ла-Плата,-34.9661,-57.8958,2015-11-01,2015,11,18.2,131.0,-0.34434299281471387,-0.39090099388403804,0.5875420687748312,2.399267399267399
Ла-Плата,-34.9661,-57.8958,2015-12-01,2015,12,22.3,45.0,-0.23640700231888376,-0.24493335223847656,0.4061183802049536,0.672645739910314
Ла-Плата,-34.9661,-57.8958,2016-01-01,2016,1,23.2,78.0,0.09124714002026016,0.01846986442350956,0.18811782626352233,1.1206896551724137
Ла-Плата,-34.9661,-57.8958,2016-02-01,2016,2,24.0,97.0,-0.36415511774496806,-0.44259056914052836,-0.6210549571844652,1.3472222222222223
Ла-Плата,-34.9661,-57.8958,2016-03-01,2016,3,18.8,85.0,-0.17927543399704365,-0.18910475859197898,-0.3772894091292337,1.5070921985815602
Ла-Плата,-34.9661,-57.8958,2016-04-01,2016,4,15.8,174.0,0.664514283790932,0.71810538664305,0.41347716980769467,3.670886075949367
Ла-Плата,-34.9661,-57.8958,2016-05-01,2016,5,10.4,68.0,0.6950013929673087,0.7668905288321067,0.17117098466179967,2.1794871794871793
Ла-Плата,-34.9661,-57.8958,2016-06-01,2016,6,8.2,37.0,0.7916283574929835,0.8355216364380504,0.24837069707552303,
Ла-Плата,-34.9661,-57.8958,2016-07-01,2016,7,9.2,198.0,1.1822633459196337,1.1710259588881713,1.168208778661473,
Ла-Плата,-34.9661,-57.8958,2016-08-01,2016,8,11.4,54.0,1.3574258678368092,1.3246730572500343,1.242706739060551,1.5789473684210527
Ла-Плата,-34.9661,-57.8958,2016-09-01,2016,9,12.1,45.0,1.1602634466879163,1.1715279169856905,1.2504686178494517,1.2396694214876034
Ла-Плата,-34.9661,-57.8958,2016-10-01,2016,10,15.8,109.0,-0.3382554639102744,-0.39541948181607817,0.626591329300506,2.29957805907173
Ла-Плата,-34.9661,-57.8958,2016-11-01,2016,11,18.7,69.0,-0.3861671549967624,-0.4366931903130644,0.5299840370810637,1.2299465240641712
Ла-Плата,-34.9661,-57.8958,2016-12-01,2016,12,22.8,123.0,0.32165465008603644,0.3821988401315849,0.9133245119955838,1.7982456140350878
Ла-Плата,-34.9661,-57.8958,2017-01-01,2017,1,23.5,148.0,0.7756122787800152,0.8043061330287704,0.3182396950059909,2.099290780141844
Ла-Плата,-34.9661,-57.8958,2017-02-01,2017,2,23.4,110.0,0.9407353299087633,0.9897327069682076,0.45973526982769897,1.566951566951567
Ла-Плата,-34.9661,-57.8958,2017-03-01,2017,3,20.4,61.0,0.282942295725764,0.3219549833859999,0.3614802051616081,0.9967320261437909
Ла-Плата,-34.9661,-57.8958,2017-04-01,2017,4,17.1,77.0,-0.2158604344810343,-0.25170207764960933,0.286657315643819,1.5009746588693957
Ла-Плата,-34.9661,-57.8958,2017-05-01,2017,5,14.1,158.0,0.45969765157007725,0.5300762600138722,0.8435331009142463,3.735224586288416
Ла-Плата,-34.9661,-57.8958,2017-06-01,2017,6,11.9,0.0,0.41110116850493905,0.4422499111309335,0.33972765360352913,0.0
Ла-Плата,-34.9661,-57.8958,2017-07-01,2017,7,11.8,100.0,0.8305902915356256,0.8474363099730065,0.23334146365537103,2.824858757062147
Ла-Плата,-34.9661,-57.8958,2017-08-01,2017,8,13.2,113.0,0.4904848555753713,0.5324607806511247,0.5878963880750356,2.8535353535353534
Ла-Плата,-34.9661,-57.8958,2017-09-01,2017,9,13.9,126.0,1.5653879870290877,1.5418693430657067,1.2384640751300284,3.0215827338129495
Ла-Плата,-34.9661,-57.8958,2017-10-01,2017,10,15.9,76.0,0.7814071265764825,0.8419398880631392,0.9738497782555606,1.5932914046121593
Ла-Плата,-34.9661,-57.8958,2017-11-01,2017,11,17.8,24.0,-0.3547656951091283,-0.4023350820485846,-0.03631271826200785,0.449438202247191
Ла-Плата,-34.9661,-57.8958,2017-12-01,2017,12,22.0,151.0,-0.13939888226087574,-0.13483782766013724,0.8613170714603099,2.287878787878788
Ла-Плата,-34.9661,-57.8958,2018-01-01,2018,1,23.1,143.0,0.6197427193286428,0.6333399687856346,0.8467666808843388,2.0634920634920637
Ла-Плата,-34.9661,-57.8958,2018-02-01,2018,2,22.4,50.0,0.6819110411998925,0.7232059317949652,0.24288613967208403,0.7440476190476191
Ла-Плата,-34.9661,-57.8958,2018-03-01,2018,3,19.9,97.0,0.06370818028380182,0.08173719255077899,-0.11851750264794175,1.6247906197654942
Ла-Плата,-34.9661,-57.8958,2018-04-01,2018,4,19.9,171.0,0.3700456335075941,0.40205596919756575,0.5577094235373475,2.864321608040201
Ла-Плата,-34.9661,-57.8958,2018-05-01,2018,5,14.7,218.0,1.7400702919761102,1.6430004238611968,1.4643912938835502,4.9433106575963714
Ла-Плата,-34.9661,-57.8958,2018-06-01,2018,6,9.1,8.0,1.6815965476066337,1.6197306761652306,1.0790204353411916,
Ла-Плата,-34.9661,-57.8958,2018-07-01,2018,7,9.3,138.0,1.6101745556847638,1.5212406899973316,1.2937617497453098,
Ла-Плата,-34.9661,-57.8958,2018-08-01,2018,8,10.4,49.0,0.2622327042953756,0.2961903040202999,1.5704164143366721,1.5705128205128205
Ла-Плата,-34.9661,-57.8958,2018-09-01,2018,9,15.1,130.0,1.3574155083434702,1.3564689864446968,1.9599772708669843,2.869757174392936
Ла-Плата,-34.9661,-57.8958,2018-10-01,2018,10,15.4,129.10714285714286,0.7144303359621521,0.7719493301277122,1.4346721602334067,2.794526901669759
Ла-Плата,-34.9661,-57.8958,2018-11-01,2018,11,19.3,128.21428571428572,1.104035264181983,1.1533022227970813,1.0016335745147318,2.2144090796940543
Ла-Плата,-34.9661,-57.8958,2018-12-01,2018,12,20.1,48.62546561010844,0.36529224681225125,0.42976168850071234,1.069745337088135,0.8063924645125778
Ла-Плата,-34.9661,-57.8958,2019-01-01,2019,1,23.0,71.76930224278202,0.03980639447648769,-0.042381013483543,0.3765598600340342,1.040134815112783
Ла-Плата,-34.9661,-57.8958,2019-02-01,2019,2,21.7,70.92565673077783,-0.6666080876453504,-0.7621095083175213,0.2991857149402774,1.0894878146048823
Ла-Плата,-34.9661,-57.8958,2019-03-01,2019,3,19.0,16.71022708325384,-1.1724646981655156,-1.2335658248520815,-0.6128226142174941,0.2931618786535762
Ла-Плата,-34.9661,-57.8958,2019-04-01,2019,4,16.8,76.4484710435338,-1.0151950768687403,-1.0859205203445597,-0.8276738057650443,1.516834742927258
Ла-Плата,-34.9661,-57.8958,2019-05-01,2019,5,13.8,66.80833886553668,-0.7784914448447292,-0.8297254375599874,-1.0056879731463317,1.613727991921176
Ла-Плата,-34.9661,-57.8958,2019-06-01,2019,6,12.9,47.133974142570764,-0.01233170317479114,-0.021291779284700812,-0.9343213051520343,1.2179321483868415
Ла-Плата,-34.9661,-57.8958,2019-07-01,2019,7,9.3,50.42807870194279,-0.05239909131302636,-0.08090633416250327,-0.9009341959561533,
Ла-Плата,-34.9661,-57.8958,2019-08-01,2019,8,10.2,10.98483847473485,-1.0203031269706264,-1.0582955182879967,-1.244879474473657,0.3589816495011389
Ла-Плата,-34.9661,-57.8958,2019-09-01,2019,9,12.7,53.71275134783949,-1.2487290685795926,-1.250334783348106,-0.8067694122631599,1.4097834999432937
Ла-Плата,-34.9661,-57.8958,2019-10-01,2019,10,15.4,80.43296527035716,-1.096787755826539,-1.1688687289778352,-0.8012885504723493,1.740973274250155
Ла-Плата,-34.9661,-57.8958,2019-11-01,2019,11,20.3,62.33559386657878,-0.6729655684096884,-0.7427390108304199,-1.1593281061521825,1.0235729698945613
Ла-Плата,-34.9661,-57.8958,2019-12-01,2019,12,21.5,65.08953522081407,-0.5711010081882796,-0.6197855424432703,-1.186938230622613,1.009140080942854
Ла-Плата,-34.9661,-57.8958,2020-01-01,2020,1,22.8,97.96550518285774,-0.19942549603055773,-0.3217010643396375,-0.9905804706835536,1.4322442278195575
Ла-Плата,-34.9661,-57.8958,2020-02-01,2020,2,22.4,170.13393496049326,0.602661921092134,0.6384602450044371,-0.029383685634914034,2.5317549845311498
Ла-Плата,-34.9661,-57.8958,2020-03-01,2020,3,21.8,92.02677239255377,0.5720776174200938,0.626176138176587,0.050871537502886546,1.4071371925466938
Ла-Плата,-34.9661,-57.8958,2020-04-01,2020,4,15.8,75.1526752904445,0.5215622388326259,0.5665987348774474,0.13580464753267804,1.585499478701361
Ла-Плата,-34.9661,-57.8958,2020-05-01,2020,5,13.4,52.917753554498326,-0.18088485987136615,-0.16852239699586416,0.20664579294405605,1.3163620287188638
Ла-Плата,-34.9661,-57.8958,2020-06-01,2020,6,10.8,0.0,-0.690606984057462,-0.7544731571288208,-0.06853174661133826,0.0
Ла-Плата,-34.9661,-57.8958,2020-07-01,2020,7,8.7,55.37024155935579,-0.7531868393046894,-0.8228013139134344,-0.16325407438748313,
Ла-Плата,-34.9661,-57.8958,2020-08-01,2020,8,11.5,60.00070056907897,-0.9044620602500054,-0.943661824046666,-0.7307639441856242,1.7391507411327238
Ла-Плата,-34.9661,-57.8958,2020-09-01,2020,9,12.1,134.52453373178992,0.6598220508071653,0.664155511874202,-0.2042584038930877,3.705910020159502
Ла-Плата,-34.9661,-57.8958,2020-10-01,2020,10,14.7,86.38500920164773,0.44388337898690755,0.4803272302406545,-0.19581208253519963,1.9588437460691095
Ла-Плата,-34.9661,-57.8958,2020-11-01,2020,11,19.0,101.77392545035046,0.565782571085783,0.6148615803345119,-0.04405438907564461,1.7855074640412363
Ла-Плата,-34.9661,-57.8958,2020-12-01,2020,12,21.3,68.9431740679312,-0.08104097252248052,-0.06858111968876957,0.27059175466901947,1.078922911861208
Ла-Плата,-34.9661,-57.8958,2021-01-01,2021,1,23.6,105.0,0.28588649740378935,0.2487006160341324,0.3759698578211965,1.4830508474576272
Ла-Плата,-34.9661,-57.8958,2021-02-01,2021,2,21.7,76.0,-0.07852764375477685,-0.12460497480675124,0.2600801703347339,1.1674347158218126
Ла-Плата,-34.9661,-57.8958,2021-03-01,2021,3,20.0,55.0,-0.3878280893409915,-0.42106847768528205,-0.4291828017845534,0.9166666666666666
Ла-Плата,-34.9661,-57.8958,2021-04-01,2021,4,18.4,27.0,-1.0783860732529478,-1.1456899866478385,-0.6896086060881861,0.4891304347826087
Ла-Плата,-34.9661,-57.8958,2021-05-01,2021,5,12.1,25.0,-1.4082358359547542,-1.4624565914065344,-0.9713903873548121,0.6887052341597796
Ла-Плата,-34.9661,-57.8958,2021-06-01,2021,6,9.8,7.0,-1.6304921818801708,-1.6116212629494453,-1.2555256180764518,
Ла-Плата,-34.9661,-57.8958,2021-07-01,2021,7,10.1,4.0,-2.182424492858919,-1.9423231899208084,-1.6254108532488856,0.132013201320132
Ла-Плата,-34.9661,-57.8958,2021-08-01,2021,8,10.1,20.0,-2.657634283712077,-2.3829287483605373,-2.1587465365534424,0.6600660066006601
Ла-Плата,-34.9661,-57.8958,2021-09-01,2021,9,13.8,65.0,-1.7802470186280592,-1.6307512157283808,-1.9854726085886112,1.570048309178744
Ла-Плата,-34.9661,-57.8958,2021-10-01,2021,10,16.3,10.0,-1.7772712473469028,-1.74165866225046,-2.1500863362765843,0.20449897750511248
Ла-Плата,-34.9661,-57.8958,2021-11-01,2021,11,19.3,21.0,-1.9619095474117376,-1.8783809119971533,-2.5233138598746256,0.3626943005181347
Ла-Плата,-34.9661,-57.8958,2021-12-01,2021,12,22.3,7.0,-2.7853374987317374,-2.5431664568347934,-2.5239947585428,0.10463378176382661
Ла-Плата,-34.9661,-57.8958,2022-01-01,2022,1,24.2,127.0,-1.2650284603952642,-1.3387108530697804,-1.8722238709759438,1.7493112947658402
Ла-Плата,-34.9661,-57.8958,2022-02-01,2022,2,20.9,28.0,-1.0146146557941431,-1.0984762327598545,-1.9617657845898473,0.44657097288676234
Ла-Плата,-34.9661,-57.8958,2022-03-01,2022,3,18.7,13.0,-1.0726425509265962,-1.1378972367093765,-2.28866860444166,0.23172905525846701
Ла-Плата,-34.9661,-57.8958,2022-04-01,2022,4,16.1,4.0,-2.4431090230901393,-2.204155196653738,-2.1655369777490403,0.08281573498964802
Ла-Плата,-34.9661,-57.8958,2022-05-01,2022,5,11.2,6.0,-2.806729939996163,-2.5613065534001533,-1.9728741812742845,0.17857142857142858
Ла-Плата,-34.9661,-57.8958,2022-06-01,2022,6,8.0,0.0,-2.5237347589832653,-2.2267482763743507,-1.8803656985711277,
Ла-Плата,-34.9661,-57.8958,2022-07-01,2022,7,11.0,83.0,-1.049188836481776,-1.1045866246940568,-1.9047296137736203,2.515151515151515
Ла-Плата,-34.9661,-57.8958,2022-08-01,2022,8,10.9,18.0,-1.1522818807129058,-1.1855077889958108,-2.2503643183621813,0.5504587155963303
Ла-Плата,-34.9661,-57.8958,2022-09-01,2022,9,13.1,8.0,-1.365426427803258,-1.340487279209497,-2.1785598220220805,0.2035623409669211
Ла-Плата,-34.9661,-57.8958,2022-10-01,2022,10,15.6,25.0,-2.4497253633963636,-2.2078588079300077,-2.0836231478517653,0.5341880341880342
Ла-Плата,-34.9661,-57.8958,2022-11-01,2022,11,21.2,65.0,-1.932030923760522,-1.8565445335869453,-1.9934778850505486,1.0220125786163523
Ла-Плата,-34.9661,-57.8958,2022-12-01,2022,12,22.8,48.0,-1.3578658938010837,-1.4226660103142306,-1.7395948830055574,0.7017543859649122
Ла-Плата,-34.9661,-57.8958,2023-01-01,2023,1,24.8,25.0,-1.7339114487608136,-1.625023139344194,-2.297327243087013,0.33602150537634407
Ла-Плата,-34.9661,-57.8958,2023-02-01,2023,2,23.8,24.0,-2.0269067899409063,-1.863573095304805,-2.384690201505865,0.33613445378151263
Ла-Плата,-34.9661,-57.8958,2023-03-01,2023,3,24.4,20.0,-2.5896227218027517,-2.3149601140622913,-2.28244796031147,0.273224043715847
Ла-Плата,-34.9661,-57.8958,2023-04-01,2023,4,16.9,28.0,-2.0767357994868902,-1.9596291832569261,-2.105391967125869,0.5522682445759369
Ла-Плата,-34.9661,-57.8958,2023-05-01,2023,5,14.5,146.0,-0.4282087186381286,-0.44587977838742376,-1.3661470601133388,3.3563218390804597
Ла-Плата,-34.9661,-57.8958,2023-06-01,2023,6,10.9,0.8,-0.17123976661993623,-0.1971834907808208,-1.5390959729103701,0.024464831804281346
Ла-Плата,-34.9661,-57.8958,2023-07-01,2023,7,10.9,42.0,0.20393498951021527,0.1993938792874104,-1.2835018392631476,1.2844036697247707
Ла-Плата,-34.9661,-57.8958,2023-08-01,2023,8,11.5,186.0,0.6827231089207274,0.723522419418815,-0.04402927222174904,5.391304347826087
Ла-Плата,-34.9661,-57.8958,2023-09-01,2023,9,12.6,66.0,1.1299702029936007,1.1423207394322201,0.5248140883385906,1.746031746031746
Ла-Плата,-34.9661,-57.8958,2023-10-01,2023,10,15.5,47.0,0.6249725171742866,0.6770133540901325,0.48378169520353964,1.010752688172043
Ла-Плата,-34.9661,-57.8958,2023-11-01,2023,11,18.5,170.0,0.20735201749625753,0.2242656531668896,0.5285325287953478,3.063063063063063
Ла-Плата,-34.9661,-57.8958,2023-12-01,2023,12,20.6,159.0,0.9508553795215632,1.0270390310887183,1.3418174589906138,2.5728155339805827
Ла-Плата,-34.9661,-57.8958,2024-01-01,2024,1,23.2,22.0,0.8498655760805635,0.8832979776579006,0.9415072032504059,0.3160919540229885
Ла-Плата,-34.9661,-57.8958,2024-02-01,2024,2,24.0,242.0,1.214460291286282,1.2526993180866044,1.0305244506354254,3.361111111111111
Ла-Плата,-34.9661,-57.8958,2024-03-01,2024,3,20.7,294.0,1.7229387292892098,1.6279102524957034,1.7206268530477615,4.734299516908212
Ла-Плата,-34.9661,-57.8958,2024-04-01,2024,4,16.8,185.0,2.9606304285007456,2.535654216431264,2.1750352139747298,3.6706349206349205
Ла-Плата,-34.9661,-57.8958,2024-05-01,2024,5,10.5,13.0,1.7753877727520797,1.6679280106236414,1.7430917895579652,0.4126984126984127
Ла-Плата,-34.9661,-57.8958,2024-06-01,2024,6,12.2,68.0,0.6825360957722706,0.7259303514582326,1.6927529922708884,1.8579234972677596
Ла-Плата,-34.9661,-57.8958,2024-07-01,2024,7,7.5,7.0,-1.0656395202309032,-1.1195157226091306,1.9141152375789785,
Ла-Плата,-34.9661,-57.8958,2024-08-01,2024,8,10.7,113.0,0.17055905514503902,0.19900174456544695,1.5657249948991654,3.520249221183801
Ла-Плата,-34.9661,-57.8958,2024-09-01,2024,9,14.4,20.0,-0.8134387190387862,-0.8793488414438148,0.028009868402033497,0.46296296296296297
Ла-Плата,-34.9661,-57.8958,2024-10-01,2024,10,17.9,39.0,-0.7613913020831974,-0.8434683444576433,-1.1822887712955246,0.7262569832402235
Ла-Плата,-34.9661,-57.8958,2024-11-01,2024,11,19.9,135.0,-0.7007031823520874,-0.7714696650547189,-0.513132607889241,2.2613065326633164
Ла-Плата,-34.9661,-57.8958,2024-12-01,2024,12,19.7,51.0,-0.39534979054409514,-0.4243520990595326,-0.8610940269136342,0.8629441624365483
Ла-Плата,-34.9661,-57.8958,2025-01-01,2025,1,23.4,42.0,-0.17092202002679172,-0.28890831779557036,-0.7670980559544208,0.5982905982905983
Ла-Плата,-34.9661,-57.8958,2025-02-01,2025,2,23.8,155.0,-0.09627163282237926,-0.14464538714119146,-0.6575276233422536,2.1708683473389354
Ла-Плата,-34.9661,-57.8958,2025-03-01,2025,3,20.9,185.0,0.7170043401421109,0.7715081836923753,0.28603755122376034,2.9505582137161084
Ла-Плата,-34.9661,-57.8958,2025-04-01,2025,4,15.7,80.0,1.1298338731056887,1.1796472629708,0.6221416757851784,1.6985138004246285
Ла-Плата,-34.9661,-57.8958,2025-05-01,2025,5,14.3,254.0,1.931357129537885,1.7748706255778735,1.2294076139244519,5.9207459207459205
Ла-Плата,-34.9661,-57.8958,2025-06-01,2025,6,8.8,23.0,1.3976348983631781,1.3907400081756425,1.3288512874134693,
Ла-Плата,-34.9661,-57.8958,2025-07-01,2025,7,9.6,41.0,1.2921350948996118,1.2654282342522158,1.5818728773667121,
Ла-Плата,-34.9661,-57.8958,2025-08-01,2025,8,11.6,141.0,0.3903187906374685,0.4299033764329833,1.7629068151146663,4.051724137931035
Ла-Плата,-34.9661,-57.8958,2025-09-01,2025,9,13.2,93.0,0.9333821409772188,0.9478254620789733,1.5649645486932542,2.3484848484848486
Ла-Плата,-34.9661,-57.8958,2025-10-01,2025,10,16.7,106.0,1.0192941712630983,1.0823346967956706,1.3753256771394318,2.1157684630738522
Ла-Плата,-34.9661,-57.8958,2025-11-01,2025,11,18.1,97.0,0.3274283205331353,0.3571035145098322,0.44925557263024124,1.7863720073664826
Ла-Плата,-34.9661,-57.8958,2025-12-01,2025,12,23.4,14.0,-0.4766396906045177,-0.5152364269784847,0.15509525361175247,0.19943019943019943
Ла-Плата,-34.9661,-57.8958,2026-01-01,2026,1,22.5,43.0,-1.2879459084430527,-1.3550487410394414,-0.06116002902291971,0.6370370370370371
Ла-Плата,-34.9661,-57.8958,2026-02-01,2026,2,22.8,55.0,-1.749918751826435,-1.6847917061013036,-0.9054860863559703,0.804093567251462
Ла-Плата,-34.9661,-57.8958,2026-03-01,2026,3,22.8,55.0,-1.2493889113463226,-1.3055196170472674,-1.2452711924500373,0.804093567251462
Ла-Плата,-34.9661,-57.8958,2026-04-01,2026,4,22.8,55.0,-1.005755608723199,-1.0769046439619492,-1.433304829772124,0.804093567251462
Ла-Плата,-34.9661,-57.8958,2026-05-01,2026,5,13.0,7.613816684007908,-1.2717765610367802,-1.3328213352372016,-1.7216859872629924,0.19522606882071558
Ла-Плата,-34.9661,-57.8958,2026-06-01,2026,6,10.0,76.94231053287557,-0.5561797954504271,-0.6143903711521602,-1.2694308707450013,
Ла-Плата,-34.9661,-57.8958,2026-07-01,2026,7,9.4,73.85993809319493,-0.11856138359159764,-0.15340907708174562,-0.930687351049118,
Ла-Плата,-34.9661,-57.8958,2026-08-01,2026,8,10.8,84.27615059217406,0.7571772939442879,0.7952939375783814,-0.5951597802791909,2.601115759017718
Ла-Плата,-34.9661,-57.8958,2026-09-01,2026,9,12.7,40.01730598036331,0.034176609025781866,-0.01650938835728126,-0.5407214194092002,1.0503229916105856
Ла-Плата,-34.9661,-57.8958,2026-10-01,2026,10,15.7,149.5323985919601,0.37167974289071665,0.4004945587689249,0.11402706928321878,3.1747855327380066
Ла-Плата,-34.9661,-57.8958,2026-11-01,2026,11,18.8,40.91354018862773,-0.3084160536042933,-0.3513803577714059,0.1773200095503968,0.7254173792309881
Ла-Плата,-34.9661,-57.8958,2026-12-01,2026,12,21.3,87.86730553968198,0.11714511901902405,0.15534874602669257,0.03337329140613242,1.3750752040638807
Ла-Риоха,-29.3817,-66.7933,1961-01-01,1961,1,27.5,74.0,,,,0.896969696969697
Ла-Риоха,-29.3817,-66.7933,1961-02-01,1961,2,26.0,31.0,,,,0.3974358974358974
Ла-Риоха,-29.3817,-66.7933,1961-03-01,1961,3,22.0,181.0,0.23034453227529128,0.6891490057506282,,2.742424242424242
Ла-Риоха,-29.3817,-66.7933,1961-04-01,1961,4,19.4,17.0,0.62029463137248,0.7052166059847476,,0.2920962199312715
Ла-Риоха,-29.3817,-66.7933,1961-05-01,1961,5,16.9,17.0,1.374985877488517,1.4368790911034794,,0.3353057199211046
Ла-Риоха,-29.3817,-66.7933,1961-06-01,1961,6,9.8,9.0,0.9969488876986937,0.44427798002134905,0.6822416777991724,
Ла-Риоха,-29.3817,-66.7933,1961-07-01,1961,7,11.5,0.2,0.6439669203969391,0.7582137204186215,0.7492696579523287,0.005797101449275362
Ла-Риоха,-29.3817,-66.7933,1961-08-01,1961,8,17.7,0.0,1.0131728374265185,0.12726277675893966,1.289185237733732,0.0
Ла-Риоха,-29.3817,-66.7933,1961-09-01,1961,9,18.0,0.7,0.3303678767384873,-1.1450580495236555,-0.00929627663481678,0.012962962962962963
Ла-Риоха,-29.3817,-66.7933,1961-10-01,1961,10,23.4,50.0,1.0308600202015752,0.9664473634268628,0.9624440352671115,0.7122507122507122
Ла-Риоха,-29.3817,-66.7933,1961-11-01,1961,11,25.8,71.0,0.750160465466201,1.1417928438797638,1.0060967135668384,0.917312661498708
Ла-Риоха,-29.3817,-66.7933,1961-12-01,1961,12,28.0,14.0,0.3780908370889026,0.4551252914563926,0.15318631663404347,0.16666666666666666
Ла-Риоха,-29.3817,-66.7933,1962-01-01,1962,1,27.0,58.0,-0.2940664432329571,-0.33243450906748573,-0.027000371709250622,0.7160493827160493
Ла-Риоха,-29.3817,-66.7933,1962-02-01,1962,2,27.5,25.0,-1.4200283426598195,-1.6539901133619754,-0.5314911155032243,0.30303030303030304
Ла-Риоха,-29.3817,-66.7933,1962-03-01,1962,3,26.9,7.0,-0.7896422637913091,-1.5383988187967208,-0.8495126091023472,0.08674101610904585
Ла-Риоха,-29.3817,-66.7933,1962-04-01,1962,4,19.9,8.0,-0.7464360105283745,-1.9895451817857066,-1.4103823914632265,0.13400335008375208
Ла-Риоха,-29.3817,-66.7933,1962-05-01,1962,5,15.9,3.0,-2.1623612502748113,-2.2612670919110966,-2.1477382808246706,0.06289308176100629
Ла-Риоха,-29.3817,-66.7933,1962-06-01,1962,6,11.3,3.0,0.4570631534311565,-0.8743148723819937,-1.765527700352858,0.08849557522123894
Ла-Риоха,-29.3817,-66.7933,1962-07-01,1962,7,8.4,11.0,0.479617367057583,0.40108200539611744,-1.9789831100029418,
Ла-Риоха,-29.3817,-66.7933,1962-08-01,1962,8,15.0,0.0,1.1427051231291625,0.28133474277243514,-2.277911423169261,0.0
Ла-Риоха,-29.3817,-66.7933,1962-09-01,1962,9,19.7,0.0,0.8938599739585339,0.23194339200572567,-0.8269073180472659,0.0
Ла-Риоха,-29.3817,-66.7933,1962-10-01,1962,10,22.6,2.0,-1.1152677276819551,-1.5929344593861678,-0.6181568435082114,0.029498525073746312
Ла-Риоха,-29.3817,-66.7933,1962-11-01,1962,11,27.2,56.0,0.054734450501188414,0.11214098172584547,0.16326475551675626,0.6862745098039216
Ла-Риоха,-29.3817,-66.7933,1962-12-01,1962,12,26.8,94.0,0.5988992060593352,0.7095847874374122,0.5472045200869481,1.1691542288557213
Ла-Риоха,-29.3817,-66.7933,1963-01-01,1963,1,27.7,31.0,0.20016203403403296,0.23850843337043778,-0.17304005341023007,0.3730445246690734
Ла-Риоха,-29.3817,-66.7933,1963-02-01,1963,2,25.4,133.0,0.36644060524532385,0.494875961090145,0.3796774018559172,1.7454068241469816
Ла-Риоха,-29.3817,-66.7933,1963-03-01,1963,3,23.4,13.0,-0.2067163750208939,-0.3351856184358298,0.06361436195652655,0.18518518518518517
Ла-Риоха,-29.3817,-66.7933,1963-04-01,1963,4,22.8,7.0,0.32176250992121874,-0.021711920500456776,0.035549422188751664,0.1023391812865497
Ла-Риоха,-29.3817,-66.7933,1963-05-01,1963,5,16.4,5.0,-1.6337121848989966,-1.8429985272313423,-0.09894838911378732,0.10162601626016261
Ла-Риоха,-29.3817,-66.7933,1963-06-01,1963,6,12.7,0.0,0.3920321902715509,-1.0337608697240308,-0.5703511549215541,0.0
Ла-Риоха,-29.3817,-66.7933,1963-07-01,1963,7,13.3,27.0,0.7274600280647413,0.9169338581856894,0.18165939333245187,0.6766917293233082
Ла-Риоха,-29.3817,-66.7933,1963-08-01,1963,8,15.1,0.0,1.3851471516350005,0.5184594539603605,-1.1071122280933756,0.0
Ла-Риоха,-29.3817,-66.7933,1963-09-01,1963,9,16.8,2.0,1.2376281395260786,0.7714775095678809,-0.1075275073398229,0.03968253968253968
Ла-Риоха,-29.3817,-66.7933,1963-10-01,1963,10,21.0,2.0,-0.8378673778466241,-1.2190740153423085,0.15472180393846127,0.031746031746031744
Ла-Риоха,-29.3817,-66.7933,1963-11-01,1963,11,22.3,30.0,-0.35184856180683616,-0.5853707636730879,-0.07284127465774483,0.4484304932735426
Ла-Риоха,-29.3817,-66.7933,1963-12-01,1963,12,26.4,92.0,0.22684799048066678,0.2746713002965339,0.40928908341789955,1.1616161616161615
Ла-Риоха,-29.3817,-66.7933,1964-01-01,1964,1,27.7,56.0,0.1645616028460378,0.19805848520044247,-0.18702850384395503,0.6738868832731648
Ла-Риоха,-29.3817,-66.7933,1964-02-01,1964,2,26.5,52.0,-0.05477049741296835,-0.052505804326945626,-0.3608891960739678,0.6540880503144654
Ла-Риоха,-29.3817,-66.7933,1964-03-01,1964,3,20.9,155.0,0.1509926743859177,0.512804665162449,0.4442341806281379,2.4720893141945774
Ла-Риоха,-29.3817,-66.7933,1964-04-01,1964,4,19.8,10.0,0.5790641327060316,0.6109329484214328,0.43548635470190206,0.16835016835016836
Ла-Риоха,-29.3817,-66.7933,1964-05-01,1964,5,18.2,0.0,0.9301936216026994,1.0803499650628527,0.49037880505336706,0.0
Ла-Риоха,-29.3817,-66.7933,1964-06-01,1964,6,10.5,11.0,0.6359475981113082,-0.42065672359583184,0.35956104055503757,0.3492063492063492
Ла-Риоха,-29.3817,-66.7933,1964-07-01,1964,7,10.5,0.0,0.33304682488930276,0.03187891105973014,0.5573728500930908,0.0
Ла-Риоха,-29.3817,-66.7933,1964-08-01,1964,8,14.0,0.0,1.0662500506045867,0.19299465037613192,0.9851570822801338,0.0
Ла-Риоха,-29.3817,-66.7933,1964-09-01,1964,9,18.5,0.0,-1.0968035620935135,-9.68053974620678,-1.078156526204729,0.0
Ла-Риоха,-29.3817,-66.7933,1964-10-01,1964,10,20.5,41.0,0.8021520496589215,0.7767063499164442,0.5646420990836806,0.6666666666666666
Ла-Риоха,-29.3817,-66.7933,1964-11-01,1964,11,25.2,45.0,0.40245096130232705,0.668178230608158,0.5909112819268162,0.5952380952380952
Ла-Риоха,-29.3817,-66.7933,1964-12-01,1964,12,26.0,36.0,0.19856178017074963,0.24050641112304072,-0.07398151990436362,0.46153846153846156
Ла-Риоха,-29.3817,-66.7933,1965-01-01,1965,1,27.4,85.0,0.01690774924081759,0.02847971041245295,0.14507088399216622,1.0340632603406326
Ла-Риоха,-29.3817,-66.7933,1965-02-01,1965,2,27.4,33.0,-0.49467378026567255,-0.6414651876700849,-0.29701766052809614,0.40145985401459855
Ла-Риоха,-29.3817,-66.7933,1965-03-01,1965,3,23.7,27.0,-0.37939148315737253,-0.735905261200704,-0.44126314836563296,0.379746835443038
Ла-Риоха,-29.3817,-66.7933,1965-04-01,1965,4,20.0,7.0,-0.266283091513477,-1.3705099577990734,-0.848143601658617,0.11666666666666667
Ла-Риоха,-29.3817,-66.7933,1965-05-01,1965,5,15.2,6.0,-1.0150157056810376,-1.1856508592318926,-0.9986793900206347,0.13157894736842105
Ла-Риоха,-29.3817,-66.7933,1965-06-01,1965,6,16.1,0.0,0.42564411349474823,-0.9519410880331256,-0.9602136747404739,0.0
Ла-Риоха,-29.3817,-66.7933,1965-07-01,1965,7,11.2,0.3,0.1674491656793423,-0.4311328133633194,-1.5398865573204263,0.008928571428571428
Ла-Риоха,-29.3817,-66.7933,1965-08-01,1965,8,15.2,26.0,1.3743244500367018,0.5090997825178114,-0.621684462980157,0.5701754385964912
Ла-Риоха,-29.3817,-66.7933,1965-09-01,1965,9,16.7,5.0,1.269808515164544,0.8120848838690815,0.003683326087697344,0.0998003992015968
Ла-Риоха,-29.3817,-66.7933,1965-10-01,1965,10,24.1,0.0,0.527390889819366,0.5181644579096194,0.1956310873605733,0.0
Ла-Риоха,-29.3817,-66.7933,1965-11-01,1965,11,25.2,65.0,0.215082425017465,0.3772956497482564,0.5806155997147973,0.8597883597883598
Ла-Риоха,-29.3817,-66.7933,1965-12-01,1965,12,26.1,28.0,-0.24401246336712995,-0.29965559141272535,-0.035237562653941866,0.35759897828863346
Ла-Риоха,-29.3817,-66.7933,1966-01-01,1966,1,27.0,64.0,-0.09995940815820178,-0.10706800110740894,-0.10396408761059427,0.7901234567901234
Ла-Риоха,-29.3817,-66.7933,1966-02-01,1966,2,25.1,23.0,-1.036109301678138,-1.2888273923264946,-0.9489567698784782,0.3054448871181939
Ла-Риоха,-29.3817,-66.7933,1966-03-01,1966,3,24.1,74.0,-0.2891685629760767,-0.5296313169594807,-0.5615817013758639,1.0235131396957122
Ла-Риоха,-29.3817,-66.7933,1966-04-01,1966,4,20.5,18.0,0.12029815063393945,-0.5317158725538567,-0.4705723241255965,0.2926829268292683
Ла-Риоха,-29.3817,-66.7933,1966-05-01,1966,5,16.4,8.0,0.17907568847214927,0.3078961166408639,-0.757492404426089,0.1626016260162602
Ла-Риоха,-29.3817,-66.7933,1966-06-01,1966,6,13.9,0.0,0.7364350352577431,-0.166367941658344,-0.594132399401022,0.0
Ла-Риоха,-29.3817,-66.7933,1966-07-01,1966,7,11.9,9.0,0.479617367057583,0.40108200539611744,-0.4568924435676942,0.25210084033613445
Ла-Риоха,-29.3817,-66.7933,1966-08-01,1966,8,13.4,0.3,1.0163036068368758,0.1312446155253081,0.2774296046693076,0.007462686567164179
Ла-Риоха,-29.3817,-66.7933,1966-09-01,1966,9,17.3,11.0,1.0982269111780023,0.5776047473456065,0.066651699066304,0.2119460500963391
Ла-Риоха,-29.3817,-66.7933,1966-10-01,1966,10,23.0,5.0,-0.00882276654566288,-0.09057949775737742,0.06390966286658935,0.07246376811594203
Ла-Риоха,-29.3817,-66.7933,1966-11-01,1966,11,25.2,46.0,0.1104794238366482,0.20570580034148137,0.14924287693885216,0.6084656084656085
Ла-Риоха,-29.3817,-66.7933,1966-12-01,1966,12,25.1,56.0,-0.02221978324935884,-0.0287839422675097,0.014616924564501636,0.7436918990703851
Ла-Риоха,-29.3817,-66.7933,1967-01-01,1967,1,28.2,21.0,-0.6041847505741433,-0.6849346705712289,-0.8339074380129176,0.24822695035460993
Ла-Риоха,-29.3817,-66.7933,1967-02-01,1967,2,27.4,21.0,-1.394168294445119,-1.6321761546433908,-1.3004702828660428,0.25547445255474455
Ла-Риоха,-29.3817,-66.7933,1967-03-01,1967,3,24.1,12.0,-1.2853281956364406,-2.1685555343009275,-1.5957016615992266,0.16597510373443983
Ла-Риоха,-29.3817,-66.7933,1967-04-01,1967,4,23.7,2.0,-0.9587529758727867,-2.1249915262916006,-1.7342025124331966,0.02812939521800281
Ла-Риоха,-29.3817,-66.7933,1967-05-01,1967,5,19.9,0.0,-2.806164841339127,-2.570529190166031,-2.2039815338717466,0.0
Ла-Риоха,-29.3817,-66.7933,1967-06-01,1967,6,8.6,18.0,0.6136723837228902,-0.4775343695253376,-2.325663459499347,
Ла-Риоха,-29.3817,-66.7933,1967-07-01,1967,7,11.4,1.0,0.5199364777772274,0.49435936226670857,-2.0733415467258633,0.029239766081871343
Ла-Риоха,-29.3817,-66.7933,1967-08-01,1967,8,14.9,0.4,1.256200531113561,0.39986262376142745,-2.148910172784505,0.008948545861297539
Ла-Риоха,-29.3817,-66.7933,1967-09-01,1967,9,17.7,2.0,0.5891211912404806,-0.44165020726528265,-0.9225062200577334,0.03766478342749529
Ла-Риоха,-29.3817,-66.7933,1967-10-01,1967,10,23.5,5.0,-0.5236338605723188,-0.7808976887964053,-0.2130610013190043,0.07092198581560284
Ла-Риоха,-29.3817,-66.7933,1967-11-01,1967,11,23.8,89.0,0.5080794855867433,0.8214147346054143,0.8344839778177116,1.246498599439776
Ла-Риоха,-29.3817,-66.7933,1967-12-01,1967,12,29.9,37.0,0.3239128462231578,0.3909644637257139,0.12948560570021414,0.4124860646599777
Ла-Риоха,-29.3817,-66.7933,1968-01-01,1968,1,27.4,142.0,1.0716376691188965,1.1315534965051326,0.8696860909811865,1.7274939172749393
Ла-Риоха,-29.3817,-66.7933,1968-02-01,1968,2,26.0,94.0,0.4607066714961971,0.6094804102756816,0.732164727955618,1.205128205128205
Ла-Риоха,-29.3817,-66.7933,1968-03-01,1968,3,23.6,51.0,0.23368114819864536,0.696405908899765,0.6172650822433269,0.7203389830508474
Ла-Риоха,-29.3817,-66.7933,1968-04-01,1968,4,18.2,11.0,0.3356739366677353,0.013744662523208072,0.5970458370627343,0.20146520146520147
Ла-Риоха,-29.3817,-66.7933,1968-05-01,1968,5,14.4,0.0,-0.46035371335397635,-0.4923808099584303,0.29697325035114597,0.0
Ла-Риоха,-29.3817,-66.7933,1968-06-01,1968,6,12.6,1.0,0.3920321902715509,-1.0337608697240308,0.4742892494974247,0.026455026455026454
Ла-Риоха,-29.3817,-66.7933,1968-07-01,1968,7,14.2,0.0,-0.2590556674295172,-1.6054719494081393,-0.12634268521358183,0.0
Ла-Риоха,-29.3817,-66.7933,1968-08-01,1968,8,15.9,2.0,0.7342683402416554,-0.28526066352300583,-0.660084690103322,0.041928721174004195
Ла-Риоха,-29.3817,-66.7933,1968-09-01,1968,9,18.9,0.0,0.47733401598910263,-0.734029875174472,-1.6569835190823095,0.0
Ла-Риоха,-29.3817,-66.7933,1968-10-01,1968,10,21.8,9.0,-0.2825173853748199,-0.44887564161825505,-1.2049655323514292,0.13761467889908258
Ла-Риоха,-29.3817,-66.7933,1968-11-01,1968,11,27.4,54.0,0.12403379350920551,0.2282524264789557,0.038779376213643,0.656934306569343
Ла-Риоха,-29.3817,-66.7933,1968-12-01,1968,12,27.2,50.0,0.06800550295620301,0.08165665723720031,-0.19462716396310922,0.6127450980392157
Ла-Риоха,-29.3817,-66.7933,1969-01-01,1969,1,29.4,8.0,-0.7963997687626632,-0.8938599190115417,-1.1032459935239973,0.09070294784580499
Ла-Риоха,-29.3817,-66.7933,1969-02-01,1969,2,27.2,22.0,-2.056821224844899,-2.063171451493005,-1.5646781304138955,0.2696078431372549
Ла-Риоха,-29.3817,-66.7933,1969-03-01,1969,3,25.3,2.0,-7.6649952959278345,-2.63400709961972,-1.81411778959467,0.026350461133069828
Ла-Риоха,-29.3817,-66.7933,1969-04-01,1969,4,22.7,29.0,-0.4554489081767623,-1.672129782146114,-1.6398919972992,0.42584434654919234
Ла-Риоха,-29.3817,-66.7933,1969-05-01,1969,5,17.9,16.0,-0.8119061966379522,-0.9392263051612683,-1.9365755968320195,0.297951582867784
Ла-Риоха,-29.3817,-66.7933,1969-06-01,1969,6,11.8,0.0,1.0224721781559951,0.498640702556558,-2.2635530363464933,0.0
Ла-Риоха,-29.3817,-66.7933,1969-07-01,1969,7,12.4,0.0,0.45816256011931383,0.34994455191174934,-1.6460568032486145,0.0
Ла-Риоха,-29.3817,-66.7933,1969-08-01,1969,8,13.9,0.0,-1.0299567622253682,-7.694592588742105,-1.3201907366112637,0.0
Ла-Риоха,-29.3817,-66.7933,1969-09-01,1969,9,20.2,0.0,-1.0968035620935135,-9.68053974620678,0.02608282290818838,0.0
Ла-Риоха,-29.3817,-66.7933,1969-10-01,1969,10,22.8,2.0,-1.1152677276819551,-1.5929344593861678,-0.685866848055707,0.029239766081871343
Ла-Риоха,-29.3817,-66.7933,1969-11-01,1969,11,26.3,20.0,-0.6380835405120103,-1.047293796266793,-1.2823459403597295,0.2534854245880862
Ла-Риоха,-29.3817,-66.7933,1969-12-01,1969,12,27.9,78.0,-0.13102578938982223,-0.16201027712730937,-0.46619029178753485,0.931899641577061
Ла-Риоха,-29.3817,-66.7933,1970-01-01,1970,1,27.3,51.0,-0.20888261951746362,-0.2336786520031023,-0.6476647912024134,0.6227106227106227
Ла-Риоха,-29.3817,-66.7933,1970-02-01,1970,2,28.5,41.0,-0.325897557392607,-0.418026239720277,-0.8572566873006556,0.47953216374269003
Ла-Риоха,-29.3817,-66.7933,1970-03-01,1970,3,24.5,36.0,-0.486160394471181,-0.9680323093906135,-0.8184320887264859,0.4897959183673469
Ла-Риоха,-29.3817,-66.7933,1970-04-01,1970,4,24.3,11.0,-0.06747081058132685,-0.9721981491795838,-0.8071452065384037,0.15089163237311384
Ла-Риоха,-29.3817,-66.7933,1970-05-01,1970,5,14.9,12.0,-0.5239222058577243,-0.5742341449972177,-0.6072769628934591,0.2684563758389262
Ла-Риоха,-29.3817,-66.7933,1970-06-01,1970,6,11.8,8.0,0.8233294982463866,0.047199662517417855,-0.9469090150028109,0.22598870056497175
Ла-Риоха,-29.3817,-66.7933,1970-07-01,1970,7,11.0,0.0,0.5389629790046024,0.5370901917566901,-0.8365393323840793,0.0
Ла-Риоха,-29.3817,-66.7933,1970-08-01,1970,8,14.5,0.0,0.9735815315608685,0.07574272267918669,-0.6013973326418852,0.0
Ла-Риоха,-29.3817,-66.7933,1970-09-01,1970,9,20.9,0.0,-1.0968035620935135,-9.68053974620678,-0.51404470527676,0.0
Ла-Риоха,-29.3817,-66.7933,1970-10-01,1970,10,21.5,8.0,-0.4787606600861822,-0.7184240174685164,-0.14204415813817522,0.12403100775193798
Ла-Риоха,-29.3817,-66.7933,1970-11-01,1970,11,24.7,60.0,0.18971717804099672,0.3362222565672474,0.24098932420724173,0.8097165991902834
Ла-Риоха,-29.3817,-66.7933,1970-12-01,1970,12,28.4,21.0,-0.3106217413615512,-0.38014801732313175,-0.6754601580477969,0.24647887323943662
Ла-Риоха,-29.3817,-66.7933,1971-01-01,1971,1,26.1,52.0,-0.4436101884157503,-0.5042312094698708,-0.8064649515664369,0.6641123882503193
Ла-Риоха,-29.3817,-66.7933,1971-02-01,1971,2,25.5,25.0,-1.394168294445119,-1.6321761546433908,-1.2124326646083918,0.32679738562091504
Ла-Риоха,-29.3817,-66.7933,1971-03-01,1971,3,23.7,42.0,-0.548463739068765,-1.0964225174076947,-1.0315916780373706,0.5907172995780591
Ла-Риоха,-29.3817,-66.7933,1971-04-01,1971,4,17.7,45.0,0.10181349327736774,-0.5771902418120678,-0.7267481702398713,0.847457627118644
Ла-Риоха,-29.3817,-66.7933,1971-05-01,1971,5,14.5,1.0,0.0022505014735453507,0.09529453570538021,-1.0959596188927652,0.022988505747126436
Ла-Риоха,-29.3817,-66.7933,1971-06-01,1971,6,9.4,2.0,1.059351997414625,0.5752448710741714,-0.8422632935445015,
Ла-Риоха,-29.3817,-66.7933,1971-07-01,1971,7,13.2,0.0,-0.023073682535724574,-0.9840009432166162,-0.7185585136687321,0.0
Ла-Риоха,-29.3817,-66.7933,1971-08-01,1971,8,14.8,0.0,0.6508885680864762,-0.43231927115496976,-0.05474537369576844,0.0
Ла-Риоха,-29.3817,-66.7933,1971-09-01,1971,9,20.7,0.0,-1.0968035620935135,-9.68053974620678,0.11777651055847752,0.0
Ла-Риоха,-29.3817,-66.7933,1971-10-01,1971,10,22.5,17.0,0.022684165966146454,-0.051128624539656053,-0.5541946584252417,0.2518518518518518
Ла-Риоха,-29.3817,-66.7933,1971-11-01,1971,11,27.3,7.0,-0.5837387909420183,-0.9636192806786184,-1.1213571835492087,0.08547008547008547
Ла-Риоха,-29.3817,-66.7933,1971-12-01,1971,12,30.6,0.0,-1.7390094767814666,-1.8103508135100608,-2.045397249610201,0.0
Ла-Риоха,-29.3817,-66.7933,1972-01-01,1972,1,29.6,49.0,-2.3529628667297953,-2.149066739696245,-2.002439332116032,0.5518018018018018
Ла-Риоха,-29.3817,-66.7933,1972-02-01,1972,2,28.1,48.0,-1.4200283426598195,-1.6539901133619754,-1.9482190673617272,0.5693950177935944
Ла-Риоха,-29.3817,-66.7933,1972-03-01,1972,3,23.7,26.0,-0.5202086644609373,-1.0388809314598095,-1.7858647948668414,0.3656821378340366
Ла-Риоха,-29.3817,-66.7933,1972-04-01,1972,4,19.9,11.0,-0.09211366551024966,-1.0257909762461581,-1.9779362326922474,0.18425460636515914
Ла-Риоха,-29.3817,-66.7933,1972-05-01,1972,5,17.0,3.0,-1.0150157056810376,-1.1856508592318926,-1.774327582873821,0.058823529411764705
Ла-Риоха,-29.3817,-66.7933,1972-06-01,1972,6,13.3,4.0,0.5663365627509076,-0.5984247771239628,-1.1943562509371382,0.10025062656641603
Ла-Риоха,-29.3817,-66.7933,1972-07-01,1972,7,10.8,3.0,0.30311329626599604,-0.04882332702751392,-1.074172483010465,0.09259259259259259
Ла-Риоха,-29.3817,-66.7933,1972-08-01,1972,8,13.7,4.0,1.0662500506045867,0.19299465037613192,-1.147426127783696,0.09732360097323602
Ла-Риоха,-29.3817,-66.7933,1972-09-01,1972,9,19.1,12.0,1.0741770475648205,0.5409486821198678,-0.2562095363632639,0.2094240837696335
Ла-Риоха,-29.3817,-66.7933,1972-10-01,1972,10,22.6,8.0,0.2992154998795613,0.27596154583944954,0.08825993861703198,0.11799410029498525
Ла-Риоха,-29.3817,-66.7933,1972-11-01,1972,11,24.1,51.0,0.22758343627761063,0.39740160744990827,0.3503648560275137,0.7053941908713693
Ла-Риоха,-29.3817,-66.7933,1972-12-01,1972,12,27.4,44.0,-0.08390628194695994,-0.1043522178491269,-0.07398151990436362,0.5352798053527981
Ла-Риоха,-29.3817,-66.7933,1973-01-01,1973,1,29.3,35.0,-0.4905305934326242,-0.5575130062068911,-0.6009320666186116,0.3981797497155859
Ла-Риоха,-29.3817,-66.7933,1973-02-01,1973,2,26.4,72.0,-0.5288186110097732,-0.6858093459658317,-0.493737699162909,0.9090909090909091
Ла-Риоха,-29.3817,-66.7933,1973-03-01,1973,3,24.0,63.0,-0.24193958148874117,-0.4187966856129914,-0.3874924206068575,0.875
Ла-Риоха,-29.3817,-66.7933,1973-04-01,1973,4,20.1,8.0,0.27359976932042873,-0.1447153635789275,-0.4615202893233666,0.13266998341625208
Ла-Риоха,-29.3817,-66.7933,1973-05-01,1973,5,15.3,5.0,-0.19481346419027942,-0.15140149398182884,-0.628242449006574,0.10893246187363835
Ла-Риоха,-29.3817,-66.7933,1973-06-01,1973,6,12.6,2.0,0.486611709914455,-0.8004690312933999,-0.6180988551496147,0.05291005291005291
Ла-Риоха,-29.3817,-66.7933,1973-07-01,1973,7,9.8,6.0,0.38730335691737816,0.17382384262727923,-0.13847356335655855,
Ла-Риоха,-29.3817,-66.7933,1973-08-01,1973,8,14.0,1.0,1.006838734410269,0.11916590463885732,-0.1569006617253326,0.023809523809523808
Ла-Риоха,-29.3817,-66.7933,1973-09-01,1973,9,16.9,2.0,0.8347694204649135,0.11654711185622948,-0.8859527541810839,0.03944773175542407
Ла-Риоха,-29.3817,-66.7933,1973-10-01,1973,10,22.7,6.0,-0.40865121980574937,-0.6213134730964871,-0.4360724852388606,0.0881057268722467
Ла-Риоха,-29.3817,-66.7933,1973-11-01,1973,11,24.5,41.0,-0.08101225772725255,-0.11992661124083387,-0.14353508857603997,0.5578231292517006
Ла-Риоха,-29.3817,-66.7933,1973-12-01,1973,12,25.2,84.0,0.3239128462231578,0.3909644637257139,0.21695143834405642,1.1111111111111112
Ла-Риоха,-29.3817,-66.7933,1974-01-01,1974,1,27.8,61.0,0.2584219817036121,0.30424134170268585,-0.009716017707344506,0.7314148681055156
Ла-Риоха,-29.3817,-66.7933,1974-02-01,1974,2,23.4,160.0,0.6474469387239825,0.8254801333735975,0.6405262450716696,2.2792022792022792
Ла-Риоха,-29.3817,-66.7933,1974-03-01,1974,3,22.2,117.0,0.3932448183068906,1.0270494405678858,0.8642705876012045,1.7567567567567568
Ла-Риоха,-29.3817,-66.7933,1974-04-01,1974,4,19.6,2.0,0.7762361858306548,1.0383095868124628,0.7993783924687085,0.034013605442176874
Ла-Риоха,-29.3817,-66.7933,1974-05-01,1974,5,15.7,2.0,0.452973718453555,0.6155223203266993,0.8204603455989371,0.04246284501061571
Ла-Риоха,-29.3817,-66.7933,1974-06-01,1974,6,11.3,0.0,-0.07821197281516537,-1.9443892752915546,0.7643182214117132,0.0
Ла-Риоха,-29.3817,-66.7933,1974-07-01,1974,7,12.7,4.0,0.15395958401880402,-0.47019109859464964,0.9290067286011944,0.10498687664041995
Ла-Риоха,-29.3817,-66.7933,1974-08-01,1974,8,13.8,6.0,1.037583294930151,0.15795808396394415,0.5645542278099288,0.14492753623188406
Ла-Риоха,-29.3817,-66.7933,1974-09-01,1974,9,15.9,0.0,0.8653686508476488,0.17721412870589057,-1.6569835190823095,0.0
Ла-Риоха,-29.3817,-66.7933,1974-10-01,1974,10,22.5,3.0,-0.40865121980574937,-0.6213134730964871,-0.9164770399517357,0.044444444444444446
Ла-Риоха,-29.3817,-66.7933,1974-11-01,1974,11,25.8,2.0,-1.3829510703048062,-1.9214095714783412,-1.5972388651385054,0.025839793281653745
Ла-Риоха,-29.3817,-66.7933,1974-12-01,1974,12,25.1,35.0,-1.3003569072221675,-1.4422586775544994,-1.4708976462649697,0.4648074369189907
Ла-Риоха,-29.3817,-66.7933,1975-01-01,1975,1,27.7,68.0,-0.9291216626541833,-1.0323427109734054,-1.2566254915281254,0.8182912154031288
Ла-Риоха,-29.3817,-66.7933,1975-02-01,1975,2,25.7,73.0,-0.2675326579441964,-0.33960174215380273,-1.0026085509119318,0.9468223086900129
Ла-Риоха,-29.3817,-66.7933,1975-03-01,1975,3,23.4,61.0,-0.09004677203876545,-0.05507681992606404,-0.6773859066555181,0.8689458689458689
Ла-Риоха,-29.3817,-66.7933,1975-04-01,1975,4,20.3,20.0,0.3264257374928074,-0.00982058464923038,-0.5910515173090359,0.3284072249589491
Ла-Риоха,-29.3817,-66.7933,1975-05-01,1975,5,15.2,3.0,-0.06089761283301103,0.01718638311971844,-0.3023119233754984,0.06578947368421052
Ла-Риоха,-29.3817,-66.7933,1975-06-01,1975,6,13.7,7.0,0.806819065091864,0.007244069960384202,-0.10264257930976957,0.170316301703163
Ла-Риоха,-29.3817,-66.7933,1975-07-01,1975,7,9.8,0.0,0.30311329626599604,-0.04882332702751392,-0.043742667975725125,
Ла-Риоха,-29.3817,-66.7933,1975-08-01,1975,8,12.3,54.0,1.782839623737503,0.8021999305887361,0.7157372100787373,1.4634146341463414
Ла-Риоха,-29.3817,-66.7933,1975-09-01,1975,9,17.3,45.0,1.892661774836295,1.3820449308253993,1.351114401201011,0.8670520231213873
Ла-Риоха,-29.3817,-66.7933,1975-10-01,1975,10,22.0,1.0,1.903598371860798,1.5244294289713118,1.2905406733837586,0.015151515151515152
Ла-Риоха,-29.3817,-66.7933,1975-11-01,1975,11,23.6,75.0,0.7440282517240387,1.1341994581221755,1.4289737922089336,1.0593220338983051
Ла-Риоха,-29.3817,-66.7933,1975-12-01,1975,12,28.7,3.0,-0.4843909137006713,-0.5866024183690358,0.7384474765199371,0.03484320557491289
Ла-Риоха,-29.3817,-66.7933,1976-01-01,1976,1,26.9,53.0,-0.47477720096264836,-0.5396635531712543,0.4289075596615353,0.6567534076827757
Ла-Риоха,-29.3817,-66.7933,1976-02-01,1976,2,25.6,85.0,-0.6496402380427942,-0.8396260575308037,-0.0767792657118573,1.1067708333333333
Ла-Риоха,-29.3817,-66.7933,1976-03-01,1976,3,21.1,59.0,-0.11235478136315093,-0.10879718281149284,-0.36101766094600135,0.9320695102685624
Ла-Риоха,-29.3817,-66.7933,1976-04-01,1976,4,18.5,0.0,0.2785477315287789,-0.1320738423451708,-0.4435075368243528,0.0
Ла-Риоха,-29.3817,-66.7933,1976-05-01,1976,5,15.0,45.0,0.23437603029186763,0.37226878276625497,-0.44527363877029286,1.0
Ла-Риоха,-29.3817,-66.7933,1976-06-01,1976,6,11.3,0.0,1.0224721781559951,0.498640702556558,-0.005394440652609988,0.0
Ла-Риоха,-29.3817,-66.7933,1976-07-01,1976,7,10.8,0.0,0.8827351800695145,1.1758414352941107,0.22112015289403056,0.0
Ла-Риоха,-29.3817,-66.7933,1976-08-01,1976,8,13.1,1.0,0.5238772001833124,-0.677713846684148,0.21079976863425498,0.02544529262086514
Ла-Риоха,-29.3817,-66.7933,1976-09-01,1976,9,17.0,29.0,1.2518124824552266,0.7895551936808243,0.719507019313339,0.5686274509803921
Ла-Риоха,-29.3817,-66.7933,1976-10-01,1976,10,22.2,3.0,0.5864062680591534,0.5766820629746447,0.9761043136965386,0.04504504504504504
Ла-Риоха,-29.3817,-66.7933,1976-11-01,1976,11,26.0,33.0,0.15071358535864993,0.27237525831372555,0.038779376213643,0.4230769230769231
Ла-Риоха,-29.3817,-66.7933,1976-12-01,1976,12,27.6,19.0,-0.9542194265884405,-1.10573003140408,-0.7534330851391322,0.22946859903381642
Ла-Риоха,-29.3817,-66.7933,1977-01-01,1977,1,27.0,108.0,-0.06037141690423596,-0.061078317551276434,-0.03634883001913851,1.3333333333333333
Ла-Риоха,-29.3817,-66.7933,1977-02-01,1977,2,24.4,102.0,0.16889230668515814,0.24411833785856493,0.20708934538694476,1.3934426229508197
Ла-Риоха,-29.3817,-66.7933,1977-03-01,1977,3,23.2,41.0,0.10741980286208715,0.4131611596678,-0.1109062578263144,0.5890804597701149
Ла-Риоха,-29.3817,-66.7933,1977-04-01,1977,4,19.9,27.0,0.39770900546555144,0.1708618121974401,0.006124890182992649,0.45226130653266333
Ла-Риоха,-29.3817,-66.7933,1977-05-01,1977,5,15.0,4.0,-0.2661532901437805,-0.2424497098907724,0.04761987508651522,0.08888888888888889
Ла-Риоха,-29.3817,-66.7933,1977-06-01,1977,6,12.9,6.0,0.9151082407923539,0.2627576777231161,0.3909052610790197,0.15503875968992248
Ла-Риоха,-29.3817,-66.7933,1977-07-01,1977,7,12.4,1.0,0.33304682488930276,0.03187891105973014,0.14114162787285142,0.026881720430107527
Ла-Риоха,-29.3817,-66.7933,1977-08-01,1977,8,15.4,7.0,1.1427051231291625,0.28133474277243514,-0.13584229458347022,0.15151515151515152
Ла-Риоха,-29.3817,-66.7933,1977-09-01,1977,9,21.1,2.0,0.8653686508476488,0.17721412870589057,0.08796082666801114,0.0315955766192733
Ла-Риоха,-29.3817,-66.7933,1977-10-01,1977,10,23.7,39.0,0.9701482519488887,0.918182884426193,0.6975665998946499,0.5485232067510548
Ла-Риоха,-29.3817,-66.7933,1977-11-01,1977,11,25.5,16.0,0.040393420668654284,0.0878734941803739,0.1431940973947246,0.20915032679738563
Ла-Риоха,-29.3817,-66.7933,1977-12-01,1977,12,26.7,82.0,0.4048452570903767,0.4865838364493935,0.32237252603411504,1.0237203495630463
Ла-Риоха,-29.3817,-66.7933,1978-01-01,1978,1,25.0,30.0,-0.522387933265818,-0.5934777933355465,-0.2721532513076443,0.4
Ла-Риоха,-29.3817,-66.7933,1978-02-01,1978,2,25.1,35.0,-0.5757837090302094,-0.7462066281448588,-0.7062721943240714,0.4648074369189907
Ла-Риоха,-29.3817,-66.7933,1978-03-01,1978,3,23.3,78.0,-0.3913122295231308,-0.7625192717974947,-0.326139894007589,1.1158798283261802
Ла-Риоха,-29.3817,-66.7933,1978-04-01,1978,4,20.5,17.0,0.20626351547386515,-0.3162582920183066,-0.6005371946089816,0.2764227642276423
Ла-Риоха,-29.3817,-66.7933,1978-05-01,1978,5,17.2,0.0,0.10751600218938667,0.22303920095344557,-0.4748872839809799,0.0
Ла-Риоха,-29.3817,-66.7933,1978-06-01,1978,6,11.3,0.0,0.5410632889301268,-0.6627942660981051,-0.9336546202255417,0.0
Ла-Риоха,-29.3817,-66.7933,1978-07-01,1978,7,13.8,0.0,-1.5497059007365892,-2.29153665270413,-0.48599095818161986,0.0
Ла-Риоха,-29.3817,-66.7933,1978-08-01,1978,8,12.2,0.0,-1.0299567622253682,-7.694592588742105,0.04008898176155242,0.0
Ла-Риоха,-29.3817,-66.7933,1978-09-01,1978,9,19.3,12.0,0.9205764810401186,0.2817444755529042,-0.6112715203681798,0.20725388601036268
Ла-Риоха,-29.3817,-66.7933,1978-10-01,1978,10,23.6,1.0,-0.17073334988237246,-0.29946512207470877,-1.1004723614931953,0.014124293785310734
Ла-Риоха,-29.3817,-66.7933,1978-11-01,1978,11,26.2,0.0,-0.9394330570610394,-1.4661750781915945,-1.6970517669317295,0.0
Ла-Риоха,-29.3817,-66.7933,1978-12-01,1978,12,27.3,99.0,-0.13102578938982223,-0.16201027712730937,-0.2475572526199971,1.2087912087912087
Ла-Риоха,-29.3817,-66.7933,1979-01-01,1979,1,27.2,33.0,-0.45913776376873533,-0.5219029086799802,-0.7423988364063253,0.40441176470588236
Ла-Риоха,-29.3817,-66.7933,1979-02-01,1979,2,24.8,108.0,0.24646281362370867,0.34413664740501376,-0.1642808717479138,1.4516129032258065
Ла-Риоха,-29.3817,-66.7933,1979-03-01,1979,3,21.7,42.0,-0.17748224973334054,-0.2653269165634555,-0.30029574832215694,0.6451612903225806
Ла-Риоха,-29.3817,-66.7933,1979-04-01,1979,4,17.4,73.0,0.599894080982313,0.658874051918664,0.18327169177496158,1.3984674329501916
Ла-Риоха,-29.3817,-66.7933,1979-05-01,1979,5,15.8,0.0,0.3785940950194336,0.5348346931284176,0.4284600412925745,0.0
Ла-Риоха,-29.3817,-66.7933,1979-06-01,1979,6,10.3,0.0,1.3196907708781014,1.0510135450836273,0.12384673144581688,0.0
Ла-Риоха,-29.3817,-66.7933,1979-07-01,1979,7,12.8,0.0,-1.5497059007365892,-2.29153665270413,0.5186618409915588,0.0
Ла-Риоха,-29.3817,-66.7933,1979-08-01,1979,8,16.7,0.0,-1.0299567622253682,-7.694592588742105,0.3602774091839217,0.0
Ла-Риоха,-29.3817,-66.7933,1979-09-01,1979,9,16.2,5.0,0.6792836085280584,-0.22234192921546958,0.7690536966541153,0.102880658436214
Ла-Риоха,-29.3817,-66.7933,1979-10-01,1979,10,22.4,8.0,-0.17073334988237246,-0.29946512207470877,-1.1004723614931953,0.11904761904761904
Ла-Риоха,-29.3817,-66.7933,1979-11-01,1979,11,23.3,32.0,-0.14687135166443246,-0.23367393310667195,-0.4862847736456447,0.45779685264663805
Ла-Риоха,-29.3817,-66.7933,1979-12-01,1979,12,23.8,94.0,0.3646308990031946,0.4392408529885665,0.20153643973275145,1.3165266106442577
Ла-Риоха,-29.3817,-66.7933,1980-01-01,1980,1,26.5,70.0,0.37118585903853996,0.4295746498472003,0.1700304102506291,0.8805031446540881
Ла-Риоха,-29.3817,-66.7933,1980-02-01,1980,2,26.3,56.0,0.10268521500564393,0.15740818058947273,-0.04838787879989279,0.7097591888466414
Ла-Риоха,-29.3817,-66.7933,1980-03-01,1980,3,25.7,99.0,0.007001655826127121,0.17754730382883735,0.27048112093109816,1.284046692607004
Ла-Риоха,-29.3817,-66.7933,1980-04-01,1980,4,19.4,35.0,0.47929522918049966,0.37329413294288255,0.38186204368973037,0.6013745704467354
Ла-Риоха,-29.3817,-66.7933,1980-05-01,1980,5,16.0,0.0,0.6053302109466531,0.7738533270922463,0.42213216120410074,0.0
Ла-Риоха,-29.3817,-66.7933,1980-06-01,1980,6,10.6,4.0,0.9433489859312651,0.3266058254704068,0.1942052570604256,0.12578616352201258
Ла-Риоха,-29.3817,-66.7933,1980-07-01,1980,7,10.4,0.0,0.04728615422503243,-0.7809583355897951,0.26901460959501994,0.0
Ла-Риоха,-29.3817,-66.7933,1980-08-01,1980,8,14.6,9.0,1.1185846495223672,0.2542428628972919,0.7355990188371215,0.2054794520547945
Ла-Риоха,-29.3817,-66.7933,1980-09-01,1980,9,17.9,0.0,0.8347694204649135,0.11654711185622948,0.11777651055847752,0.0
Ла-Риоха,-29.3817,-66.7933,1980-10-01,1980,10,21.7,22.0,0.527390889819366,0.5181644579096194,0.12204818569812668,0.3379416282642089
Ла-Риоха,-29.3817,-66.7933,1980-11-01,1980,11,24.0,20.0,-0.19896559096539482,-0.32369228213011864,-0.2171985996019268,0.2777777777777778
Ла-Риоха,-29.3817,-66.7933,1980-12-01,1980,12,26.3,60.0,-0.0995295246702674,-0.12347959694971321,-0.2653594608102115,0.7604562737642585
Ла-Риоха,-29.3817,-66.7933,1981-01-01,1981,1,25.6,31.0,-0.8148179758794539,-0.913378606368748,-0.7903816351975571,0.4036458333333333
Ла-Риоха,-29.3817,-66.7933,1981-02-01,1981,2,25.2,111.0,-0.03830879073197642,-0.030379971786121052,-0.2553606610205034,1.4682539682539681
Ла-Риоха,-29.3817,-66.7933,1981-03-01,1981,3,23.6,84.0,0.011032708707663747,0.18713293259497166,0.056323256247289864,1.1864406779661016
Ла-Риоха,-29.3817,-66.7933,1981-04-01,1981,4,20.0,34.0,0.62029463137248,0.7052166059847476,0.07890180593472985,0.5666666666666667
Ла-Риоха,-29.3817,-66.7933,1981-05-01,1981,5,17.3,8.0,0.5129165572064297,0.6789370203408743,0.24840020921273467,0.15414258188824662
Ла-Риоха,-29.3817,-66.7933,1981-06-01,1981,6,11.4,0.0,0.9838821107701716,0.41602531794131065,0.22846147467079753,0.0
Ла-Риоха,-29.3817,-66.7933,1981-07-01,1981,7,10.9,5.0,0.38730335691737816,0.17382384262727923,0.6598753209131637,0.1529051987767584
Ла-Риоха,-29.3817,-66.7933,1981-08-01,1981,8,16.1,16.0,1.2857383765095745,0.4284482294213975,0.7355990188371215,0.3312629399585921
Ла-Риоха,-29.3817,-66.7933,1981-09-01,1981,9,16.3,1.0,1.1281781288832642,0.6218759907984881,0.5132274220919961,0.02044989775051125
Ла-Риоха,-29.3817,-66.7933,1981-10-01,1981,10,21.7,16.0,0.5864062680591534,0.5766820629746447,0.43161300277379816,0.2457757296466974
Ла-Риоха,-29.3817,-66.7933,1981-11-01,1981,11,24.7,18.0,-0.33144986466951964,-0.5508285150493457,-0.19230467825398528,0.242914979757085
Ла-Риоха,-29.3817,-66.7933,1981-12-01,1981,12,27.4,58.0,-0.260519765093826,-0.31965823211268285,-0.21219045351805887,0.7055961070559611
Ла-Риоха,-29.3817,-66.7933,1982-01-01,1982,1,26.5,82.0,-0.08669047899525649,-0.09164807494029711,-0.06321834427754588,1.0314465408805031
Ла-Риоха,-29.3817,-66.7933,1982-02-01,1982,2,24.8,84.0,0.13243347949802403,0.19650829199513312,-0.10555575290627355,1.1290322580645162
Ла-Риоха,-29.3817,-66.7933,1982-03-01,1982,3,22.0,32.0,-0.10785528813047127,-0.09796167834630848,-0.2410293804716726,0.48484848484848486
Ла-Риоха,-29.3817,-66.7933,1982-04-01,1982,4,21.0,21.0,0.24324387286873297,-0.22220537950103192,-0.2699669436269571,0.3333333333333333
Ла-Риоха,-29.3817,-66.7933,1982-05-01,1982,5,17.8,0.0,-0.6602989081561444,-0.7486978663874009,-0.15021271969435263,0.0
Ла-Риоха,-29.3817,-66.7933,1982-06-01,1982,6,11.2,3.0,0.6981744449299112,-0.26254012473577865,-0.20413466770072566,0.08928571428571429
Ла-Риоха,-29.3817,-66.7933,1982-07-01,1982,7,12.2,0.0,-0.023073682535724574,-0.9840009432166162,-0.34463485912606673,0.0
Ла-Риоха,-29.3817,-66.7933,1982-08-01,1982,8,15.2,0.0,0.7342683402416554,-0.28526066352300583,-0.9555343086343937,0.0
Ла-Риоха,-29.3817,-66.7933,1982-09-01,1982,9,18.9,17.0,1.0349200264119822,0.4789179763814715,-0.1075275073398229,0.2998236331569665
Ла-Риоха,-29.3817,-66.7933,1982-10-01,1982,10,22.9,2.0,0.10826891025645348,0.05387115473394694,-0.4360724852388606,0.02911208151382824
Ла-Риоха,-29.3817,-66.7933,1982-11-01,1982,11,24.8,47.0,0.16384666842132564,0.29396339741735983,0.10225433420393493,0.6317204301075269
Ла-Риоха,-29.3817,-66.7933,1982-12-01,1982,12,25.9,110.0,0.6857804046645055,0.8061152487937373,0.7139907555204494,1.4157014157014156
Ла-Риоха,-29.3817,-66.7933,1983-01-01,1983,1,27.1,59.0,0.5834802603995551,0.657313229471665,0.4729463766144631,0.7257072570725708
Ла-Риоха,-29.3817,-66.7933,1983-02-01,1983,2,24.5,54.0,0.1250459624024574,0.18681876906922612,0.16540460623334824,0.7346938775510204
Ла-Риоха,-29.3817,-66.7933,1983-03-01,1983,3,24.2,9.0,-0.5271843141611744,-1.0531938837063337,-0.317495364665841,0.12396694214876033
Ла-Риоха,-29.3817,-66.7933,1983-04-01,1983,4,20.1,22.0,-0.09211366551024966,-1.0257909762461581,-0.22019289533994316,0.3648424543946932
Ла-Риоха,-29.3817,-66.7933,1983-05-01,1983,5,15.8,3.0,-1.2217996988262212,-1.4227499030735018,-0.3302338441926983,0.06329113924050633
Ла-Риоха,-29.3817,-66.7933,1983-06-01,1983,6,9.4,5.0,0.806819065091864,0.007244069960384202,-1.041111170653063,
Ла-Риоха,-29.3817,-66.7933,1983-07-01,1983,7,9.7,2.0,0.30311329626599604,-0.04882332702751392,-1.074172483010465,
Ла-Риоха,-29.3817,-66.7933,1983-08-01,1983,8,13.0,0.0,0.9372145799342451,0.026467591633839646,-1.6243850970159348,0.0
Ла-Риоха,-29.3817,-66.7933,1983-09-01,1983,9,16.9,7.0,0.8347694204649135,0.11654711185622948,-0.17982185133574533,0.13806706114398423
Ла-Риоха,-29.3817,-66.7933,1983-10-01,1983,10,24.5,12.0,0.10826891025645348,0.05387115473394694,-0.09994279747542802,0.16326530612244897
Ла-Риоха,-29.3817,-66.7933,1983-11-01,1983,11,25.8,10.0,-0.4606992698898152,-0.7666707143123556,-0.7639579881594598,0.12919896640826872
Ла-Риоха,-29.3817,-66.7933,1983-12-01,1983,12,29.3,42.0,-0.7679015152673384,-0.9078377476811159,-0.992669851046882,0.4778156996587031
Ла-Риоха,-29.3817,-66.7933,1984-01-01,1984,1,27.4,154.0,0.4793857828109271,0.5471039620226766,0.361125646714425,1.8734793187347931
Ла-Риоха,-29.3817,-66.7933,1984-02-01,1984,2,26.1,29.0,0.1397885948166404,0.2061414614646815,-0.15438379290221602,0.37037037037037035
Ла-Риоха,-29.3817,-66.7933,1984-03-01,1984,3,22.8,205.0,0.533176845868941,1.2895530855601458,0.7866372245609506,2.997076023391813
Ла-Риоха,-29.3817,-66.7933,1984-04-01,1984,4,17.8,24.0,0.7135175136234873,0.9089318714386394,0.7947703909879232,0.449438202247191
Ла-Риоха,-29.3817,-66.7933,1984-05-01,1984,5,14.3,0.0,1.4868737650282209,1.516503451586622,0.948825004893864,0.0
Ла-Риоха,-29.3817,-66.7933,1984-06-01,1984,6,9.6,2.0,0.7364350352577431,-0.166367941658344,1.1478027074584412,
Ла-Риоха,-29.3817,-66.7933,1984-07-01,1984,7,10.7,0.0,-0.11571711659867387,-1.2424071797919347,0.7801843458104724,0.0
Ла-Риоха,-29.3817,-66.7933,1984-08-01,1984,8,12.8,9.0,1.0662500506045867,0.19299465037613192,1.3688258213050877,0.234375
Ла-Риоха,-29.3817,-66.7933,1984-09-01,1984,9,18.1,6.0,0.99239380714167,0.4085295655631804,-0.1075275073398229,0.11049723756906077
Ла-Риоха,-29.3817,-66.7933,1984-10-01,1984,10,23.2,10.0,0.3342251508926909,0.3147796784815038,-0.18587728077311744,0.14367816091954022
Ла-Риоха,-29.3817,-66.7933,1984-11-01,1984,11,24.4,4.0,-0.6960731860650298,-1.1340563532375956,-0.9354052476540287,0.0546448087431694
Ла-Риоха,-29.3817,-66.7933,1984-12-01,1984,12,24.8,39.0,-0.9975843619164191,-1.15013928724982,-1.0945143666401982,0.5241935483870968
Ла-Риоха,-29.3817,-66.7933,1985-01-01,1985,1,26.0,101.0,-0.2796468422403308,-0.31574934695208645,-0.373996678245888,1.294871794871795
Ла-Риоха,-29.3817,-66.7933,1985-02-01,1985,2,24.5,117.0,0.3599812959955906,0.48689468008034326,0.06141312352994484,1.5918367346938775
Ла-Риоха,-29.3817,-66.7933,1985-03-01,1985,3,23.6,46.0,0.15455275485737055,0.5208632588918957,-0.025640313542749697,0.6497175141242938
Ла-Риоха,-29.3817,-66.7933,1985-04-01,1985,4,20.3,27.0,0.47929522918049966,0.37329413294288255,0.035549422188751664,0.4433497536945813
Ла-Риоха,-29.3817,-66.7933,1985-05-01,1985,5,17.4,0.0,-0.248015743386492,-0.21923928401933618,0.2624184580458191,0.0
Ла-Риоха,-29.3817,-66.7933,1985-06-01,1985,6,12.8,0.0,0.7547430004309581,-0.12074942416308711,0.4140508748141116,0.0
Ла-Риоха,-29.3817,-66.7933,1985-07-01,1985,7,10.6,6.0,0.15395958401880402,-0.47019109859464964,0.2877410548057779,0.18867924528301888
Ла-Риоха,-29.3817,-66.7933,1985-08-01,1985,8,14.7,26.0,1.457787055332205,0.5787016135200955,0.21079976863425498,0.5895691609977324
Ла-Риоха,-29.3817,-66.7933,1985-09-01,1985,9,18.2,1.0,1.2926401274340575,0.8400312155611152,0.42671616669820756,0.018315018315018316
Ла-Риоха,-29.3817,-66.7933,1985-10-01,1985,10,23.1,3.0,0.49697116471459424,0.48734475349284634,0.15472180393846127,0.04329004329004329
Ла-Риоха,-29.3817,-66.7933,1985-11-01,1985,11,24.9,219.0,1.4726575334814933,1.8752344344154677,1.820354560243186,2.931726907630522
Ла-Риоха,-29.3817,-66.7933,1985-12-01,1985,12,26.1,56.0,1.917087092914059,1.9268439284038463,1.8558276610579443,0.7151979565772669
Ла-Риоха,-29.3817,-66.7933,1986-01-01,1986,1,28.7,15.0,1.25690230042785,1.2925087266294577,1.221529938929845,0.17421602787456447
Ла-Риоха,-29.3817,-66.7933,1986-02-01,1986,2,25.4,183.0,0.340464380452463,0.4626828380787784,1.251940448746823,2.4015748031496065
Ла-Риоха,-29.3817,-66.7933,1986-03-01,1986,3,22.2,43.0,0.06983122803116505,0.3258305709688359,1.0693344771710613,0.6456456456456456
Ла-Риоха,-29.3817,-66.7933,1986-04-01,1986,4,20.5,2.0,0.6169233747430896,0.6976007018541017,1.0233829979453903,0.032520325203252036
Ла-Риоха,-29.3817,-66.7933,1986-05-01,1986,5,16.6,1.0,-0.8389773128169842,-0.9727239251627218,0.039753737504889,0.02008032128514056
Ла-Риоха,-29.3817,-66.7933,1986-06-01,1986,6,12.6,0.0,-0.24047367505991468,-2.122752192985338,0.013555864214160338,0.0
Ла-Риоха,-29.3817,-66.7933,1986-07-01,1986,7,13.3,11.0,0.36101412871946237,0.10577520753397049,0.6457379017191582,0.2756892230576441
Ла-Риоха,-29.3817,-66.7933,1986-08-01,1986,8,15.0,0.0,1.0662500506045867,0.19299465037613192,-0.9198229020310622,0.0
Ла-Риоха,-29.3817,-66.7933,1986-09-01,1986,9,17.6,10.0,1.1107537996487937,0.5963043848942796,-0.8859527541810839,0.1893939393939394
Ла-Риоха,-29.3817,-66.7933,1986-10-01,1986,10,22.4,33.0,0.8518648414935642,0.8198221513669861,0.6242005191677745,0.49107142857142855
Ла-Риоха,-29.3817,-66.7933,1986-11-01,1986,11,25.0,25.0,0.18971717804099672,0.3362222565672474,0.2967160232699103,0.3333333333333333
Ла-Риоха,-29.3817,-66.7933,1986-12-01,1986,12,28.8,59.0,0.12670963013165062,0.15328127773258715,0.18603271184867787,0.6828703703703703
Ла-Риоха,-29.3817,-66.7933,1987-01-01,1987,1,26.9,132.0,0.5834802603995551,0.657313229471665,0.7187028274497247,1.6356877323420074
Ла-Риоха,-29.3817,-66.7933,1987-02-01,1987,2,27.7,5.0,-0.0882237220784712,-0.09755342937313337,-0.05780914863546519,0.06016847172081829
Ла-Риоха,-29.3817,-66.7933,1987-03-01,1987,3,25.7,2.0,-0.4156340525522552,-0.8163012803378432,-0.5427271667508795,0.02594033722438392
Ла-Риоха,-29.3817,-66.7933,1987-04-01,1987,4,20.6,23.0,-5.31029776629386,-2.270418290593377,-0.7168464161756122,0.37216828478964403
Ла-Риоха,-29.3817,-66.7933,1987-05-01,1987,5,13.0,18.0,-0.9238543845291105,-1.0765119071324059,-0.5048488375634007,0.46153846153846156
Ла-Риоха,-29.3817,-66.7933,1987-06-01,1987,6,12.0,0.0,0.9705998823994499,0.3870178083136192,-0.6788300386129776,0.0
Ла-Риоха,-29.3817,-66.7933,1987-07-01,1987,7,13.6,2.0,0.5389629790046024,0.5370901917566901,-2.208652421795148,0.049019607843137254
Ла-Риоха,-29.3817,-66.7933,1987-08-01,1987,8,13.6,0.0,0.6508885680864762,-0.43231927115496976,-1.4146363625778646,0.0
Ла-Риоха,-29.3817,-66.7933,1987-09-01,1987,9,17.7,6.0,0.8016194186074668,0.04859129728345293,0.1468804590752565,0.11299435028248588
Ла-Риоха,-29.3817,-66.7933,1987-10-01,1987,10,23.3,16.0,0.22625941324679472,0.19315450680247476,0.33047746865381056,0.22889842632331903
Ла-Риоха,-29.3817,-66.7933,1987-11-01,1987,11,25.8,40.0,0.1104794238366482,0.20570580034148137,-0.0049697154720184725,0.5167958656330749
Ла-Риоха,-29.3817,-66.7933,1987-12-01,1987,12,26.2,80.0,0.39149542400267945,0.4709062077416025,0.277723938911077,1.0178117048346056
Ла-Риоха,-29.3817,-66.7933,1988-01-01,1988,1,27.4,74.0,0.34901427506147403,0.4051471807036038,0.2555046697359183,0.9002433090024331
Ла-Риоха,-29.3817,-66.7933,1988-02-01,1988,2,25.3,130.0,0.5269466299326793,0.6878237554509661,0.5891787231539872,1.7127799736495388
Ла-Риоха,-29.3817,-66.7933,1988-03-01,1988,3,24.7,40.0,0.08123619957973464,0.35245101239002674,0.402433301365202,0.5398110661268556
Ла-Риоха,-29.3817,-66.7933,1988-04-01,1988,4,20.1,2.0,0.40621507259268747,0.19222917022591998,0.25629602923249045,0.03316749585406302
Ла-Риоха,-29.3817,-66.7933,1988-05-01,1988,5,13.7,17.0,-0.5239222058577243,-0.5742341449972177,0.3508348409734324,0.41362530413625304
Ла-Риоха,-29.3817,-66.7933,1988-06-01,1988,6,10.2,0.0,0.5905011967366898,-0.5367345877491246,0.1855459188722274,0.0
Ла-Риоха,-29.3817,-66.7933,1988-07-01,1988,7,9.6,0.0,0.479617367057583,0.40108200539611744,0.22112015289403056,
Ла-Риоха,-29.3817,-66.7933,1988-08-01,1988,8,14.6,0.0,-1.0299567622253682,-7.694592588742105,-0.8507441665686079,0.0
Ла-Риоха,-29.3817,-66.7933,1988-09-01,1988,9,17.1,0.0,-1.0968035620935135,-9.68053974620678,-1.2213331177240876,0.0
Ла-Риоха,-29.3817,-66.7933,1988-10-01,1988,10,23.0,0.0,-1.6906216295848977,-2.2129335824234455,-0.7577727602574181,0.0
Ла-Риоха,-29.3817,-66.7933,1988-11-01,1988,11,27.7,0.0,-2.166106752892329,-2.2759954929146633,-2.5479025539381914,0.0
Ла-Риоха,-29.3817,-66.7933,1988-12-01,1988,12,30.0,2.0,-2.5600967090896325,-2.3397530849362465,-2.579462344314884,0.022222222222222223
Ла-Риоха,-29.3817,-66.7933,1989-01-01,1989,1,28.6,93.0,-1.1363953754731475,-1.237828474400072,-1.5916045868313555,1.083916083916084
Ла-Риоха,-29.3817,-66.7933,1989-02-01,1989,2,28.3,67.66666666666667,-0.40067988283105027,-0.5177774694365811,-1.2610343365718977,0.7970160973694543
Ла-Риоха,-29.3817,-66.7933,1989-03-01,1989,3,24.3,42.333333333333336,-0.0856410061552482,-0.04446957670842414,-1.0648121487064899,0.5807041609510746
Ла-Риоха,-29.3817,-66.7933,1989-04-01,1989,4,20.9,17.0,0.18984918508409238,-0.3578044697235682,-0.9637180143393593,0.2711323763955343
Ла-Риоха,-29.3817,-66.7933,1989-05-01,1989,5,15.4,8.0,-0.3537026696690138,-0.3549165376916095,-0.5968548203169437,0.17316017316017315
Ла-Риоха,-29.3817,-66.7933,1989-06-01,1989,6,14.2,2.0,0.7547430004309581,-0.12074942416308711,-0.12259802989213844,0.046948356807511735
Ла-Риоха,-29.3817,-66.7933,1989-07-01,1989,7,11.9,0.0,0.30311329626599604,-0.04882332702751392,-0.3859727856110376,0.0
Ла-Риоха,-29.3817,-66.7933,1989-08-01,1989,8,15.8,0.0,0.6508885680864762,-0.43231927115496976,-0.5356535142019129,0.0
Ла-Риоха,-29.3817,-66.7933,1989-09-01,1989,9,17.3,1.0,0.3485126874987814,-1.0930479557329875,-0.6623679644329235,0.019267822736030827
Ла-Риоха,-29.3817,-66.7933,1989-10-01,1989,10,22.9,1.0,-1.1152677276819551,-1.5929344593861678,-1.2049655323514292,0.01455604075691412
Ла-Риоха,-29.3817,-66.7933,1989-11-01,1989,11,25.5,34.0,-0.31145482064477764,-0.5168306141740343,-0.6990039736410222,0.4444444444444444
Ла-Риоха,-29.3817,-66.7933,1989-12-01,1989,12,28.7,39.0,-0.5755777750650248,-0.692306348895293,-0.9522752731273456,0.4529616724738676
Ла-Риоха,-29.3817,-66.7933,1990-01-01,1990,1,28.0,228.0,1.3457197354614103,1.3660798897738893,1.0965945034793558,2.7142857142857144
Ла-Риоха,-29.3817,-66.7933,1990-02-01,1990,2,24.6,135.5,1.1306498864109205,1.3133069357110245,1.0904766050390347,1.8360433604336044
Ла-Риоха,-29.3817,-66.7933,1990-03-01,1990,3,22.5,43.0,0.5816364536941013,1.374562888948712,0.9143724136223638,0.6370370370370371
Ла-Риоха,-29.3817,-66.7933,1990-04-01,1990,4,20.3,26.0,0.5341785691846931,0.505583191435668,0.9739019704171219,0.4269293924466338
Ла-Риоха,-29.3817,-66.7933,1990-05-01,1990,5,15.2,1.0,-0.30307008631915006,-0.2897980936820363,1.0270333678935504,0.021929824561403508
Ла-Риоха,-29.3817,-66.7933,1990-06-01,1990,6,11.5,0.0,0.7547430004309581,-0.12074942416308711,1.2347115146273095,0.0
Ла-Риоха,-29.3817,-66.7933,1990-07-01,1990,7,11.5,7.0,0.23572924429570535,-0.23583431845903513,0.43344591922981185,0.2028985507246377
Ла-Риоха,-29.3817,-66.7933,1990-08-01,1990,8,17.5,0.0,0.9372145799342451,0.026467591633839646,-0.337922595919557,0.0
Ла-Риоха,-29.3817,-66.7933,1990-09-01,1990,9,17.2,2.0,0.8347694204649135,0.11654711185622948,-0.29605538637237777,0.03875968992248062
Ла-Риоха,-29.3817,-66.7933,1990-10-01,1990,10,23.0,45.0,0.947126726777348,0.8994939660705266,0.6242005191677745,0.6521739130434783
Ла-Риоха,-29.3817,-66.7933,1990-11-01,1990,11,25.4,80.0,0.7958739303228901,1.197570896275459,1.0374089524574788,1.0498687664041995
Ла-Риоха,-29.3817,-66.7933,1990-12-01,1990,12,27.8,13.0,0.41814092350637067,0.5021584379893198,0.32237252603411504,0.15587529976019185
Ла-Риоха,-29.3817,-66.7933,1991-01-01,1991,1,27.1,106.0,0.4041026835808298,0.4656314670368943,0.5894310202488787,1.3038130381303814
Ла-Риоха,-29.3817,-66.7933,1991-02-01,1991,2,26.2,124.0,0.2670302202168274,0.3703366869888483,0.7380686199941555,1.5776081424936388
Ла-Риоха,-29.3817,-66.7933,1991-03-01,1991,3,24.9,84.0,0.3205933432766062,0.8805771259130816,0.7866372245609506,1.1244979919678715
Ла-Риоха,-29.3817,-66.7933,1991-04-01,1991,4,20.4,55.0,0.7287837135557428,0.9409977054203829,0.7855081950104413,0.8986928104575164
Ла-Риоха,-29.3817,-66.7933,1991-05-01,1991,5,16.7,1.0,0.6720696731086905,0.840246668401219,0.5958888531026744,0.01996007984031936
Ла-Риоха,-29.3817,-66.7933,1991-06-01,1991,6,12.1,8.0,1.2338183756911292,0.9063278628535553,0.9697274600780761,0.22038567493112948
Ла-Риоха,-29.3817,-66.7933,1991-07-01,1991,7,11.7,0.0,0.2708399409338877,-0.13754099783342483,0.8540551686606688,0.0
Ла-Риоха,-29.3817,-66.7933,1991-08-01,1991,8,14.0,0.0,0.9735815315608685,0.07574272267918669,0.7453821648429476,0.0
Ла-Риоха,-29.3817,-66.7933,1991-09-01,1991,9,19.2,0.0,-1.0968035620935135,-9.68053974620678,0.5132274220919961,0.0
Ла-Риоха,-29.3817,-66.7933,1991-10-01,1991,10,21.1,5.0,-0.7317511278189811,-1.071697522478622,-1.004796085167912,0.07898894154818326
Ла-Риоха,-29.3817,-66.7933,1991-11-01,1991,11,25.1,20.0,-0.5577680081095614,-0.9228742790595055,-0.8652043851544449,0.2656042496679947
Ла-Риоха,-29.3817,-66.7933,1991-12-01,1991,12,26.7,119.0,0.4968090765003472,0.5934600906386032,0.277723938911077,1.4856429463171037
Ла-Риоха,-29.3817,-66.7933,1992-01-01,1992,1,26.4,77.0,0.5834802603995551,0.657313229471665,0.3147726013512098,0.9722222222222222
Ла-Риоха,-29.3817,-66.7933,1992-02-01,1992,2,24.6,292.0,1.4845592865898674,1.6106283583610344,1.3848357185262048,3.956639566395664
Ла-Риоха,-29.3817,-66.7933,1992-03-01,1992,3,23.8,193.5,0.9389403991916706,1.9183212170720405,1.6240485433860337,2.7100840336134455
Ла-Риоха,-29.3817,-66.7933,1992-04-01,1992,4,18.5,95.0,1.441119471644769,2.0740165310064764,1.7859290889691186,1.7117117117117118
Ла-Риоха,-29.3817,-66.7933,1992-05-01,1992,5,14.3,0.0,1.9182564180475228,1.7919160381469477,1.8616482189130796,0.0
Ла-Риоха,-29.3817,-66.7933,1992-06-01,1992,6,12.6,0.0,1.504802411731775,1.3264704119565183,1.9308730257618159,0.0
Ла-Риоха,-29.3817,-66.7933,1992-07-01,1992,7,8.9,6.0,0.15395958401880402,-0.47019109859464964,1.9076672887438042,
Ла-Риоха,-29.3817,-66.7933,1992-08-01,1992,8,14.3,12.0,1.2290223166997003,0.3727648064860439,1.6361785292735056,0.27972027972027974
Ла-Риоха,-29.3817,-66.7933,1992-09-01,1992,9,17.4,4.0,1.1281781288832642,0.6218759907984881,1.2458013737009346,0.07662835249042145
Ла-Риоха,-29.3817,-66.7933,1992-10-01,1992,10,22.8,0.0,-0.022597371986619697,-0.10795668411350669,-0.4360724852388606,0.0
Ла-Риоха,-29.3817,-66.7933,1992-11-01,1992,11,23.6,46.0,-0.06512843508752425,-0.09255838139618733,0.08137607716374001,0.6497175141242938
Ла-Риоха,-29.3817,-66.7933,1992-12-01,1992,12,26.4,137.0,0.9682920886185934,1.1040547837923587,1.0399311832180675,1.72979797979798
Ла-Риоха,-29.3817,-66.7933,1993-01-01,1993,1,27.5,119.0,1.3536773577950338,1.3725609469958995,1.2073623253979575,1.4424242424242424
Ла-Риоха,-29.3817,-66.7933,1993-02-01,1993,2,24.5,42.0,0.6080927065835077,0.781224539943139,0.602183492902098,0.5714285714285714
Ла-Риоха,-29.3817,-66.7933,1993-03-01,1993,3,24.9,91.0,0.111112870090893,0.42167601979691843,0.7044282397976148,1.2182061579651942
Ла-Риоха,-29.3817,-66.7933,1993-04-01,1993,4,19.8,0.0,0.22233052947016727,-0.27546009975861036,0.654150018717804,0.0
Ла-Риоха,-29.3817,-66.7933,1993-05-01,1993,5,15.0,2.0,0.07807579235282947,0.1876463716092813,0.6404725745680138,0.044444444444444446
Ла-Риоха,-29.3817,-66.7933,1993-06-01,1993,6,11.2,0.0,-3.523563498137241,-2.337149097895141,0.10586566839855156,0.0
Ла-Риоха,-29.3817,-66.7933,1993-07-01,1993,7,10.1,0.0,-0.11571711659867387,-1.2424071797919347,-0.41403244847234133,0.0
Ла-Риоха,-29.3817,-66.7933,1993-08-01,1993,8,14.0,0.0,-1.0299567622253682,-7.694592588742105,0.0029812774073987016,0.0
Ла-Риоха,-29.3817,-66.7933,1993-09-01,1993,9,17.1,10.0,0.8653686508476488,0.17721412870589057,-1.8806009883962578,0.1949317738791423
Ла-Риоха,-29.3817,-66.7933,1993-10-01,1993,10,22.4,0.0,-0.34350147924686847,-0.5318166056047926,-1.2049655323514292,0.0
Ла-Риоха,-29.3817,-66.7933,1993-11-01,1993,11,26.3,9.0,-0.7266339368355402,-1.178671331807058,-1.4115019505119892,0.11406844106463879
Ла-Риоха,-29.3817,-66.7933,1993-12-01,1993,12,28.4,9.0,-1.9303147125300129,-1.9514272834138242,-1.9539835943643327,0.1056338028169014
Ла-Риоха,-29.3817,-66.7933,1994-01-01,1994,1,28.0,40.0,-2.25853087327949,-2.096405229383417,-2.100346624544407,0.47619047619047616
Ла-Риоха,-29.3817,-66.7933,1994-02-01,1994,2,24.8,103.0,-0.5173380185710466,-0.6709382931211635,-1.1409185344752002,1.3844086021505377
Ла-Риоха,-29.3817,-66.7933,1994-03-01,1994,3,24.0,10.0,-0.3331946341750829,-0.6312929728279519,-1.4670158257079797,0.1388888888888889
Ла-Риоха,-29.3817,-66.7933,1994-04-01,1994,4,19.6,18.0,0.2116568568229725,-0.30257637883910404,-1.337515282302386,0.30612244897959184
Ла-Риоха,-29.3817,-66.7933,1994-05-01,1994,5,18.5,14.0,-0.9534873188059605,-1.1122684713813837,-0.9986793900206347,0.25225225225225223
Ла-Риоха,-29.3817,-66.7933,1994-06-01,1994,6,14.1,0.0,0.8394590016371928,0.0859108387006393,-0.6180988551496147,0.0
Ла-Риоха,-29.3817,-66.7933,1994-07-01,1994,7,11.3,7.0,0.5573234324556812,0.5775433892474873,-0.18785337979512987,0.20648967551622419
Ла-Риоха,-29.3817,-66.7933,1994-08-01,1994,8,15.4,0.0,0.9372145799342451,0.026467591633839646,-1.2313604464397827,0.0
Ла-Риоха,-29.3817,-66.7933,1994-09-01,1994,9,20.7,9.0,1.0141102183482398,0.44489733057496167,0.11777651055847752,0.14492753623188406
Ла-Риоха,-29.3817,-66.7933,1994-10-01,1994,10,22.3,73.0,1.6236789161130576,1.3694718626624802,1.2327487690000836,1.0911808669656202
Ла-Риоха,-29.3817,-66.7933,1994-11-01,1994,11,25.4,48.0,0.8212113797288659,1.2278654438216137,1.0668579624226784,0.6299212598425197
Ла-Риоха,-29.3817,-66.7933,1994-12-01,1994,12,29.7,68.0,1.0355876343802115,1.1712886993189575,1.0399311832180675,0.7631874298540965
Ла-Риоха,-29.3817,-66.7933,1995-01-01,1995,1,27.1,57.0,0.10409510488231653,0.12892746540568079,0.6798642090930408,0.7011070110701108
Ла-Риоха,-29.3817,-66.7933,1995-02-01,1995,2,25.8,40.0,-0.37644612695284446,-0.4855622925725107,0.21531327947846302,0.5167958656330749
Ла-Риоха,-29.3817,-66.7933,1995-03-01,1995,3,24.6,70.0,-0.2574290642557608,-0.45532507327063587,0.25079536435985333,0.948509485094851
Ла-Риоха,-29.3817,-66.7933,1995-04-01,1995,4,20.9,0.0,0.08921626921009361,-0.6079647105044776,-0.37266450284178293,0.0
Ла-Риоха,-29.3817,-66.7933,1995-05-01,1995,5,17.1,2.0,-0.2661532901437805,-0.2424497098907724,-0.5250181329370502,0.03898635477582846
Ла-Риоха,-29.3817,-66.7933,1995-06-01,1995,6,12.2,0.0,-3.523563498137241,-2.337149097895141,-0.8165923438627819,0.0
Ла-Риоха,-29.3817,-66.7933,1995-07-01,1995,7,10.8,0.0,-0.11571711659867387,-1.2424071797919347,-0.7683324951190631,0.0
Ла-Риоха,-29.3817,-66.7933,1995-08-01,1995,8,14.1,0.0,-1.0299567622253682,-7.694592588742105,-0.46385424955784865,0.0
Ла-Риоха,-29.3817,-66.7933,1995-09-01,1995,9,18.6,12.0,0.9205764810401186,0.2817444755529042,-1.6569835190823095,0.21505376344086022
Ла-Риоха,-29.3817,-66.7933,1995-10-01,1995,10,22.7,10.0,0.22625941324679472,0.19315450680247476,-0.32912257780625753,0.14684287812041116
Ла-Риоха,-29.3817,-66.7933,1995-11-01,1995,11,26.6,39.0,0.09677667912627996,0.18282758968467128,-0.07284127465774483,0.48872180451127817
Ла-Риоха,-29.3817,-66.7933,1995-12-01,1995,12,29.9,60.0,0.008154518332878774,0.00842370598089478,-0.09096666265054408,0.6688963210702341
Ла-Риоха,-29.3817,-66.7933,1996-01-01,1996,1,26.9,58.0,-0.09995940815820178,-0.10706800110740894,-0.22933646906784896,0.7187112763320942
Ла-Риоха,-29.3817,-66.7933,1996-02-01,1996,2,26.0,63.0,-0.22063714868909545,-0.2763591309446398,-0.27609753579946505,0.8076923076923077
Ла-Риоха,-29.3817,-66.7933,1996-03-01,1996,3,24.9,42.0,-0.2784724600999867,-0.504677600862084,-0.3963779563656591,0.5622489959839357
Ла-Риоха,-29.3817,-66.7933,1996-04-01,1996,4,19.8,57.0,0.3628184264626007,0.08273248843672432,-0.07699510982032404,0.9595959595959596
Ла-Риоха,-29.3817,-66.7933,1996-05-01,1996,5,17.3,10.0,0.3012799747042888,0.44866479806228315,-0.040681637531972646,0.1926782273603083
Ла-Риоха,-29.3817,-66.7933,1996-06-01,1996,6,10.2,20.0,1.4409023992342866,1.236623155951356,0.06942589811859719,0.6535947712418301
Ла-Риоха,-29.3817,-66.7933,1996-07-01,1996,7,10.6,3.0,0.740778770784016,0.9409261053661346,0.27840810724787535,0.09433962264150944
Ла-Риоха,-29.3817,-66.7933,1996-08-01,1996,8,16.3,0.0,1.3206828111880133,0.4611472900823426,0.5761207088503876,0.0
Ла-Риоха,-29.3817,-66.7933,1996-09-01,1996,9,17.1,11.0,0.9696600870611038,0.3694919309945455,1.0803611535592141,0.21442495126705652
Ла-Риоха,-29.3817,-66.7933,1996-10-01,1996,10,22.7,10.0,0.18816122531433938,0.14889553776572553,0.6048080547237512,0.14684287812041116
Ла-Риоха,-29.3817,-66.7933,1996-11-01,1996,11,26.6,35.0,0.025880534468229563,0.06324248076005991,0.2967160232699103,0.43859649122807015
Ла-Риоха,-29.3817,-66.7933,1996-12-01,1996,12,28.0,124.0,0.8062376825279837,0.9362110658377798,0.7982413293217627,1.4761904761904763
Ла-Риоха,-29.3817,-66.7933,1997-01-01,1997,1,27.2,166.0,1.531718622577871,1.5129613387839602,1.3940681797403545,2.034313725490196
Ла-Риоха,-29.3817,-66.7933,1997-02-01,1997,2,24.7,33.0,0.7452585891181852,0.9324886284628139,0.7901036031273433,0.44534412955465585
Ла-Риоха,-29.3817,-66.7933,1997-03-01,1997,3,24.3,103.0,0.2826953362063109,0.8014397678659493,0.8731197592515423,1.412894375857339
Ла-Риоха,-29.3817,-66.7933,1997-04-01,1997,4,22.4,0.0,0.23806824157029585,-0.23539792781665544,0.7808538560134807,0.0
Ла-Риоха,-29.3817,-66.7933,1997-05-01,1997,5,17.1,9.0,0.3403229783163049,0.49246845995646626,0.8631206400397282,0.17543859649122806
Ла-Риоха,-29.3817,-66.7933,1997-06-01,1997,6,12.0,0.5,0.29530261242789285,-1.2602741513930111,0.5642572088339562,0.013888888888888888
Ла-Риоха,-29.3817,-66.7933,1997-07-01,1997,7,13.7,0.0,0.28729670438344695,-0.09209241946725283,-0.2711174986143061,0.0
Ла-Риоха,-29.3817,-66.7933,1997-08-01,1997,8,15.6,0.0,0.4124176931095478,-0.9131462598670012,0.32467145784774726,0.0
Ла-Риоха,-29.3817,-66.7933,1997-09-01,1997,9,20.2,120.0,2.029777650743344,1.469283117639656,1.3552145644859028,1.9801980198019802
Ла-Риоха,-29.3817,-66.7933,1997-10-01,1997,10,22.6,2.0,2.2080201036211466,1.6731558294036075,1.4421618946761023,0.029498525073746312
Ла-Риоха,-29.3817,-66.7933,1997-11-01,1997,11,26.1,12.0,0.8544220264565965,1.2669140389631335,1.0423743374350443,0.1532567049808429
Ла-Риоха,-29.3817,-66.7933,1997-12-01,1997,12,27.7,21.5,-1.4151152104936742,-1.544759242785637,0.44457493437703527,0.25872442839951865
Ла-Риоха,-29.3817,-66.7933,1998-01-01,1998,1,27.2,31.0,-1.990908655181142,-1.9309831821719072,-0.12453449115489398,0.3799019607843137
Ла-Риоха,-29.3817,-66.7933,1998-02-01,1998,2,23.2,52.0,-1.2415445833042655,-1.4951327777721524,-0.31282871422935365,0.7471264367816092
Ла-Риоха,-29.3817,-66.7933,1998-03-01,1998,3,22.3,4.0,-0.8195464415866175,-1.5869012980660056,-2.155732456526732,0.059790732436472344
Ла-Риоха,-29.3817,-66.7933,1998-04-01,1998,4,19.0,23.0,-0.14459630855257058,-1.1361047849141903,-1.940610418460976,0.40350877192982454
Ла-Риоха,-29.3817,-66.7933,1998-05-01,1998,5,16.0,18.0,-0.8666367300098384,-1.0067589939044757,-1.5851541912727034,0.375
Ла-Риоха,-29.3817,-66.7933,1998-06-01,1998,6,12.8,18.0,1.1827187932977696,0.8146429021938365,-1.123887191277912,0.46875
Ла-Риоха,-29.3817,-66.7933,1998-07-01,1998,7,13.8,0.0,0.7791578141586838,1.008113070328203,-0.7185585136687321,0.0
Ла-Риоха,-29.3817,-66.7933,1998-08-01,1998,8,14.7,43.0,1.782839623737503,0.8021999305887361,0.22663153424455088,0.9750566893424036
Ла-Риоха,-29.3817,-66.7933,1998-09-01,1998,9,16.4,5.0,1.4681084406668283,1.0332758203445636,1.1462820311745294,0.10162601626016261
Ла-Риоха,-29.3817,-66.7933,1998-10-01,1998,10,23.5,43.0,1.7677428348056357,1.4516156317773614,1.4131810706877457,0.6099290780141844
Ла-Риоха,-29.3817,-66.7933,1998-11-01,1998,11,25.4,32.0,0.33513934655153343,0.5663691770387721,1.1048824749045214,0.4199475065616798
Ла-Риоха,-29.3817,-66.7933,1998-12-01,1998,12,28.9,36.0,0.03822703890447041,0.04523898995414431,0.4930670111492954,0.41522491349480967
Ла-Риоха,-29.3817,-66.7933,1999-01-01,1999,1,25.4,60.0,-0.522387933265818,-0.5934777933355465,0.29124303581996414,0.7874015748031497
Ла-Риоха,-29.3817,-66.7933,1999-02-01,1999,2,28.2,56.0,-0.5173380185710466,-0.6709382931211635,-0.3825539759303799,0.6619385342789598
Ла-Риоха,-29.3817,-66.7933,1999-03-01,1999,3,23.8,114.0,0.027013388912572423,0.2250463267485745,0.1490772008422906,1.596638655462185
Ла-Риоха,-29.3817,-66.7933,1999-04-01,1999,4,17.5,17.0,0.46752101504162397,0.3444671590692679,-0.10803598465976517,0.3238095238095238
Ла-Риоха,-29.3817,-66.7933,1999-05-01,1999,5,15.8,23.0,0.8202551771451292,0.9812760242818366,0.08647646380220943,0.48523206751054854
Ла-Риоха,-29.3817,-66.7933,1999-06-01,1999,6,11.8,1.0,0.9705998823994499,0.3870178083136192,0.2537577006934912,0.02824858757062147
Ла-Риоха,-29.3817,-66.7933,1999-07-01,1999,7,10.2,25.0,0.9243598230695975,1.2380730252137755,0.6169688994758107,0.8169934640522876
Ла-Риоха,-29.3817,-66.7933,1999-08-01,1999,8,14.4,0.0,1.3696306323840997,0.505008285592275,1.0148487367348678,0.0
Ла-Риоха,-29.3817,-66.7933,1999-09-01,1999,9,20.6,2.0,1.2082892982130784,0.7331653723569659,0.5931686127776159,0.032362459546925564
Ла-Риоха,-29.3817,-66.7933,1999-10-01,1999,10,21.6,86.0,1.7207018864906456,1.4253740970092923,1.4759088721825764,1.3271604938271604
Ла-Риоха,-29.3817,-66.7933,1999-11-01,1999,11,23.2,35.0,0.7614892161780319,1.1557515319171547,1.1769789449472494,0.5028735632183908
Ла-Риоха,-29.3817,-66.7933,1999-12-01,1999,12,26.2,16.0,0.4048452570903767,0.4865838364493935,0.560527655044066,0.2035623409669211
Ла-Риоха,-29.3817,-66.7933,2000-01-01,2000,1,26.9,142.0,0.33785886856267755,0.39281517069507466,0.9183542637741251,1.7596034696406444
Ла-Риоха,-29.3817,-66.7933,2000-02-01,2000,2,24.8,61.0,0.09516427002903101,0.14748933789218052,0.562825694366775,0.8198924731182796
Ла-Риоха,-29.3817,-66.7933,2000-03-01,2000,3,22.0,141.0,0.41080588468606366,1.0614076712541896,0.9165085384865554,2.1363636363636362
Ла-Риоха,-29.3817,-66.7933,2000-04-01,2000,4,20.0,73.0,0.7645647677327746,1.0147058969859968,0.8131108715776069,1.2166666666666666
Ла-Риоха,-29.3817,-66.7933,2000-05-01,2000,5,14.1,24.0,1.5564486312573442,1.5641961013791899,0.9618453450227381,0.5673758865248227
Ла-Риоха,-29.3817,-66.7933,2000-06-01,2000,6,11.3,15.0,1.6304939746000542,1.4888750335357817,1.32781058597171,0.4424778761061947
Ла-Риоха,-29.3817,-66.7933,2000-07-01,2000,7,9.4,10.0,0.9243598230695975,1.2380730252137755,1.1270943078554,
Ла-Риоха,-29.3817,-66.7933,2000-08-01,2000,8,14.4,0.0,1.3537329855528775,0.4910039232714977,1.4721431877071327,0.0
Ла-Риоха,-29.3817,-66.7933,2000-09-01,2000,9,17.6,0.0,0.8653686508476488,0.17721412870589057,1.291371460178926,0.0
Ла-Риоха,-29.3817,-66.7933,2000-10-01,2000,10,22.5,70.0,1.4160478369096312,1.241134505338028,1.3582680288069309,1.037037037037037
Ла-Риоха,-29.3817,-66.7933,2000-11-01,2000,11,23.7,55.0,0.7787694584142554,1.176870633716991,1.1856431841197663,0.7735583684950773
Ла-Риоха,-29.3817,-66.7933,2000-12-01,2000,12,27.1,27.0,0.5988992060593352,0.7095847874374122,0.5337972507238811,0.33210332103321033
Ла-Риоха,-29.3817,-66.7933,2001-01-01,2001,1,27.4,169.0,0.9206256518902254,0.9926326486451172,1.2285629003143583,2.0559610705596105
Ла-Риоха,-29.3817,-66.7933,2001-02-01,2001,2,27.8,29.0,0.1397885948166404,0.2061414614646815,0.6150754863407428,0.34772182254196643
Ла-Риоха,-29.3817,-66.7933,2001-03-01,2001,3,24.3,55.0,0.11479436386744307,0.43015188906779084,0.5470189343677498,0.7544581618655692
Ла-Риоха,-29.3817,-66.7933,2001-04-01,2001,4,18.2,54.0,0.2483853506904491,-0.2090928565465851,0.3999293854848053,0.989010989010989
Ла-Риоха,-29.3817,-66.7933,2001-05-01,2001,5,13.8,20.0,0.5480555635868041,0.7154359101043586,0.42213216120410074,0.4830917874396135
Ла-Риоха,-29.3817,-66.7933,2001-06-01,2001,6,11.8,11.0,1.4243683535796268,1.2125098724389203,0.7395450272368751,0.3107344632768362
Ла-Риоха,-29.3817,-66.7933,2001-07-01,2001,7,11.7,0.0,0.7138539431616713,0.8920556598848818,0.012866713890378509,0.0
Ла-Риоха,-29.3817,-66.7933,2001-08-01,2001,8,15.8,0.0,1.0662500506045867,0.19299465037613192,0.6642807635585547,0.0
Ла-Риоха,-29.3817,-66.7933,2001-09-01,2001,9,17.2,13.0,0.9457754613126634,0.32739169897897774,1.0453977324535106,0.25193798449612403
Ла-Риоха,-29.3817,-66.7933,2001-10-01,2001,10,22.8,14.0,0.40162805431781745,0.3878242667590095,0.6798240779512463,0.2046783625730994
Ла-Риоха,-29.3817,-66.7933,2001-11-01,2001,11,24.8,195.0,1.4666585288045786,1.8702562198895951,1.719647377495079,2.620967741935484
Ла-Риоха,-29.3817,-66.7933,2001-12-01,2001,12,26.8,80.0,2.0140426406220944,1.997449832387842,1.8024863905275512,0.9950248756218906
Ла-Риоха,-29.3817,-66.7933,2002-01-01,2002,1,26.7,69.0,1.672187557167162,1.617770609529526,1.5419519092224014,0.8614232209737828
Ла-Риоха,-29.3817,-66.7933,2002-02-01,2002,2,25.2,63.0,0.04153230212862533,0.07640239639560767,1.0700952106076296,0.8333333333333334
Ла-Риоха,-29.3817,-66.7933,2002-03-01,2002,3,25.1,27.0,-0.2999852974625717,-0.5547698323172847,0.7677191989072687,0.35856573705179284
Ла-Риоха,-29.3817,-66.7933,2002-04-01,2002,4,19.1,32.0,0.16166608480382802,-0.42874335176281175,0.8039710921112142,0.5584642233856894
Ла-Риоха,-29.3817,-66.7933,2002-05-01,2002,5,16.7,6.0,-0.3994295302299186,-0.41383571874937625,-0.15021271969435263,0.11976047904191617
Ла-Риоха,-29.3817,-66.7933,2002-06-01,2002,6,10.4,1.0,0.9433489859312651,0.3266058254704068,-0.4656098201714528,0.03205128205128205
Ла-Риоха,-29.3817,-66.7933,2002-07-01,2002,7,11.5,2.0,0.2708399409338877,-0.13754099783342483,-0.4713885066639141,0.057971014492753624
Ла-Риоха,-29.3817,-66.7933,2002-08-01,2002,8,15.7,0.0,0.7342683402416554,-0.28526066352300583,-0.5728737153214226,0.0
Ла-Риоха,-29.3817,-66.7933,2002-09-01,2002,9,19.5,0.0,0.47733401598910263,-0.734029875174472,-0.1075275073398229,0.0
Ла-Риоха,-29.3817,-66.7933,2002-10-01,2002,10,24.4,39.0,0.7508967624125794,0.731112822552494,0.4782268596049449,0.5327868852459017
Ла-Риоха,-29.3817,-66.7933,2002-11-01,2002,11,25.7,50.0,0.4349494679367929,0.7161862310726472,0.5154872102345237,0.648508430609598
Ла-Риоха,-29.3817,-66.7933,2002-12-01,2002,12,24.8,218.0,2.1682310333710695,2.1054672387405047,1.8441621132031434,2.9301075268817205
Ла-Риоха,-29.3817,-66.7933,2003-01-01,2003,1,27.9,36.0,1.3695360155603267,1.3854234189798578,1.3751996149309562,0.43010752688172044
Ла-Риоха,-29.3817,-66.7933,2003-02-01,2003,2,26.9,73.0,0.7663769043970641,0.9550323035420091,0.9850234014448095,0.9045848822800495
Ла-Риоха,-29.3817,-66.7933,2003-03-01,2003,3,24.0,124.0,0.038851796160526045,0.25303467444803057,1.1464429757789039,1.7222222222222223
Ла-Риоха,-29.3817,-66.7933,2003-04-01,2003,4,19.3,193.0,1.060890631376108,1.5499671015844156,1.5626794148528318,3.3333333333333335
Ла-Риоха,-29.3817,-66.7933,2003-05-01,2003,5,16.0,5.0,2.136425222309523,1.9147211992714683,1.587395209857937,0.10416666666666667
Ла-Риоха,-29.3817,-66.7933,2003-06-01,2003,6,14.4,7.0,2.173308862414767,2.0259865220862014,1.2539192065976592,0.16203703703703703
Ла-Риоха,-29.3817,-66.7933,2003-07-01,2003,7,11.5,0.0,0.36101412871946237,0.10577520753397049,1.4351338371747142,0.0
Ла-Риоха,-29.3817,-66.7933,2003-08-01,2003,8,13.4,0.0,0.9372145799342451,0.026467591633839646,1.7086798640644567,0.0
Ла-Риоха,-29.3817,-66.7933,2003-09-01,2003,9,19.3,0.0,-1.0968035620935135,-9.68053974620678,1.8061056009021748,0.0
Ла-Риоха,-29.3817,-66.7933,2003-10-01,2003,10,25.2,0.5,-1.4641455075922454,-2.011954242755727,-1.1515069455690203,0.006613756613756613
Ла-Риоха,-29.3817,-66.7933,2003-11-01,2003,11,27.4,0.0,-1.988115278726201,-2.236859758972052,-2.0033220302364683,0.0
Ла-Риоха,-29.3817,-66.7933,2003-12-01,2003,12,27.9,50.0,-1.0528964656202167,-1.205856236849754,-1.4602352743576226,0.5973715651135006
Ла-Риоха,-29.3817,-66.7933,2004-01-01,2004,1,29.2,93.0,-0.2940664432329571,-0.33243450906748573,-0.7663398502249938,1.0616438356164384
Ла-Риоха,-29.3817,-66.7933,2004-02-01,2004,2,25.8,29.0,-0.30617604324551134,-0.39157194602772316,-1.1197787044738567,0.37467700258397935
Ла-Риоха,-29.3817,-66.7933,2004-03-01,2004,3,25.6,26.0,-0.3617962865965534,-0.6963300347510323,-1.1379657061462767,0.3385416666666667
Ла-Риоха,-29.3817,-66.7933,2004-04-01,2004,4,20.7,26.0,-0.1265895028549898,-1.0988568194385706,-0.942390296829921,0.41867954911433175
Ла-Риоха,-29.3817,-66.7933,2004-05-01,2004,5,12.6,0.0,-0.684398348384231,-0.7792735801128822,-0.6599958562979312,0.0
Ла-Риоха,-29.3817,-66.7933,2004-06-01,2004,6,12.3,0.0,0.7364350352577431,-0.166367941658344,-0.753258725304266,0.0
Ла-Риоха,-29.3817,-66.7933,2004-07-01,2004,7,12.1,0.0,-1.5497059007365892,-2.29153665270413,-1.3627040538569797,0.0
Ла-Риоха,-29.3817,-66.7933,2004-08-01,2004,8,14.7,0.0,-1.0299567622253682,-7.694592588742105,-1.1071122280933756,0.0
Ла-Риоха,-29.3817,-66.7933,2004-09-01,2004,9,20.4,8.0,0.8016194186074668,0.04859129728345293,-0.3793149338008215,0.13071895424836602
Ла-Риоха,-29.3817,-66.7933,2004-10-01,2004,10,23.8,0.0,-0.4787606600861822,-0.7184240174685164,-1.76942330972595,0.0
Ла-Риоха,-29.3817,-66.7933,2004-11-01,2004,11,24.9,37.0,-0.14687135166443246,-0.23367393310667195,-0.4862847736456447,0.49531459170013387
Ла-Риоха,-29.3817,-66.7933,2004-12-01,2004,12,27.9,20.0,-0.911603492040662,-1.061471550727631,-1.1561937696599123,0.23894862604540024
Ла-Риоха,-29.3817,-66.7933,2005-01-01,2005,1,29.4,42.0,-1.050691254856941,-1.1545286067343579,-1.3782153910559805,0.47619047619047616
Ла-Риоха,-29.3817,-66.7933,2005-02-01,2005,2,27.2,70.0,-0.7694215111722046,-0.9864886357687456,-1.0572012828933,0.8578431372549019
Ла-Риоха,-29.3817,-66.7933,2005-03-01,2005,3,24.0,51.0,-0.2784724600999867,-0.504677600862084,-0.9020023991616263,0.7083333333333334
Ла-Риоха,-29.3817,-66.7933,2005-04-01,2005,4,17.6,77.0,0.5099745139616773,0.4476852799474648,-0.25326017576487736,1.4583333333333333
Ла-Риоха,-29.3817,-66.7933,2005-05-01,2005,5,14.4,6.0,0.6053302109466531,0.7738533270922463,-0.24745213314274925,0.1388888888888889
Ла-Риоха,-29.3817,-66.7933,2005-06-01,2005,6,13.2,0.0,1.4075922107220002,1.1876664946663777,0.03234200450888481,0.0
Ла-Риоха,-29.3817,-66.7933,2005-07-01,2005,7,12.3,0.0,0.15395958401880402,-0.47019109859464964,0.3602870116367372,0.0
Ла-Риоха,-29.3817,-66.7933,2005-08-01,2005,8,14.7,1.0,0.5238772001833124,-0.677713846684148,0.6100703970009227,0.022675736961451247
Ла-Риоха,-29.3817,-66.7933,2005-09-01,2005,9,16.4,0.0,0.3485126874987814,-1.0930479557329875,0.8610328292961718,0.0
Ла-Риоха,-29.3817,-66.7933,2005-10-01,2005,10,21.5,9.0,-0.34350147924686847,-0.5318166056047926,-0.834418686683994,0.13953488372093023
Ла-Риоха,-29.3817,-66.7933,2005-11-01,2005,11,26.6,38.0,-0.11345984322033642,-0.17593007818049838,-0.40152765839224747,0.47619047619047616
Ла-Риоха,-29.3817,-66.7933,2005-12-01,2005,12,27.1,46.0,-0.24401246336712995,-0.29965559141272535,-0.5793622342103336,0.5658056580565806
Ла-Риоха,-29.3817,-66.7933,2006-01-01,2006,1,27.9,93.0,0.15258342229969074,0.1844046152602548,-0.1176631143318813,1.1111111111111112
Ла-Риоха,-29.3817,-66.7933,2006-02-01,2006,2,27.6,34.0,-0.2964169787184252,-0.37846282536394044,-0.5165547985672465,0.4106280193236715
Ла-Риоха,-29.3817,-66.7933,2006-03-01,2006,3,25.3,13.0,-0.40949188575279477,-0.802786456730812,-0.7673093694101042,0.1712779973649539
Ла-Риоха,-29.3817,-66.7933,2006-04-01,2006,4,20.3,41.0,-0.06747081058132685,-0.9721981491795838,-0.5347950936902844,0.6732348111658456
Ла-Риоха,-29.3817,-66.7933,2006-05-01,2006,5,15.0,3.0,-0.567921593317681,-0.6307392131713205,-0.5968548203169437,0.06666666666666667
Ла-Риоха,-29.3817,-66.7933,2006-06-01,2006,6,13.8,0.0,1.009809387100717,0.4718066876720194,-0.6301517576557109,0.0
Ла-Риоха,-29.3817,-66.7933,2006-07-01,2006,7,13.6,0.0,-0.023073682535724574,-0.9840009432166162,-1.1527778021901933,0.0
Ла-Риоха,-29.3817,-66.7933,2006-08-01,2006,8,15.0,0.0,-1.0299567622253682,-7.694592588742105,-0.9198229020310622,0.0
Ла-Риоха,-29.3817,-66.7933,2006-09-01,2006,9,19.0,0.0,-1.0968035620935135,-9.68053974620678,-0.006038948074831583,0.0
Ла-Риоха,-29.3817,-66.7933,2006-10-01,2006,10,25.5,2.0,-1.1152677276819551,-1.5929344593861678,-2.720139974637278,0.026143790849673203
Ла-Риоха,-29.3817,-66.7933,2006-11-01,2006,11,25.9,25.0,-0.507960062947006,-0.8434561994626708,-1.0828923703914004,0.32175032175032175
Ла-Риоха,-29.3817,-66.7933,2006-12-01,2006,12,28.0,41.0,-0.6892706872780823,-0.8210203688981694,-1.0945143666401982,0.4880952380952381
Ла-Риоха,-29.3817,-66.7933,2007-01-01,2007,1,27.1,55.0,-0.6378176627675479,-0.7221329445503354,-1.1032459935239973,0.6765067650676507
Ла-Риоха,-29.3817,-66.7933,2007-02-01,2007,2,27.4,24.0,-0.9508493045529589,-1.1961911637728586,-1.5003677029761155,0.291970802919708
Ла-Риоха,-29.3817,-66.7933,2007-03-01,2007,3,23.3,48.0,-0.49286294876227177,-0.9821070857044569,-1.1780415519435947,0.6866952789699571
Ла-Риоха,-29.3817,-66.7933,2007-04-01,2007,4,21.0,26.0,0.008372033499030714,-0.8005920484833637,-0.9959770750074787,0.4126984126984127
Ла-Риоха,-29.3817,-66.7933,2007-05-01,2007,5,13.2,27.0,0.1930565976523204,0.32427253313113125,-0.6921190924074362,0.6818181818181818
Ла-Риоха,-29.3817,-66.7933,2007-06-01,2007,6,10.9,1.0,1.1287145771270133,0.7130278902623223,-0.6665902738735723,0.03058103975535168
Ла-Риоха,-29.3817,-66.7933,2007-07-01,2007,7,9.4,4.0,0.7274600280647413,0.9169338581856894,-0.48599095818161986,
Ла-Риоха,-29.3817,-66.7933,2007-08-01,2007,8,10.5,2.0,0.9372145799342451,0.026467591633839646,0.25767798652545204,0.06349206349206349
Ла-Риоха,-29.3817,-66.7933,2007-09-01,2007,9,19.5,1.0,0.7653102052533144,-0.028520178421703405,0.4490069789558622,0.017094017094017096
Ла-Риоха,-29.3817,-66.7933,2007-10-01,2007,10,24.2,13.0,-0.022597371986619697,-0.10795668411350669,0.4782268596049449,0.1790633608815427
Ла-Риоха,-29.3817,-66.7933,2007-11-01,2007,11,26.1,35.0,-0.08101225772725255,-0.11992661124083387,-0.19230467825398528,0.44699872286079184
Ла-Риоха,-29.3817,-66.7933,2007-12-01,2007,12,27.9,78.0,0.2548835077122264,0.30841959095046084,0.10718566640661661,0.931899641577061
Ла-Риоха,-29.3817,-66.7933,2008-01-01,2008,1,27.6,164.0,1.1487267497634979,1.1997788178476183,1.0180376598797425,1.9806763285024154
Ла-Риоха,-29.3817,-66.7933,2008-02-01,2008,2,25.7,116.0,0.9232779357980777,1.1163383896864467,0.9402250448376082,1.5045395590142672
Ла-Риоха,-29.3817,-66.7933,2008-03-01,2008,3,23.4,92.0,0.4899059754414069,1.2111152916299424,0.9871372163519622,1.3105413105413106
Ла-Риоха,-29.3817,-66.7933,2008-04-01,2008,4,19.8,20.0,0.6169233747430896,0.6976007018541017,0.9718823804231033,0.3367003367003367
Ла-Риоха,-29.3817,-66.7933,2008-05-01,2008,5,15.1,1.0,0.3531637888944085,0.5067468331629376,1.0208730231135952,0.02207505518763797
Ла-Риоха,-29.3817,-66.7933,2008-06-01,2008,6,10.4,0.0,0.6359475981113082,-0.42065672359583184,1.0469262338471392,0.0
Ла-Риоха,-29.3817,-66.7933,2008-07-01,2008,7,13.8,0.0,-0.2590556674295172,-1.6054719494081393,0.5649772312083915,0.0
Ла-Риоха,-29.3817,-66.7933,2008-08-01,2008,8,15.0,2.0,0.6508885680864762,-0.43231927115496976,0.3602774091839217,0.044444444444444446
Ла-Риоха,-29.3817,-66.7933,2008-09-01,2008,9,17.6,8.0,0.8653686508476488,0.17721412870589057,-0.51404470527676,0.15151515151515152
Ла-Риоха,-29.3817,-66.7933,2008-10-01,2008,10,23.2,10.0,0.14886543026841156,0.10252697539446227,-0.4936056568127534,0.14367816091954022
Ла-Риоха,-29.3817,-66.7933,2008-11-01,2008,11,26.8,46.0,0.1374438763479536,0.25047357469874154,0.038779376213643,0.572139303482587
Ла-Риоха,-29.3817,-66.7933,2008-12-01,2008,12,27.8,62.0,0.14121311258866936,0.17093246025216624,0.026137741451080516,0.7434052757793765
Ла-Риоха,-29.3817,-66.7933,2009-01-01,2009,1,26.7,113.0,0.6341119146956927,0.7098300443882429,0.5373126880288273,1.410736579275905
Ла-Риоха,-29.3817,-66.7933,2009-02-01,2009,2,27.6,10.0,-0.18417009106584523,-0.22710509458710645,-0.20431248778313962,0.12077294685990338
Ла-Риоха,-29.3817,-66.7933,2009-03-01,2009,3,25.6,74.0,-0.11235478136315093,-0.10879718281149284,-0.040894561416694834,0.9635416666666666
Ла-Риоха,-29.3817,-66.7933,2009-04-01,2009,4,23.7,0.0,-0.10055139456247406,-1.0438823788361895,-0.18758370571457358,0.0
Ла-Риоха,-29.3817,-66.7933,2009-05-01,2009,5,16.8,7.0,-0.10985447178044269,-0.04402650039916098,-0.24745213314274925,0.1388888888888889
Ла-Риоха,-29.3817,-66.7933,2009-06-01,2009,6,11.9,0.0,0.16961855704469503,-1.528793789757707,-0.39782987837124784,0.0
Ла-Риоха,-29.3817,-66.7933,2009-07-01,2009,7,10.7,0.0,0.1970965261556473,-0.3457714602425287,-1.1527778021901933,0.0
Ла-Риоха,-29.3817,-66.7933,2009-08-01,2009,8,16.3,0.0,-1.0299567622253682,-7.694592588742105,-0.24450465710464078,0.0
Ла-Риоха,-29.3817,-66.7933,2009-09-01,2009,9,16.4,0.0,-1.0968035620935135,-9.68053974620678,-2.7981958178835287,0.0
Ла-Риоха,-29.3817,-66.7933,2009-10-01,2009,10,23.9,0.0,-1.6906216295848977,-2.2129335824234455,-1.981562181191042,0.0
Ла-Риоха,-29.3817,-66.7933,2009-11-01,2009,11,27.8,22.0,-0.6380835405120103,-1.047293796266793,-1.2823459403597295,0.2637889688249401
Ла-Риоха,-29.3817,-66.7933,2009-12-01,2009,12,27.1,148.0,0.8180595098714797,0.9487368113200484,0.6387216238126551,1.8204182041820418
Ла-Риоха,-29.3817,-66.7933,2010-01-01,2010,1,28.6,39.0,0.5110262826824629,0.5809126132471747,0.1700304102506291,0.45454545454545453
Ла-Риоха,-29.3817,-66.7933,2010-02-01,2010,2,26.5,122.0,0.6695928395923408,0.85008189500504,0.4879166991088977,1.5345911949685536
Ла-Риоха,-29.3817,-66.7933,2010-03-01,2010,3,25.9,38.0,-0.10337494417324686,-0.08717195053508363,0.3345704562980201,0.48906048906048905
Ла-Риоха,-29.3817,-66.7933,2010-04-01,2010,4,19.4,51.0,0.5577800962184919,0.5613167460089643,0.575732063719824,0.8762886597938144
Ла-Риоха,-29.3817,-66.7933,2010-05-01,2010,5,14.3,16.0,0.2479480410599645,0.38789997443176893,0.7613676181923285,0.372960372960373
Ла-Риоха,-29.3817,-66.7933,2010-06-01,2010,6,12.3,0.0,1.2632522804375257,0.9572204024198012,0.2114092910848015,0.0
Ла-Риоха,-29.3817,-66.7933,2010-07-01,2010,7,9.9,28.0,0.8719506666592366,1.1592536343825377,0.747963786935436,
Ла-Риоха,-29.3817,-66.7933,2010-08-01,2010,8,13.4,0.0,1.4003068706171533,0.5313980741073511,0.5875607661844483,0.0
Ла-Риоха,-29.3817,-66.7933,2010-09-01,2010,9,19.0,1.0,1.2376281395260786,0.7714775095678809,1.0212825691587843,0.017543859649122806
Ла-Риоха,-29.3817,-66.7933,2010-10-01,2010,10,22.2,7.0,-0.4787606600861822,-0.7184240174685164,0.5646420990836806,0.10510510510510511
Ла-Риоха,-29.3817,-66.7933,2010-11-01,2010,11,25.4,41.0,-0.08101225772725255,-0.11992661124083387,0.2598024138270743,0.5380577427821522
Ла-Риоха,-29.3817,-66.7933,2010-12-01,2010,12,27.7,51.0,-0.1469011503305174,-0.1814115945449581,0.026137741451080516,0.6137184115523465
Ла-Риоха,-29.3817,-66.7933,2011-01-01,2011,1,27.8,98.0,0.30410793219019844,0.3553405778223847,0.029787468320660204,1.1750599520383693
Ла-Риоха,-29.3817,-66.7933,2011-02-01,2011,2,24.9,203.0,0.8937887353605175,1.086846228634785,0.9094660141922105,2.717536813922356
Ла-Риоха,-29.3817,-66.7933,2011-03-01,2011,3,22.8,50.0,0.43101069006790677,1.1004328358030877,0.7772101617034846,0.7309941520467836
Ла-Риоха,-29.3817,-66.7933,2011-04-01,2011,4,20.7,21.0,0.7616274723622755,1.0087316551351166,0.7947703909879232,0.33816425120772947
Ла-Риоха,-29.3817,-66.7933,2011-05-01,2011,5,16.4,0.0,-0.28450258864978467,-0.26596755299025654,0.8059291804726042,0.0
Ла-Риоха,-29.3817,-66.7933,2011-06-01,2011,6,11.8,0.0,0.6359475981113082,-0.42065672359583184,0.9375465496522717,0.0
Ла-Риоха,-29.3817,-66.7933,2011-07-01,2011,7,10.7,5.0,0.10483103374943889,-0.6131726051497299,0.8950360500902945,0.1557632398753894
Ла-Риоха,-29.3817,-66.7933,2011-08-01,2011,8,13.6,0.0,0.8512969599679172,-0.09770024380430009,-0.36225795160056423,0.0
Ла-Риоха,-29.3817,-66.7933,2011-09-01,2011,9,20.5,2.0,0.7653102052533144,-0.028520178421703405,-0.6623679644329235,0.032520325203252036
Ла-Риоха,-29.3817,-66.7933,2011-10-01,2011,10,22.3,17.0,0.10826891025645348,0.05387115473394694,-0.32912257780625753,0.25411061285500747
Ла-Риоха,-29.3817,-66.7933,2011-11-01,2011,11,27.2,32.0,-0.04946073693933118,-0.06560254477926657,-0.19230467825398528,0.39215686274509803
Ла-Риоха,-29.3817,-66.7933,2011-12-01,2011,12,28.0,16.0,-0.7480187665619614,-0.8860630097484247,-1.0129416004260277,0.19047619047619047
Ла-Риоха,-29.3817,-66.7933,2012-01-01,2012,1,29.7,21.0,-1.831594075968347,-1.8209347897944683,-1.7192699879565665,0.2356902356902357
Ла-Риоха,-29.3817,-66.7933,2012-02-01,2012,2,27.5,169.0,-0.005891779744908133,0.013092431761538712,-0.12495611096488123,2.0484848484848484
Ла-Риоха,-29.3817,-66.7933,2012-03-01,2012,3,25.0,14.0,-0.08125339665572731,-0.03390778422856077,-0.4232173110521933,0.18666666666666668
Ла-Риоха,-29.3817,-66.7933,2012-04-01,2012,4,20.5,17.0,0.5174885270084226,0.46573700706921506,-0.4979118589926021,0.2764227642276423
Ла-Риоха,-29.3817,-66.7933,2012-05-01,2012,5,17.3,0.0,-1.3416531837242422,-1.552658661044642,-0.5250181329370502,0.0
Ла-Риоха,-29.3817,-66.7933,2012-06-01,2012,6,12.1,0.0,0.5410632889301268,-0.6627942660981051,-0.21452131729826876,0.0
Ла-Риоха,-29.3817,-66.7933,2012-07-01,2012,7,10.3,0.0,-1.5497059007365892,-2.29153665270413,0.32447779494880924,0.0
Ла-Риоха,-29.3817,-66.7933,2012-08-01,2012,8,14.9,0.0,-1.0299567622253682,-7.694592588742105,-2.3809658063126946,0.0
Ла-Риоха,-29.3817,-66.7933,2012-09-01,2012,9,20.6,7.0,0.7653102052533144,-0.028520178421703405,-0.8859527541810839,0.11326860841423948
Ла-Риоха,-29.3817,-66.7933,2012-10-01,2012,10,23.6,0.0,-0.5548914339372121,-0.8245176259262256,-1.981562181191042,0.0
Ла-Риоха,-29.3817,-66.7933,2012-11-01,2012,11,27.1,4.0,-1.0261033860181676,-1.5708723585738609,-1.8024313253616142,0.04920049200492005
Ла-Риоха,-29.3817,-66.7933,2012-12-01,2012,12,29.9,3.0,-2.338980979459132,-2.2161106181032832,-2.280594449366358,0.033444816053511704
Ла-Риоха,-29.3817,-66.7933,2013-01-01,2013,1,28.6,62.0,-1.831594075968347,-1.8209347897944683,-1.944616222026971,0.7226107226107226
Ла-Риоха,-29.3817,-66.7933,2013-02-01,2013,2,28.3,20.0,-1.811567768416133,-1.9341506840673448,-2.478520537487311,0.23557126030624265
Ла-Риоха,-29.3817,-66.7933,2013-03-01,2013,3,23.8,46.0,-0.486160394471181,-0.9680323093906135,-1.9601210464472358,0.6442577030812325
Ла-Риоха,-29.3817,-66.7933,2013-04-01,2013,4,21.9,0.0,-0.2777308007503067,-1.3909609556616171,-2.069942890937889,0.0
Ла-Риоха,-29.3817,-66.7933,2013-05-01,2013,5,16.8,0.0,-0.8389773128169842,-0.9727239251627218,-1.8703609196284527,0.0
Ла-Риоха,-29.3817,-66.7933,2013-06-01,2013,6,13.5,14.0,0.4570631534311565,-0.8743148723819937,-1.180151441787872,0.345679012345679
Ла-Риоха,-29.3817,-66.7933,2013-07-01,2013,7,11.2,0.0,0.41214172839037316,0.23679775217895602,-1.384876660959068,0.0
Ла-Риоха,-29.3817,-66.7933,2013-08-01,2013,8,13.7,8.0,1.3034660188430958,0.4451852632866758,-0.5728737153214226,0.19464720194647203
Ла-Риоха,-29.3817,-66.7933,2013-09-01,2013,9,17.3,2.0,0.8653686508476488,0.17721412870589057,-0.8859527541810839,0.038535645472061654
Ла-Риоха,-29.3817,-66.7933,2013-10-01,2013,10,24.8,14.0,0.2992154998795613,0.27596154583944954,0.21696501829659742,0.1881720430107527
Ла-Риоха,-29.3817,-66.7933,2013-11-01,2013,11,26.4,2.0,-0.7583678223186999,-1.2241554726874684,-0.6359738152500148,0.025252525252525252
Ла-Риоха,-29.3817,-66.7933,2013-12-01,2013,12,30.6,24.0,-1.3003569072221675,-1.4422586775544994,-1.4708976462649697,0.26143790849673204
Ла-Риоха,-29.3817,-66.7933,2014-01-01,2014,1,29.5,64.0,-1.2495905860075904,-1.3441151565150289,-1.2566254915281254,0.7231638418079096
Ла-Риоха,-29.3817,-66.7933,2014-02-01,2014,2,24.6,156.0,0.27383287454087313,0.37897104027966666,-0.0767792657118573,2.113821138211382
Ла-Риоха,-29.3817,-66.7933,2014-03-01,2014,3,21.7,31.0,0.10741980286208715,0.4131611596678,-0.2326802632124893,0.47619047619047616
Ла-Риоха,-29.3817,-66.7933,2014-04-01,2014,4,19.8,15.0,0.524942819563617,0.48357676001815547,-0.29524499632917733,0.25252525252525254
Ла-Риоха,-29.3817,-66.7933,2014-05-01,2014,5,15.8,2.0,-0.7853932646383817,-0.9062500690417713,-0.02433363146620182,0.04219409282700422
Ла-Риоха,-29.3817,-66.7933,2014-06-01,2014,6,12.4,0.0,0.5410632889301268,-0.6627942660981051,0.22846147467079753,0.0
Ла-Риоха,-29.3817,-66.7933,2014-07-01,2014,7,12.3,4.0,0.15395958401880402,-0.47019109859464964,0.39520054932255905,0.10840108401084012
Ла-Риоха,-29.3817,-66.7933,2014-08-01,2014,8,16.7,0.0,0.7983570408780007,-0.17985283310607986,-1.1071122280933756,0.0
Ла-Риоха,-29.3817,-66.7933,2014-09-01,2014,9,20.2,0.0,0.6261074124542243,-0.34976519488860885,-1.078156526204729,0.0
Ла-Риоха,-29.3817,-66.7933,2014-10-01,2014,10,25.8,6.0,-0.6385129645916,-0.9414254660039117,-1.2049655323514292,0.07751937984496124
Ла-Риоха,-29.3817,-66.7933,2014-11-01,2014,11,24.7,45.0,-0.04946073693933118,-0.06560254477926657,-0.2171985996019268,0.6072874493927125
Ла-Риоха,-29.3817,-66.7933,2014-12-01,2014,12,26.1,118.0,0.8062376825279837,0.9362110658377798,0.6767157746474559,1.5070242656449553
Ла-Риоха,-29.3817,-66.7933,2015-01-01,2015,1,27.9,104.0,1.0629549377291958,1.1237558490137212,0.8483912728591381,1.2425328554360813
Ла-Риоха,-29.3817,-66.7933,2015-02-01,2015,2,25.9,81.0,0.6362818139778581,0.8129941899710736,0.6405262450716696,1.0424710424710424
Ла-Риоха,-29.3817,-66.7933,2015-03-01,2015,3,24.4,114.0,0.2730432533937473,0.7809920320302884,0.8598241315072939,1.5573770491803278
Ла-Риоха,-29.3817,-66.7933,2015-04-01,2015,4,22.5,8.0,0.528647955732764,0.4924181385899346,0.8221902977621462,0.11851851851851852
Ла-Риоха,-29.3817,-66.7933,2015-05-01,2015,5,18.1,0.0,0.4651051317534445,0.6284731970713524,0.8156342085156104,0.0
Ла-Риоха,-29.3817,-66.7933,2015-06-01,2015,6,13.5,0.0,0.22471221815278394,-1.4151754781074803,0.5324366711287187,0.0
Ла-Риоха,-29.3817,-66.7933,2015-07-01,2015,7,12.5,11.0,0.33304682488930276,0.03187891105973014,0.44595845033642145,0.29333333333333333
Ла-Риоха,-29.3817,-66.7933,2015-08-01,2015,8,16.3,2.0,1.1185846495223672,0.2542428628972919,0.6100703970009227,0.0408997955010225
Ла-Риоха,-29.3817,-66.7933,2015-09-01,2015,9,19.1,1.0,0.9696600870611038,0.3694919309945455,-1.0113595697045499,0.017452006980802792
Ла-Риоха,-29.3817,-66.7933,2015-10-01,2015,10,19.9,36.0,0.7508967624125794,0.731112822552494,0.5225055420848829,0.6030150753768844
Ла-Риоха,-29.3817,-66.7933,2015-11-01,2015,11,22.7,69.0,0.6067453154147928,0.9571577116997577,0.8767602826317703,1.013215859030837
Ла-Риоха,-29.3817,-66.7933,2015-12-01,2015,12,26.9,102.0,1.2304718757897222,1.357872689800611,1.196065865148817,1.2639405204460967
Ла-Риоха,-29.3817,-66.7933,2016-01-01,2016,1,27.8,203.0,1.8833618668807381,1.7661656765037177,1.7582775999680078,2.434052757793765
Ла-Риоха,-29.3817,-66.7933,2016-02-01,2016,2,27.2,124.0,1.2458836932255588,1.4152192897001512,1.4588342132665053,1.5196078431372548
Ла-Риоха,-29.3817,-66.7933,2016-03-01,2016,3,23.0,19.0,0.4166093304743386,1.0726722562561677,1.1918361067713135,0.2753623188405797
Ла-Риоха,-29.3817,-66.7933,2016-04-01,2016,4,17.8,31.0,0.41463886228339364,0.21333751606990048,1.1347297368560332,0.5805243445692884
Ла-Риоха,-29.3817,-66.7933,2016-05-01,2016,5,14.3,18.0,-0.34088706583873984,-0.33841904900556213,1.123454701153649,0.4195804195804196
Ла-Риоха,-29.3817,-66.7933,2016-06-01,2016,6,10.2,32.0,1.3905636239697743,1.1620537533174589,1.2064193713785456,1.0457516339869282
Ла-Риоха,-29.3817,-66.7933,2016-07-01,2016,7,11.2,0.0,0.9344149542087656,1.2526911715257985,0.5264972603310929,0.0
Ла-Риоха,-29.3817,-66.7933,2016-08-01,2016,8,16.7,7.0,1.5485840411811413,0.6481597466933542,0.24225621620379764,0.13972055888223553
Ла-Риоха,-29.3817,-66.7933,2016-09-01,2016,9,18.9,2.0,0.8347694204649135,0.11654711185622948,0.9447137312124586,0.03527336860670194
Ла-Риоха,-29.3817,-66.7933,2016-10-01,2016,10,22.2,12.0,0.18816122531433938,0.14889553776572553,0.8846532479140932,0.18018018018018017
Ла-Риоха,-29.3817,-66.7933,2016-11-01,2016,11,24.1,58.0,0.23996732166287554,0.41722758589195913,0.7806053949439182,0.8022130013831259
Ла-Риоха,-29.3817,-66.7933,2016-12-01,2016,12,27.9,30.0,-0.13102578938982223,-0.16201027712730937,-0.30119809590223445,0.35842293906810035
Ла-Риоха,-29.3817,-66.7933,2017-01-01,2017,1,30.0,64.0,-0.16744155291182042,-0.18552155691769745,-0.31547173308663917,0.7111111111111111
Ла-Риоха,-29.3817,-66.7933,2017-02-01,2017,2,26.8,119.0,0.049302607805557855,0.08673779460427235,0.13136833215329588,1.4800995024875623
Ла-Риоха,-29.3817,-66.7933,2017-03-01,2017,3,24.4,39.0,-0.005179764861841536,0.14853082170366388,0.012018988469345971,0.5327868852459017
Ла-Риоха,-29.3817,-66.7933,2017-04-01,2017,4,19.4,53.0,0.5577800962184919,0.5613167460089643,0.2366672623509607,0.9106529209621993
Ла-Риоха,-29.3817,-66.7933,2017-05-01,2017,5,15.8,4.0,0.12205627534931379,0.24041812795406078,0.10941554985381564,0.08438818565400844
Ла-Риоха,-29.3817,-66.7933,2017-06-01,2017,6,11.7,0.0,1.1614911444615896,0.7752859599350393,0.31958923918598475,0.0
Ла-Риоха,-29.3817,-66.7933,2017-07-01,2017,7,12.4,0.0,0.04728615422503243,-0.7809583355897951,0.45423592776970484,0.0
Ла-Риоха,-29.3817,-66.7933,2017-08-01,2017,8,15.7,5.0,0.8512969599679172,-0.09770024380430009,0.14531441879563825,0.10615711252653928
Ла-Риоха,-29.3817,-66.7933,2017-09-01,2017,9,17.5,11.0,1.0141102183482398,0.44489733057496167,0.6850175490086338,0.20952380952380953
Ла-Риоха,-29.3817,-66.7933,2017-10-01,2017,10,22.8,5.0,0.18816122531433938,0.14889553776572553,-0.2792650907202496,0.07309941520467836
Ла-Риоха,-29.3817,-66.7933,2017-11-01,2017,11,26.7,28.0,-0.16396205695550012,-0.26321820102239957,-0.37407087302365816,0.3495630461922597
Ла-Риоха,-29.3817,-66.7933,2017-12-01,2017,12,27.5,96.0,0.2964792892045646,0.3582595320455952,0.2926953308811285,1.1636363636363636
Ла-Риоха,-29.3817,-66.7933,2018-01-01,2018,1,27.3,126.0,0.9115070950866409,0.9840189913260449,0.8304410544324737,1.5384615384615385
Ла-Риоха,-29.3817,-66.7933,2018-02-01,2018,2,26.1,45.0,0.4235729109192429,0.564761018921919,0.3419472327447633,0.5747126436781609
Ла-Риоха,-29.3817,-66.7933,2018-03-01,2018,3,24.3,41.0,-0.046784115221411585,0.04895983543028815,0.1490772008422906,0.5624142661179699
Ла-Риоха,-29.3817,-66.7933,2018-04-01,2018,4,22.9,19.0,0.05668869978039556,-0.6865377688944077,0.18327169177496158,0.2765647743813683
Ла-Риоха,-29.3817,-66.7933,2018-05-01,2018,5,17.2,7.0,-0.36015110544205353,-0.3632207121906894,0.2901178877124989,0.13565891472868216
Ла-Риоха,-29.3817,-66.7933,2018-06-01,2018,6,10.7,0.0,0.7364350352577431,-0.166367941658344,-0.043791516254941557,0.0
Ла-Риоха,-29.3817,-66.7933,2018-07-01,2018,7,9.9,17.0,0.6089337589981109,0.6871736587134744,-0.5007008402644726,
Ла-Риоха,-29.3817,-66.7933,2018-08-01,2018,8,14.2,0.5,1.2189800878111894,0.3625538511736294,-0.1675526631428131,0.011737089201877934
Ла-Риоха,-29.3817,-66.7933,2018-09-01,2018,9,21.3,10.0,1.2157516392094383,0.7430296471481246,0.26971276353974677,0.1564945226917058
Ла-Риоха,-29.3817,-66.7933,2018-10-01,2018,10,21.8,12.107142857142858,0.24884509222425105,0.21906473707498364,0.44602299413756236,0.18512450851900394
Ла-Риоха,-29.3817,-66.7933,2018-11-01,2018,11,25.9,14.214285714285715,-0.30511033175906044,-0.5060165121994502,-0.24698412569442652,0.18293804008089726
Ла-Риоха,-29.3817,-66.7933,2018-12-01,2018,12,26.5,66.44482851806453,-0.24786243298516644,-0.30432373355120235,-0.10348295126324096,0.835784006516535
Ла-Риоха,-29.3817,-66.7933,2019-01-01,2019,1,26.5,62.14230940716521,-0.29694077550472353,-0.33575852433161113,-0.4272756375074989,0.7816642692725183
Ла-Риоха,-29.3817,-66.7933,2019-02-01,2019,2,26.1,133.73795908276594,0.3941178074209066,0.5288918926994394,0.24498766802727964,1.7080199116572916
Ла-Риоха,-29.3817,-66.7933,2019-03-01,2019,3,21.6,92.24238103429802,0.23741639372324574,0.7045139517769766,0.4078001794157207,1.4234935344799078
Ла-Риоха,-29.3817,-66.7933,2019-04-01,2019,4,19.9,15.757310344148532,0.662281152722435,0.7986306376070862,0.37299297242966506,0.263941546803158
Ла-Риоха,-29.3817,-66.7933,2019-05-01,2019,5,15.5,0.0,0.2880827958439778,0.4337272827532887,0.522366776011962,0.0
Ла-Риоха,-29.3817,-66.7933,2019-06-01,2019,6,11.8,5.918824810571412,0.65054353830847,-0.38343972987920183,0.5523012381849258,0.16719844097659356
Ла-Риоха,-29.3817,-66.7933,2019-07-01,2019,7,11.9,29.288419516147446,0.7692334903897557,0.9910124527761702,0.883158496414209,0.8204039080153346
Ла-Риоха,-29.3817,-66.7933,2019-08-01,2019,8,14.6,0.0,1.5007480661861525,0.6123337295994867,0.6975865510468133,0.0
Ла-Риоха,-29.3817,-66.7933,2019-09-01,2019,9,18.2,9.936095721809792,1.3704432647147216,0.9301972249130657,0.44681283889453405,0.18197977512472147
Ла-Риоха,-29.3817,-66.7933,2019-10-01,2019,10,22.1,1.455808565871619,-0.2596160779602325,-0.4179706499574685,0.44583475772764275,0.02195789692114056
Ла-Риоха,-29.3817,-66.7933,2019-11-01,2019,11,26.9,20.574260331363828,-0.3946706042849277,-0.6573515749077766,0.0639082768623915,0.2549474638335047
Ла-Риоха,-29.3817,-66.7933,2019-12-01,2019,12,27.2,59.80575974989954,-0.43399791608828225,-0.5273483251527457,-0.08993932224612779,0.7329137224252394
Ла-Риоха,-29.3817,-66.7933,2020-01-01,2020,1,28.8,12.617867817269548,-1.1808618685492351,-1.280093760077771,-1.4240838690502093,0.1460401367739531
Ла-Риоха,-29.3817,-66.7933,2020-02-01,2020,2,26.0,0.0,-2.803256723641613,-2.2776088167986543,-2.284704491413598,0.0
Ла-Риоха,-29.3817,-66.7933,2020-03-01,2020,3,26.4,30.296961289550183,-1.5909603227104776,-2.3919577136097807,-2.1192734715391266,0.382537390019573
Ла-Риоха,-29.3817,-66.7933,2020-04-01,2020,4,21.5,1.6482332469280578,-1.215871275157424,-2.2125087229484808,-2.2329840017580933,0.02555400382834198
Ла-Риоха,-29.3817,-66.7933,2020-05-01,2020,5,15.7,16.14883549331636,-0.7829279487182697,-0.9031755843835582,-2.048105285597945,0.3428627493273112
Ла-Риоха,-29.3817,-66.7933,2020-06-01,2020,6,11.8,0.0,0.5613015874691302,-0.6112640870776236,-2.6255809819009217,0.0
Ла-Риоха,-29.3817,-66.7933,2020-07-01,2020,7,10.4,0.0,0.4614161752123201,0.35776616392533844,-2.277694320476792,0.0
Ла-Риоха,-29.3817,-66.7933,2020-08-01,2020,8,14.6,9.48686066686069,1.0220909669536895,0.13857017144147676,-0.8994447951903585,0.21659499239407967
Ла-Риоха,-29.3817,-66.7933,2020-09-01,2020,9,19.6,0.0,0.8499551024374801,0.14690070893514856,-0.7000518332522178,0.0
Ла-Риоха,-29.3817,-66.7933,2020-10-01,2020,10,23.2,8.953605150461133,0.08494305106913184,0.025575190940068857,0.10830993207804569,0.12864375216179788
Ла-Риоха,-29.3817,-66.7933,2020-11-01,2020,11,25.6,0.0,-1.1273766946398827,-1.6836369655281143,-1.436491425815207,0.0
Ла-Риоха,-29.3817,-66.7933,2020-12-01,2020,12,27.5,39.312884584716286,-1.1034072954442846,-1.2558220022209186,-1.3069137015793335,0.47651981314807623
Ла-Риоха,-29.3817,-66.7933,2021-01-01,2021,1,26.7,69.0,-0.8651806595979254,-0.966263303802275,-1.0402517012256023,0.8614232209737828
Ла-Риоха,-29.3817,-66.7933,2021-02-01,2021,2,24.9,1095.0,3.461144598176454,2.6916428496940332,2.6063042641009586,14.65863453815261
Ла-Риоха,-29.3817,-66.7933,2021-03-01,2021,3,22.6,21.0,1.9237479521227718,2.915151211059517,2.4172101314502252,0.30973451327433627
Ла-Риоха,-29.3817,-66.7933,2021-04-01,2021,4,21.6,0.0,2.201974377911614,2.787733506967504,2.3865596313919157,0.0
Ла-Риоха,-29.3817,-66.7933,2021-05-01,2021,5,15.0,488.0,3.1512868221979917,2.3792414944264006,2.8280816484464233,10.844444444444445
Ла-Риоха,-29.3817,-66.7933,2021-06-01,2021,6,11.3,4.0,3.2732877375357825,2.67383525285765,3.0884334027326483,0.11799410029498525
Ла-Риоха,-29.3817,-66.7933,2021-07-01,2021,7,11.9,0.0,2.8005485180952334,2.596310167382052,2.8882108042031023,0.0
Ла-Риоха,-29.3817,-66.7933,2021-08-01,2021,8,15.2,0.0,0.7983570408780007,-0.17985283310607986,2.12206559718165,0.0
Ла-Риоха,-29.3817,-66.7933,2021-09-01,2021,9,20.1,136.0,2.1256622258522224,1.5248550610618978,2.6823978973515996,2.255389718076285
Ла-Риоха,-29.3817,-66.7933,2021-10-01,2021,10,23.3,0.0,2.385365333326783,1.751741782438419,2.515744504583173,0.0
Ла-Риоха,-29.3817,-66.7933,2021-11-01,2021,11,25.2,0.0,0.870791377402277,1.285889299302799,1.095505360727407,0.0
Ла-Риоха,-29.3817,-66.7933,2021-12-01,2021,12,27.6,84.0,-0.3961502552162693,-0.4824927216099923,1.1867448662826021,1.0144927536231885
Ла-Риоха,-29.3817,-66.7933,2022-01-01,2022,1,29.6,68.0,-0.16744155291182042,-0.18552155691769745,0.9772452248496069,0.7657657657657657
Ла-Риоха,-29.3817,-66.7933,2022-02-01,2022,2,24.7,970.0,3.283890888079733,2.6209603459111497,2.648673169059209,13.090418353576249
Ла-Риоха,-29.3817,-66.7933,2022-03-01,2022,3,22.4,211.0,2.004153223783502,2.9760540274531335,2.512464424823297,3.1398809523809526
Ла-Риоха,-29.3817,-66.7933,2022-04-01,2022,4,19.8,0.6,2.278488538208554,2.843572100265332,2.4923196615446703,0.010101010101010102
Ла-Риоха,-29.3817,-66.7933,2022-05-01,2022,5,14.7,175.0,2.5201059107285775,2.1087239346855813,2.6930467601784547,3.9682539682539684
Ла-Риоха,-29.3817,-66.7933,2022-06-01,2022,6,10.8,0.0,2.0206181265687455,1.8966394499641657,2.914018179658922,0.0
Ла-Риоха,-29.3817,-66.7933,2022-07-01,2022,7,13.1,506.0,3.2575120837380194,2.7493486058301135,3.0085659526321074,12.87531806615776
Ла-Риоха,-29.3817,-66.7933,2022-08-01,2022,8,14.4,40.0,4.001363772338387,1.4864603083237502,2.593907491983416,0.9259259259259259
Ла-Риоха,-29.3817,-66.7933,2022-09-01,2022,9,16.9,73.0,3.8940161340788984,2.131098796468693,2.8389520752531903,1.4398422090729786
Ла-Риоха,-29.3817,-66.7933,2022-10-01,2022,10,21.5,2.0,2.1149103784071106,1.6296298581392423,2.649833758832291,0.031007751937984496
Ла-Риоха,-29.3817,-66.7933,2022-11-01,2022,11,27.0,321.0,2.335296641175815,2.461482883748955,3.0261665326277702,3.962962962962963
Ла-Риоха,-29.3817,-66.7933,2022-12-01,2022,12,27.9,157.0,3.4409402192414995,2.839536631536099,3.702105992997067,1.875746714456392
Ла-Риоха,-29.3817,-66.7933,2023-01-01,2023,1,28.5,54.0,2.8392239159148933,2.3254091415497418,2.5418168882102257,0.631578947368421
Ла-Риоха,-29.3817,-66.7933,2023-02-01,2023,2,27.3,72.0,0.5210187750163351,0.6808887039218039,1.8452034291013508,0.8791208791208791
Ла-Риоха,-29.3817,-66.7933,2023-03-01,2023,3,27.5,85.0,-0.051033023015832985,0.038758736006276946,1.5874035015283725,1.0303030303030303
Ла-Риоха,-29.3817,-66.7933,2023-04-01,2023,4,20.4,51.0,0.546959451551722,0.5358557297961967,1.6688913769277818,0.8333333333333334
Ла-Риоха,-29.3817,-66.7933,2023-05-01,2023,5,17.0,11.0,0.7474074525747832,0.9130377329619244,0.8395911833224127,0.21568627450980393
Ла-Риоха,-29.3817,-66.7933,2023-06-01,2023,6,13.3,0.5,1.2187681521055427,0.8797677481191076,0.2745819980749616,0.012531328320802004
Ла-Риоха,-29.3817,-66.7933,2023-07-01,2023,7,13.0,5.0,0.46900758769276535,0.37592326667716447,0.5303973143859023,0.1282051282051282
Ла-Риоха,-29.3817,-66.7933,2023-08-01,2023,8,16.6,0.0,0.8748527081981524,-0.06254713061159585,0.7882357001313688,0.0
Ла-Риоха,-29.3817,-66.7933,2023-09-01,2023,9,19.3,0.0,0.6792836085280584,-0.22234192921546958,0.5835077652530661,0.0
Ла-Риоха,-29.3817,-66.7933,2023-10-01,2023,10,22.8,10.0,-0.34350147924686847,-0.5318166056047926,-0.20848265802241472,0.14619883040935672
Ла-Риоха,-29.3817,-66.7933,2023-11-01,2023,11,26.2,46.0,0.025880534468229563,0.06324248076005991,-0.06133722236240271,0.5852417302798982
Ла-Риоха,-29.3817,-66.7933,2023-12-01,2023,12,27.2,64.0,0.17001889241001789,0.2059261833127314,-0.023535571510091394,0.7843137254901961
Ла-Риоха,-29.3817,-66.7933,2024-01-01,2024,1,29.0,18.0,-0.522387933265818,-0.5934777933355465,-0.8549777983535866,0.20689655172413793
Ла-Риоха,-29.3817,-66.7933,2024-02-01,2024,2,28.8,58.0,-0.6623839851146469,-0.8555360768662253,-0.8060723006002004,0.6712962962962963
Ла-Риоха,-29.3817,-66.7933,2024-03-01,2024,3,27.3,82.0,-0.3054399750733342,-0.5674083503694701,-0.34351871860218586,1.0012210012210012
Ла-Риоха,-29.3817,-66.7933,2024-04-01,2024,4,19.6,23.0,0.3672585724682573,0.09398598286730572,-0.3037293835433508,0.391156462585034
Ла-Риоха,-29.3817,-66.7933,2024-05-01,2024,5,12.3,2.0,0.2748016777711918,0.41862868449794766,-0.4257228796145913,0.05420054200542006
Ла-Риоха,-29.3817,-66.7933,2024-06-01,2024,6,13.6,0.3,0.7233040837801776,-0.19925597398046965,-0.6386164938947014,0.007352941176470588
Ла-Риоха,-29.3817,-66.7933,2024-07-01,2024,7,10.4,0.0,-0.08458812718533747,-1.1571225865076222,-0.02883713720692619,0.0
Ла-Риоха,-29.3817,-66.7933,2024-08-01,2024,8,13.5,6.0,0.9094645877305068,-0.012426069675790878,0.33618636149340975,0.14814814814814814
Ла-Риоха,-29.3817,-66.7933,2024-09-01,2024,9,21.4,0.0,0.7249705296255331,-0.11747332664166076,-0.4999966699308292,0.0
Ла-Риоха,-29.3817,-66.7933,2024-10-01,2024,10,23.6,125.0,2.3232932231386716,1.7248523855388749,1.4534016805035292,1.765536723163842
Ла-Риоха,-29.3817,-66.7933,2024-11-01,2024,11,25.9,23.0,0.9659415927692095,1.392734189761216,1.2220729638202732,0.296010296010296
Ла-Риоха,-29.3817,-66.7933,2024-12-01,2024,12,27.5,31.0,0.9227298780278322,1.0577107832372767,0.8216302197488192,0.37575757575757573
Ла-Риоха,-29.3817,-66.7933,2025-01-01,2025,1,29.0,98.0,-0.16744155291182042,-0.18552155691769745,0.9353970642719326,1.1264367816091954
Ла-Риоха,-29.3817,-66.7933,2025-02-01,2025,2,31.0,96.0,0.1397885948166404,0.2061414614646815,0.7556319053312015,1.032258064516129
Ла-Риоха,-29.3817,-66.7933,2025-03-01,2025,3,23.5,74.0,0.1686885761074764,0.5527308367285255,0.7629495666132351,1.049645390070922
Ла-Риоха,-29.3817,-66.7933,2025-04-01,2025,4,19.1,14.0,0.45559200380208015,0.3151152730190862,0.050104164451738605,0.2443280977312391
Ла-Риоха,-29.3817,-66.7933,2025-05-01,2025,5,17.4,5.0,0.07807579235282947,0.1876463716092813,0.17658366214373186,0.09578544061302682
Ла-Риоха,-29.3817,-66.7933,2025-06-01,2025,6,10.9,0.0,0.5905011967366898,-0.5367345877491246,0.38312132526611864,0.0
Ла-Риоха,-29.3817,-66.7933,2025-07-01,2025,7,11.6,6.0,0.33304682488930276,0.03187891105973014,0.27840810724787535,0.1724137931034483
Ла-Риоха,-29.3817,-66.7933,2025-08-01,2025,8,15.1,4.0,1.037583294930151,0.15795808396394415,0.17849773359405713,0.08830022075055188
Ла-Риоха,-29.3817,-66.7933,2025-09-01,2025,9,19.8,5.0,0.99239380714167,0.4085295655631804,-0.3793149338008215,0.08417508417508418
Ла-Риоха,-29.3817,-66.7933,2025-10-01,2025,10,23.0,5.0,-0.11906717468576634,-0.23175498021653046,-0.2792650907202496,0.07246376811594203
Ла-Риоха,-29.3817,-66.7933,2025-11-01,2025,11,26.4,4.0,-0.8996523382038496,-1.4156494864744373,-1.2003670635231796,0.050505050505050504
Ла-Риоха,-29.3817,-66.7933,2025-12-01,2025,12,26.9,107.0,0.1121379835900469,0.1355276853133374,0.07502926241111006,1.325898389095415
Ла-Риоха,-29.3817,-66.7933,2026-01-01,2026,1,26.8,127.0,0.7998735796920622,0.8764878921349246,0.65019412228428,1.5796019900497513
Ла-Риоха,-29.3817,-66.7933,2026-02-01,2026,2,26.3,60.0,0.5852492114987953,0.7552222444825207,0.3188970083823507,0.7604562737642585
Ла-Риоха,-29.3817,-66.7933,2026-03-01,2026,3,26.3,60.0,0.09252989535290158,0.3787083708942922,0.2963967814967316,0.7604562737642585
Ла-Риоха,-29.3817,-66.7933,2026-04-01,2026,4,26.3,60.0,0.43943646579633255,0.27514317465373245,0.5649626409070725,0.7604562737642585
Ла-Риоха,-29.3817,-66.7933,2026-05-01,2026,5,15.8,8.288279183624343,0.5397732101434753,0.7068781190028594,0.802458465806663,0.17485821062498613
Ла-Риоха,-29.3817,-66.7933,2026-06-01,2026,6,11.8,0.0,1.2756332320997892,0.9782177495664269,0.5905635557507026,0.0
Ла-Риоха,-29.3817,-66.7933,2026-07-01,2026,7,11.5,14.338159005182145,0.5859044987162924,0.6389947713260133,0.34809302910525186,0.41559881174441005
Ла-Риоха,-29.3817,-66.7933,2026-08-01,2026,8,14.7,0.0,1.150597290306544,0.29004830473382776,0.6916389749333269,0.0
Ла-Риоха,-29.3817,-66.7933,2026-09-01,2026,9,18.2,0.0,0.9774692799195329,0.3830143127440486,0.8407567426028293,0.0
Ла-Риоха,-29.3817,-66.7933,2026-10-01,2026,10,22.8,0.0,-1.6906216295848977,-2.2129335824234455,-0.4014653639204414,0.0
Ла-Риоха,-29.3817,-66.7933,2026-11-01,2026,11,25.6,92.37336444318261,0.4706443803222905,0.7680366166569251,0.725593519461253,1.2027781828539401
Ла-Риоха,-29.3817,-66.7933,2026-12-01,2026,12,27.5,53.1482498864928,0.5164669947230015,0.6160356073287913,0.5048182371745742,0.6442212107453672
Посадас,-27.2206,-55.8339,1961-01-01,1961,1,28.2,193.0,,,,2.2813238770685578
Посадас,-27.2206,-55.8339,1961-02-01,1961,2,26.8,124.0,,,,1.5422885572139304
Посадас,-27.2206,-55.8339,1961-03-01,1961,3,23.8,164.0,0.3472199680576254,0.3733378298863743,,2.2969187675070026
Посадас,-27.2206,-55.8339,1961-04-01,1961,4,20.9,328.0,0.8890016045093939,0.9657669019081686,,5.231259968102074
Посадас,-27.2206,-55.8339,1961-05-01,1961,5,19.3,247.0,1.3474349228404048,1.3656733493981656,,4.265975820379966
Посадас,-27.2206,-55.8339,1961-06-01,1961,6,17.1,159.0,1.4575851867816867,1.4375542840406013,1.2720454023096441,3.0994152046783627
Посадас,-27.2206,-55.8339,1961-07-01,1961,7,17.3,145.0,1.189141384221267,1.2411742867329563,1.3037567326497983,2.7938342967244703
Посадас,-27.2206,-55.8339,1961-08-01,1961,8,21.1,82.0,0.6109125969131406,0.6516509829730815,1.3014668670592349,1.2954186413902053
Посадас,-27.2206,-55.8339,1961-09-01,1961,9,19.6,313.0,1.4672997067174829,1.4329571985181193,1.5995634150596398,5.3231292517006805
Посадас,-27.2206,-55.8339,1961-10-01,1961,10,23.6,176.0,0.7963590246755908,0.8453729894301089,1.2609858271448802,2.4858757062146895
Посадас,-27.2206,-55.8339,1961-11-01,1961,11,24.5,187.0,0.9037502906075167,0.9731694342899766,1.0034644345988646,2.54421768707483
Посадас,-27.2206,-55.8339,1961-12-01,1961,12,27.2,49.0,-0.5522040843948156,-0.6516789475687417,0.17889111400413585,0.6004901960784313
Посадас,-27.2206,-55.8339,1962-01-01,1962,1,26.3,120.0,-0.677480548570881,-0.7647739656315125,0.01347156641944575,1.520912547528517
Посадас,-27.2206,-55.8339,1962-02-01,1962,2,25.1,123.0,-1.0977135672831535,-1.1754572413725015,-0.020147020500761965,1.6334661354581674
Посадас,-27.2206,-55.8339,1962-03-01,1962,3,25.2,150.0,-0.22274657818999177,-0.24595732201819623,-0.6178201043069439,1.9841269841269842
Посадас,-27.2206,-55.8339,1962-04-01,1962,4,21.1,127.0,-0.20239478519810186,-0.1893178365803224,-0.6110259982671185,2.006319115323855
Посадас,-27.2206,-55.8339,1962-05-01,1962,5,16.5,143.0,0.01494120465978032,0.012501898670855998,-0.7012876781159642,2.888888888888889
Посадас,-27.2206,-55.8339,1962-06-01,1962,6,15.9,18.0,-0.5760032976443857,-0.6916178896751635,-0.6233734573217294,0.37735849056603776
Посадас,-27.2206,-55.8339,1962-07-01,1962,7,12.4,27.0,-0.9019709362652291,-1.0371141739667868,-0.742022005419369,0.7258064516129032
Посадас,-27.2206,-55.8339,1962-08-01,1962,8,16.1,69.0,-1.419923168698009,-1.5412100670517292,-0.7828642856378163,1.4285714285714284
Посадас,-27.2206,-55.8339,1962-09-01,1962,9,20.7,147.0,-0.5573315784604287,-0.5853862745271331,-0.8221036437098427,2.367149758454106
Посадас,-27.2206,-55.8339,1962-10-01,1962,10,20.4,40.0,-0.9979433828666413,-1.0934124055119308,-1.2856875697259422,0.6535947712418301
Посадас,-27.2206,-55.8339,1962-11-01,1962,11,25.8,120.0,-0.9295738893224371,-1.0299452226172783,-1.5068741850769434,1.550387596899225
Посадас,-27.2206,-55.8339,1962-12-01,1962,12,28.2,94.0,-1.3279210400954913,-1.4992351840839526,-0.771174203225454,1.1111111111111112
Посадас,-27.2206,-55.8339,1963-01-01,1963,1,27.4,173.0,-0.5113127548035642,-0.5807114050539506,-1.01185438582382,2.104622871046229
Посадас,-27.2206,-55.8339,1963-02-01,1963,2,27.3,76.0,-0.7792336191034617,-0.8709382273761314,-1.139801247354625,0.927960927960928
Посадас,-27.2206,-55.8339,1963-03-01,1963,3,26.6,163.0,-0.09907504249599815,-0.11209988994506086,-1.0960931130719747,2.0426065162907268
Посадас,-27.2206,-55.8339,1963-04-01,1963,4,21.3,91.0,-0.5868259726835938,-0.6178419704362806,-0.7537199617050174,1.4241001564945226
Посадас,-27.2206,-55.8339,1963-05-01,1963,5,19.3,111.0,-0.24577228094932804,-0.2951047434326247,-0.7161433837175427,1.9170984455958548
Посадас,-27.2206,-55.8339,1963-06-01,1963,6,16.2,223.0,0.0971920305317772,0.0782908147289033,-0.022338673161404633,4.588477366255144
Посадас,-27.2206,-55.8339,1963-07-01,1963,7,18.8,82.0,0.4834651200020493,0.5084153529745421,-0.1239237731058051,1.4539007092198581
Посадас,-27.2206,-55.8339,1963-08-01,1963,8,19.5,106.0,0.7828158490549847,0.8318129593421342,0.17197565514277655,1.811965811965812
Посадас,-27.2206,-55.8339,1963-09-01,1963,9,20.9,211.0,0.5772381901000637,0.6607768128839024,0.2809223549453141,3.3652312599681022
Посадас,-27.2206,-55.8339,1963-10-01,1963,10,22.5,232.0,0.6802605667415187,0.7321354767707117,0.7149161421057767,3.437037037037037
Посадас,-27.2206,-55.8339,1963-11-01,1963,11,23.5,420.0,1.7373114189435295,1.6634089929212434,1.5911443315986618,5.957446808510638
Посадас,-27.2206,-55.8339,1963-12-01,1963,12,25.8,187.0,1.3631137349137803,1.427302673907165,0.7689317683978563,2.4160206718346253
Посадас,-27.2206,-55.8339,1964-01-01,1964,1,27.8,26.0,0.7845592184066401,0.8404541631961974,0.9119988133755469,0.3117505995203837
Посадас,-27.2206,-55.8339,1964-02-01,1964,2,26.5,133.0,-0.7605891517271206,-0.8523395201455204,0.8512671867590716,1.6729559748427674
Посадас,-27.2206,-55.8339,1964-03-01,1964,3,25.4,150.0,-0.7736231769902082,-0.8170061811600099,0.6596169749994247,1.968503937007874
Посадас,-27.2206,-55.8339,1964-04-01,1964,4,22.4,306.0,0.759453417058292,0.8413322824143529,1.016090060614639,4.553571428571429
Посадас,-27.2206,-55.8339,1964-05-01,1964,5,19.3,61.0,0.45078780870017504,0.5050308073043456,-0.13081312285816765,1.0535405872193437
Посадас,-27.2206,-55.8339,1964-06-01,1964,6,14.1,40.0,0.011053992666927609,-0.01976475569582968,-0.489560866745867,0.9456264775413712
Посадас,-27.2206,-55.8339,1964-07-01,1964,7,14.5,81.0,-0.9419134292938857,-1.0778756050974672,-0.026744702350895704,1.8620689655172413
Посадас,-27.2206,-55.8339,1964-08-01,1964,8,17.7,152.0,-0.20231187566664424,-0.2571557410065059,0.22475696179338336,2.8625235404896423
Посадас,-27.2206,-55.8339,1964-09-01,1964,9,19.5,169.0,0.5973759229837724,0.6806133729768307,0.22684019572086309,2.888888888888889
Посадас,-27.2206,-55.8339,1964-10-01,1964,10,21.0,71.0,-0.18940315494213825,-0.20033246184572223,-0.8212610007510122,1.126984126984127
Посадас,-27.2206,-55.8339,1964-11-01,1964,11,23.7,52.0,-1.008054888185313,-1.1169598843156614,-0.9290590149075459,0.7313642756680732
Посадас,-27.2206,-55.8339,1964-12-01,1964,12,25.7,123.0,-1.3663241576818925,-1.5397178342134337,-0.46514853540589524,1.595330739299611
Посадас,-27.2206,-55.8339,1965-01-01,1965,1,27.1,32.0,-1.452799792366612,-1.5870081250241839,-1.1579108028209748,0.3936039360393604
Посадас,-27.2206,-55.8339,1965-02-01,1965,2,26.3,269.0,-0.2792589511589042,-0.3461401225321505,-0.9247246995163307,3.409378960709759
Посадас,-27.2206,-55.8339,1965-03-01,1965,3,22.1,71.0,-0.35983279203493834,-0.39257105305378903,-1.249546782415884,1.0708898944193062
Посадас,-27.2206,-55.8339,1965-04-01,1965,4,22.1,168.0,0.35963492724836116,0.43174641286740006,-0.760985332727219,2.5339366515837103
Посадас,-27.2206,-55.8339,1965-05-01,1965,5,18.4,89.0,-0.4266724703030447,-0.5103408191755398,-0.5516166076859744,1.6123188405797102
Посадас,-27.2206,-55.8339,1965-06-01,1965,6,19.3,81.0,-0.32601195858300536,-0.4064463554444068,-0.5125933920080716,1.3989637305699483
Посадас,-27.2206,-55.8339,1965-07-01,1965,7,15.6,105.0,-0.34150998457933396,-0.4332594220780958,0.019621408550595982,2.2435897435897436
Посадас,-27.2206,-55.8339,1965-08-01,1965,8,18.5,187.0,0.5204041859754956,0.554344440956992,-0.11807733186924926,3.369369369369369
Посадас,-27.2206,-55.8339,1965-09-01,1965,9,18.8,133.0,0.7498876229988185,0.8272697284141732,0.05799317415071911,2.358156028368794
Посадас,-27.2206,-55.8339,1965-10-01,1965,10,22.7,310.0,1.1011922251412944,1.1265172699222878,0.48723581667634,4.552129221732746
Посадас,-27.2206,-55.8339,1965-11-01,1965,11,24.2,64.0,0.09513015330137367,0.13552189567543682,0.3679334897721414,0.8815426997245179
Посадас,-27.2206,-55.8339,1965-12-01,1965,12,25.2,273.0,0.5431707568257909,0.6164327751698497,0.4316283884605113,3.611111111111111
Посадас,-27.2206,-55.8339,1966-01-01,1966,1,26.1,267.0,0.6350408960811034,0.6888881543908664,1.0767467220885607,3.4099616858237547
Посадас,-27.2206,-55.8339,1966-02-01,1966,2,25.5,200.0,1.6070810464924234,1.6182853202763425,0.9785641950005936,2.6143790849673203
Посадас,-27.2206,-55.8339,1966-03-01,1966,3,24.5,137.0,1.1320748043607258,1.170769769484986,1.0158106064068464,1.8639455782312926
Посадас,-27.2206,-55.8339,1966-04-01,1966,4,23.1,95.0,-0.03214371382145572,0.0017727914380102558,0.41460712365440044,1.3708513708513708
Посадас,-27.2206,-55.8339,1966-05-01,1966,5,19.0,27.0,-0.7741349859821883,-0.9219283045103539,0.37377717382341136,0.47368421052631576
Посадас,-27.2206,-55.8339,1966-06-01,1966,6,17.9,164.0,-0.5860739356825052,-0.7030243417264573,0.17981793513651,3.0540037243947857
Посадас,-27.2206,-55.8339,1966-07-01,1966,7,17.5,75.0,-0.3976753518358619,-0.4962575404243684,-0.3119546874126857,1.4285714285714286
Посадас,-27.2206,-55.8339,1966-08-01,1966,8,16.4,55.0,-0.04662179963991826,-0.08042679033763654,-0.7074713005022,1.1178861788617886
Посадас,-27.2206,-55.8339,1966-09-01,1966,9,18.7,52.0,-1.0487485940264007,-1.1465058797279293,-1.0559987314598402,0.9269162210338681
Посадас,-27.2206,-55.8339,1966-10-01,1966,10,22.3,200.0,-0.6902847248173309,-0.7594330447931257,-0.8250128145288884,2.9895366218236172
Посадас,-27.2206,-55.8339,1966-11-01,1966,11,25.7,120.0,-0.5903127510499053,-0.6477058640952441,-0.5060274329975667,1.556420233463035
Посадас,-27.2206,-55.8339,1966-12-01,1966,12,26.7,220.0,0.05726171180220911,0.06220172821606121,-0.31041681235913043,2.746566791510612
Посадас,-27.2206,-55.8339,1967-01-01,1967,1,25.5,163.0,0.10689936966551297,0.11732553024385757,-0.4205641814642329,2.130718954248366
Посадас,-27.2206,-55.8339,1967-02-01,1967,2,26.1,216.0,0.7775443536539342,0.8214067430332155,-0.00895068652409327,2.7586206896551726
Посадас,-27.2206,-55.8339,1967-03-01,1967,3,23.3,108.0,0.3858211043335173,0.4148453854031611,0.21320149238780445,1.5450643776824033
Посадас,-27.2206,-55.8339,1967-04-01,1967,4,21.9,6.0,-0.5868259726835938,-0.6178419704362806,-0.3254075485360211,0.091324200913242
Посадас,-27.2206,-55.8339,1967-05-01,1967,5,21.2,70.0,-1.156745753412283,-1.3736443569345238,-0.43453079727105665,1.10062893081761
Посадас,-27.2206,-55.8339,1967-06-01,1967,6,14.2,60.0,-1.3256713497461734,-1.5362245910611363,-0.8413543926416069,1.408450704225352
Посадас,-27.2206,-55.8339,1967-07-01,1967,7,16.8,110.0,-0.5623685518540696,-0.6780958672815525,-0.811364704672203,2.1825396825396823
Посадас,-27.2206,-55.8339,1967-08-01,1967,8,19.6,183.0,0.3796358526325786,0.40011203183804056,-0.7709817249628196,3.1122448979591835
Посадас,-27.2206,-55.8339,1967-09-01,1967,9,20.7,46.0,0.1618807336620598,0.2289114712996764,-1.0303030751093825,0.7407407407407407
Посадас,-27.2206,-55.8339,1967-10-01,1967,10,23.8,83.0,-0.66032673036731,-0.7264283257040096,-0.9031938707293697,1.1624649859943978
Посадас,-27.2206,-55.8339,1967-11-01,1967,11,24.1,89.0,-1.3894433544017508,-1.5363751841606517,-0.9042089671817708,1.2309820193637622
Посадас,-27.2206,-55.8339,1967-12-01,1967,12,27.6,60.0,-1.4328023898384616,-1.6099566650583514,-0.6230763416211855,0.7246376811594203
Посадас,-27.2206,-55.8339,1968-01-01,1968,1,26.4,118.0,-1.149631407764335,-1.270093167172611,-1.2227707469596711,1.4898989898989898
Посадас,-27.2206,-55.8339,1968-02-01,1968,2,26.1,57.0,-1.457127976294843,-1.4891290388021239,-1.7154301448416462,0.7279693486590039
Посадас,-27.2206,-55.8339,1968-03-01,1968,3,24.5,77.0,-1.1513371580120246,-1.173076255141884,-1.6457129465096934,1.0476190476190477
Посадас,-27.2206,-55.8339,1968-04-01,1968,4,17.9,104.0,-1.1200590739811407,-1.1790676485244318,-1.4842062480934326,1.9366852886405959
Посадас,-27.2206,-55.8339,1968-05-01,1968,5,15.5,9.0,-1.1265288522750678,-1.3375526081732823,-1.689042743251468,0.1935483870967742
Посадас,-27.2206,-55.8339,1968-06-01,1968,6,16.7,105.0,-0.9290124638992292,-1.0875730682744618,-1.383912666375048,2.095808383233533
Посадас,-27.2206,-55.8339,1968-07-01,1968,7,16.7,120.0,-0.6008813662373854,-0.7199293538993347,-1.179555194824955,2.395209580838323
Посадас,-27.2206,-55.8339,1968-08-01,1968,8,17.3,46.0,-0.21724592641729756,-0.27404977488009497,-1.0686671604068638,0.8863198458574181
Посадас,-27.2206,-55.8339,1968-09-01,1968,9,16.9,149.0,-0.011373950691799101,0.03787182567938414,-0.8145900135431922,2.938856015779093
Посадас,-27.2206,-55.8339,1968-10-01,1968,10,21.9,284.0,0.30161276575026275,0.34122484210358595,-0.2789535894103937,4.322678843226789
Посадас,-27.2206,-55.8339,1968-11-01,1968,11,26.1,107.0,0.25743111408645264,0.31519951596331597,0.09644544109620178,1.3665389527458494
Посадас,-27.2206,-55.8339,1968-12-01,1968,12,26.4,232.0,0.4360677891707118,0.4978548420098379,0.1491180974178643,2.9292929292929295
Посадас,-27.2206,-55.8339,1969-01-01,1969,1,25.2,199.0,0.2911751838617992,0.32201848720595994,0.3440492580667155,2.632275132275132
Посадас,-27.2206,-55.8339,1969-02-01,1969,2,26.6,144.0,0.6344389461750327,0.6691416951159882,0.5220140621041319,1.8045112781954886
Посадас,-27.2206,-55.8339,1969-03-01,1969,3,24.3,205.0,0.7764163504700875,0.8233486099275295,0.7413919934548255,2.8120713305898493
Посадас,-27.2206,-55.8339,1969-04-01,1969,4,20.3,103.0,0.0726252524371987,0.11858244860737238,0.25215349872756965,1.6912972085385878
Посадас,-27.2206,-55.8339,1969-05-01,1969,5,19.0,163.0,0.24782321231379245,0.2803002159590577,0.5399232617390373,2.8596491228070176
Посадас,-27.2206,-55.8339,1969-06-01,1969,6,15.3,93.0,-0.22233212497768673,-0.28740809060658257,0.24378012611887,2.026143790849673
Посадас,-27.2206,-55.8339,1969-07-01,1969,7,17.2,39.0,-0.21825972516860592,-0.293583814342772,-0.12002366427005443,0.7558139534883721
Посадас,-27.2206,-55.8339,1969-08-01,1969,8,14.5,84.0,-0.6346136129959669,-0.7368014873149552,-0.17328735869938136,1.9310344827586208
Посадас,-27.2206,-55.8339,1969-09-01,1969,9,19.8,101.0,-0.7079267849952304,-0.75842525123591,-0.6254036931159421,1.7003367003367003
Посадас,-27.2206,-55.8339,1969-10-01,1969,10,20.8,121.0,-0.6962822795329455,-0.7660306742268391,-0.7190117337616567,1.939102564102564
Посадас,-27.2206,-55.8339,1969-11-01,1969,11,23.9,170.0,-0.48680036979595137,-0.52933421457963,-0.7499865525886728,2.370990237099024
Посадас,-27.2206,-55.8339,1969-12-01,1969,12,25.5,108.0,-0.6156380231931994,-0.7242036568192594,-0.5168087084641216,1.411764705882353
Посадас,-27.2206,-55.8339,1970-01-01,1970,1,26.8,75.0,-0.693551279104021,-0.7824079678291497,-0.9576209837581914,0.9328358208955224
Посадас,-27.2206,-55.8339,1970-02-01,1970,2,25.6,113.0,-1.072629901689213,-1.152387560664089,-1.0173399470165045,1.4713541666666667
Посадас,-27.2206,-55.8339,1970-03-01,1970,3,24.9,233.0,-0.04061203971387259,-0.0484816742848276,-0.5635031864869817,3.1191432396251675
Посадас,-27.2206,-55.8339,1970-04-01,1970,4,22.7,10.0,-0.4420326084203161,-0.4577686558442767,-0.7827475659467187,0.14684287812041116
Посадас,-27.2206,-55.8339,1970-05-01,1970,5,18.6,202.0,0.1301538529246352,0.14610102825006568,-0.5929597450229287,3.620071684587814
Посадас,-27.2206,-55.8339,1970-06-01,1970,6,15.8,87.0,-0.520693309788543,-0.6288459664138225,-0.4741876882396468,1.8354430379746836
Посадас,-27.2206,-55.8339,1970-07-01,1970,7,15.4,56.0,0.08058929720525843,0.04985947430440573,-0.30017148034556335,1.2121212121212122
Посадас,-27.2206,-55.8339,1970-08-01,1970,8,16.3,73.0,-0.6346136129959669,-0.7368014873149552,-0.2764112010709299,1.492842535787321
Посадас,-27.2206,-55.8339,1970-09-01,1970,9,18.2,182.0,-0.04066525331714183,0.005091796920204638,-0.5224531218468544,3.3333333333333335
Посадас,-27.2206,-55.8339,1970-10-01,1970,10,20.7,238.0,0.37849341579588375,0.42302347156986286,0.2237504472457286,3.8325281803542675
Посадас,-27.2206,-55.8339,1970-11-01,1970,11,20.1,68.0,0.0007060480561925136,0.029175858136656043,-0.3459667006620438,1.1276948590381426
Посадас,-27.2206,-55.8339,1970-12-01,1970,12,24.8,157.0,-0.3058728950322996,-0.365451207007743,-0.20041923552282379,2.110215053763441
Посадас,-27.2206,-55.8339,1971-01-01,1971,1,25.1,306.0,0.25442228873622336,0.28154984993914284,0.36932069496596653,4.063745019920319
Посадас,-27.2206,-55.8339,1971-02-01,1971,2,24.9,144.0,0.8251204761339,0.871162904551096,0.4497045125092288,1.927710843373494
Посадас,-27.2206,-55.8339,1971-03-01,1971,3,22.4,244.0,1.69795650887357,1.6682569537379934,0.6917578224744025,3.630952380952381
Посадас,-27.2206,-55.8339,1971-04-01,1971,4,18.1,81.0,0.16072297587153733,0.21596182110267848,0.28784417901297227,1.4917127071823204
Посадас,-27.2206,-55.8339,1971-05-01,1971,5,15.4,145.0,0.24333749857388923,0.27523214913342703,0.6463769156930828,3.1385281385281387
Посадас,-27.2206,-55.8339,1971-06-01,1971,6,12.7,213.0,0.1636495632247518,0.15345826265523407,1.0258837549411157,5.590551181102362
Посадас,-27.2206,-55.8339,1971-07-01,1971,7,16.3,94.0,0.678887875641787,0.7225907426975323,0.5317124209292874,1.9222903885480573
Посадас,-27.2206,-55.8339,1971-08-01,1971,8,17.1,54.0,0.4361666417964023,0.46243746532021995,0.37628791374869675,1.0526315789473684
Посадас,-27.2206,-55.8339,1971-09-01,1971,9,20.2,36.0,-1.032335613477356,-1.1279296828661565,-0.47277713050375125,0.594059405940594
Посадас,-27.2206,-55.8339,1971-10-01,1971,10,19.8,30.0,-1.7724152353301394,-1.940635748978577,-0.8287620432666989,0.5050505050505051
Посадас,-27.2206,-55.8339,1971-11-01,1971,11,23.4,21.0,-1.944693714271365,-2.23755025741375,-1.4015541851031452,0.29914529914529914
Посадас,-27.2206,-55.8339,1971-12-01,1971,12,26.7,136.0,-1.6371939691797945,-1.8306433473204486,-1.0136664178500372,1.6978776529338326
Посадас,-27.2206,-55.8339,1972-01-01,1972,1,25.7,53.0,-1.4382099983592997,-1.5716308495344302,-1.952283103848158,0.6874189364461738
Посадас,-27.2206,-55.8339,1972-02-01,1972,2,25.1,87.0,-1.19822856528577,-1.2663365348329507,-1.9481929628603671,1.155378486055777
Посадас,-27.2206,-55.8339,1972-03-01,1972,3,24.3,108.0,-1.1779641912949899,-1.1969404565535193,-1.779470725697918,1.4814814814814814
Посадас,-27.2206,-55.8339,1972-04-01,1972,4,19.0,100.0,-0.7857094468459614,-0.8331222492612841,-1.4842062480934326,1.7543859649122806
Посадас,-27.2206,-55.8339,1972-05-01,1972,5,20.1,64.0,-0.707876204916145,-0.8437900037356646,-1.2869246338721738,1.0613598673300166
Посадас,-27.2206,-55.8339,1972-06-01,1972,6,19.7,330.0,0.4201213878419989,0.43779308201389133,-0.3894161583918212,5.583756345177665
Посадас,-27.2206,-55.8339,1972-07-01,1972,7,15.8,127.0,1.0384631295585809,1.0947190314523363,0.14593900826580325,2.679324894514768
Посадас,-27.2206,-55.8339,1972-08-01,1972,8,16.2,264.0,2.711877169812291,2.4017730327844697,0.9223970027211604,5.432098765432099
Посадас,-27.2206,-55.8339,1972-09-01,1972,9,20.1,269.0,2.1486508531699777,1.89655040231672,1.3059620803102248,4.461028192371476
Посадас,-27.2206,-55.8339,1972-10-01,1972,10,19.4,260.0,1.8982694237734736,1.7557374099313412,1.8271987736570312,4.4673539518900345
Посадас,-27.2206,-55.8339,1972-11-01,1972,11,22.6,354.0,1.823022961253884,1.7251930483214175,2.2670214868860064,5.221238938053097
Посадас,-27.2206,-55.8339,1972-12-01,1972,12,24.2,86.0,0.7759326670631741,0.8647548426184666,1.0040371454064385,1.184573002754821
Посадас,-27.2206,-55.8339,1973-01-01,1973,1,26.3,264.0,1.1464651630878173,1.184509368430334,1.8007194002244606,3.346007604562738
Посадас,-27.2206,-55.8339,1973-02-01,1973,2,26.8,72.0,-0.29151931706913764,-0.35956484125751337,1.165744270869923,0.8955223880597015
Посадас,-27.2206,-55.8339,1973-03-01,1973,3,24.7,264.0,1.106762079145864,1.1469245339377026,1.1756148635741805,3.562753036437247
Посадас,-27.2206,-55.8339,1973-04-01,1973,4,22.8,187.0,0.4349955671843634,0.5116556318861705,1.0308965264403613,2.7339181286549707
Посадас,-27.2206,-55.8339,1973-05-01,1973,5,17.4,199.0,1.0031093017114403,1.0619900031295553,0.6293855287581482,3.8122605363984676
Посадас,-27.2206,-55.8339,1973-06-01,1973,6,15.6,122.0,0.4842334506040552,0.5070655141454147,0.946710248497403,2.606837606837607
Посадас,-27.2206,-55.8339,1973-07-01,1973,7,16.1,145.0,0.7533893772608508,0.8021859110655539,0.7647352978030657,3.002070393374741
Посадас,-27.2206,-55.8339,1973-08-01,1973,8,14.7,133.0,0.7075236607618789,0.7536935441294211,1.0931485268679808,3.015873015873016
Посадас,-27.2206,-55.8339,1973-09-01,1973,9,18.4,280.0,1.5734908011151316,1.5116160100973313,1.0652036137335295,5.072463768115942
Посадас,-27.2206,-55.8339,1973-10-01,1973,10,21.2,197.0,0.9988999680776571,1.034808102210671,1.1089667545145447,3.09748427672956
Посадас,-27.2206,-55.8339,1973-11-01,1973,11,22.5,31.0,0.10008010859393314,0.14106409476865622,0.47375998882915066,0.45925925925925926
Посадас,-27.2206,-55.8339,1973-12-01,1973,12,24.7,260.0,-0.1867610678168661,-0.22529139281268357,0.37734650149268856,3.508771929824561
Посадас,-27.2206,-55.8339,1974-01-01,1974,1,26.6,115.0,-0.4095084468100422,-0.46658663023171726,0.3404324587205668,1.4411027568922306
Посадас,-27.2206,-55.8339,1974-02-01,1974,2,25.8,103.0,0.05018287850169459,0.020603115908789695,0.04702790487157024,1.330749354005168
Посадас,-27.2206,-55.8339,1974-03-01,1974,3,24.0,75.0,-0.8793253069480432,-0.9199140471321285,-0.70374265157191,1.0416666666666667
Посадас,-27.2206,-55.8339,1974-04-01,1974,4,20.3,81.0,-0.9953052009132751,-1.0525713784612187,-0.9406413401797953,1.3300492610837438
Посадас,-27.2206,-55.8339,1974-05-01,1974,5,18.2,206.0,-0.2602783501882552,-0.3123450881182833,-0.2180971891227273,3.772893772893773
Посадас,-27.2206,-55.8339,1974-06-01,1974,6,13.9,179.0,0.29047357354879205,0.2953613153008505,-0.32372283487932124,4.292565947242206
Посадас,-27.2206,-55.8339,1974-07-01,1974,7,17.8,31.0,0.4834651200020493,0.5084153529745421,-0.4023218873636677,0.5805243445692884
Посадас,-27.2206,-55.8339,1974-08-01,1974,8,15.7,184.0,0.6662272333362577,0.7103165068005194,0.09574973165379995,3.9065817409766455
Посадас,-27.2206,-55.8339,1974-09-01,1974,9,19.1,19.0,-0.6283450333350966,-0.6670666690156398,-0.17889233534684437,0.33158813263525305
Посадас,-27.2206,-55.8339,1974-10-01,1974,10,19.9,71.0,-0.8890602759775722,-0.9762506597088283,-0.3709297626332516,1.1892797319932997
Посадас,-27.2206,-55.8339,1974-11-01,1974,11,21.3,181.0,-1.1176318414296307,-1.237727609266841,-0.5102433274700343,2.832550860719875
Посадас,-27.2206,-55.8339,1974-12-01,1974,12,24.4,212.0,-0.3010867910526481,-0.3598340394545467,-0.3608666102077975,2.8961748633879782
Посадас,-27.2206,-55.8339,1975-01-01,1975,1,25.4,205.0,0.6039843469070215,0.6567534273845359,-0.19108745955235604,2.690288713910761
Посадас,-27.2206,-55.8339,1975-02-01,1975,2,25.9,172.0,0.7179860106785276,0.75849539898104,-0.4198578248839935,2.213642213642214
Посадас,-27.2206,-55.8339,1975-03-01,1975,3,24.2,205.0,0.9926814282148433,1.0377520297371199,0.2846721504858278,2.8236914600550964
Посадас,-27.2206,-55.8339,1975-04-01,1975,4,21.2,257.0,0.9743904818751613,1.0454280946989085,1.0456302566307392,4.040880503144654
Посадас,-27.2206,-55.8339,1975-05-01,1975,5,18.2,59.0,0.46813043333022386,0.5237832473983777,0.7567338121304442,1.0805860805860805
Посадас,-27.2206,-55.8339,1975-06-01,1975,6,16.7,166.0,0.3647911608703133,0.37737096933309533,0.8026590546434279,3.313373253493014
Посадас,-27.2206,-55.8339,1975-07-01,1975,7,14.5,60.0,-0.2796159318818867,-0.36334043443874264,0.5246421316344619,1.3793103448275863
Посадас,-27.2206,-55.8339,1975-08-01,1975,8,17.1,148.0,0.5273939081552703,0.5619145019821832,0.6026089803153329,2.884990253411306
Посадас,-27.2206,-55.8339,1975-09-01,1975,9,19.3,324.0,1.419612529086479,1.3967793701673918,0.9118654336328689,5.595854922279793
Посадас,-27.2206,-55.8339,1975-10-01,1975,10,20.0,251.0,1.5636092960111008,1.5089792930900263,0.8720252020220891,4.183333333333334
Посадас,-27.2206,-55.8339,1975-11-01,1975,11,22.2,96.0,0.88061514044353,0.9514692935144207,0.9494668845681479,1.4414414414414414
Посадас,-27.2206,-55.8339,1975-12-01,1975,12,25.5,184.0,0.015394481479269313,0.013024150719323127,0.4128746939984486,2.4052287581699345
Посадас,-27.2206,-55.8339,1976-01-01,1976,1,26.3,237.0,0.18076143182386786,0.19987572084549088,1.0952793333532294,3.0038022813688214
Посадас,-27.2206,-55.8339,1976-02-01,1976,2,24.8,79.0,0.1835320599800223,0.17056095846490538,0.7204779430371786,1.0618279569892473
Посадас,-27.2206,-55.8339,1976-03-01,1976,3,22.7,135.0,0.15371960850573,0.16348081200230347,0.042923819939218275,1.9823788546255507
Посадас,-27.2206,-55.8339,1976-04-01,1976,4,19.3,74.0,-0.8260546829904233,-0.8760023017601906,-0.4296390355729942,1.2780656303972366
Посадас,-27.2206,-55.8339,1976-05-01,1976,5,16.3,115.0,-0.44648118102351403,-0.5339075493605631,-0.2788937011094123,2.3517382413087935
Посадас,-27.2206,-55.8339,1976-06-01,1976,6,15.9,69.0,-0.7273659652854281,-0.862302455878942,-0.5164288018917091,1.4465408805031446
Посадас,-27.2206,-55.8339,1976-07-01,1976,7,15.6,123.0,-0.1453383547840245,-0.2102076086361615,-0.7149414364496751,2.628205128205128
Посадас,-27.2206,-55.8339,1976-08-01,1976,8,15.8,64.0,-0.32982556651509526,-0.4008524155555688,-0.5998805711985475,1.350210970464135
Посадас,-27.2206,-55.8339,1976-09-01,1976,9,17.5,102.0,-0.20393629253676293,-0.17958600861664914,-0.7618657659387671,1.9428571428571428
Посадас,-27.2206,-55.8339,1976-10-01,1976,10,20.5,220.0,-0.22410681494505888,-0.2392884126255211,-0.35896677276067435,3.5772357723577235
Посадас,-27.2206,-55.8339,1976-11-01,1976,11,23.2,158.0,-0.03926347880894726,-0.01615616666263626,-0.21186964095303462,2.2701149425287355
Посадас,-27.2206,-55.8339,1976-12-01,1976,12,25.3,129.0,-0.0970063461738092,-0.11941148294615146,-0.1536620080636058,1.699604743083004
Посадас,-27.2206,-55.8339,1977-01-01,1977,1,25.9,212.0,0.08576003092116206,0.09359787780425749,-0.14272809814480275,2.7284427284427286
Посадас,-27.2206,-55.8339,1977-02-01,1977,2,26.8,110.0,-0.11415686892793463,-0.1635134054733938,-0.15805986347765807,1.3681592039800996
Посадас,-27.2206,-55.8339,1977-03-01,1977,3,25.9,91.0,-0.09257540877130649,-0.10503540804439321,-0.19195833757766895,1.1711711711711712
Посадас,-27.2206,-55.8339,1977-04-01,1977,4,20.8,110.0,-0.6942113224654215,-0.7348425174080764,-0.4110446555343029,1.7628205128205128
Посадас,-27.2206,-55.8339,1977-05-01,1977,5,17.8,150.0,-0.3137147639548175,-0.3759021486549073,-0.3624707156626943,2.808988764044944
Посадас,-27.2206,-55.8339,1977-06-01,1977,6,17.3,124.0,-0.10012411973110873,-0.14705068488063,-0.17667661508158936,2.3892100192678227
Посадас,-27.2206,-55.8339,1977-07-01,1977,7,19.8,123.0,0.3779966803496932,0.39007394080430663,-0.27268665648697116,2.0707070707070705
Посадас,-27.2206,-55.8339,1977-08-01,1977,8,17.0,56.0,0.019468885356289437,-0.00527704874841713,-0.304278189334498,1.0980392156862746
Посадас,-27.2206,-55.8339,1977-09-01,1977,9,21.7,70.0,-0.5103211149613368,-0.5312671199934809,-0.43454169898010747,1.075268817204301
Посадас,-27.2206,-55.8339,1977-10-01,1977,10,23.2,78.0,-1.310622592211226,-1.4257031226822714,-0.7190117337616567,1.1206896551724137
Посадас,-27.2206,-55.8339,1977-11-01,1977,11,23.5,197.0,-0.7308478083804407,-0.8072365339726805,-0.5818940112232232,2.7943262411347516
Посадас,-27.2206,-55.8339,1977-12-01,1977,12,26.1,178.0,-0.3538307348012001,-0.42164408643631834,-0.3524745384078823,2.2733077905491696
Посадас,-27.2206,-55.8339,1978-01-01,1978,1,27.0,76.0,-0.1690564340879633,-0.19456232817640334,-0.971234182062672,0.9382716049382716
Посадас,-27.2206,-55.8339,1978-02-01,1978,2,26.5,114.0,-0.6241638563577557,-0.7137679940869388,-0.9347427902334418,1.4339622641509433
Посадас,-27.2206,-55.8339,1978-03-01,1978,3,26.5,100.0,-0.8991723702960216,-0.9389588780497841,-0.8370863133005645,1.2578616352201257
Посадас,-27.2206,-55.8339,1978-04-01,1978,4,20.2,26.0,-1.1080959998042612,-1.16707675174228,-0.8477146323504775,0.429042904290429
Посадас,-27.2206,-55.8339,1978-05-01,1978,5,15.7,44.0,-1.2265508111844898,-1.4577856662359183,-1.320849926227002,0.9341825902335457
Посадас,-27.2206,-55.8339,1978-06-01,1978,6,16.3,67.0,-1.3211298723035765,-1.5308753051716484,-1.5267261277928037,1.3701431492842535
Посадас,-27.2206,-55.8339,1978-07-01,1978,7,18.2,143.0,-0.47324000101072405,-0.5802561875293963,-1.0984488623099624,2.619047619047619
Посадас,-27.2206,-55.8339,1978-08-01,1978,8,15.8,60.0,-0.22471979007120044,-0.2824990134583428,-1.149441201300848,1.2658227848101267
Посадас,-27.2206,-55.8339,1978-09-01,1978,9,20.0,79.0,-0.2566638703759339,-0.23978591194102686,-1.2335496495198028,1.3166666666666667
Посадас,-27.2206,-55.8339,1978-10-01,1978,10,22.3,106.0,-1.064482802476663,-1.1645164866019453,-1.0951040206248677,1.5844544095665172
Посадас,-27.2206,-55.8339,1978-11-01,1978,11,23.1,154.0,-0.7621749252983373,-0.8425771723724241,-0.7457982289065104,2.2222222222222223
Посадас,-27.2206,-55.8339,1978-12-01,1978,12,25.8,130.0,-0.6596858462774952,-0.7742226973349939,-0.41524295735644556,1.6795865633074936
Посадас,-27.2206,-55.8339,1979-01-01,1979,1,28.3,27.0,-0.9178398118991329,-1.0251862012606607,-1.2961647581583218,0.31802120141342755
Посадас,-27.2206,-55.8339,1979-02-01,1979,2,26.8,321.0,0.05018287850169459,0.020603115908789695,-0.5750573418136846,3.9925373134328357
Посадас,-27.2206,-55.8339,1979-03-01,1979,3,23.1,125.0,0.2957006268615399,0.3177197212414227,-0.40548446174744507,1.8037518037518037
Посадас,-27.2206,-55.8339,1979-04-01,1979,4,19.1,221.0,1.128976143932511,1.184863931084998,0.2090751046525152,3.856893542757417
Посадас,-27.2206,-55.8339,1979-05-01,1979,5,15.6,144.0,0.33245211406174147,0.37513275591811407,0.2614111672633497,3.076923076923077
Посадас,-27.2206,-55.8339,1979-06-01,1979,6,15.1,47.0,0.03505881767262179,0.007621856256294117,0.16091208261719936,1.0375275938189845
Посадас,-27.2206,-55.8339,1979-07-01,1979,7,16.2,64.0,-0.46691348401477645,-0.5732590756585563,0.5352430943494281,1.316872427983539
Посадас,-27.2206,-55.8339,1979-08-01,1979,8,19.4,194.0,0.03410358641605173,0.011356824861693982,0.24348514045336606,3.3333333333333335
Посадас,-27.2206,-55.8339,1979-09-01,1979,9,17.4,195.0,0.9312392910584278,0.9933342292549625,0.4259110446287197,3.735632183908046
Посадас,-27.2206,-55.8339,1979-10-01,1979,10,21.9,365.0,1.7131676569501177,1.6221407607626148,0.8756135900694723,5.555555555555555
Посадас,-27.2206,-55.8339,1979-11-01,1979,11,22.8,109.0,0.8713480612953618,0.9427366374246415,0.711911034287137,1.5935672514619883
Посадас,-27.2206,-55.8339,1979-12-01,1979,12,25.9,315.0,1.1556268594025634,1.2391179967266766,0.7768267463082739,4.054054054054054
Посадас,-27.2206,-55.8339,1980-01-01,1980,1,26.2,66.0,0.038139864067996826,0.04000765603157908,1.1075794449422056,0.8396946564885496
Посадас,-27.2206,-55.8339,1980-02-01,1980,2,25.7,166.0,0.46676158580673593,0.486394629683829,0.8749858240489626,2.153047989623865
Посадас,-27.2206,-55.8339,1980-03-01,1980,3,26.9,137.0,-0.379450718900441,-0.41335712692425125,0.6953179168982722,1.6976456009913259
Посадас,-27.2206,-55.8339,1980-04-01,1980,4,23.0,119.0,-0.08499524469509279,-0.05744116295915282,-0.03186881728918138,1.7246376811594204
Посадас,-27.2206,-55.8339,1980-05-01,1980,5,19.4,322.0,0.7101706103143774,0.7772278285551468,0.8058471649945286,5.5326460481099655
Посадас,-27.2206,-55.8339,1980-06-01,1980,6,15.3,49.0,0.4017167417563961,0.41775811941752444,0.06200383160144916,1.0675381263616557
Посадас,-27.2206,-55.8339,1980-07-01,1980,7,15.5,44.0,0.4779551497442977,0.5022754243026433,0.22524394316184096,0.946236559139785
Посадас,-27.2206,-55.8339,1980-08-01,1980,8,18.0,97.0,-0.8355534048683034,-0.9505744310793134,0.1415973906450743,1.7962962962962963
Посадас,-27.2206,-55.8339,1980-09-01,1980,9,17.3,110.0,-0.49471092110675013,-0.5132929417100972,-0.02411873551113785,2.1194605009633913
Посадас,-27.2206,-55.8339,1980-10-01,1980,10,21.0,206.0,-0.06878571167902948,-0.06525494645709713,0.18382202271612108,3.2698412698412698
Посадас,-27.2206,-55.8339,1980-11-01,1980,11,22.2,101.0,-0.3582671576573118,-0.3817159449572552,-0.7541739666914257,1.5165165165165164
Посадас,-27.2206,-55.8339,1980-12-01,1980,12,25.3,68.0,-0.7333120207562012,-0.857173125024467,-0.5106279400991478,0.8959156785243741
Посадас,-27.2206,-55.8339,1981-01-01,1981,1,26.1,150.0,-0.8752636316093324,-0.9795770462294251,-0.7031276752520745,1.9157088122605364
Посадас,-27.2206,-55.8339,1981-02-01,1981,2,26.8,120.0,-0.8103297089786915,-0.9017719234771115,-0.792473505350072,1.492537313432836
Посадас,-27.2206,-55.8339,1981-03-01,1981,3,23.5,135.0,-0.14459874320461216,-0.1615075652460038,-0.7072951443850598,1.9148936170212767
Посадас,-27.2206,-55.8339,1981-04-01,1981,4,21.5,212.0,0.15040332245974425,0.2046033635214575,-0.5001801795297707,3.2868217054263567
Посадас,-27.2206,-55.8339,1981-05-01,1981,5,21.6,68.0,-0.008347623072241893,-0.014722201150928102,-0.5478521403081473,1.0493827160493827
Посадас,-27.2206,-55.8339,1981-06-01,1981,6,13.8,154.0,0.13996916888837146,0.12672994601067575,-0.014651000593287267,3.7198067632850242
Посадас,-27.2206,-55.8339,1981-07-01,1981,7,15.2,10.0,-0.6137603088631868,-0.7338568906231779,-0.308026731564673,0.21929824561403508
Посадас,-27.2206,-55.8339,1981-08-01,1981,8,19.2,41.0,-0.7194199610886192,-0.8278320802313025,-0.44000862551263453,0.7118055555555556
Посадас,-27.2206,-55.8339,1981-09-01,1981,9,18.8,166.0,-0.7640385783203981,-0.8226893413131254,-0.36571286591092306,2.9432624113475176
Посадас,-27.2206,-55.8339,1981-10-01,1981,10,21.0,58.0,-0.9434863748456747,-1.0349494194922282,-1.1021890440452327,0.9206349206349206
Посадас,-27.2206,-55.8339,1981-11-01,1981,11,23.8,243.0,-0.10447912820035407,-0.09044702020189324,-0.4807322181151615,3.403361344537815
Посадас,-27.2206,-55.8339,1981-12-01,1981,12,24.8,139.0,-0.41643361267115175,-0.4947012028440269,-0.44646826705728565,1.868279569892473
Посадас,-27.2206,-55.8339,1982-01-01,1982,1,26.1,10.0,-0.4845132509911852,-0.5507563153065933,-0.9644321211134366,0.1277139208173691
Посадас,-27.2206,-55.8339,1982-02-01,1982,2,26.2,277.0,-0.26700281936992654,-0.3326986215709155,-0.2988488548607224,3.524173027989822
Посадас,-27.2206,-55.8339,1982-03-01,1982,3,24.5,100.0,-0.2618714379519559,-0.2880229707147335,-0.5380035096407996,1.3605442176870748
Посадас,-27.2206,-55.8339,1982-04-01,1982,4,21.8,56.0,-0.02687585452743435,0.007666116717619877,-0.3552084417335021,0.8562691131498471
Посадас,-27.2206,-55.8339,1982-05-01,1982,5,19.0,89.0,-0.8457360868064693,-1.0062163640831079,-0.8524048900588981,1.5614035087719298
Посадас,-27.2206,-55.8339,1982-06-01,1982,6,16.4,226.0,-0.16350025606439247,-0.21981557020536624,-0.3275902407923863,4.59349593495935
Посадас,-27.2206,-55.8339,1982-07-01,1982,7,17.5,128.0,0.6305588536738833,0.6703193938997146,0.36985103453809637,2.4380952380952383
Посадас,-27.2206,-55.8339,1982-08-01,1982,8,19.3,147.0,1.3794261604372682,1.4029740246083757,0.057300391520133234,2.538860103626943
Посадас,-27.2206,-55.8339,1982-09-01,1982,9,20.4,155.0,0.7826123711765085,0.8579065047626447,0.19778744534519974,2.5326797385620914
Посадас,-27.2206,-55.8339,1982-10-01,1982,10,21.5,116.0,-0.04026289009466973,-0.03342840318762635,0.3150761003090213,1.7984496124031009
Посадас,-27.2206,-55.8339,1982-11-01,1982,11,22.3,557.0,1.585787912379875,1.550352348696573,1.7209290049737325,8.325859491778774
Посадас,-27.2206,-55.8339,1982-12-01,1982,12,24.6,187.0,1.4490663094003073,1.5019994601061,0.8706026913480457,2.5338753387533877
Посадас,-27.2206,-55.8339,1983-01-01,1983,1,27.1,91.0,1.7987856885677318,1.7244942833715369,1.1350940129594975,1.119311193111931
Посадас,-27.2206,-55.8339,1983-02-01,1983,2,25.5,480.0,1.7116359456327266,1.7080777703616936,1.9536819406440276,6.2745098039215685
Посадас,-27.2206,-55.8339,1983-03-01,1983,3,22.8,150.0,1.8663759774616404,1.80384464618906,1.9729428844733559,2.192982456140351
Посадас,-27.2206,-55.8339,1983-04-01,1983,4,21.0,334.0,2.420924286821097,2.1381279484242808,2.3265034632252886,5.301587301587301
Посадас,-27.2206,-55.8339,1983-05-01,1983,5,18.1,582.0,2.4776589477726425,2.1656457746783104,2.456138944084164,10.718232044198896
Посадас,-27.2206,-55.8339,1983-06-01,1983,6,14.0,75.0,2.4449855834046157,2.1582569298878025,2.4056290051247404,1.7857142857142858
Посадас,-27.2206,-55.8339,1983-07-01,1983,7,14.9,292.0,2.940229239462792,2.5804131815514646,2.7594139319770203,6.532438478747204
Посадас,-27.2206,-55.8339,1983-08-01,1983,8,16.7,99.0,1.1514031194222638,1.1949218993131043,2.17659352260965,1.9760479041916168
Посадас,-27.2206,-55.8339,1983-09-01,1983,9,17.3,82.0,1.0580194955248559,1.104077712868843,1.9965374058768677,1.579961464354528
Посадас,-27.2206,-55.8339,1983-10-01,1983,10,21.9,251.0,0.039197991890054455,0.05489396287991715,2.0018510471078685,3.8203957382039575
Посадас,-27.2206,-55.8339,1983-11-01,1983,11,22.6,84.0,-0.3582671576573118,-0.3817159449572552,0.3794010798554299,1.238938053097345
Посадас,-27.2206,-55.8339,1983-12-01,1983,12,26.1,114.0,-0.373062540548759,-0.44412599573573924,0.11504798924700803,1.4559386973180077
Посадас,-27.2206,-55.8339,1984-01-01,1984,1,27.3,275.0,-0.052015261249305354,-0.061864171388959284,-0.06830624336798316,3.357753357753358
Посадас,-27.2206,-55.8339,1984-02-01,1984,2,27.0,181.0,0.6045537515822159,0.6368861667422403,0.05075891298866342,2.234567901234568
Посадас,-27.2206,-55.8339,1984-03-01,1984,3,24.3,141.0,1.0877683571563,1.1289413330874274,0.2846721504858278,1.9341563786008231
Посадас,-27.2206,-55.8339,1984-04-01,1984,4,19.4,74.0,-0.2239097176176928,-0.21350076294260226,-0.19132247104795252,1.2714776632302405
Посадас,-27.2206,-55.8339,1984-05-01,1984,5,20.1,219.0,0.07971234513505558,0.08784767639102041,0.3917052356323364,3.6318407960199006
Посадас,-27.2206,-55.8339,1984-06-01,1984,6,15.7,186.0,0.3509040280574735,0.36211821035610836,0.8425370330677261,3.949044585987261
Посадас,-27.2206,-55.8339,1984-07-01,1984,7,17.1,50.0,0.694921355833108,0.7398230838551995,0.27757720116873574,0.9746588693957114
Посадас,-27.2206,-55.8339,1984-08-01,1984,8,14.3,144.0,0.5692356675415783,0.6070397404310143,0.3140344806695358,3.3566433566433567
Посадас,-27.2206,-55.8339,1984-09-01,1984,9,18.3,174.0,0.3657035335378877,0.44601043272129454,0.362791547637956,3.169398907103825
Посадас,-27.2206,-55.8339,1984-10-01,1984,10,23.9,213.0,0.5842539642353823,0.6360221216812059,0.7923204649279925,2.9707112970711296
Посадас,-27.2206,-55.8339,1984-11-01,1984,11,23.5,288.0,0.8991269747152548,0.9688444020948177,0.9813634976408312,4.085106382978723
Посадас,-27.2206,-55.8339,1984-12-01,1984,12,23.5,136.0,0.4986751479441909,0.5674750918492443,0.2911553348497832,1.929078014184397
Посадас,-27.2206,-55.8339,1985-01-01,1985,1,26.3,53.0,-0.030778825386995657,-0.037829015800390914,0.3114408286365449,0.6717363751584284
Посадас,-27.2206,-55.8339,1985-02-01,1985,2,26.4,216.0,-0.3959039239754498,-0.4729171043766432,0.3950544729476739,2.727272727272727
Посадас,-27.2206,-55.8339,1985-03-01,1985,3,24.5,116.0,-0.2749206240180396,-0.3020165155681658,0.1943401822816853,1.5782312925170068
Посадас,-27.2206,-55.8339,1985-04-01,1985,4,20.8,294.0,0.9365347441551296,1.0103438641042808,0.6422809725842402,4.711538461538462
Посадас,-27.2206,-55.8339,1985-05-01,1985,5,18.2,245.0,1.022955013334875,1.0803920841760217,0.5883233821308943,4.487179487179487
Посадас,-27.2206,-55.8339,1985-06-01,1985,6,16.4,46.0,0.8285498934829375,0.8634207276985769,0.47567608274380535,0.934959349593496
Посадас,-27.2206,-55.8339,1985-07-01,1985,7,16.0,198.0,0.8740449341890836,0.9284018721160323,1.156808456083787,4.125
Посадас,-27.2206,-55.8339,1985-08-01,1985,8,16.8,301.0,1.6593127507921457,1.6416068333249811,1.4926052979913376,5.972222222222222
Посадас,-27.2206,-55.8339,1985-09-01,1985,9,18.8,134.0,2.000543169569676,1.8035350244201707,1.4672135368865438,2.375886524822695
Посадас,-27.2206,-55.8339,1985-10-01,1985,10,22.2,60.0,0.38942872993042016,0.43456689372498597,0.7850034274728728,0.9009009009009009
Посадас,-27.2206,-55.8339,1985-11-01,1985,11,26.2,2.0,-1.498201256088162,-1.657641294803249,-0.1910161448831573,0.02544529262086514
Посадас,-27.2206,-55.8339,1985-12-01,1985,12,28.2,61.0,-1.8848118630043413,-2.132249061934278,-0.23858798843443677,0.7210401891252955
Посадас,-27.2206,-55.8339,1986-01-01,1986,1,28.3,186.0,-1.242668624893113,-1.3672531311845881,-0.6602826011260813,2.1908127208480566
Посадас,-27.2206,-55.8339,1986-02-01,1986,2,25.5,137.0,-0.525275892134392,-0.6107217668966479,-1.355528072352387,1.7908496732026145
Посадас,-27.2206,-55.8339,1986-03-01,1986,3,22.9,263.0,1.0180572569781072,1.0622761390450166,-0.953365609000183,3.8282387190684135
Посадас,-27.2206,-55.8339,1986-04-01,1986,4,21.4,338.0,1.4534030085104215,1.4579762182468607,0.24140881169554476,5.264797507788162
Посадас,-27.2206,-55.8339,1986-05-01,1986,5,18.9,150.0,1.392479211954458,1.403028783237212,0.8382183981940954,2.6455026455026456
Посадас,-27.2206,-55.8339,1986-06-01,1986,6,18.5,237.0,1.4208840664539213,1.4067874943076926,1.5351052606972457,4.27027027027027
Посадас,-27.2206,-55.8339,1986-07-01,1986,7,16.3,75.0,0.7321863603647982,0.779658217988855,1.3927662895756483,1.5337423312883436
Посадас,-27.2206,-55.8339,1986-08-01,1986,8,18.5,99.0,0.7828158490549847,0.8318129593421342,1.3978015853697612,1.7837837837837838
Посадас,-27.2206,-55.8339,1986-09-01,1986,9,19.4,156.0,0.09740627596869433,0.15843544165517173,1.0334689179129617,2.6804123711340204
Посадас,-27.2206,-55.8339,1986-10-01,1986,10,21.0,250.0,0.4439277438183572,0.49173847023068906,0.7223421000173817,3.9682539682539684
Посадас,-27.2206,-55.8339,1986-11-01,1986,11,23.9,299.0,1.0370256325401936,1.095379119236575,1.1677987907424705,4.170153417015341
Посадас,-27.2206,-55.8339,1986-12-01,1986,12,25.6,72.0,0.4270938765777777,0.4878083638805261,0.17676586940513855,0.9375
Посадас,-27.2206,-55.8339,1987-01-01,1987,1,26.5,204.0,0.48455200430852285,0.531210922293622,0.5682052142102422,2.5660377358490565
Посадас,-27.2206,-55.8339,1987-02-01,1987,2,24.3,319.0,0.7537327954872631,0.7963362728606839,1.149953111011711,4.3758573388203015
Посадас,-27.2206,-55.8339,1987-03-01,1987,3,24.5,124.0,1.403308630581556,1.4176115770944215,1.0719842941434812,1.6870748299319729
Посадас,-27.2206,-55.8339,1987-04-01,1987,4,21.8,243.0,1.2168633482213869,1.2614187694978045,1.1296587556778084,3.7155963302752295
Посадас,-27.2206,-55.8339,1987-05-01,1987,5,15.0,209.0,0.7018348282147243,0.7687662026494199,0.9522693776833163,4.644444444444445
Посадас,-27.2206,-55.8339,1987-06-01,1987,6,14.6,202.0,1.1256632100739354,1.1471915261359533,1.50889578033597,4.6118721461187215
Посадас,-27.2206,-55.8339,1987-07-01,1987,7,19.2,389.0,2.3310776370762687,2.1787201325414527,2.04757793758172,6.753472222222222
Посадас,-27.2206,-55.8339,1987-08-01,1987,8,16.2,51.0,2.25181720792287,2.0929342790228778,1.5361167850581188,1.0493827160493827
Посадас,-27.2206,-55.8339,1987-09-01,1987,9,17.7,114.0,1.5500230508644575,1.4944548323186095,1.4427426590654937,2.146892655367232
Посадас,-27.2206,-55.8339,1987-10-01,1987,10,21.1,138.0,-0.7142864059884932,-0.7858160115260534,1.1990047813624103,2.1800947867298577
Посадас,-27.2206,-55.8339,1987-11-01,1987,11,24.2,129.0,-0.5436625756155632,-0.5944350169125829,0.8779433709145975,1.7768595041322315
Посадас,-27.2206,-55.8339,1987-12-01,1987,12,24.6,108.0,-0.7333120207562012,-0.857173125024467,0.12995874112675118,1.4634146341463414
Посадас,-27.2206,-55.8339,1988-01-01,1988,1,26.6,217.0,-0.15307342288969317,-0.17642952457272296,-0.6135834086493116,2.719298245614035
Посадас,-27.2206,-55.8339,1988-02-01,1988,2,24.5,92.0,-0.3221887813348216,-0.39304940235546226,-0.6425520773462198,1.251700680272109
Посадас,-27.2206,-55.8339,1988-03-01,1988,3,27.2,42.0,-0.4973386977690479,-0.5370344768433837,-0.8955954412431034,0.5147058823529411
Посадас,-27.2206,-55.8339,1988-04-01,1988,4,20.1,202.0,-0.5531942430066796,-0.580874195397075,-0.4853472991796819,3.3499170812603647
Посадас,-27.2206,-55.8339,1988-05-01,1988,5,14.7,50.0,-0.5964756625640437,-0.7120303949500019,-0.7050037089505059,1.1337868480725624
Посадас,-27.2206,-55.8339,1988-06-01,1988,6,13.9,58.0,-0.46553814667366367,-0.5660485447597922,-0.6991427804841711,1.3908872901678657
Посадас,-27.2206,-55.8339,1988-07-01,1988,7,14.0,6.0,-1.398317900530886,-1.5269952664021438,-1.2596777291957886,0.14285714285714285
Посадас,-27.2206,-55.8339,1988-08-01,1988,8,18.3,23.0,-1.6142497672832494,-1.7374425768958017,-1.3722787146383304,0.41894353369763204
Посадас,-27.2206,-55.8339,1988-09-01,1988,9,18.4,195.0,-0.7079267849952304,-0.75842525123591,-0.8108314150089511,3.532608695652174
Посадас,-27.2206,-55.8339,1988-10-01,1988,10,20.4,257.0,0.27953922874834636,0.31754083775246345,-0.7646784294863932,4.199346405228758
Посадас,-27.2206,-55.8339,1988-11-01,1988,11,23.6,119.0,0.40792626281556266,0.4773708958283779,-0.5397525730626496,1.6807909604519775
Посадас,-27.2206,-55.8339,1988-12-01,1988,12,26.1,130.0,-0.10171340669509317,-0.12496456796624691,-0.2935511710290112,1.6602809706257982
Посадас,-27.2206,-55.8339,1989-01-01,1989,1,24.9,229.0,-0.025471930029533393,-0.03182593935443447,0.10980473958530353,3.0655957161981258
Посадас,-27.2206,-55.8339,1989-02-01,1989,2,25.5,80.0,-0.18744090519352227,-0.24496135862842597,0.13649022549135953,1.0457516339869282
Посадас,-27.2206,-55.8339,1989-03-01,1989,3,23.6,92.0,-0.17063295426231265,-0.18969789377999013,-0.24096112260550404,1.2994350282485876
Посадас,-27.2206,-55.8339,1989-04-01,1989,4,20.5,219.0,-0.25087797272320594,-0.24380599552960072,-0.19132247104795252,3.5609756097560976
Посадас,-27.2206,-55.8339,1989-05-01,1989,5,17.1,46.0,-0.2845196124796416,-0.34116952583925425,-0.3852435227876809,0.8966861598440545
Посадас,-27.2206,-55.8339,1989-06-01,1989,6,15.0,260.0,0.5614513252660706,0.5893651220514543,0.3146270909189579,5.777777777777778
Посадас,-27.2206,-55.8339,1989-07-01,1989,7,13.6,87.0,0.3555805119757172,0.3647189755725733,0.02347583110962577,2.1323529411764706
Посадас,-27.2206,-55.8339,1989-08-01,1989,8,17.2,198.0,1.6593127507921457,1.6416068333249811,0.6265480733020982,3.8372093023255816
Посадас,-27.2206,-55.8339,1989-09-01,1989,9,16.9,133.0,0.7038179443648177,0.7836395315486263,0.6887813547601621,2.6232741617357003
Посадас,-27.2206,-55.8339,1989-10-01,1989,10,20.6,277.0,0.9886128238219906,1.0254381307178158,0.8468217218198293,4.482200647249191
Посадас,-27.2206,-55.8339,1989-11-01,1989,11,23.3,68.0,-0.049275354631101664,-0.027536626470451513,0.8779433709145975,0.9728183118741058
Посадас,-27.2206,-55.8339,1989-12-01,1989,12,26.2,150.0,-0.15361508305068433,-0.18619861590620204,0.09586700072876848,1.9083969465648856
Посадас,-27.2206,-55.8339,1990-01-01,1990,1,26.1,225.0,-0.2117105145952777,-0.24294886435511906,0.46598357517194633,2.8735632183908044
Посадас,-27.2206,-55.8339,1990-02-01,1990,2,25.4,84.0,-0.06538455168210074,-0.10904129596954135,-0.135732464972412,1.1023622047244095
Посадас,-27.2206,-55.8339,1990-03-01,1990,3,25.0,143.0,0.16018296155814776,0.170523795456866,-0.08981821349230827,1.9066666666666667
Посадас,-27.2206,-55.8339,1990-04-01,1990,4,21.6,373.0,0.8124477381132582,0.8927523954885073,0.4389182376074984,5.756172839506172
Посадас,-27.2206,-55.8339,1990-05-01,1990,5,16.7,134.0,1.0031093017114403,1.0619900031295553,0.7534360110359404,2.6746506986027945
Посадас,-27.2206,-55.8339,1990-06-01,1990,6,13.6,239.0,1.5062760015385774,1.477876267036362,1.222691223521411,5.857843137254902
Посадас,-27.2206,-55.8339,1990-07-01,1990,7,13.0,53.0,0.5383185502181278,0.5692578316086235,0.8852706262824702,1.358974358974359
Посадас,-27.2206,-55.8339,1990-08-01,1990,8,17.9,141.0,0.9318031632316616,0.9825370792512398,1.1870314275426848,2.625698324022346
Посадас,-27.2206,-55.8339,1990-09-01,1990,9,17.0,261.0,0.9440184718837827,1.0046950211273487,1.4254567552765574,5.117647058823529
Посадас,-27.2206,-55.8339,1990-10-01,1990,10,23.0,283.0,1.3772224836396307,1.360960707708156,1.225240391476221,4.101449275362318
Посадас,-27.2206,-55.8339,1990-11-01,1990,11,24.8,252.0,1.445505472452144,1.4410761526378308,1.4786251912579682,3.3870967741935485
Посадас,-27.2206,-55.8339,1990-12-01,1990,12,25.0,262.0,1.18909844417428,1.2702458491372455,0.7965110310965904,3.493333333333333
Посадас,-27.2206,-55.8339,1991-01-01,1991,1,26.7,103.0,0.7021872725152223,0.7576087699925381,1.2810137233964505,1.285892634207241
Посадас,-27.2206,-55.8339,1991-02-01,1991,2,25.1,12.0,-0.5685053000836515,-0.6560263441390495,0.7274444368154986,0.1593625498007968
Посадас,-27.2206,-55.8339,1991-03-01,1991,3,25.5,83.0,-1.5121582537540204,-1.482753633573908,0.09220949231207952,1.0849673202614378
Посадас,-27.2206,-55.8339,1991-04-01,1991,4,21.6,204.0,-0.7627416710150373,-0.8085839072442693,-0.01710995106194163,3.1481481481481484
Посадас,-27.2206,-55.8339,1991-05-01,1991,5,19.5,187.0,0.2612613126240292,0.29545867642906226,-0.1763277368163604,3.1965811965811968
Посадас,-27.2206,-55.8339,1991-06-01,1991,6,16.5,140.0,0.5885402448458562,0.6179276341881548,-0.4395497971137654,2.8282828282828283
Посадас,-27.2206,-55.8339,1991-07-01,1991,7,15.6,69.0,0.3723996416470268,0.3837492014513539,-0.3237396913467758,1.4743589743589745
Посадас,-27.2206,-55.8339,1991-08-01,1991,8,18.0,6.0,-0.6423083541276088,-0.7451088702758519,-0.1653848284738879,0.1111111111111111
Посадас,-27.2206,-55.8339,1991-09-01,1991,9,21.2,55.0,-1.4737835539104225,-1.6305083520452117,-0.32749591717804954,0.8647798742138365
Посадас,-27.2206,-55.8339,1991-10-01,1991,10,21.9,150.0,-1.2689796765645054,-1.381563816077506,-0.6960497893480141,2.2831050228310503
Посадас,-27.2206,-55.8339,1991-11-01,1991,11,23.5,116.0,-0.8562954972355725,-0.9482322792166364,-1.048417866697017,1.6453900709219857
Посадас,-27.2206,-55.8339,1991-12-01,1991,12,26.1,269.0,0.03402126886625893,0.034917392581501415,-0.42982875059110587,3.4355044699872286
Посадас,-27.2206,-55.8339,1992-01-01,1992,1,25.9,45.0,-0.2811176131366779,-0.32161421145953795,-1.0185921496001675,0.5791505791505791
Посадас,-27.2206,-55.8339,1992-02-01,1992,2,26.0,200.0,0.2681325123507046,0.2655058945953336,-0.510477501844411,2.5641025641025643
Посадас,-27.2206,-55.8339,1992-03-01,1992,3,23.5,234.0,0.3343456195829588,0.35946146449195315,0.16412370254723446,3.3191489361702127
Посадас,-27.2206,-55.8339,1992-04-01,1992,4,20.7,227.0,1.1010547190606181,1.1601325682550012,0.6023600698732388,3.655394524959742
Посадас,-27.2206,-55.8339,1992-05-01,1992,5,18.7,136.0,0.7888114801260526,0.8560871158825368,0.7600286786554757,2.4242424242424243
Посадас,-27.2206,-55.8339,1992-06-01,1992,6,18.4,251.0,0.9546970951375303,0.9866862017593692,0.8982736042674438,4.547101449275362
Посадас,-27.2206,-55.8339,1992-07-01,1992,7,13.2,38.0,0.5328532364723223,0.5632195129314097,1.0711599600608428,0.9595959595959596
Посадас,-27.2206,-55.8339,1992-08-01,1992,8,16.0,94.0,0.590094672073632,0.6294102616338535,0.8818926918863108,1.9583333333333333
Посадас,-27.2206,-55.8339,1992-09-01,1992,9,17.2,107.0,-0.5888201822669986,-0.6216187828297941,0.3839270499182149,2.0736434108527133
Посадас,-27.2206,-55.8339,1992-10-01,1992,10,21.0,297.0,0.4058094685179994,0.451814220549698,0.5564854561092047,4.714285714285714
Посадас,-27.2206,-55.8339,1992-11-01,1992,11,22.6,131.0,0.23297911064556556,0.2884211279865285,0.5108840751003629,1.9321533923303835
Посадас,-27.2206,-55.8339,1992-12-01,1992,12,25.9,131.0,0.14513852123639623,0.1649666733609727,-0.14940641240010868,1.685971685971686
Посадас,-27.2206,-55.8339,1993-01-01,1993,1,26.1,208.0,-0.06795175797219391,-0.07991292337954947,0.16513888211929467,2.656449553001277
Посадас,-27.2206,-55.8339,1993-02-01,1993,2,23.9,53.0,-0.4759355242965671,-0.5585453197417749,-0.1729330732464442,0.7391910739191074
Посадас,-27.2206,-55.8339,1993-03-01,1993,3,24.4,159.0,-0.04710418768707245,-0.05555367797908426,0.03154496185696077,2.1721311475409837
Посадас,-27.2206,-55.8339,1993-04-01,1993,4,22.7,64.0,-0.8956731399340181,-0.9492962890017586,-0.647785227983075,0.9397944199706314
Посадас,-27.2206,-55.8339,1993-05-01,1993,5,18.3,39.0,-0.7588214751599143,-0.9038829409352598,-0.9142421614869133,0.7103825136612022
Посадас,-27.2206,-55.8339,1993-06-01,1993,6,16.4,75.0,-1.1272683434983852,-1.3089055475542681,-0.9334763193025843,1.5243902439024393
Посадас,-27.2206,-55.8339,1993-07-01,1993,7,14.9,122.0,-0.5880230231148561,-0.705992994521249,-1.031384355391519,2.7293064876957494
Посадас,-27.2206,-55.8339,1993-08-01,1993,8,16.5,25.0,-0.5885135448966542,-0.6868354333573797,-0.9794007243767188,0.5050505050505051
Посадас,-27.2206,-55.8339,1993-09-01,1993,9,17.6,140.0,-0.21896278778146575,-0.19671967972108573,-1.0669868041933777,2.6515151515151514
Посадас,-27.2206,-55.8339,1993-10-01,1993,10,22.7,191.0,-0.39919039955860136,-0.43580785988979476,-0.7532944907953941,2.804698972099853
Посадас,-27.2206,-55.8339,1993-11-01,1993,11,22.8,149.0,-0.03926347880894726,-0.01615616666263626,-0.35437613084725594,2.1783625730994154
Посадас,-27.2206,-55.8339,1993-12-01,1993,12,25.6,186.0,-0.007931984582330428,-0.014420389866081266,-0.1174672349852347,2.421875
Посадас,-27.2206,-55.8339,1994-01-01,1994,1,26.5,236.0,0.4637198076374215,0.5090085925030692,0.01347156641944575,2.9685534591194966
Посадас,-27.2206,-55.8339,1994-02-01,1994,2,24.8,246.0,1.1858494673310478,1.232724498949414,0.6397373897766984,3.306451612903226
Посадас,-27.2206,-55.8339,1994-03-01,1994,3,23.3,117.0,1.1004317131145975,1.1409395864072298,0.5766930110266726,1.6738197424892705
Посадас,-27.2206,-55.8339,1994-04-01,1994,4,21.3,227.0,0.7642834668129268,0.8460482944564057,0.8295766784947337,3.5524256651017216
Посадас,-27.2206,-55.8339,1994-05-01,1994,5,20.2,191.0,0.5284535100029025,0.5884136560534428,1.050363801612629,3.1518151815181517
Посадас,-27.2206,-55.8339,1994-06-01,1994,6,16.6,162.0,0.8066091988369679,0.8415667732771223,1.166501481321109,3.2530120481927707
Посадас,-27.2206,-55.8339,1994-07-01,1994,7,17.0,141.0,0.8999954373951401,0.9550953643837379,1.065153347833197,2.764705882352941
Посадас,-27.2206,-55.8339,1994-08-01,1994,8,18.0,54.0,0.4079386555887064,0.43137688600675,0.5922987755737206,1.0
Посадас,-27.2206,-55.8339,1994-09-01,1994,9,20.6,255.0,0.9120276721480276,0.9761707920996339,0.9599467727896726,4.12621359223301
Посадас,-27.2206,-55.8339,1994-10-01,1994,10,23.0,215.0,0.5466671024751859,0.5978057232433842,0.9077718459923831,3.1159420289855073
Посадас,-27.2206,-55.8339,1994-11-01,1994,11,22.7,252.0,1.114441598273062,1.1641926278727923,1.0563671287863925,3.700440528634361
Посадас,-27.2206,-55.8339,1994-12-01,1994,12,27.1,129.0,0.3142827019326591,0.36018808875928315,0.37734650149268856,1.5867158671586716
Посадас,-27.2206,-55.8339,1995-01-01,1995,1,25.8,176.0,0.3906658619397959,0.4304858255389465,0.5716980280062423,2.2739018087855296
Посадас,-27.2206,-55.8339,1995-02-01,1995,2,24.9,186.0,0.12904024663818986,0.10928881432664275,0.8648353350853183,2.4899598393574296
Посадас,-27.2206,-55.8339,1995-03-01,1995,3,23.6,236.0,1.094100472557343,1.134945185516126,0.8219326571945853,3.3333333333333335
Посадас,-27.2206,-55.8339,1995-04-01,1995,4,20.3,68.0,0.26837192012092487,0.33354414849722314,0.4527581668146667,1.116584564860427
Посадас,-27.2206,-55.8339,1995-05-01,1995,5,16.3,57.0,-0.26512016666944593,-0.31810102732146467,-0.17253245894465855,1.165644171779141
Посадас,-27.2206,-55.8339,1995-06-01,1995,6,17.7,175.0,-0.5156723765030489,-0.623137402478142,0.20998098342282523,3.2956685499058382
Посадас,-27.2206,-55.8339,1995-07-01,1995,7,18.5,46.0,-0.3228851991283315,-0.41227159280279546,-0.03836706969493519,0.8288288288288288
Посадас,-27.2206,-55.8339,1995-08-01,1995,8,18.7,21.0,-0.4357834002515495,-0.5190416552447491,-0.5079787035907908,0.37433155080213903
Посадас,-27.2206,-55.8339,1995-09-01,1995,9,20.1,180.0,-0.5259613863281866,-0.5492747902838686,-0.7618657659387671,2.985074626865672
Посадас,-27.2206,-55.8339,1995-10-01,1995,10,20.5,161.0,-0.3639694024592139,-0.39632012184263193,-0.5683319174005651,2.6178861788617884
Посадас,-27.2206,-55.8339,1995-11-01,1995,11,25.5,9.0,-0.7047652769381507,-0.7777479542790308,-0.8168671871717461,0.11764705882352941
Посадас,-27.2206,-55.8339,1995-12-01,1995,12,26.9,167.0,-0.9206899580239162,-1.0644559801286755,-0.5966687968730755,2.0693928128872368
Посадас,-27.2206,-55.8339,1996-01-01,1996,1,26.7,197.0,-0.5863656991358306,-0.6642221357785614,-0.6924407950801698,2.459425717852684
Посадас,-27.2206,-55.8339,1996-02-01,1996,2,24.8,314.0,1.2446452857462904,1.2889099020385193,0.2034028403623844,4.220430107526882
Посадас,-27.2206,-55.8339,1996-03-01,1996,3,24.1,55.0,0.8910371147008957,0.9381663358208325,-0.2560088627698918,0.7607192254495159
Посадас,-27.2206,-55.8339,1996-04-01,1996,4,22.2,84.0,0.07783152650066616,0.12436147724185678,-0.3514839098774997,1.2612612612612613
Посадас,-27.2206,-55.8339,1996-05-01,1996,5,18.5,86.0,-0.9482048975263239,-1.1267414621734972,0.020194778653576936,1.5495495495495495
Посадас,-27.2206,-55.8339,1996-06-01,1996,6,13.5,53.0,-0.9039049559772185,-1.0596063968810812,-0.20762871080224296,1.308641975308642
Посадас,-27.2206,-55.8339,1996-07-01,1996,7,13.0,68.0,-0.7764278347447883,-0.9070124694063583,-0.4612263405849224,1.7435897435897436
Посадас,-27.2206,-55.8339,1996-08-01,1996,8,19.1,116.0,-0.47382197964446393,-0.5611371799883974,-1.0648029216068067,2.024432809773124
Посадас,-27.2206,-55.8339,1996-09-01,1996,9,18.0,109.0,-0.17397558366050475,-0.14548304054144479,-0.8782977977528125,2.0185185185185186
Посадас,-27.2206,-55.8339,1996-10-01,1996,10,20.6,472.0,1.4364534044163668,1.4088680392388488,0.4833668530914849,7.6375404530744335
Посадас,-27.2206,-55.8339,1996-11-01,1996,11,24.2,197.0,1.365844810750246,1.3769512990719754,0.8514716212585094,2.713498622589532
Посадас,-27.2206,-55.8339,1996-12-01,1996,12,24.6,386.0,2.2160915530786323,2.0943545846185856,0.9814503130904473,5.230352303523035
Посадас,-27.2206,-55.8339,1997-01-01,1997,1,27.9,86.0,0.9688006596117855,1.0197172791765268,1.4619430937088729,1.027479091995221
Посадас,-27.2206,-55.8339,1997-02-01,1997,2,26.5,93.0,0.5746437564034216,0.6044586966336388,1.2836216589877811,1.169811320754717
Посадас,-27.2206,-55.8339,1997-03-01,1997,3,24.4,97.0,-0.9919090519420192,-1.0267603992990855,1.273369964107617,1.325136612021858
Посадас,-27.2206,-55.8339,1997-04-01,1997,4,20.4,97.0,-0.8318341546842152,-0.8821209946152218,0.12945042416062397,1.5849673202614378
Посадас,-27.2206,-55.8339,1997-05-01,1997,5,18.7,121.0,-0.49122075514452046,-0.5871061409175474,-0.06647463353108786,2.156862745098039
Посадас,-27.2206,-55.8339,1997-06-01,1997,6,16.2,132.0,-0.26665681718204387,-0.33832385893062694,-0.8302192601439721,2.7160493827160495
Посадас,-27.2206,-55.8339,1997-07-01,1997,7,18.6,97.0,0.10976411070565933,0.08347476693278112,-0.5513703085705419,1.7383512544802868
Посадас,-27.2206,-55.8339,1997-08-01,1997,8,18.4,94.0,0.1649600956396489,0.15972807266433456,-0.36809077179532823,1.7028985507246377
Посадас,-27.2206,-55.8339,1997-09-01,1997,9,20.9,166.0,0.28908560553817053,0.3654885789333905,-0.1523367780901972,2.6475279106858056
Посадас,-27.2206,-55.8339,1997-10-01,1997,10,21.6,457.0,1.5344068999621414,1.4863121106271595,1.078441135990229,7.052469135802469
Посадас,-27.2206,-55.8339,1997-11-01,1997,11,24.5,292.0,1.958874013259248,1.820085720103914,1.5016092128167857,3.9727891156462585
Посадас,-27.2206,-55.8339,1997-12-01,1997,12,26.2,537.0,3.0609206734602643,2.627172022584161,1.501311862947246,6.8320610687022905
Посадас,-27.2206,-55.8339,1998-01-01,1998,1,27.0,126.0,2.3793615888405526,2.131737921403345,2.197145031929157,1.5555555555555556
Посадас,-27.2206,-55.8339,1998-02-01,1998,2,25.4,262.0,2.6678120967223253,2.43847305969461,2.5300898405886825,3.438320209973753
Посадас,-27.2206,-55.8339,1998-03-01,1998,3,23.5,192.0,0.9799882353931172,1.0254337944676324,2.6191661367063803,2.723404255319149
Посадас,-27.2206,-55.8339,1998-04-01,1998,4,20.7,447.0,2.160318789949933,1.9720129920474618,2.4234199079646745,7.1980676328502415
Посадас,-27.2206,-55.8339,1998-05-01,1998,5,18.0,161.0,1.5732404992239821,1.5477522966002095,2.280764234371204,2.9814814814814814
Посадас,-27.2206,-55.8339,1998-06-01,1998,6,16.3,112.0,1.4004261209339404,1.38949644561049,1.5062601199992864,2.2903885480572597
Посадас,-27.2206,-55.8339,1998-07-01,1998,7,18.0,124.0,0.3779966803496932,0.39007394080430663,1.6391226464791364,2.2962962962962963
Посадас,-27.2206,-55.8339,1998-08-01,1998,8,17.5,193.0,0.9048710266065938,0.9556808481654752,1.5622807837959376,3.676190476190476
Посадас,-27.2206,-55.8339,1998-09-01,1998,9,18.1,219.0,1.4434944643007892,1.4149647481154173,1.5578694139089753,4.033149171270718
Посадас,-27.2206,-55.8339,1998-10-01,1998,10,22.3,210.0,1.0604010240478459,1.0902644232668572,0.9113296700441756,3.1390134529147984
Посадас,-27.2206,-55.8339,1998-11-01,1998,11,24.1,62.0,0.015662342705293444,0.0460941042024649,0.5182653863696677,0.8575380359612724
Посадас,-27.2206,-55.8339,1998-12-01,1998,12,24.7,125.0,-0.6254174833915624,-0.7353335893406305,0.13847566657411478,1.6869095816464237
Посадас,-27.2206,-55.8339,1999-01-01,1999,1,26.5,114.0,-0.9709147576846133,-1.081744366965306,-0.0013840354704644892,1.4339622641509433
Посадас,-27.2206,-55.8339,1999-02-01,1999,2,26.3,117.0,-0.6985121562885312,-0.789820448539399,-0.4671065609914596,1.4828897338403042
Посадас,-27.2206,-55.8339,1999-03-01,1999,3,26.7,139.0,-0.3729104576650677,-0.4064334635485186,-0.7532682912544538,1.735330836454432
Посадас,-27.2206,-55.8339,1999-04-01,1999,4,21.0,217.0,0.18132683267720145,0.23859737800807254,-0.5446098827733571,3.4444444444444446
Посадас,-27.2206,-55.8339,1999-05-01,1999,5,16.5,124.0,0.28805211798937863,0.32556861255069236,-0.23329349440471064,2.505050505050505
Посадас,-27.2206,-55.8339,1999-06-01,1999,6,15.5,121.0,0.271796824701715,0.27460937377192324,-0.04157314506449846,2.6021505376344085
Посадас,-27.2206,-55.8339,1999-07-01,1999,7,14.9,168.0,0.4669216716896225,0.4899655427474701,0.4063083600367808,3.7583892617449663
Посадас,-27.2206,-55.8339,1999-08-01,1999,8,17.7,12.0,0.004815207511373846,-0.021936340119551864,0.1908828716514514,0.22598870056497175
Посадас,-27.2206,-55.8339,1999-09-01,1999,9,21.2,190.0,0.37954471434084003,0.46040820280102646,0.3095479046623363,2.9874213836477987
Посадас,-27.2206,-55.8339,1999-10-01,1999,10,21.1,149.0,-0.42861672783476185,-0.46876318093992325,-0.07361476695997546,2.353870458135861
Посадас,-27.2206,-55.8339,1999-11-01,1999,11,24.4,83.0,-0.3326852763935685,-0.3522967942126215,-0.26622772454208393,1.133879781420765
Посадас,-27.2206,-55.8339,1999-12-01,1999,12,26.1,273.0,-0.10642235161333277,-0.13052007390558204,0.014796521440368504,3.4865900383141764
Посадас,-27.2206,-55.8339,2000-01-01,2000,1,26.9,222.0,0.5001642924823723,0.5477926764792213,0.020896517361965804,2.7509293680297398
Посадас,-27.2206,-55.8339,2000-02-01,2000,2,26.6,137.0,0.9733941489510041,1.0232245093232124,0.299599351647086,1.7167919799498748
Посадас,-27.2206,-55.8339,2000-03-01,2000,3,25.1,41.0,-0.17714385920322034,-0.19673969788392293,-0.2484868978881347,0.5444887118193891
Посадас,-27.2206,-55.8339,2000-04-01,2000,4,22.9,123.0,-0.7512812318083957,-0.7963060457046592,-0.15413764789537243,1.7903930131004366
Посадас,-27.2206,-55.8339,2000-05-01,2000,5,16.8,155.0,-0.47130782977370217,-0.5634338650013166,0.1989804939221477,3.0753968253968256
Посадас,-27.2206,-55.8339,2000-06-01,2000,6,17.6,187.0,0.28580803950130057,0.29018249365090093,0.08491085273588246,3.5416666666666665
Посадас,-27.2206,-55.8339,2000-07-01,2000,7,12.6,89.0,0.5655789538647713,0.5992946529662923,-0.17861755018705558,2.3544973544973544
Посадас,-27.2206,-55.8339,2000-08-01,2000,8,18.4,41.0,0.1215125475252689,0.11056129071256199,-0.37607640342288434,0.7427536231884058
Посадас,-27.2206,-55.8339,2000-09-01,2000,9,20.1,85.0,-0.780128897822017,-0.8410911353675349,-0.2549854823208069,1.4096185737976783
Посадас,-27.2206,-55.8339,2000-10-01,2000,10,23.1,416.0,0.6430344637481648,0.6951283405530693,0.744552298065568,6.002886002886003
Посадас,-27.2206,-55.8339,2000-11-01,2000,11,23.8,143.0,0.7548769147467894,0.831016989952721,0.6663037114855747,2.0028011204481793
Посадас,-27.2206,-55.8339,2000-12-01,2000,12,26.2,154.0,0.8322516920504516,0.922746571512188,0.12782914881552043,1.9592875318066159
Посадас,-27.2206,-55.8339,2001-01-01,2001,1,26.8,281.0,0.5001642924823723,0.5477926764792213,0.7061179833917578,3.4950248756218905
Посадас,-27.2206,-55.8339,2001-02-01,2001,2,26.8,156.0,0.7299055364958494,0.7711400362439743,0.938755476733749,1.9402985074626866
Посадас,-27.2206,-55.8339,2001-03-01,2001,3,26.3,139.0,0.9545912800278543,1.0006853831974332,1.1403036435615452,1.761723700887199
Посадас,-27.2206,-55.8339,2001-04-01,2001,4,23.2,136.0,-0.03741470272271386,-0.004125779555722482,0.3197951076115809,1.9540229885057472
Посадас,-27.2206,-55.8339,2001-05-01,2001,5,17.7,37.0,-0.5061849648624109,-0.6048885727956842,0.020194778653576936,0.696798493408663
Посадас,-27.2206,-55.8339,2001-06-01,2001,6,16.8,102.0,-0.6415262040890148,-0.7657030753610391,0.03139364331202288,2.0238095238095237
Посадас,-27.2206,-55.8339,2001-07-01,2001,7,17.3,57.0,-0.8489267747884846,-0.9825163739506222,-0.5904602923855136,1.0982658959537572
Посадас,-27.2206,-55.8339,2001-08-01,2001,8,20.6,88.0,-0.39784657384064825,-0.4768752175457196,-0.6836018452707486,1.4239482200647249
Посадас,-27.2206,-55.8339,2001-09-01,2001,9,19.4,88.0,-0.6362715963517601,-0.6761759053671648,-0.908147751215842,1.5120274914089347
Посадас,-27.2206,-55.8339,2001-10-01,2001,10,22.7,105.0,-0.846773219645701,-0.9304485343139811,-1.1723991034687153,1.5418502202643172
Посадас,-27.2206,-55.8339,2001-11-01,2001,11,24.4,198.66666666666669,-0.48852084129092593,-0.5313063216703398,-0.6211975737873082,2.714025500910747
Посадас,-27.2206,-55.8339,2001-12-01,2001,12,27.6,292.33333333333337,0.3142827019326591,0.36018808875928315,-0.08336300048906069,3.5305958132045094
Посадас,-27.2206,-55.8339,2002-01-01,2002,1,26.1,386.0,2.0037885201820753,1.8752465927875372,0.8334930090004347,4.929757343550447
Посадас,-27.2206,-55.8339,2002-02-01,2002,2,25.5,25.0,1.393171773854194,1.427381073110045,0.4497045125092288,0.32679738562091504
Посадас,-27.2206,-55.8339,2002-03-01,2002,3,26.6,232.0,1.3781449968090644,1.3953740272807933,0.9756955064471473,2.907268170426065
Посадас,-27.2206,-55.8339,2002-04-01,2002,4,22.7,245.0,0.3293155897331545,0.39928732655980737,1.4473256955044325,3.5976505139500734
Посадас,-27.2206,-55.8339,2002-05-01,2002,5,20.3,308.0,1.5184345342366554,1.5047301246244078,1.797988895090276,5.057471264367816
Посадас,-27.2206,-55.8339,2002-06-01,2002,6,15.8,47.0,0.8940331167629975,0.927917518048445,1.351473399953581,0.9915611814345991
Посадас,-27.2206,-55.8339,2002-07-01,2002,7,14.9,146.0,0.9361623001032315,0.9920232929794841,0.8108719024241077,3.266219239373602
Посадас,-27.2206,-55.8339,2002-08-01,2002,8,19.1,245.0,0.9653716791518978,1.0157658169741097,1.5480491160990373,4.275741710296684
Посадас,-27.2206,-55.8339,2002-09-01,2002,9,18.8,81.0,1.051733231235879,1.0986889634321573,1.0823563490156844,1.4361702127659575
Посадас,-27.2206,-55.8339,2002-10-01,2002,10,23.1,168.0,0.3839625564492596,0.4287996874946338,0.8251014664906204,2.4242424242424243
Посадас,-27.2206,-55.8339,2002-11-01,2002,11,22.9,111.0,-0.6526737369307347,-0.718685642742664,0.04382414465053469,1.6157205240174672
Посадас,-27.2206,-55.8339,2002-12-01,2002,12,25.5,301.0,0.24146046708036076,0.27663513973390125,0.38990107241804794,3.934640522875817
Посадас,-27.2206,-55.8339,2003-01-01,2003,1,26.7,0.0,-0.37738466815786564,-0.430405387355782,-0.06458608271337993,0.0
Посадас,-27.2206,-55.8339,2003-02-01,2003,2,25.7,278.0,0.658329281707993,0.6948184727646654,-0.1282857516869893,3.6057068741893645
Посадас,-27.2206,-55.8339,2003-03-01,2003,3,24.5,206.0,0.36652464161035747,0.3941149796319839,0.3520225036651331,2.802721088435374
Посадас,-27.2206,-55.8339,2003-04-01,2003,4,21.9,113.0,0.7980243696389664,0.8788280607721396,0.3197951076115809,1.7199391171993912
Посадас,-27.2206,-55.8339,2003-05-01,2003,5,19.2,0.0,-0.47130782977370217,-0.5634338650013166,0.0013979172410072504,0.0
Посадас,-27.2206,-55.8339,2003-06-01,2003,6,19.7,61.0,-1.146716359749755,-1.3307867055918303,-0.7104572424285014,1.0321489001692048
Посадас,-27.2206,-55.8339,2003-07-01,2003,7,16.4,0.0,-1.7341308361369627,-1.8597533917885767,-0.46907509984051854,0.0
Посадас,-27.2206,-55.8339,2003-08-01,2003,8,15.8,24.0,-1.6280070439348417,-1.7517023439354653,-1.286155070051007,0.5063291139240507
Посадас,-27.2206,-55.8339,2003-09-01,2003,9,19.8,78.0,-1.6894141447105775,-1.8919597955953136,-1.72660420023003,1.3131313131313131
Посадас,-27.2206,-55.8339,2003-10-01,2003,10,23.5,249.0,-0.42861672783476185,-0.46876318093992325,-1.3925052408987584,3.5319148936170213
Посадас,-27.2206,-55.8339,2003-11-01,2003,11,22.7,77.0,-0.4249780927952939,-0.45839105179777206,-1.238847392483207,1.1306901615271658
Посадас,-27.2206,-55.8339,2003-12-01,2003,12,23.8,303.0,0.46294445530463063,0.5278442227011185,-0.2914413073345751,4.243697478991597
Посадас,-27.2206,-55.8339,2004-01-01,2004,1,26.5,69.0,-0.1797155554813148,-0.20665512730719585,-0.457265261790302,0.8679245283018868
Посадас,-27.2206,-55.8339,2004-02-01,2004,2,25.5,42.0,-0.34060319879346745,-0.4130843377305175,-0.5714853520632257,0.5490196078431373
Посадас,-27.2206,-55.8339,2004-03-01,2004,3,24.7,34.0,-1.8691849754206527,-1.7616440783302347,-0.7285621280208258,0.45883940620782726
Посадас,-27.2206,-55.8339,2004-04-01,2004,4,22.9,176.0,-1.0366805651217181,-1.0948783135517552,-0.8116824356316672,2.561863173216885
Посадас,-27.2206,-55.8339,2004-05-01,2004,5,15.1,33.0,-0.8559786149731656,-1.0182651198508468,-0.9033674737263243,0.7284768211920529
Посадас,-27.2206,-55.8339,2004-06-01,2004,6,16.8,1.0,-0.9690765210082058,-1.132189017573093,-1.7564236600443595,0.01984126984126984
Посадас,-27.2206,-55.8339,2004-07-01,2004,7,15.7,33.0,-1.698638610727377,-1.822814027956642,-1.715675322430808,0.7006369426751592
Посадас,-27.2206,-55.8339,2004-08-01,2004,8,16.6,53.0,-1.6142497672832494,-1.7374425768958017,-1.5597461641020152,1.0642570281124497
Посадас,-27.2206,-55.8339,2004-09-01,2004,9,19.9,149.0,-0.6204256265800631,-0.6579638130412122,-1.139856440318625,2.4958123953098825
Посадас,-27.2206,-55.8339,2004-10-01,2004,10,21.2,90.0,-0.7804380903954327,-0.858246464835992,-1.5629684267442943,1.4150943396226414
Посадас,-27.2206,-55.8339,2004-11-01,2004,11,22.3,231.0,-0.08940039888792539,-0.07323804259579066,-0.9621132603241672,3.4529147982062782
Посадас,-27.2206,-55.8339,2004-12-01,2004,12,25.1,92.0,-0.547334448356781,-0.6460884477648577,-0.46514853540589524,1.2217795484727756
Посадас,-27.2206,-55.8339,2005-01-01,2005,1,26.6,43.0,-0.6238904867882651,-0.7057490786064351,-0.9610276851558929,0.5388471177944862
Посадас,-27.2206,-55.8339,2005-02-01,2005,2,26.5,8.0,-2.0452025547266226,-1.9402582741959598,-1.2554177155484778,0.10062893081761007
Посадас,-27.2206,-55.8339,2005-03-01,2005,3,25.7,116.0,-1.7206340217205514,-1.6487350854654919,-1.3666337183063324,1.5045395590142672
Посадас,-27.2206,-55.8339,2005-04-01,2005,4,21.2,418.0,0.5295718178677467,0.6102668019241521,-0.046643064823200325,6.572327044025157
Посадас,-27.2206,-55.8339,2005-05-01,2005,5,19.9,197.0,1.3172300912548511,1.340326572781299,-0.08915986710085075,3.2998324958123955
Посадас,-27.2206,-55.8339,2005-06-01,2005,6,19.6,161.0,1.6268057313058906,1.5753134240634394,0.3773795937156509,2.738095238095238
Посадас,-27.2206,-55.8339,2005-07-01,2005,7,15.4,46.0,0.417046053399216,0.4340816618649478,0.6190692758999965,0.9956709956709957
Посадас,-27.2206,-55.8339,2005-08-01,2005,8,18.7,65.0,-0.20977661818967963,-0.2656019657117191,0.9531563855984523,1.1586452762923352
Посадас,-27.2206,-55.8339,2005-09-01,2005,9,15.3,90.0,-0.8934319980647446,-0.9703162142891695,0.7975874142861772,1.9607843137254901
Посадас,-27.2206,-55.8339,2005-10-01,2005,10,20.8,90.0,-1.064482802476663,-1.1645164866019453,-0.5331132318234402,1.4423076923076923
Посадас,-27.2206,-55.8339,2005-11-01,2005,11,24.8,153.0,-0.7935285121240646,-0.8778611756908979,-0.7625460131278627,2.056451612903226
Посадас,-27.2206,-55.8339,2005-12-01,2005,12,25.2,74.0,-1.019499774529272,-1.1716189950069777,-0.7295466986251113,0.9788359788359788
Посадас,-27.2206,-55.8339,2006-01-01,2006,1,27.1,69.0,-0.9973809728707808,-1.1098298707247227,-1.343341546597501,0.8487084870848709
Посадас,-27.2206,-55.8339,2006-02-01,2006,2,27.0,33.0,-1.8331100256076227,-1.7856603885109152,-1.5615432286854398,0.4074074074074074
Посадас,-27.2206,-55.8339,2006-03-01,2006,3,25.4,232.0,-0.6089627176689869,-0.6519487966410988,-1.1447160065966393,3.0446194225721785
Посадас,-27.2206,-55.8339,2006-04-01,2006,4,21.2,91.0,-0.4420326084203161,-0.4577686558442767,-0.9866690388188534,1.430817610062893
Посадас,-27.2206,-55.8339,2006-05-01,2006,5,16.2,40.0,-0.25543976087980985,-0.306593701669129,-1.3174672744892781,0.823045267489712
Посадас,-27.2206,-55.8339,2006-06-01,2006,6,18.1,40.0,-1.1612410183153328,-1.3471660522010502,-1.2644758502450477,0.7366482504604052
Посадас,-27.2206,-55.8339,2006-07-01,2006,7,18.7,21.0,-1.484156265220806,-1.6099992102434904,-1.2342927558301704,0.37433155080213903
Посадас,-27.2206,-55.8339,2006-08-01,2006,8,18.2,118.0,-0.920950919479984,-1.039428800889349,-0.7511586357300603,2.161172161172161
Посадас,-27.2206,-55.8339,2006-09-01,2006,9,18.6,138.0,-0.29455787106101056,-0.2831713378413317,-1.1289693237276412,2.4731182795698925
Посадас,-27.2206,-55.8339,2006-10-01,2006,10,23.9,282.0,0.6216998036327246,0.6737696359527816,-0.5722354934040726,3.933054393305439
Посадас,-27.2206,-55.8339,2006-11-01,2006,11,23.5,282.0,1.0233098211581764,1.0830215687486264,0.3717593832491153,4.0
Посадас,-27.2206,-55.8339,2006-12-01,2006,12,27.1,229.0,1.1723758624808962,1.2547317492538088,0.42746427151708516,2.816728167281673
Посадас,-27.2206,-55.8339,2007-01-01,2007,1,26.7,260.0,1.4825682070014825,1.474947317741456,1.301328978485798,3.2459425717852683
Посадас,-27.2206,-55.8339,2007-02-01,2007,2,26.5,260.0,1.659395721156199,1.6634941702103734,1.5984891397385186,3.270440251572327
Посадас,-27.2206,-55.8339,2007-03-01,2007,3,26.0,141.0,1.4912731832574124,1.494301033108751,1.6363085517011693,1.8076923076923077
Посадас,-27.2206,-55.8339,2007-04-01,2007,4,23.2,227.0,0.9460128345609142,1.019162771193076,1.4975124320224213,3.2614942528735633
Посадас,-27.2206,-55.8339,2007-05-01,2007,5,15.8,201.0,0.6725717416919943,0.7389068527207677,1.3778829963247112,4.2405063291139244
Посадас,-27.2206,-55.8339,2007-06-01,2007,6,16.8,24.0,0.2249344615951563,0.2223094318899031,0.9627004819840148,0.47619047619047616
Посадас,-27.2206,-55.8339,2007-07-01,2007,7,13.4,75.0,-0.18778253124846894,-0.25879241995749064,0.5563641515732042,1.8656716417910448
Посадас,-27.2206,-55.8339,2007-08-01,2007,8,16.0,32.0,-1.2918553171501084,-1.4139941304420578,-0.1220122046271556,0.6666666666666666
Посадас,-27.2206,-55.8339,2007-09-01,2007,9,22.0,155.0,-0.40939759618974136,-0.4150823246590251,-0.12582897104786286,2.3484848484848486
Посадас,-27.2206,-55.8339,2007-10-01,2007,10,23.4,24.0,-1.2689796765645054,-1.381563816077506,-1.0523510745643756,0.3418803418803419
Посадас,-27.2206,-55.8339,2007-11-01,2007,11,22.0,353.0,0.21828405974206158,0.2722748577451324,-0.5186749848010919,5.348484848484849
Посадас,-27.2206,-55.8339,2007-12-01,2007,12,26.1,275.0,0.5653489854919541,0.6406659700999926,0.097998690192943,3.5121328224776502
Посадас,-27.2206,-55.8339,2008-01-01,2008,1,26.3,260.0,2.057155847558719,1.9131833968127718,0.6341821035607815,3.2953105196451205
Посадас,-27.2206,-55.8339,2008-02-01,2008,2,25.9,99.0,0.9852298808688384,1.0351594933749935,0.7030229073884162,1.274131274131274
Посадас,-27.2206,-55.8339,2008-03-01,2008,3,25.4,26.0,-0.2749206240180396,-0.3020165155681658,0.25086066424296816,0.34120734908136485
Посадас,-27.2206,-55.8339,2008-04-01,2008,4,20.8,322.0,0.04654827224034073,0.08959632896049949,1.3332878115252869,5.160256410256411
Посадас,-27.2206,-55.8339,2008-05-01,2008,5,17.3,39.0,-0.14029097470188845,-0.1700262136588522,0.4522231238869662,0.7514450867052023
Посадас,-27.2206,-55.8339,2008-06-01,2008,6,14.7,164.0,0.5614513252660706,0.5893651220514543,0.2550133862004579,3.7188208616780045
Посадас,-27.2206,-55.8339,2008-07-01,2008,7,19.1,48.0,-0.49225155098592555,-0.6012422531564466,-0.3119546874126857,0.837696335078534
Посадас,-27.2206,-55.8339,2008-08-01,2008,8,18.1,82.0,-0.04662179963991826,-0.08042679033763654,-0.19702323246370707,1.5101289134438305
Посадас,-27.2206,-55.8339,2008-09-01,2008,9,17.8,108.0,-0.5967106569203958,-0.6306948206684023,0.05799317415071911,2.0224719101123596
Посадас,-27.2206,-55.8339,2008-10-01,2008,10,22.0,312.0,0.4276090430528935,0.4746831440916086,-0.11798656595044263,4.7272727272727275
Посадас,-27.2206,-55.8339,2008-11-01,2008,11,25.1,89.0,0.10502808448499408,0.14660054210227927,0.06411111421570588,1.1819389110225764
Посадас,-27.2206,-55.8339,2008-12-01,2008,12,27.2,10.0,-0.5570751730905794,-0.6572679174840779,-0.463075094879686,0.12254901960784313
Посадас,-27.2206,-55.8339,2009-01-01,2009,1,26.0,109.0,-1.447945067332944,-1.5818877540326581,-0.7809775810876614,1.3974358974358974
Посадас,-27.2206,-55.8339,2009-02-01,2009,2,26.5,166.0,-1.1416533141001324,-1.2154922223476687,-0.6566681655580908,2.088050314465409
Посадас,-27.2206,-55.8339,2009-03-01,2009,3,26.0,12.0,-0.9190282737311919,-0.9579230675652078,-0.9903447246547645,0.15384615384615385
Посадас,-27.2206,-55.8339,2009-04-01,2009,4,23.2,47.0,-1.1982476464244955,-1.2567001901894603,-1.7118688879606911,0.6752873563218391
Посадас,-27.2206,-55.8339,2009-05-01,2009,5,19.5,134.0,-1.111366151441866,-1.3195002153112227,-1.519790316678142,2.2905982905982905
Посадас,-27.2206,-55.8339,2009-06-01,2009,6,13.6,110.0,-0.5609050910540043,-0.6745036616209663,-1.0062651729860592,2.696078431372549
Посадас,-27.2206,-55.8339,2009-07-01,2009,7,12.4,167.0,0.4558700898447501,0.47761582288327614,-0.5552825992579744,4.489247311827957
Посадас,-27.2206,-55.8339,2009-08-01,2009,8,18.0,173.0,1.0455019992727592,1.0939756163162717,-0.34813449867512697,3.2037037037037037
Посадас,-27.2206,-55.8339,2009-09-01,2009,9,18.9,230.0,1.643456317321116,1.5620501175413126,0.41195945595593825,4.056437389770723
Посадас,-27.2206,-55.8339,2009-10-01,2009,10,22.5,132.0,0.6056687961973473,0.6576496901102232,0.6438201649521479,1.9555555555555555
Посадас,-27.2206,-55.8339,2009-11-01,2009,11,26.1,401.0,1.2990395203209633,1.3219771933243036,1.4371514019642149,5.121328224776501
Посадас,-27.2206,-55.8339,2009-12-01,2009,12,26.5,231.0,1.0503411641325184,1.1392342453855209,0.9549472866199479,2.9056603773584904
Посадас,-27.2206,-55.8339,2010-01-01,2010,1,26.9,185.0,1.7103210615867555,1.6568467702112493,1.4232763989461816,2.292441140024783
Посадас,-27.2206,-55.8339,2010-02-01,2010,2,28.0,112.0,0.35253368536888613,0.3598084403587998,1.1213642609139318,1.3333333333333333
Посадас,-27.2206,-55.8339,2010-03-01,2010,3,25.9,92.0,-0.2488260368774691,-0.274014791235992,0.6774951004943491,1.184041184041184
Посадас,-27.2206,-55.8339,2010-04-01,2010,4,21.2,170.0,-0.34319874324288496,-0.3473926057025914,0.9226617714007147,2.6729559748427674
Посадас,-27.2206,-55.8339,2010-05-01,2010,5,16.7,189.0,0.15750154885290463,0.17751213614571978,0.30151264759903523,3.7724550898203595
Посадас,-27.2206,-55.8339,2010-06-01,2010,6,16.9,155.0,0.5115657410367782,0.5363424524792257,0.22877639301073227,3.0571992110453654
Посадас,-27.2206,-55.8339,2010-07-01,2010,7,15.1,116.0,0.7215600356640186,0.7683301885123011,0.2139719802112709,2.5607064017660046
Посадас,-27.2206,-55.8339,2010-08-01,2010,8,16.4,7.0,-0.16505698476604122,-0.21495382575368843,-0.008530624410840211,0.14227642276422767
Посадас,-27.2206,-55.8339,2010-09-01,2010,9,19.1,159.0,-0.2566638703759339,-0.23978591194102686,0.179558800217753,2.774869109947644
Посадас,-27.2206,-55.8339,2010-10-01,2010,10,20.4,111.0,-0.8709314217598529,-0.9566361263139733,-0.18247610113362356,1.8137254901960784
Посадас,-27.2206,-55.8339,2010-11-01,2010,11,23.0,40.0,-0.913870470902509,-1.0124736440252262,-0.8335448273730383,0.5797101449275363
Посадас,-27.2206,-55.8339,2010-12-01,2010,12,25.3,219.0,-0.7579064550459831,-0.8846945036055018,-0.45685142917948535,2.8853754940711465
Посадас,-27.2206,-55.8339,2011-01-01,2011,1,27.8,62.0,-0.8646057467345679,-0.9681256311468867,-1.161176688966737,0.7434052757793765
Посадас,-27.2206,-55.8339,2011-02-01,2011,2,26.0,255.0,0.4006739279284784,0.4133265998777008,-0.4707299931587817,3.269230769230769
Посадас,-27.2206,-55.8339,2011-03-01,2011,3,25.2,70.0,-0.2618714379519559,-0.2880229707147335,-0.7883619841610808,0.9259259259259259
Посадас,-27.2206,-55.8339,2011-04-01,2011,4,22.2,133.0,0.103817541966058,0.15316342617470674,-0.5261108135023189,1.996996996996997
Посадас,-27.2206,-55.8339,2011-05-01,2011,5,18.6,30.0,-0.9072154707139956,-1.078524860557501,-0.4874995983706079,0.5376344086021505
Посадас,-27.2206,-55.8339,2011-06-01,2011,6,15.9,164.0,-0.38066306141714135,-0.4690692294257061,-0.49724211149921316,3.438155136268344
Посадас,-27.2206,-55.8339,2011-07-01,2011,7,15.4,99.0,-0.23048804630822142,-0.30751815857823783,-0.10443299558959424,2.142857142857143
Посадас,-27.2206,-55.8339,2011-08-01,2011,8,17.7,91.0,0.386718580122208,0.4079471029845016,-0.5719262586081372,1.7137476459510357
Посадас,-27.2206,-55.8339,2011-09-01,2011,9,20.5,52.0,-0.5651926851186764,-0.5944333898508203,-0.6786050648054137,0.8455284552845529
Посадас,-27.2206,-55.8339,2011-10-01,2011,10,22.6,325.0,0.2407948737113506,0.27576924771025485,-0.08571730975574499,4.793510324483776
Посадас,-27.2206,-55.8339,2011-11-01,2011,11,24.4,87.0,-0.11957512795985716,-0.10769282555436842,0.12460663981785729,1.1885245901639345
Посадас,-27.2206,-55.8339,2011-12-01,2011,12,26.0,64.0,-0.24379312705737868,-0.29248425262068,-0.3188408872085201,0.8205128205128205
Посадас,-27.2206,-55.8339,2012-01-01,2012,1,28.0,27.0,-1.58933338690693,-1.733191537710961,-1.0017303822630501,0.32142857142857145
Посадас,-27.2206,-55.8339,2012-02-01,2012,2,28.2,161.0,-1.3495458246041405,-1.398488893750882,-0.9247246995163307,1.9030732860520094
Посадас,-27.2206,-55.8339,2012-03-01,2012,3,24.7,49.0,-1.2512709840177179,-1.2617970833778336,-0.9398400401154388,0.6612685560053981
Посадас,-27.2206,-55.8339,2012-04-01,2012,4,20.8,159.0,-0.37053955995559656,-0.37799374798725494,-1.3465336713578648,2.548076923076923
Посадас,-27.2206,-55.8339,2012-05-01,2012,5,19.6,38.0,-0.840615790369373,-1.000192535853112,-1.4543532778607997,0.6462585034013606
Посадас,-27.2206,-55.8339,2012-06-01,2012,6,16.8,100.0,-0.5307390030471708,-0.6402624184080512,-1.1633481579174543,1.9841269841269842
Посадас,-27.2206,-55.8339,2012-07-01,2012,7,14.3,66.0,-0.7961475528354186,-0.9276513808493946,-0.7998385397903675,1.5384615384615385
Посадас,-27.2206,-55.8339,2012-08-01,2012,8,19.9,72.0,-0.46620627323333846,-0.5527245562323205,-0.9794007243767188,1.2060301507537687
Посадас,-27.2206,-55.8339,2012-09-01,2012,9,21.1,43.0,-1.0569592810708792,-1.1557959535412659,-1.0192666344905008,0.6793048973143759
Посадас,-27.2206,-55.8339,2012-10-01,2012,10,22.4,213.0,-0.5648220996491371,-0.6206939132480654,-0.9765419422157984,3.169642857142857
Посадас,-27.2206,-55.8339,2012-11-01,2012,11,25.1,48.0,-0.9452761737851241,-1.047394685370902,-1.0238307346360604,0.6374501992031872
Посадас,-27.2206,-55.8339,2012-12-01,2012,12,26.3,439.0,0.7759326670631741,0.8647548426184666,0.02760264508684924,5.564005069708492
Посадас,-27.2206,-55.8339,2013-01-01,2013,1,25.9,83.0,0.4585089423740551,0.5034415277641772,-0.09435154967634043,1.0682110682110681
Посадас,-27.2206,-55.8339,2013-02-01,2013,2,25.8,48.0,0.6045537515822159,0.6368861667422403,-0.36869444257506157,0.6201550387596899
Посадас,-27.2206,-55.8339,2013-03-01,2013,3,22.3,260.0,-0.2357844179153858,-0.2599926736850846,0.4522273803788154,3.8863976083707024
Посадас,-27.2206,-55.8339,2013-04-01,2013,4,21.4,235.0,0.5345227053381149,0.6153747465090896,0.6752481910160728,3.660436137071651
Посадас,-27.2206,-55.8339,2013-05-01,2013,5,17.9,137.0,0.9311440535046952,0.9943147723145234,1.0473451019395286,2.5512104283054002
Посадас,-27.2206,-55.8339,2013-06-01,2013,6,16.1,69.0,0.1731047422598055,0.16411192997603494,-0.04157314506449846,1.4285714285714284
Посадас,-27.2206,-55.8339,2013-07-01,2013,7,16.0,132.0,0.039531662136045344,0.0025291334089018323,0.38811318277787704,2.75
Посадас,-27.2206,-55.8339,2013-08-01,2013,8,14.9,111.0,0.08517538510085483,0.06935834205789863,0.7666616649704453,2.4832214765100673
Посадас,-27.2206,-55.8339,2013-09-01,2013,9,19.1,81.0,0.05409417020003323,0.11066649793563269,0.06541857657635335,1.4136125654450262
Посадас,-27.2206,-55.8339,2013-10-01,2013,10,22.3,172.0,-0.35225134106179984,-0.38317405273608734,-0.3230136298715264,2.571001494768311
Посадас,-27.2206,-55.8339,2013-11-01,2013,11,25.1,191.0,-0.22065098096908237,-0.22351445687417992,-0.12866383150636374,2.5365205843293492
Посадас,-27.2206,-55.8339,2013-12-01,2013,12,27.0,113.0,-0.24379312705737868,-0.29248425262068,-0.1451500795962556,1.3950617283950617
Посадас,-27.2206,-55.8339,2014-01-01,2014,1,27.6,256.0,0.40633867090735465,0.4474162951046121,0.0023305428054002913,3.0917874396135265
Посадас,-27.2206,-55.8339,2014-02-01,2014,2,27.5,58.0,-0.26087634007260846,-0.3259717662382227,-0.37968100028205487,0.703030303030303
Посадас,-27.2206,-55.8339,2014-03-01,2014,3,24.0,422.0,1.9596782903131515,1.8767103788834938,0.8840585530463156,5.861111111111111
Посадас,-27.2206,-55.8339,2014-04-01,2014,4,22.1,339.0,1.8109028578662207,1.7306113206671223,1.4473256955044325,5.113122171945701
Посадас,-27.2206,-55.8339,2014-05-01,2014,5,18.0,217.0,2.1914343106193623,1.9869598691400343,1.6013509289147112,4.018518518518518
Посадас,-27.2206,-55.8339,2014-06-01,2014,6,16.6,304.0,1.9556012888772139,1.8249587406387566,2.184656693797189,6.1044176706827304
Посадас,-27.2206,-55.8339,2014-07-01,2014,7,16.8,198.0,1.9786526042994046,1.918706313382943,2.1481998974707586,3.9285714285714284
Посадас,-27.2206,-55.8339,2014-08-01,2014,8,19.1,39.0,1.6341692096185345,1.6208904007059965,2.153788431022904,0.680628272251309
Посадас,-27.2206,-55.8339,2014-09-01,2014,9,20.9,379.0,1.905817059360642,1.7419395468233616,2.019260770305345,6.044657097288677
Посадас,-27.2206,-55.8339,2014-10-01,2014,10,24.9,156.0,0.8120862280332936,0.8604546723179135,1.7702180154649185,2.0883534136546187
Посадас,-27.2206,-55.8339,2014-11-01,2014,11,23.9,222.0,1.2722089195353785,1.2995848790032665,1.6487826881513052,3.096234309623431
Посадас,-27.2206,-55.8339,2014-12-01,2014,12,24.7,282.0,0.6007381404406616,0.6790942515854396,0.8434379743859026,3.805668016194332
Посадас,-27.2206,-55.8339,2015-01-01,2015,1,25.7,287.0,1.5818889716246194,1.5556822421886123,1.4591977803601601,3.722438391699092
Посадас,-27.2206,-55.8339,2015-02-01,2015,2,25.9,22.0,0.7299055364958494,0.7711400362439743,1.2988517635110859,0.28314028314028317
Посадас,-27.2206,-55.8339,2015-03-01,2015,3,24.8,91.0,-0.17714385920322034,-0.19673969788392293,0.33708997771792076,1.2231182795698925
Посадас,-27.2206,-55.8339,2015-04-01,2015,4,22.3,160.0,-0.9131687909825789,-0.967571964319952,0.5111426207676545,2.391629297458894
Посадас,-27.2206,-55.8339,2015-05-01,2015,5,18.7,227.0,0.2791344703371482,0.31556274611135504,0.6191572380196182,4.046345811051693
Посадас,-27.2206,-55.8339,2015-06-01,2015,6,17.9,193.0,0.8066091988369679,0.8415667732771223,0.511624107488535,3.5940409683426444
Посадас,-27.2206,-55.8339,2015-07-01,2015,7,16.0,169.0,1.375467013983484,1.4143537683173193,0.3183706230425199,3.5208333333333335
Посадас,-27.2206,-55.8339,2015-08-01,2015,8,21.0,41.0,0.7281113417196781,0.7751799290872436,0.554237023977137,0.6507936507936508
Посадас,-27.2206,-55.8339,2015-09-01,2015,9,20.5,131.0,0.17612869533758105,0.24437738595805975,0.616469299651545,2.130081300813008
Посадас,-27.2206,-55.8339,2015-10-01,2015,10,22.1,90.0,-0.9616371977398726,-1.054464386752868,0.27546450896309843,1.3574660633484164
Посадас,-27.2206,-55.8339,2015-11-01,2015,11,22.6,325.0,0.28670795112260095,0.34711175160085084,0.6236306325845341,4.793510324483776
Посадас,-27.2206,-55.8339,2015-12-01,2015,12,24.7,290.0,0.7976293689972964,0.8871958296485682,0.37734650149268856,3.913630229419703
Посадас,-27.2206,-55.8339,2016-01-01,2016,1,27.3,107.0,1.2372758438029878,1.2656883338107798,0.2239038549232418,1.3064713064713065
Посадас,-27.2206,-55.8339,2016-02-01,2016,2,26.7,303.0,1.3736633069744566,1.4094743153112097,0.97526076727864,3.7827715355805243
Посадас,-27.2206,-55.8339,2016-03-01,2016,3,23.0,311.0,1.8663759774616404,1.80384464618906,1.557077218911672,4.507246376811594
Посадас,-27.2206,-55.8339,2016-04-01,2016,4,23.4,171.0,1.6624027584163241,1.620740756123472,1.752017216406978,2.4358974358974357
Посадас,-27.2206,-55.8339,2016-05-01,2016,5,16.1,89.0,0.6809466138428992,0.7474768690361393,1.2486535979567797,1.8426501035196685
Посадас,-27.2206,-55.8339,2016-06-01,2016,6,12.9,7.0,-0.6819074634633052,-0.811209367487695,0.540195082811866,0.18087855297157623
Посадас,-27.2206,-55.8339,2016-07-01,2016,7,15.9,57.0,-1.1364220886570928,-1.272415464947974,0.5913233433236856,1.1949685534591195
Посадас,-27.2206,-55.8339,2016-08-01,2016,8,18.1,113.0,-0.936488268211089,-1.0554712220787297,0.06500723173936003,2.0810313075506444
Посадас,-27.2206,-55.8339,2016-09-01,2016,9,18.7,36.0,-0.852837969497373,-0.9240899775029411,-1.0376527405823972,0.6417112299465241
Посадас,-27.2206,-55.8339,2016-10-01,2016,10,21.3,201.0,-0.4345101142389901,-0.4753587885299729,-1.0808992210825703,3.1455399061032865
Посадас,-27.2206,-55.8339,2016-11-01,2016,11,23.0,189.0,-0.31225107424061055,-0.3287963524752646,-0.7709142629335677,2.739130434782609
Посадас,-27.2206,-55.8339,2016-12-01,2016,12,25.2,252.0,0.5209461920225678,0.5920353289515959,-0.04283067153048389,3.3333333333333335
Посадас,-27.2206,-55.8339,2017-01-01,2017,1,26.4,72.0,0.1596781998774868,0.17637352295632452,-0.22454099465728156,0.9090909090909091
Посадас,-27.2206,-55.8339,2017-02-01,2017,2,25.8,152.0,0.038035504116034125,0.006950452514224211,-0.26562080599279897,1.9638242894056848
Посадас,-27.2206,-55.8339,2017-03-01,2017,3,24.9,267.0,0.4115369647376753,0.44240967332194325,0.6056604003503044,3.57429718875502
Посадас,-27.2206,-55.8339,2017-04-01,2017,4,20.8,453.0,2.038110013121495,1.8901624157830974,1.4624876764309076,7.259615384615385
Посадас,-27.2206,-55.8339,2017-05-01,2017,5,19.1,321.0,2.397521883208066,2.116988839331608,1.8620670306645968,5.602094240837697
Посадас,-27.2206,-55.8339,2017-06-01,2017,6,17.0,119.0,2.081452657975613,1.91474460487597,1.7186424967380196,2.3333333333333335
Посадас,-27.2206,-55.8339,2017-07-01,2017,7,18.3,4.0,0.6359457905961509,0.676169737125896,1.6816533069200756,0.07285974499089254
Посадас,-27.2206,-55.8339,2017-08-01,2017,8,19.2,203.0,0.18661964224544852,0.18418987120496566,1.8654161635302329,3.5243055555555554
Посадас,-27.2206,-55.8339,2017-09-01,2017,9,22.3,42.0,-0.5103211149613368,-0.5312671199934809,1.2744675953319806,0.6278026905829597
Посадас,-27.2206,-55.8339,2017-10-01,2017,10,21.5,445.0,1.4019442955036288,1.3810565192154987,1.299549201855486,6.89922480620155
Посадас,-27.2206,-55.8339,2017-11-01,2017,11,22.8,228.0,1.0826274116397188,1.1361055064479664,0.9366011021703424,3.3333333333333335
Посадас,-27.2206,-55.8339,2017-12-01,2017,12,26.5,106.0,1.113638145767098,1.1996433277198255,0.3395891697741346,1.3333333333333333
Посадас,-27.2206,-55.8339,2018-01-01,2018,1,25.5,327.0,0.9279895551623003,0.9807401829109634,1.4204952542556637,4.2745098039215685
Посадас,-27.2206,-55.8339,2018-02-01,2018,2,25.5,54.0,0.10479497662626659,0.08201705779530535,0.8274297445246191,0.7058823529411765
Посадас,-27.2206,-55.8339,2018-03-01,2018,3,24.4,152.0,0.6806786114608141,0.7255165498701774,1.2137631914299547,2.0765027322404372
Посадас,-27.2206,-55.8339,2018-04-01,2018,4,24.9,0.0,-1.313889004496624,-1.3691585389401764,-0.19876445848822358,0.0
Посадас,-27.2206,-55.8339,2018-05-01,2018,5,20.2,91.0,-0.8559786149731656,-1.0182651198508468,-0.6341714053641448,1.5016501650165017
Посадас,-27.2206,-55.8339,2018-06-01,2018,6,14.8,28.0,-1.4010732153343115,-1.6266929805031747,-0.7330436843367978,0.6306306306306306
Посадас,-27.2206,-55.8339,2018-07-01,2018,7,15.9,21.0,-1.2240028350894936,-1.3581995876224409,-1.624630327379419,0.44025157232704404
Посадас,-27.2206,-55.8339,2018-08-01,2018,8,15.6,48.0,-1.54397880427858,-1.6655803202889725,-1.523369699472901,1.0256410256410255
Посадас,-27.2206,-55.8339,2018-09-01,2018,9,20.7,141.0,-0.8204633041121622,-0.8871655264145655,-1.548286659676663,2.2705314009661834
Посадас,-27.2206,-55.8339,2018-10-01,2018,10,21.5,146.25,-0.5217430477905185,-0.5727680774322788,-1.1784869203244823,2.2674418604651163
Посадас,-27.2206,-55.8339,2018-11-01,2018,11,24.6,151.5,-0.24730696561413487,-0.2541331597965867,-1.0494410485616559,2.0528455284552845
Посадас,-27.2206,-55.8339,2018-12-01,2018,12,25.7,193.1090356191343,-0.17321213798895435,-0.20931410624450014,-0.3548690687051833,2.5046567525179544
Посадас,-27.2206,-55.8339,2019-01-01,2019,1,27.2,121.25861199733407,-0.08991610928848277,-0.10480245423286332,-0.4531690952723241,1.4860124019281138
Посадас,-27.2206,-55.8339,2019-02-01,2019,2,25.5,158.4895837874431,0.01893895287833469,-0.01450355914504119,-0.23006333914793575,2.0717592651953347
Посадас,-27.2206,-55.8339,2019-03-01,2019,3,23.7,208.20711868717518,0.3919641122318723,0.42143659067070904,0.030840762698547,2.9283701643765845
Посадас,-27.2206,-55.8339,2019-04-01,2019,4,22.4,133.1930893577179,0.3186281887917219,0.3878054170341408,0.1648635620288102,1.9820400202041353
Посадас,-27.2206,-55.8339,2019-05-01,2019,5,19.3,119.96440431481048,0.2044690522362417,0.2311527558017975,0.1368714089600572,2.071924081430233
Посадас,-27.2206,-55.8339,2019-06-01,2019,6,19.5,193.6522010181592,0.20051548581013512,0.1949341890005609,0.3470604339491467,3.3102940344984475
Посадас,-27.2206,-55.8339,2019-07-01,2019,7,14.8,106.23466603251413,0.5046435274765317,0.531967800780212,0.52726328550969,2.392672658389958
Посадас,-27.2206,-55.8339,2019-08-01,2019,8,17.1,63.15346820800551,0.45053654355601974,0.47820063227671006,0.3522376250103985,1.2310617584406534
Посадас,-27.2206,-55.8339,2019-09-01,2019,9,20.6,160.444078243894,0.09619866742435862,0.15710804580163126,0.1084995910146859,2.59618249585589
Посадас,-27.2206,-55.8339,2019-10-01,2019,10,23.8,165.57430838068078,-0.20574773050178094,-0.21867689021323777,0.10775909083385372,2.3189679044913274
Посадас,-27.2206,-55.8339,2019-11-01,2019,11,25.5,100.05118690557293,-0.3118959029965537,-0.32838789536786844,0.007612383757901876,1.3078586523604305
Посадас,-27.2206,-55.8339,2019-12-01,2019,12,25.6,177.15401338778477,-0.4030245887605231,-0.4790844175927221,-0.20336615054887,2.3066928826534476
Посадас,-27.2206,-55.8339,2020-01-01,2020,1,26.8,21.875857280082727,-0.9810782690204892,-1.092538692698576,-0.8569814302097616,0.2720877771154568
Посадас,-27.2206,-55.8339,2020-02-01,2020,2,25.7,22.989699232138705,-1.5394975765916192,-1.5567242639519663,-1.1458599072584477,0.298180275384419
Посадас,-27.2206,-55.8339,2020-03-01,2020,3,26.2,107.97265728818743,-1.8162013743601315,-1.7218653827902626,-1.3189786575688334,1.3736979298751582
Посадас,-27.2206,-55.8339,2020-04-01,2020,4,20.9,80.62716089928229,-1.2796977782225112,-1.3362021861991364,-1.465830788230222,1.2859196315675006
Посадас,-27.2206,-55.8339,2020-05-01,2020,5,17.3,152.83789967601686,-0.36047865584824773,-0.4315587639245649,-1.234054752106747,2.9448535583047564
Посадас,-27.2206,-55.8339,2020-06-01,2020,6,18.0,76.07608553483124,-0.46783543400344413,-0.5686679169152282,-1.409537104282082,1.408816398793171
Посадас,-27.2206,-55.8339,2020-07-01,2020,7,15.4,17.519105831471876,-0.5212847272734635,-0.6331706442901774,-1.2305758157453717,0.3792014249236337
Посадас,-27.2206,-55.8339,2020-08-01,2020,8,18.6,140.8368544630353,-0.4933967552122218,-0.5827240484148816,-0.6163651965853212,2.5239579652873707
Посадас,-27.2206,-55.8339,2020-09-01,2020,9,20.7,122.99578723817892,-0.26156595598504945,-0.24539317619026368,-0.5953491962071117,1.9806084901478087
Посадас,-27.2206,-55.8339,2020-10-01,2020,10,24.3,201.57928251131264,0.2264327516719841,0.2602226083931839,-0.28358531789289154,2.7651479082484585
Посадас,-27.2206,-55.8339,2020-11-01,2020,11,25.1,36.322206743889154,-0.6480049198474618,-0.7133815285574279,-0.8029722717795679,0.4823666234248228
Посадас,-27.2206,-55.8339,2020-12-01,2020,12,25.9,127.90549823267808,-0.7785491243090761,-0.9077203445700646,-0.46689249757493156,1.6461454083999754
Посадас,-27.2206,-55.8339,2021-01-01,2021,1,25.7,288.0,-0.1625147968937586,-0.18714075451857395,-0.021302515696186575,3.735408560311284
Посадас,-27.2206,-55.8339,2021-02-01,2021,2,25.1,10.0,-0.26758183717707434,-0.3333341109241306,-0.6819824626575075,0.13280212483399734
Посадас,-27.2206,-55.8339,2021-03-01,2021,3,24.4,0.0,-0.8462664846857095,-0.8879950714852753,-1.1032397000630676,0.0
Посадас,-27.2206,-55.8339,2021-04-01,2021,4,21.8,0.0,-2.6180789541487446,-2.4629386560155644,-1.6207001107482086,0.0
Посадас,-27.2206,-55.8339,2021-05-01,2021,5,17.5,0.0,-1.876358561894595,-2.4800527645856283,-1.6862007511294306,0.0
Посадас,-27.2206,-55.8339,2021-06-01,2021,6,15.5,0.0,-1.876358561894595,-2.2376675666441903,-1.9303749981073022,0.0
Посадас,-27.2206,-55.8339,2021-07-01,2021,7,14.9,0.0,-2.166106752892329,-2.226017040855791,-2.6690100159150765,0.0
Посадас,-27.2206,-55.8339,2021-08-01,2021,8,19.6,0.0,-2.166106752892329,-2.3266510162161564,-2.673350356769266,0.0
Посадас,-27.2206,-55.8339,2021-09-01,2021,9,21.4,0.0,-2.166106752892329,-2.8800548825744,-2.584890944535531,0.0
Посадас,-27.2206,-55.8339,2021-10-01,2021,10,21.4,0.0,-2.166106752892329,-2.6408320479425917,-2.540979006737695,0.0
Посадас,-27.2206,-55.8339,2021-11-01,2021,11,24.6,0.0,-2.166106752892329,-2.6835203786713415,-3.001919814418451,0.0
Посадас,-27.2206,-55.8339,2021-12-01,2021,12,27.2,0.0,-2.166106752892329,-2.680549440050722,-1.6505229112064068,0.0
Посадас,-27.2206,-55.8339,2022-01-01,2022,1,29.5,0.0,-2.160044423184283,-2.5467977773278316,-2.7430734977451317,0.0
Посадас,-27.2206,-55.8339,2022-02-01,2022,2,28.1,2.0,-2.966507478294984,-2.5270085072420434,-2.7410024786549716,0.02372479240806643
Посадас,-27.2206,-55.8339,2022-03-01,2022,3,24.2,0.0,-2.8472422047597,-2.4122314709864763,-2.7667267115487832,0.0
Посадас,-27.2206,-55.8339,2022-04-01,2022,4,20.9,0.0,-2.676390568274807,-2.5057334348358182,-2.900897360073762,0.0
Посадас,-27.2206,-55.8339,2022-05-01,2022,5,16.3,0.0,-1.876358561894595,-2.4800527645856283,-2.8675222563816964,0.0
Посадас,-27.2206,-55.8339,2022-06-01,2022,6,14.7,0.0,-1.876358561894595,-2.2376675666441903,-2.7443894220903635,0.0
Посадас,-27.2206,-55.8339,2022-07-01,2022,7,19.7,45.0,-1.8237404024565027,-1.9574066535375905,-2.5617364071218214,0.7614213197969543
Посадас,-27.2206,-55.8339,2022-08-01,2022,8,17.1,60.0,-1.4862214199681678,-1.6074032496970283,-2.333976700902199,1.1695906432748537
Посадас,-27.2206,-55.8339,2022-09-01,2022,9,17.7,70.0,-1.1062713888019222,-1.2115605842282031,-2.053003002562723,1.3182674199623352
Посадас,-27.2206,-55.8339,2022-10-01,2022,10,20.2,189.0,-0.6184731392474778,-0.680184948011875,-1.5472236242875543,3.118811881188119
Посадас,-27.2206,-55.8339,2022-11-01,2022,11,22.6,93.0,-0.6943387977030905,-0.7659438955492104,-1.3661226230513237,1.3716814159292035
Посадас,-27.2206,-55.8339,2022-12-01,2022,12,26.6,93.0,-0.7333120207562012,-0.857173125024467,-0.6654969581092288,1.1654135338345866
Посадас,-27.2206,-55.8339,2023-01-01,2023,1,27.3,78.0,-1.1652295343466395,-1.286410752167631,-1.2098759761001787,0.9523809523809523
Посадас,-27.2206,-55.8339,2023-02-01,2023,2,26.3,62.0,-1.4698066069084996,-1.4996340406172202,-1.3405406369456236,0.7858048162230672
Посадас,-27.2206,-55.8339,2023-03-01,2023,3,26.0,99.0,-1.237933466239645,-1.250088854490709,-1.2620538580957237,1.2692307692307692
Посадас,-27.2206,-55.8339,2023-04-01,2023,4,21.4,139.0,-0.7570095031271258,-0.80244566843278,-1.2897743205153787,2.1651090342679127
Посадас,-27.2206,-55.8339,2023-05-01,2023,5,19.2,148.0,-0.1450511232533251,-0.17565687730829516,-1.039849408413819,2.5694444444444446
Посадас,-27.2206,-55.8339,2023-06-01,2023,6,17.6,40.0,-0.38066306141714135,-0.4690692294257061,-1.0495307727247511,0.7575757575757576
Посадас,-27.2206,-55.8339,2023-07-01,2023,7,17.6,41.0,-0.6331170949558099,-0.7547305542300959,-0.9674903359428865,0.7765151515151515
Посадас,-27.2206,-55.8339,2023-08-01,2023,8,19.9,175.0,-0.32982556651509526,-0.4008524155555688,-0.35212479895013277,2.9313232830820772
Посадас,-27.2206,-55.8339,2023-09-01,2023,9,22.3,287.0,1.2441156059634673,1.2588780100717762,0.3024061472144243,4.289985052316891
Посадас,-27.2206,-55.8339,2023-10-01,2023,10,21.6,498.0,2.6557006638531773,2.2389136366716866,1.4706391473651421,7.685185185185185
Посадас,-27.2206,-55.8339,2023-11-01,2023,11,24.4,259.0,2.491283846362694,2.160079664196181,1.6535144337473064,3.5382513661202184
Посадас,-27.2206,-55.8339,2023-12-01,2023,12,26.0,263.0,2.082336161868029,1.9996915321604498,1.2987236264584028,3.371794871794872
Посадас,-27.2206,-55.8339,2024-01-01,2024,1,26.6,92.0,0.6867093485564492,0.7418611877983871,1.9822551877423393,1.1528822055137844
Посадас,-27.2206,-55.8339,2024-02-01,2024,2,27.3,155.0,0.24398134317660491,0.2384348419871652,1.873013409993329,1.8925518925518925
Посадас,-27.2206,-55.8339,2024-03-01,2024,3,26.2,96.0,-0.5498330007931587,-0.5913603975753359,1.371573225770961,1.2213740458015268
Посадас,-27.2206,-55.8339,2024-04-01,2024,4,23.9,275.0,0.4499935247167954,0.5274214775705647,0.7628653958905336,3.8354253835425385
Посадас,-27.2206,-55.8339,2024-05-01,2024,5,17.4,224.0,0.7805798591679972,0.8479151232832194,0.7402155202613951,4.291187739463601
Посадас,-27.2206,-55.8339,2024-06-01,2024,6,19.9,134.0,1.0363370112431007,1.0642744146168541,0.49727575723013073,2.2445561139028474
Посадас,-27.2206,-55.8339,2024-07-01,2024,7,15.4,39.0,0.3779966803496932,0.39007394080430663,0.5387707786672397,0.8441558441558441
Посадас,-27.2206,-55.8339,2024-08-01,2024,8,17.9,77.0,-0.37513451964499567,-0.45154847634133244,0.4269071248994999,1.4338919925512104
Посадас,-27.2206,-55.8339,2024-09-01,2024,9,21.8,110.0,-0.6919549614584355,-0.7401085360518197,0.4049674208260678,1.6819571865443426
Посадас,-27.2206,-55.8339,2024-10-01,2024,10,23.1,143.0,-0.5529254379401275,-0.6074720750932124,-0.22272298580320207,2.0634920634920637
Посадас,-27.2206,-55.8339,2024-11-01,2024,11,25.3,130.0,-0.53331096910865,-0.5825964072732769,-0.6450414369910057,1.7127799736495388
Посадас,-27.2206,-55.8339,2024-12-01,2024,12,24.5,304.0,0.2277518834015519,0.260816727331391,-0.13876419622843802,4.136054421768708
Посадас,-27.2206,-55.8339,2025-01-01,2025,1,27.2,132.0,0.43765425262962443,0.4811081973911299,-0.10179399020313909,1.6176470588235294
Посадас,-27.2206,-55.8339,2025-02-01,2025,2,28.6,90.0,0.3404885290299336,0.3463840398430247,-0.2397213062946159,1.048951048951049
Посадас,-27.2206,-55.8339,2025-03-01,2025,3,25.7,192.0,-0.08607671200449732,-0.09796965055018006,0.07704966567872025,2.490272373540856
Посадас,-27.2206,-55.8339,2025-04-01,2025,4,20.5,90.0,-0.35412472786095867,-0.3596267615503664,0.06375150795476754,1.4634146341463414
Посадас,-27.2206,-55.8339,2025-05-01,2025,5,19.7,232.0,0.4377492161398565,0.4908829311685381,0.5190212813448839,3.925549915397631
Посадас,-27.2206,-55.8339,2025-06-01,2025,6,14.3,233.0,0.696047000039848,0.7296143729122875,0.47206724220060003,5.431235431235431
Посадас,-27.2206,-55.8339,2025-07-01,2025,7,16.0,100.0,1.2583619233396606,1.3065278366159214,0.5878411934562079,2.0833333333333335
Посадас,-27.2206,-55.8339,2025-08-01,2025,8,17.4,78.0,0.7828158490549847,0.8318129593421342,0.7040296705060882,1.4942528735632183
Посадас,-27.2206,-55.8339,2025-09-01,2025,9,20.2,266.0,0.8734489608048271,0.941398960067034,0.8660569549307895,4.3894389438943895
Посадас,-27.2206,-55.8339,2025-10-01,2025,10,21.2,265.0,0.9937577226913872,1.0301276933038266,1.4248862284051862,4.166666666666667
Посадас,-27.2206,-55.8339,2025-11-01,2025,11,23.7,87.0,0.6324886414035941,0.7097415968595069,0.8976347592632526,1.2236286919831223
Посадас,-27.2206,-55.8339,2025-12-01,2025,12,25.4,323.0,0.6667762808179464,0.749990179186746,0.5288760700692626,4.238845144356955
Посадас,-27.2206,-55.8339,2026-01-01,2026,1,26.2,102.0,0.15440484400981888,0.170487152452143,0.7095167603860696,1.297709923664122
Посадас,-27.2206,-55.8339,2026-02-01,2026,2,27.7,98.0,0.32241320827311465,0.32621612096458585,0.6149435350147002,1.1793020457280385
Посадас,-27.2206,-55.8339,2026-03-01,2026,3,27.7,98.0,-0.8462664846857095,-0.8879950714852753,0.0087843105615702,1.1793020457280385
Посадас,-27.2206,-55.8339,2026-04-01,2026,4,27.7,98.0,-0.791461201691637,-0.8392529909857805,-0.42592102664758813,1.1793020457280385
Посадас,-27.2206,-55.8339,2026-05-01,2026,5,18.2,140.64937582604597,-0.3840027758112689,-0.45955942428031105,-0.1435148126251222,2.5759958942499264
Посадас,-27.2206,-55.8339,2026-06-01,2026,6,16.3,64.59048465881844,-0.4994143181726956,-0.6046414497516527,-0.9216073670100341,1.3208688069288026
Посадас,-27.2206,-55.8339,2026-07-01,2026,7,15.9,90.29094486648688,-0.2150178924583212,-0.28988722493752084,-0.7361050240841633,1.8928919259221568
Посадас,-27.2206,-55.8339,2026-08-01,2026,8,17.7,57.888021787358795,-0.6594830750277209,-0.7636168442169402,-0.7217051217638568,1.090169901833499
Посадас,-27.2206,-55.8339,2026-09-01,2026,9,19.4,119.78300699807045,-0.36354513309450676,-0.3623537385306039,-0.6702479639047276,2.0581272680080835
Посадас,-27.2206,-55.8339,2026-10-01,2026,10,21.9,156.19653752003268,-0.5299474251448473,-0.581905574971997,-0.6096143686955307,2.377420662405368
Посадас,-27.2206,-55.8339,2026-11-01,2026,11,23.7,254.08814477021383,0.20880945386369526,0.2618439439780951,-0.18336220180717958,3.5736729222252297
Посадас,-27.2206,-55.8339,2026-12-01,2026,12,25.8,161.15467348255254,0.20229682684699224,0.23137509156872257,-0.06117752125875605,2.0821017245807822
Росарио,-32.9081,-60.7819,1961-01-01,1961,1,23.0,213.0,,,,3.0869565217391304
Росарио,-32.9081,-60.7819,1961-02-01,1961,2,22.8,73.0,,,,1.067251461988304
Росарио,-32.9081,-60.7819,1961-03-01,1961,3,20.3,249.0,1.1112436006330084,1.1353020056396619,,4.088669950738916
Росарио,-32.9081,-60.7819,1961-04-01,1961,4,16.2,114.0,0.6147813673546778,0.6471980877448423,,2.345679012345679
Росарио,-32.9081,-60.7819,1961-05-01,1961,5,15.6,61.0,1.049929547450981,1.0820450148694183,,1.3034188034188035
Росарио,-32.9081,-60.7819,1961-06-01,1961,6,10.1,15.0,0.2719884883628987,0.3245142784103017,1.093984280138789,0.49504950495049505
Росарио,-32.9081,-60.7819,1961-07-01,1961,7,10.1,35.0,0.09560361557732489,0.1162583577976488,0.606560493322657,1.155115511551155
Росарио,-32.9081,-60.7819,1961-08-01,1961,8,14.0,49.0,0.2398036981934487,0.24038507418327645,1.011793221063015,1.1666666666666667
Росарио,-32.9081,-60.7819,1961-09-01,1961,9,13.4,38.0,0.25819307598487456,0.29471317160236793,0.2632872132089358,0.945273631840796
Росарио,-32.9081,-60.7819,1961-10-01,1961,10,18.2,85.0,0.004185921596356631,0.09139891829674465,0.019450664397638033,1.5567765567765568
Росарио,-32.9081,-60.7819,1961-11-01,1961,11,20.7,128.0,0.17018978063530865,0.21873989126096785,0.23339276424367994,2.0611916264090175
Росарио,-32.9081,-60.7819,1961-12-01,1961,12,22.2,319.0,1.4992517912704217,1.4838950409615523,1.2935141122782263,4.78978978978979
Росарио,-32.9081,-60.7819,1962-01-01,1962,1,23.0,46.0,1.3960647702887365,1.3658752510320344,0.9827652600254295,0.6666666666666666
Росарио,-32.9081,-60.7819,1962-02-01,1962,2,22.8,11.0,0.39162444753059467,0.4315126937820499,0.32431805675833225,0.1608187134502924
Росарио,-32.9081,-60.7819,1962-03-01,1962,3,22.5,299.0,0.01172813086690179,-0.008098422818648384,0.9907775119165186,4.42962962962963
Росарио,-32.9081,-60.7819,1962-04-01,1962,4,16.1,93.0,0.4227935793893125,0.4449169081193504,1.0991910669319098,1.9254658385093166
Росарио,-32.9081,-60.7819,1962-05-01,1962,5,11.7,17.0,0.9463999301371256,0.981462236519818,0.8482896060372287,0.4843304843304843
Росарио,-32.9081,-60.7819,1962-06-01,1962,6,9.5,0.6,-0.7386550806935899,-0.8282437705690961,-0.4004577422274022,
Росарио,-32.9081,-60.7819,1962-07-01,1962,7,6.9,91.0,0.054811964218315766,0.06879868416886882,0.39216960721065447,
Росарио,-32.9081,-60.7819,1962-08-01,1962,8,11.3,21.0,0.44854966729960666,0.46296198517498427,1.0013095036314477,0.6194690265486725
Росарио,-32.9081,-60.7819,1962-09-01,1962,9,14.1,66.0,0.8591032505923646,0.9054779147397022,0.015224603690710598,1.5602836879432624
Росарио,-32.9081,-60.7819,1962-10-01,1962,10,16.2,46.0,-0.4150516979689679,-0.4121904891720721,-0.41044859495840236,0.9465020576131687
Росарио,-32.9081,-60.7819,1962-11-01,1962,11,21.2,95.0,-0.2778602443204069,-0.3018513900909969,-0.04553821339499161,1.4937106918238994
Росарио,-32.9081,-60.7819,1962-12-01,1962,12,24.6,50.0,-1.0517628841362716,-1.1285790214418578,-0.3017039481817205,0.6775067750677507
Росарио,-32.9081,-60.7819,1963-01-01,1963,1,24.2,60.0,-0.9808028424215058,-1.0297631256122186,-1.065275123890452,0.8264462809917356
Росарио,-32.9081,-60.7819,1963-02-01,1963,2,24.3,62.0,-1.3404890522618615,-1.3812819456014318,-1.2245559599659468,0.850480109739369
Росарио,-32.9081,-60.7819,1963-03-01,1963,3,20.5,272.0,0.25661281484840587,0.25633880307448276,-0.48810064665834957,4.4227642276422765
Росарио,-32.9081,-60.7819,1963-04-01,1963,4,19.3,78.0,0.476152138235741,0.5012420336266347,-0.3095358573543153,1.3471502590673574
Росарио,-32.9081,-60.7819,1963-05-01,1963,5,14.1,23.0,0.6892295183352524,0.7236982778889033,-0.44815366330380846,0.5437352245862884
Росарио,-32.9081,-60.7819,1963-06-01,1963,6,11.3,5.0,-0.8089905206052318,-0.9033719292771141,-0.1821096544134292,0.14749262536873156
Росарио,-32.9081,-60.7819,1963-07-01,1963,7,13.1,40.0,-0.702433737826238,-0.7947160128087807,0.18844348267382552,1.0178117048346056
Росарио,-32.9081,-60.7819,1963-08-01,1963,8,11.8,27.0,-0.23246394148292326,-0.2782796346569223,0.43379485220330843,0.7627118644067796
Росарио,-32.9081,-60.7819,1963-09-01,1963,9,13.6,35.0,-0.0027208432753357942,0.0015280256103153236,-0.9049840209298053,0.8578431372549019
Росарио,-32.9081,-60.7819,1963-10-01,1963,10,16.2,51.0,-0.6646937170977535,-0.7139617806054677,-1.1131009586706115,1.0493827160493827
Росарио,-32.9081,-60.7819,1963-11-01,1963,11,17.8,102.0,-0.49873298918921377,-0.5529065893187043,-0.6646607954367756,1.9101123595505618
Росарио,-32.9081,-60.7819,1963-12-01,1963,12,21.9,93.0,-0.4930307864241693,-0.5441098460777173,-0.4690581763213001,1.4155251141552512
Росарио,-32.9081,-60.7819,1964-01-01,1964,1,23.8,56.0,-0.49522586760284937,-0.5158397429434265,-0.8625775628096735,0.7843137254901961
Росарио,-32.9081,-60.7819,1964-02-01,1964,2,23.2,58.0,-0.9932643624076068,-1.0561965581507504,-1.1188731188127623,0.8333333333333334
Росарио,-32.9081,-60.7819,1964-03-01,1964,3,19.9,246.0,0.0378289424854488,0.020713682248057863,-0.38005777536324586,4.1206030150753765
Росарио,-32.9081,-60.7819,1964-04-01,1964,4,17.3,107.0,0.4702616858046654,0.49657253469926865,-0.06857513432913387,2.0616570327552988
Росарио,-32.9081,-60.7819,1964-05-01,1964,5,15.4,28.0,0.7474959904753422,0.7844605908133798,-0.20076852525355873,0.6060606060606061
Росарио,-32.9081,-60.7819,1964-06-01,1964,6,8.3,25.0,-0.0731039143411436,-0.0729615385925866,-0.05051774394215793,
Росарио,-32.9081,-60.7819,1964-07-01,1964,7,8.6,0.3,-1.016154378507124,-1.1207434524269138,0.08504380903246651,
Росарио,-32.9081,-60.7819,1964-08-01,1964,8,10.4,29.0,-0.6024856052306663,-0.6753703397780195,0.3581250470122375,0.9294871794871795
Росарио,-32.9081,-60.7819,1964-09-01,1964,9,14.1,57.0,-0.23431923187129702,-0.26511217559418593,-0.46047259231947757,1.3475177304964538
Росарио,-32.9081,-60.7819,1964-10-01,1964,10,15.8,31.0,-0.6123752684481057,-0.6522024285834356,-1.2446813698851182,0.6540084388185654
Росарио,-32.9081,-60.7819,1964-11-01,1964,11,18.3,52.0,-1.175572333436203,-1.278130049333602,-1.4454380953059087,0.9471766848816029
Росарио,-32.9081,-60.7819,1964-12-01,1964,12,21.8,70.0,-1.5119326174068464,-1.538013378341888,-1.4812282513493806,1.070336391437309
Росарио,-32.9081,-60.7819,1965-01-01,1965,1,25.1,20.0,-1.7812703295891485,-1.7493077531444365,-1.6722892798170352,0.2656042496679947
Росарио,-32.9081,-60.7819,1965-02-01,1965,2,25.0,37.0,-1.8339203695623456,-1.7835908298714367,-1.8992847339117274,0.49333333333333335
Росарио,-32.9081,-60.7819,1965-03-01,1965,3,19.0,25.0,-2.004406966713805,-1.8478211879033035,-1.9317439235994502,0.43859649122807015
Росарио,-32.9081,-60.7819,1965-04-01,1965,4,16.5,96.0,-1.5241589834587614,-1.5138182172483614,-1.7428722254550504,1.9393939393939394
Росарио,-32.9081,-60.7819,1965-05-01,1965,5,12.6,18.0,-1.449916716510023,-1.4454615224741199,-1.8781612755448593,0.47619047619047616
Росарио,-32.9081,-60.7819,1965-06-01,1965,6,15.0,134.0,0.8558287902453694,0.9469266190175771,-1.301941865120584,2.977777777777778
Росарио,-32.9081,-60.7819,1965-07-01,1965,7,9.6,36.0,1.244020933142147,1.325636281692105,-0.7683481245939934,
Росарио,-32.9081,-60.7819,1965-08-01,1965,8,11.7,22.0,1.4382956644078242,1.3755432711418567,-0.4925450783829057,0.6267806267806267
Росарио,-32.9081,-60.7819,1965-09-01,1965,9,12.6,22.0,-0.3358737978770432,-0.38218174069178645,0.42463466666219307,0.582010582010582
Росарио,-32.9081,-60.7819,1965-10-01,1965,10,17.6,52.0,-0.9033102266237637,-0.9958604280852867,0.029398275999978175,0.9848484848484849
Росарио,-32.9081,-60.7819,1965-11-01,1965,11,20.0,169.0,0.09413335308396871,0.13249420766554135,0.8720407962231016,2.816666666666667
Росарио,-32.9081,-60.7819,1965-12-01,1965,12,21.1,179.0,0.7042637812489491,0.7653843138693905,0.4806169388012421,2.8278041074249605
Росарио,-32.9081,-60.7819,1966-01-01,1966,1,24.0,76.0,0.9331797817383326,0.9715097974097076,0.21961278556470173,1.0555555555555556
Росарио,-32.9081,-60.7819,1966-02-01,1966,2,21.4,72.0,0.028798455410466314,0.03309815273966038,-0.01160924029117053,1.1214953271028036
Росарио,-32.9081,-60.7819,1966-03-01,1966,3,20.2,461.0,1.5303330718714117,1.5124685661186366,1.4951147194803083,7.6072607260726075
Росарио,-32.9081,-60.7819,1966-04-01,1966,4,18.3,137.0,1.76123044758394,1.6681225965537614,1.8954841897428314,2.495446265938069
Росарио,-32.9081,-60.7819,1966-05-01,1966,5,14.5,9.0,2.178582349236089,2.0095252141812523,1.489892667141549,0.20689655172413793
Росарио,-32.9081,-60.7819,1966-06-01,1966,6,12.2,36.0,0.18337463698988402,0.22362665888159994,1.3803380190223378,0.9836065573770492
Росарио,-32.9081,-60.7819,1966-07-01,1966,7,11.8,52.0,-0.14793004470463472,-0.16765100478989384,1.6202460104367358,1.4689265536723164
Росарио,-32.9081,-60.7819,1966-08-01,1966,8,9.9,11.0,0.2398036981934487,0.24038507418327645,2.067080915639465,
Росарио,-32.9081,-60.7819,1966-09-01,1966,9,12.1,2.0,-0.6040004017009114,-0.6863725597810436,-0.45249683154713016,0.05509641873278237
Росарио,-32.9081,-60.7819,1966-10-01,1966,10,17.0,6.0,-2.870088431005851,-2.7384519689669142,-1.9364292735239907,0.11764705882352941
Росарио,-32.9081,-60.7819,1966-11-01,1966,11,21.2,122.0,-1.3490586035148304,-1.4453582538162266,-1.0258579132872485,1.9182389937106918
Росарио,-32.9081,-60.7819,1966-12-01,1966,12,21.5,155.0,-0.16599414398186715,-0.18362641403262284,-0.4715688068859683,2.4031007751937983
Росарио,-32.9081,-60.7819,1967-01-01,1967,1,23.3,213.0,1.3768254302459833,1.3505550780509143,0.1508827526313505,3.0472103004291844
Росарио,-32.9081,-60.7819,1967-02-01,1967,2,22.7,79.0,0.8767210147740125,0.9338846384081747,0.029787142134607553,1.160058737151248
Росарио,-32.9081,-60.7819,1967-03-01,1967,3,20.2,177.0,0.7210953929211886,0.7503330177516397,0.3491809392337299,2.9207920792079207
Росарио,-32.9081,-60.7819,1967-04-01,1967,4,17.4,58.0,-0.15349731659410162,-0.18511624493202522,0.6636081303526917,1.1111111111111112
Росарио,-32.9081,-60.7819,1967-05-01,1967,5,17.0,51.0,0.006992074653632152,-0.013260675154925324,0.5913622723072951,1.0
Росарио,-32.9081,-60.7819,1967-06-01,1967,6,6.7,31.0,-0.325336822702232,-0.36572681321436823,0.49330261501279926,
Росарио,-32.9081,-60.7819,1967-07-01,1967,7,9.6,67.0,0.6967962218511655,0.7886829640392897,0.07585333178561152,
Росарио,-32.9081,-60.7819,1967-08-01,1967,8,11.1,66.0,1.1236376060949151,1.1141138741730332,0.47310221658071455,1.981981981981982
Росарио,-32.9081,-60.7819,1967-09-01,1967,9,14.2,63.0,1.0247583045761819,1.0541796108091084,0.5025668867984796,1.4788732394366197
Росарио,-32.9081,-60.7819,1967-10-01,1967,10,18.0,268.0,1.6394409159060572,1.614352797260802,1.6967162404512468,4.962962962962963
Росарио,-32.9081,-60.7819,1967-11-01,1967,11,20.7,32.0,1.06914671864032,1.1432965682238658,1.3724951649509287,0.5152979066022544
Росарио,-32.9081,-60.7819,1967-12-01,1967,12,24.6,87.0,0.616966413184527,0.672240330744752,1.0078791251333419,1.1788617886178863
Росарио,-32.9081,-60.7819,1968-01-01,1968,1,23.4,104.0,-0.7829910503973113,-0.8269541019065059,0.770456734584372,1.4814814814814814
Росарио,-32.9081,-60.7819,1968-02-01,1968,2,23.4,128.0,-0.03297464130136158,-0.04120232298362283,0.623101303330447,1.8233618233618234
Росарио,-32.9081,-60.7819,1968-03-01,1968,3,20.4,85.0,-0.2469496919842033,-0.2865776684952464,0.10724398616606085,1.3888888888888888
Росарио,-32.9081,-60.7819,1968-04-01,1968,4,14.5,2.0,-0.9444705365797186,-1.0073477282858703,-1.178222718843279,0.04597701149425287
Росарио,-32.9081,-60.7819,1968-05-01,1968,5,11.4,20.0,-1.8520274597505848,-1.750781699583548,-1.098649534417988,0.5847953216374269
Росарио,-32.9081,-60.7819,1968-06-01,1968,6,10.9,93.0,-0.6729689591624708,-0.7568903537105789,-0.6300273574937425,2.8440366972477062
Росарио,-32.9081,-60.7819,1968-07-01,1968,7,13.1,7.0,0.2453114139280945,0.2892598166495423,-0.8487064669694157,0.178117048346056
Росарио,-32.9081,-60.7819,1968-08-01,1968,8,12.7,62.0,1.099969005491422,1.0933568340421194,-0.9790963202172326,1.627296587926509
Росарио,-32.9081,-60.7819,1968-09-01,1968,9,13.9,41.0,0.10561152611735984,0.12464186472964225,-0.7072566480552377,0.9832134292565947
Росарио,-32.9081,-60.7819,1968-10-01,1968,10,16.9,88.0,0.18480457900887315,0.2996395927291585,0.28151747952062056,1.735700197238659
Росарио,-32.9081,-60.7819,1968-11-01,1968,11,22.6,55.0,-0.5479361833002301,-0.6180539551859412,0.19555445739359767,0.8112094395280236
Росарио,-32.9081,-60.7819,1968-12-01,1968,12,22.5,147.0,-0.10756040221710676,-0.12216908872409259,-0.06094955060923145,2.1777777777777776
Росарио,-32.9081,-60.7819,1969-01-01,1969,1,24.2,56.0,-0.42661668923230306,-0.4492295002019067,-0.2506790626492019,0.7713498622589532
Росарио,-32.9081,-60.7819,1969-02-01,1969,2,23.1,178.0,0.4272592720694036,0.4677808908275659,-0.047375990481731904,2.5685425685425685
Росарио,-32.9081,-60.7819,1969-03-01,1969,3,21.1,230.0,0.6908581765971384,0.7178649752971489,0.355679527580546,3.6334913112164298
Росарио,-32.9081,-60.7819,1969-04-01,1969,4,18.0,265.0,1.7741056084937972,1.6769970457756116,1.2518347110012207,4.907407407407407
Росарио,-32.9081,-60.7819,1969-05-01,1969,5,15.0,46.0,1.7965570084160842,1.7263686147530053,1.4415810975614292,1.0222222222222221
Росарио,-32.9081,-60.7819,1969-06-01,1969,6,10.8,19.0,1.5545056025259962,1.5679319815186235,1.3914166745633827,0.5864197530864198
Росарио,-32.9081,-60.7819,1969-07-01,1969,7,12.2,12.0,-0.5221229501835698,-0.5964996429881276,1.5573184346732611,0.32786885245901637
Росарио,-32.9081,-60.7819,1969-08-01,1969,8,9.5,0.9,-1.1895280464672664,-1.2402176465573307,1.3393803960504522,
Росарио,-32.9081,-60.7819,1969-09-01,1969,9,15.2,44.0,-0.7688555323245281,-0.8667790688952014,0.9539462270793295,0.9649122807017544
Росарио,-32.9081,-60.7819,1969-10-01,1969,10,16.9,44.0,-1.0121918716977796,-1.120196284621452,-1.2983502209059798,0.8678500986193295
Росарио,-32.9081,-60.7819,1969-11-01,1969,11,20.3,164.0,0.17955103670059483,0.2302013123131177,-0.4067180026899808,2.6929392446633824
Росарио,-32.9081,-60.7819,1969-12-01,1969,12,24.6,43.0,-0.4468850110013562,-0.5000881380167894,-0.8263256199585828,0.5826558265582655
Росарио,-32.9081,-60.7819,1970-01-01,1970,1,23.6,168.0,0.574420735246532,0.6247674882623102,-0.14689703019544492,2.3728813559322033
Росарио,-32.9081,-60.7819,1970-02-01,1970,2,24.1,70.0,-0.33743643260624395,-0.3798517089013151,-0.2457842962752476,0.9681881051175657
Росарио,-32.9081,-60.7819,1970-03-01,1970,3,22.2,205.0,0.5627588398902547,0.5839615129470003,0.05582278586047605,3.078078078078078
Росарио,-32.9081,-60.7819,1970-04-01,1970,4,20.9,69.0,0.051739533219400655,0.03943853676508956,0.22600311627106726,1.1004784688995215
Росарио,-32.9081,-60.7819,1970-05-01,1970,5,13.7,79.0,0.5405667324994502,0.5673758253739223,0.05456227431297112,1.9221411192214113
Росарио,-32.9081,-60.7819,1970-06-01,1970,6,9.9,11.0,-0.08525167342110278,-0.08721474856478098,0.4511497681862028,
Росарио,-32.9081,-60.7819,1970-07-01,1970,7,10.3,26.0,0.17939483561378214,0.21336544510235683,0.0536592310873569,0.8414239482200647
Росарио,-32.9081,-60.7819,1970-08-01,1970,8,11.4,31.0,-0.31095087107539393,-0.3641099908830615,0.24189366470261067,0.9064327485380117
Росарио,-32.9081,-60.7819,1970-09-01,1970,9,16.0,112.0,0.7721016930817202,0.8238574544779893,0.424625163649814,2.3333333333333335
Росарио,-32.9081,-60.7819,1970-10-01,1970,10,16.1,133.0,0.870750851199736,1.0047071886185577,0.9092322588409607,2.753623188405797
Росарио,-32.9081,-60.7819,1970-11-01,1970,11,18.7,17.0,0.27147856459298136,0.3359005231851094,0.05531925854927168,0.30303030303030304
Росарио,-32.9081,-60.7819,1970-12-01,1970,12,21.8,195.0,0.320593112222731,0.361592150912768,0.6740319421200849,2.981651376146789
Росарио,-32.9081,-60.7819,1971-01-01,1971,1,23.2,137.0,0.37171459160376336,0.42242092599262815,0.7982409207517175,1.9683908045977012
Росарио,-32.9081,-60.7819,1971-02-01,1971,2,21.0,380.0,2.3959340056163687,2.154506448316875,1.8084546985182868,6.031746031746032
Росарио,-32.9081,-60.7819,1971-03-01,1971,3,20.6,193.0,2.0747019405561256,1.9488549134482065,1.669389439803593,3.1229773462783172
Росарио,-32.9081,-60.7819,1971-04-01,1971,4,15.2,81.0,1.6919385316082285,1.6157162944864674,1.5543711505912492,1.7763157894736843
Росарио,-32.9081,-60.7819,1971-05-01,1971,5,11.9,68.0,0.456882248312997,0.47879005358997956,1.9112573032780242,1.9047619047619047
Росарио,-32.9081,-60.7819,1971-06-01,1971,6,7.2,17.0,-0.0011565805955749296,0.010602268772277365,1.699908594610881,
Росарио,-32.9081,-60.7819,1971-07-01,1971,7,12.2,72.0,0.8141005745222131,0.9106992961762296,1.7713339273011086,1.9672131147540983
Росарио,-32.9081,-60.7819,1971-08-01,1971,8,12.2,43.0,0.7216107804927636,0.7405696006878697,0.657304389949743,1.174863387978142
Росарио,-32.9081,-60.7819,1971-09-01,1971,9,15.5,58.0,0.8111392863088749,0.8607809627412514,0.5313124160016234,1.2473118279569892
Росарио,-32.9081,-60.7819,1971-10-01,1971,10,17.5,32.0,-0.4150516979689679,-0.41269558294619735,0.08751374880662909,0.6095238095238096
Росарио,-32.9081,-60.7819,1971-11-01,1971,11,21.4,83.0,-0.6888726696280574,-0.7726984403490016,-0.18978952176540786,1.2928348909657321
Росарио,-32.9081,-60.7819,1971-12-01,1971,12,23.3,83.0,-0.9746153737399756,-1.051985870576746,-0.2845739813206599,1.1874105865522175
Росарио,-32.9081,-60.7819,1972-01-01,1972,1,24.9,105.0,-0.3023680307278295,-0.31359020037993174,-0.5712777704700073,1.4056224899598393
Росарио,-32.9081,-60.7819,1972-02-01,1972,2,23.6,6.0,-1.1189997668081144,-1.179266836153721,-1.2984296593282743,0.0847457627118644
Росарио,-32.9081,-60.7819,1972-03-01,1972,3,19.4,192.0,-0.3417370049108212,-0.38852032566476025,-0.8836718751081655,3.2989690721649483
Росарио,-32.9081,-60.7819,1972-04-01,1972,4,17.0,28.0,-0.8454986198233071,-0.9116510586616123,-0.9076588897847137,0.5490196078431373
Росарио,-32.9081,-60.7819,1972-05-01,1972,5,16.1,4.0,-0.5479843026840545,-0.6099622600648896,-1.1405624784869302,0.08281573498964802
Росарио,-32.9081,-60.7819,1972-06-01,1972,6,12.8,114.0,-0.24752270651663494,-0.27570260643397027,-0.5181306706927742,2.96875
Росарио,-32.9081,-60.7819,1972-07-01,1972,7,9.4,28.0,0.6520583932400723,0.7412068302935448,-0.5737619086705422,
Росарио,-32.9081,-60.7819,1972-08-01,1972,8,11.1,113.0,2.057758294432072,1.8179427321112607,0.6960521848449542,3.3933933933933935
Росарио,-32.9081,-60.7819,1972-09-01,1972,9,14.7,238.0,2.326597075147176,1.957033797539421,1.8474566982464626,5.396825396825397
Росарио,-32.9081,-60.7819,1972-10-01,1972,10,16.2,172.0,2.2945170944660487,2.0166423555932167,2.109774557314293,3.539094650205761
Росарио,-32.9081,-60.7819,1972-11-01,1972,11,19.0,122.0,2.0903250321033484,1.9164395852733573,2.2275868745333796,2.1403508771929824
Росарио,-32.9081,-60.7819,1972-12-01,1972,12,23.5,80.0,0.5276684422531921,0.5804192406247457,1.6117070366258153,1.1347517730496455
Росарио,-32.9081,-60.7819,1973-01-01,1973,1,24.0,147.0,0.37171459160376336,0.4183731763610428,1.715870313643652,2.0416666666666665
Росарио,-32.9081,-60.7819,1973-02-01,1973,2,22.0,253.0,1.088426864558976,1.1339833401465929,1.9195714949726876,3.8333333333333335
Росарио,-32.9081,-60.7819,1973-03-01,1973,3,22.6,185.0,1.3964082276417984,1.3951422993291365,1.2933846222671872,2.728613569321534
Росарио,-32.9081,-60.7819,1973-04-01,1973,4,17.2,93.0,1.1191431785169565,1.1367302761143183,1.0255243297825962,1.802325581395349
Росарио,-32.9081,-60.7819,1973-05-01,1973,5,12.7,5.0,-0.018355689357319578,-0.042380172680854554,0.7399417022342349,0.13123359580052493
Росарио,-32.9081,-60.7819,1973-06-01,1973,6,12.5,119.0,0.5554699248494169,0.6372827699513381,1.4238033860709722,3.1733333333333333
Росарио,-32.9081,-60.7819,1973-07-01,1973,7,9.0,68.0,1.2969305769813422,1.373174595887508,1.4542389865825118,
Росарио,-32.9081,-60.7819,1973-08-01,1973,8,11.1,4.0,1.4275491549449113,1.3670504732107729,0.6565079028233095,0.12012012012012012
Росарио,-32.9081,-60.7819,1973-09-01,1973,9,13.4,9.0,-0.31937248557242076,-0.3631937406857159,0.11647265414590437,0.22388059701492538
Росарио,-32.9081,-60.7819,1973-10-01,1973,10,17.3,101.0,-0.651490868594229,-0.6986119539916472,0.2370572526358825,1.9460500963391136
Росарио,-32.9081,-60.7819,1973-11-01,1973,11,18.4,38.0,-1.0468795172855279,-1.148708215793635,0.13790246534300338,0.6884057971014492
Росарио,-32.9081,-60.7819,1973-12-01,1973,12,22.2,44.0,-1.1425325508252344,-1.2087236042473235,-1.2350738036796538,0.6606606606606606
Росарио,-32.9081,-60.7819,1974-01-01,1974,1,24.3,102.0,-1.2267064685873006,-1.2611168103975638,-1.3678087207208074,1.3991769547325104
Росарио,-32.9081,-60.7819,1974-02-01,1974,2,22.3,59.0,-1.0123751014316391,-1.0747312567497802,-1.380542600062412,0.8819133034379671
Росарио,-32.9081,-60.7819,1974-03-01,1974,3,21.7,38.0,-1.081556214909445,-1.1148279394043255,-1.390211538837544,0.5837173579109063
Росарио,-32.9081,-60.7819,1974-04-01,1974,4,17.7,80.0,-1.3164882244979723,-1.3424498881819538,-1.5033667499612895,1.5065913370998116
Росарио,-32.9081,-60.7819,1974-05-01,1974,5,15.5,54.0,-1.0755065042228311,-1.1256684783142268,-1.349448659644803,1.1612903225806452
Росарио,-32.9081,-60.7819,1974-06-01,1974,6,9.8,30.0,-0.02496299276915185,-0.01706935715659503,-1.0870210303127195,
Росарио,-32.9081,-60.7819,1974-07-01,1974,7,12.8,81.0,0.9286442041027556,1.0262628742645004,-0.7969125606936539,2.109375
Росарио,-32.9081,-60.7819,1974-08-01,1974,8,10.9,13.0,0.6121400953845361,0.6313960369879814,-0.7726594917814849,0.39755351681957185
Росарио,-32.9081,-60.7819,1974-09-01,1974,9,12.2,34.0,0.33059701824522914,0.37368030757276954,0.05207607103859542,0.9289617486338798
Росарио,-32.9081,-60.7819,1974-10-01,1974,10,16.9,26.0,-1.281850926343303,-1.416565259745782,-0.4502518465056516,0.5128205128205129
Росарио,-32.9081,-60.7819,1974-11-01,1974,11,20.2,30.0,-2.2828897113033455,-2.165462362146326,-1.2041935272783884,0.49504950495049505
Росарио,-32.9081,-60.7819,1974-12-01,1974,12,21.7,159.0,-0.7952488328868519,-0.8674260916503507,-0.5133363377034676,2.442396313364055
Росарио,-32.9081,-60.7819,1975-01-01,1975,1,23.7,45.0,-0.667251060507327,-0.7014428695406999,-1.2984595682420879,0.6329113924050633
Росарио,-32.9081,-60.7819,1975-02-01,1975,2,23.1,135.0,0.12005918342015046,0.13270342019715498,-0.9051441892210548,1.948051948051948
Росарио,-32.9081,-60.7819,1975-03-01,1975,3,20.7,125.0,-0.3281313852682046,-0.37360850062984075,-0.7943897429556389,2.0128824476650564
Росарио,-32.9081,-60.7819,1975-04-01,1975,4,17.5,61.0,-0.1044645222545169,-0.13165058304794675,-0.6227730411183495,1.161904761904762
Росарио,-32.9081,-60.7819,1975-05-01,1975,5,15.3,41.0,-0.5194710671011052,-0.5819686352748104,-0.32590707797266244,0.8932461873638344
Росарио,-32.9081,-60.7819,1975-06-01,1975,6,13.0,76.0,0.1381871204682775,0.1717698837192278,-0.29231883379435714,1.9487179487179487
Росарио,-32.9081,-60.7819,1975-07-01,1975,7,8.7,8.0,0.3263732774232597,0.3818017478083454,-0.04138923637175028,
Росарио,-32.9081,-60.7819,1975-08-01,1975,8,10.9,56.0,0.8271658431766727,0.8429109862384915,-0.1990059858268648,1.7125382262996942
Росарио,-32.9081,-60.7819,1975-09-01,1975,9,14.1,134.0,1.04253848336042,1.069621278741409,0.8637214684716404,3.1678486997635935
Росарио,-32.9081,-60.7819,1975-10-01,1975,10,16.6,52.0,0.6160354381548421,0.7613113370022693,0.7354699912582325,1.0441767068273091
Росарио,-32.9081,-60.7819,1975-11-01,1975,11,20.0,47.0,-0.0040291758622519646,0.019225716194300687,0.4269701166239876,0.7833333333333333
Росарио,-32.9081,-60.7819,1975-12-01,1975,12,24.7,32.0,-1.819760994246484,-1.788426749831349,-0.6377144919474272,0.4318488529014845
Росарио,-32.9081,-60.7819,1976-01-01,1976,1,24.6,216.0,-0.08285340279787373,-0.07290042697302183,0.3190092909890439,2.926829268292683
Росарио,-32.9081,-60.7819,1976-02-01,1976,2,23.3,89.0,0.10496288364956488,0.11106905894357888,-0.016380785486491883,1.2732474964234621
Росарио,-32.9081,-60.7819,1976-03-01,1976,3,18.9,98.0,0.31363287938594636,0.31953258606033724,-0.7308100643231287,1.728395061728395
Росарио,-32.9081,-60.7819,1976-04-01,1976,4,15.8,65.0,-0.6241966368766425,-0.6887789416776549,-0.6645194889683465,1.371308016877637
Росарио,-32.9081,-60.7819,1976-05-01,1976,5,13.5,102.0,-0.17343654895775845,-0.20994278815017536,-0.12424144423411106,2.5185185185185186
Росарио,-32.9081,-60.7819,1976-06-01,1976,6,9.9,5.0,0.06924576530227397,0.0923233935298696,0.2924917579006587,
Росарио,-32.9081,-60.7819,1976-07-01,1976,7,10.3,6.0,0.12931047278326013,0.15539280926069665,-0.6251159330512881,0.1941747572815534
Росарио,-32.9081,-60.7819,1976-08-01,1976,8,11.5,121.0,0.7216107804927636,0.7405696006878697,0.04897785963189182,3.5072463768115942
Росарио,-32.9081,-60.7819,1976-09-01,1976,9,13.7,16.0,0.5019386524226893,0.5551905888870796,0.29415402433040566,0.38929440389294406
Росарио,-32.9081,-60.7819,1976-10-01,1976,10,17.0,99.0,0.5686708676440763,0.7128950327512161,0.5991904164120319,1.9411764705882353
Росарио,-32.9081,-60.7819,1976-11-01,1976,11,19.9,106.0,-0.12681775829533767,-0.1258052875097923,0.2590734413306796,1.7755443886097153
Росарио,-32.9081,-60.7819,1976-12-01,1976,12,22.6,204.0,0.7635892463312993,0.8224752478221848,0.8657337122608778,3.0088495575221237
Росарио,-32.9081,-60.7819,1977-01-01,1977,1,24.6,63.0,0.5591552063666414,0.6100134347618464,0.7156429485512528,0.8536585365853658
Росарио,-32.9081,-60.7819,1977-02-01,1977,2,23.1,179.0,0.8701793762344868,0.9247467587477316,0.5438469253002135,2.582972582972583
Росарио,-32.9081,-60.7819,1977-03-01,1977,3,21.1,95.0,-0.11332926824010602,-0.14501163549142074,0.3169783162345604,1.5007898894154819
Росарио,-32.9081,-60.7819,1977-04-01,1977,4,17.9,6.0,-0.40283163538404815,-0.45725140104806844,-0.11941374359190947,0.11173184357541899
Росарио,-32.9081,-60.7819,1977-05-01,1977,5,12.4,25.0,-1.608043716824894,-1.5713559339796839,-0.2936744577659546,0.6720430107526881
Росарио,-32.9081,-60.7819,1977-06-01,1977,6,12.0,37.0,-1.4732617861616393,-1.544998447852778,-0.8113450496552447,1.0277777777777777
Росарио,-32.9081,-60.7819,1977-07-01,1977,7,11.5,17.0,-0.48313374214808524,-0.5527593856124112,-0.6709827971298633,0.4927536231884058
Росарио,-32.9081,-60.7819,1977-08-01,1977,8,11.8,32.0,0.02352691099287869,0.0037998433464913346,-1.3922546072741055,0.903954802259887
Росарио,-32.9081,-60.7819,1977-09-01,1977,9,14.9,169.0,1.2142295684209308,1.21366922148263,-0.01313306154398363,3.78076062639821
Росарио,-32.9081,-60.7819,1977-10-01,1977,10,18.6,190.0,1.6051770436677584,1.5906225943464385,1.3587204204688597,3.4050179211469533
Росарио,-32.9081,-60.7819,1977-11-01,1977,11,20.5,241.0,2.43649582169312,2.1247859822380546,1.959978495719366,3.9186991869918697
Росарио,-32.9081,-60.7819,1977-12-01,1977,12,23.2,78.0,1.3709273997477118,1.3783270903493325,1.5352361330600006,1.1206896551724137
Росарио,-32.9081,-60.7819,1978-01-01,1978,1,23.1,139.0,1.166802659092823,1.1762926854766202,1.6496095028212345,2.005772005772006
Росарио,-32.9081,-60.7819,1978-02-01,1978,2,22.1,63.0,-0.34571185731131865,-0.3844295664228782,1.4933068801969527,0.9502262443438914
Росарио,-32.9081,-60.7819,1978-03-01,1978,3,21.3,277.0,0.7812730853060178,0.8119070797898874,1.4112946729452016,4.33489827856025
Росарио,-32.9081,-60.7819,1978-04-01,1978,4,17.0,15.0,0.12397271032130391,0.12107404461207864,0.7074058077130724,0.29411764705882354
Росарио,-32.9081,-60.7819,1978-05-01,1978,5,13.6,5.0,0.09877487903233563,0.0874548131206543,-0.26381010763908164,0.12254901960784313
Росарио,-32.9081,-60.7819,1978-06-01,1978,6,9.7,19.0,-2.138394516488476,-2.061217452099438,-0.06301845050835032,
Росарио,-32.9081,-60.7819,1978-07-01,1978,7,12.6,44.0,-0.702433737826238,-0.7947160128087796,-0.2027875706703603,1.164021164021164
Росарио,-32.9081,-60.7819,1978-08-01,1978,8,10.4,2.0,-0.3716194534229798,-0.4299951585651075,-0.24036122106372818,0.0641025641025641
Росарио,-32.9081,-60.7819,1978-09-01,1978,9,15.2,151.0,1.0336631432047778,1.0619257186214168,-0.5796194640360087,3.31140350877193
Росарио,-32.9081,-60.7819,1978-10-01,1978,10,17.9,90.0,0.6238535378023881,0.7688327937160749,0.2820008313177729,1.675977653631285
Росарио,-32.9081,-60.7819,1978-11-01,1978,11,20.4,101.0,0.9191115244936093,1.0055719650945305,0.6832381422112598,1.6503267973856208
Росарио,-32.9081,-60.7819,1978-12-01,1978,12,23.2,485.0,2.2307691900108986,2.0096380357783543,1.9142290129826545,6.968390804597701
Росарио,-32.9081,-60.7819,1979-01-01,1979,1,24.9,36.0,2.1621191695807864,1.909296462323296,1.6956222792742968,0.4819277108433735
Росарио,-32.9081,-60.7819,1979-02-01,1979,2,23.8,33.0,1.5366476384990617,1.5243086375267865,1.548904184181832,0.46218487394957986
Росарио,-32.9081,-60.7819,1979-03-01,1979,3,20.3,165.0,-0.8251194350462098,-0.8778956429509582,1.085715408322848,2.70935960591133
Росарио,-32.9081,-60.7819,1979-04-01,1979,4,16.2,55.0,-0.6160070544718041,-0.682210992262788,1.0015290500946374,1.131687242798354
Росарио,-32.9081,-60.7819,1979-05-01,1979,5,12.6,71.0,0.04893448828751497,0.03295507194660167,1.1217664957824274,1.8783068783068784
Росарио,-32.9081,-60.7819,1979-06-01,1979,6,9.9,56.0,0.18337463698988402,0.22363255300921459,-0.7388569834367811,
Росарио,-32.9081,-60.7819,1979-07-01,1979,7,12.6,26.0,0.7558045486156821,0.8505159982321344,-0.32597746932888777,0.6878306878306878
Росарио,-32.9081,-60.7819,1979-08-01,1979,8,13.8,78.0,1.076124613492335,1.0722885540908536,0.48086949127557743,1.8840579710144927
Росарио,-32.9081,-60.7819,1979-09-01,1979,9,13.0,41.0,0.5238435991515398,0.5778035762285806,0.41476279070733807,1.0512820512820513
Росарио,-32.9081,-60.7819,1979-10-01,1979,10,17.2,102.0,0.44664435868128266,0.5872254313947698,0.7856416305088346,1.9767441860465116
Росарио,-32.9081,-60.7819,1979-11-01,1979,11,18.1,86.0,-0.044325236081961844,-0.025659383104972216,0.5531175546755094,1.583793738489871
Росарио,-32.9081,-60.7819,1979-12-01,1979,12,22.1,149.0,0.261390263520024,0.296581656886734,0.49285266753243573,2.2473604826546003
Росарио,-32.9081,-60.7819,1980-01-01,1980,1,24.8,26.0,-0.39758630110343796,-0.41225807488606536,-0.023110791405027573,0.34946236559139787
Росарио,-32.9081,-60.7819,1980-02-01,1980,2,22.5,101.0,-0.3789572480865969,-0.42203489970651037,-0.4194416377390299,1.4962962962962962
Росарио,-32.9081,-60.7819,1980-03-01,1980,3,24.0,134.0,-0.6326279200083633,-0.6886690926202934,-0.4212369094255473,1.8611111111111112
Росарио,-32.9081,-60.7819,1980-04-01,1980,4,19.6,97.0,-0.028850161259229637,-0.04817867869472502,-0.4300222670034244,1.6496598639455782
Росарио,-32.9081,-60.7819,1980-05-01,1980,5,16.0,83.0,0.2372050656684883,0.2394935798541423,-0.19115518953067537,1.7291666666666667
Росарио,-32.9081,-60.7819,1980-06-01,1980,6,10.6,49.0,0.6746285068071067,0.7631540274002446,-0.24734388205550661,1.5408805031446542
Росарио,-32.9081,-60.7819,1980-07-01,1980,7,9.4,44.0,1.0819368647297196,1.1752301839706876,0.36996875876529534,
Росарио,-32.9081,-60.7819,1980-08-01,1980,8,11.7,10.0,0.3028947661832881,0.30841602275230945,0.20969509768355934,0.2849002849002849
Росарио,-32.9081,-60.7819,1980-09-01,1980,9,13.7,26.0,-0.3358737978770432,-0.3821817406917857,0.23232719565806378,0.6326034063260341
Росарио,-32.9081,-60.7819,1980-10-01,1980,10,17.2,73.0,-0.7183630392744182,-0.7797963766342235,0.03846343950532915,1.4147286821705427
Росарио,-32.9081,-60.7819,1980-11-01,1980,11,19.2,63.0,-0.8391778552938178,-0.9355453465903362,-0.6124668808644788,1.09375
Росарио,-32.9081,-60.7819,1980-12-01,1980,12,23.3,77.0,-0.8158016568212151,-0.8918991951853686,-0.9625929052428027,1.1015736766809727
Росарио,-32.9081,-60.7819,1981-01-01,1981,1,23.2,190.0,0.21733734954343722,0.2563853880563394,-0.31802057528297817,2.7298850574712645
Росарио,-32.9081,-60.7819,1981-02-01,1981,2,23.6,357.0,1.9318737676274143,1.8320667668155948,1.120379565574007,5.0423728813559325
Росарио,-32.9081,-60.7819,1981-03-01,1981,3,21.0,22.0,1.3060793763425944,1.3145617112038832,0.49476160226224225,0.3492063492063492
Росарио,-32.9081,-60.7819,1981-04-01,1981,4,17.6,84.0,0.7648709183654211,0.7987073546402468,0.6073867987087699,1.5909090909090908
Росарио,-32.9081,-60.7819,1981-05-01,1981,5,17.8,252.0,0.5781458029279344,0.6076031084400065,1.665437411754725,4.719101123595506
Росарио,-32.9081,-60.7819,1981-06-01,1981,6,9.5,22.0,1.7687187627301535,1.7321771174739244,1.8679878091305577,
Росарио,-32.9081,-60.7819,1981-07-01,1981,7,10.1,66.0,2.9672842358093314,2.5552817589727472,1.743807015017454,2.1782178217821784
Росарио,-32.9081,-60.7819,1981-08-01,1981,8,13.6,0.5,0.06656372532905376,0.05117161399185904,0.4453720976839322,0.012254901960784314
Росарио,-32.9081,-60.7819,1981-09-01,1981,9,13.8,11.0,-0.3778010994766108,-0.4303357547234999,1.3167977020460295,0.26570048309178745
Росарио,-32.9081,-60.7819,1981-10-01,1981,10,17.5,35.0,-1.8545822561659382,-1.9798264197502222,0.8721575833653875,0.6666666666666666
Росарио,-32.9081,-60.7819,1981-11-01,1981,11,20.5,145.0,-0.46249006419470096,-0.5155050171371848,-0.4540845054752138,2.3577235772357725
Росарио,-32.9081,-60.7819,1981-12-01,1981,12,23.2,57.0,-0.5778083215904823,-0.6409220586193992,-0.7651824808357593,0.8189655172413793
Росарио,-32.9081,-60.7819,1982-01-01,1982,1,23.3,97.0,-0.04741258102319381,-0.03064750788306967,-1.0054746029018617,1.3876967095851216
Росарио,-32.9081,-60.7819,1982-02-01,1982,2,22.1,158.0,-0.08766070554813032,-0.09907218343498388,-0.43301699334784205,2.383107088989442
Росарио,-32.9081,-60.7819,1982-03-01,1982,3,21.6,69.0,-0.19994642057232043,-0.2362490184281424,-0.6015384358910263,1.0648148148148149
Росарио,-32.9081,-60.7819,1982-04-01,1982,4,18.8,67.0,-0.2977998953093873,-0.3430887004813612,-0.4305568158475031,1.1879432624113475
Росарио,-32.9081,-60.7819,1982-05-01,1982,5,15.0,45.0,-0.9792515101429107,-1.0371138134051552,-0.7361000742141853,1.0
Росарио,-32.9081,-60.7819,1982-06-01,1982,6,12.0,26.0,-0.35171613591325196,-0.3960785670536151,-0.4304368418222319,0.7222222222222222
Росарио,-32.9081,-60.7819,1982-07-01,1982,7,10.7,14.0,-0.3683592893213746,-0.4224815144524889,-0.522430584324434,0.43613707165109034
Росарио,-32.9081,-60.7819,1982-08-01,1982,8,12.7,7.0,-0.7755548472421565,-0.8518898681176954,-1.2805178839571296,0.1837270341207349
Росарио,-32.9081,-60.7819,1982-09-01,1982,9,16.1,128.0,0.5670470408042279,0.6219874001064297,-0.0022129865556264517,2.6501035196687366
Росарио,-32.9081,-60.7819,1982-10-01,1982,10,17.1,101.0,0.5686708676440763,0.7135309508926078,0.3700465028102966,1.9688109161793372
Росарио,-32.9081,-60.7819,1982-11-01,1982,11,19.2,43.0,0.3605187682191946,0.4340710316716349,-0.04966882782248224,0.7465277777777778
Росарио,-32.9081,-60.7819,1982-12-01,1982,12,24.0,40.0,-1.131027428924398,-1.201426945197352,-0.601385015809828,0.5555555555555556
Росарио,-32.9081,-60.7819,1983-01-01,1983,1,26.1,74.0,-1.572007390874499,-1.5791351953033532,-0.6524039778026827,0.9450830140485313
Росарио,-32.9081,-60.7819,1983-02-01,1983,2,22.9,140.0,-0.5660913230305966,-0.6281453865093568,-0.2901691693801956,2.037845705967977
Росарио,-32.9081,-60.7819,1983-03-01,1983,3,20.9,44.0,-0.6537966633964624,-0.7110362352636221,-1.144711946000685,0.7017543859649122
Росарио,-32.9081,-60.7819,1983-04-01,1983,4,17.2,28.0,-0.9720746222935791,-1.0340926005678104,-1.4733403908135425,0.5426356589147286
Росарио,-32.9081,-60.7819,1983-05-01,1983,5,13.6,55.0,-1.5956403955131129,-1.5616868574023912,-1.3320787298682548,1.3480392156862746
Росарио,-32.9081,-60.7819,1983-06-01,1983,6,8.5,30.0,-0.7026394713768496,-0.7893136772825615,-1.0366650009919478,
Росарио,-32.9081,-60.7819,1983-07-01,1983,7,8.4,2.0,-0.33080313321650023,-0.3794248970208287,-1.1169560447219316,
Росарио,-32.9081,-60.7819,1983-08-01,1983,8,11.2,63.0,0.17516694875911082,0.17014120959569148,-1.3225734922661818,1.875
Росарио,-32.9081,-60.7819,1983-09-01,1983,9,12.9,32.0,-0.07352220872541929,-0.07966509617901459,-0.8817469921574242,0.8268733850129198
Росарио,-32.9081,-60.7819,1983-10-01,1983,10,19.3,123.0,0.4215799125009355,0.5601719126643105,0.2274500124521578,2.1243523316062176
Росарио,-32.9081,-60.7819,1983-11-01,1983,11,20.4,134.0,0.505891181143876,0.589965582488481,0.5127311505969688,2.189542483660131
Росарио,-32.9081,-60.7819,1983-12-01,1983,12,25.1,88.0,0.320593112222731,0.3558275679206827,0.23631004335018127,1.1686586985391767
Росарио,-32.9081,-60.7819,1984-01-01,1984,1,25.4,84.0,0.013873823902329685,0.030916666706000066,0.23889343290943055,1.1023622047244095
Росарио,-32.9081,-60.7819,1984-02-01,1984,2,23.7,223.0,0.5257786098753311,0.568725540620737,0.6314485662969309,3.136427566807314
Росарио,-32.9081,-60.7819,1984-03-01,1984,3,21.3,129.0,0.519655339089804,0.5379846422190575,0.4874279679460819,2.0187793427230045
Росарио,-32.9081,-60.7819,1984-04-01,1984,4,16.2,38.0,0.3443094048859585,0.36105253025475587,0.10466952940302747,0.7818930041152263
Росарио,-32.9081,-60.7819,1984-05-01,1984,5,13.5,52.0,-0.5959288941713565,-0.6602953702075812,-0.05845222544535699,1.2839506172839505
Росарио,-32.9081,-60.7819,1984-06-01,1984,6,8.7,16.0,-0.8089905206052318,-0.9032430901096208,0.08714803880035146,
Росарио,-32.9081,-60.7819,1984-07-01,1984,7,9.1,12.0,-0.4637790288425598,-0.530943062252402,0.12263612146228765,
Росарио,-32.9081,-60.7819,1984-08-01,1984,8,10.0,20.0,-0.7509774822125325,-0.8272783675616052,-0.9945212533151361,
Росарио,-32.9081,-60.7819,1984-09-01,1984,9,14.3,98.0,0.35421093911387286,0.3991596635252986,-0.5795342305439347,2.2843822843822843
Росарио,-32.9081,-60.7819,1984-10-01,1984,10,18.8,128.0,0.6471806961946339,0.7911302109779095,0.41169616122183667,2.269503546099291
Росарио,-32.9081,-60.7819,1984-11-01,1984,11,20.1,78.0,0.6285271110890307,0.7175786024080425,0.24979273117460776,1.2935323383084578
Росарио,-32.9081,-60.7819,1984-12-01,1984,12,20.7,95.0,-0.01769282203613263,-0.01678008510849118,0.16495458985745565,1.5297906602254427
Росарио,-32.9081,-60.7819,1985-01-01,1985,1,24.6,9.0,-1.251079666663724,-1.2851125124166112,-0.3957234827786796,0.12195121951219512
Росарио,-32.9081,-60.7819,1985-02-01,1985,2,23.9,62.0,-1.4029568703052755,-1.43105556507443,-0.6452849044580405,0.8647140864714087
Росарио,-32.9081,-60.7819,1985-03-01,1985,3,21.1,86.0,-1.4004577967389367,-1.3903428994758456,-1.0746485570478757,1.3586097946287519
Росарио,-32.9081,-60.7819,1985-04-01,1985,4,16.9,145.0,-0.30518775162008355,-0.35252356735454593,-1.0097343208100336,2.859960552268245
Росарио,-32.9081,-60.7819,1985-05-01,1985,5,15.1,22.0,-0.27983535791257225,-0.32760146351930636,-1.1345001206537173,0.4856512141280353
Росарио,-32.9081,-60.7819,1985-06-01,1985,6,12.3,39.0,0.4426984921170726,0.5149491263991619,-1.088270810969447,1.056910569105691
Росарио,-32.9081,-60.7819,1985-07-01,1985,7,11.0,70.0,0.42178098031353384,0.48934766306734545,-0.19702228384829654,2.121212121212121
Росарио,-32.9081,-60.7819,1985-08-01,1985,8,11.7,48.0,1.0400205900212598,1.0400875090808597,0.15332337505114974,1.3675213675213675
Росарио,-32.9081,-60.7819,1985-09-01,1985,9,13.8,101.0,1.2225408551220092,1.2204135076684723,1.2435476677195183,2.4396135265700485
Росарио,-32.9081,-60.7819,1985-10-01,1985,10,17.1,140.0,0.9626842059659382,1.086989952452462,1.0852650849942396,2.729044834307992
Росарио,-32.9081,-60.7819,1985-11-01,1985,11,22.3,28.0,0.33409576637251487,0.4019157731498413,0.8121854671893664,0.41853512705530643
Росарио,-32.9081,-60.7819,1985-12-01,1985,12,23.2,137.0,0.014419626961955867,0.01633378256513972,0.7241495816460216,1.9683908045977012
Росарио,-32.9081,-60.7819,1986-01-01,1986,1,24.9,162.0,0.19244061432746404,0.22582905748580312,0.7498621483774994,2.1686746987951806
Росарио,-32.9081,-60.7819,1986-02-01,1986,2,23.1,65.0,0.3050997409927774,0.33378972618437125,0.3551384367320018,0.937950937950938
Росарио,-32.9081,-60.7819,1986-03-01,1986,3,19.4,78.0,-0.3281313852682046,-0.37438612961062756,-0.3645459309358959,1.3402061855670102
Росарио,-32.9081,-60.7819,1986-04-01,1986,4,18.5,195.0,0.011684995204969562,-0.002889508985548793,-0.05723295004160958,3.5135135135135136
Росарио,-32.9081,-60.7819,1986-05-01,1986,5,14.4,18.0,0.04893448828751497,0.03338477708740224,0.17265313195966453,0.4166666666666667
Росарио,-32.9081,-60.7819,1986-06-01,1986,6,13.2,44.0,0.9387416415220965,1.0279131403203712,0.21243110258119804,1.1111111111111112
Росарио,-32.9081,-60.7819,1986-07-01,1986,7,11.6,0.0,-0.827402141898546,-0.927651842838867,-0.36861757851717586,0.0
Росарио,-32.9081,-60.7819,1986-08-01,1986,8,12.2,44.0,0.058014961097605455,0.041769472156719965,-0.09974896810319107,1.2021857923497268
Росарио,-32.9081,-60.7819,1986-09-01,1986,9,15.1,50.0,-0.11726201086764304,-0.13001833633902704,0.6435927679220419,1.1037527593818985
Росарио,-32.9081,-60.7819,1986-10-01,1986,10,17.7,75.0,-0.02556521802499675,0.05649749715238188,-0.5283728107411899,1.4124293785310735
Росарио,-32.9081,-60.7819,1986-11-01,1986,11,20.4,151.0,0.3953783390186915,0.47104808111196317,0.3529009887033489,2.4673202614379086
Росарио,-32.9081,-60.7819,1986-12-01,1986,12,23.5,73.0,-0.033860310799958916,-0.0368722356531114,-0.11198059381318237,1.0354609929078014
Росарио,-32.9081,-60.7819,1987-01-01,1987,1,25.3,41.0,-0.35921719553949943,-0.3756297789251579,-0.3553121125023959,0.5401844532279315
Росарио,-32.9081,-60.7819,1987-02-01,1987,2,24.5,113.0,-0.8065451265117637,-0.8772296611878425,-0.43684518392091476,1.5374149659863945
Росарио,-32.9081,-60.7819,1987-03-01,1987,3,21.6,247.0,0.30099324163737845,0.3027041105965348,0.08530731370476709,3.8117283950617282
Росарио,-32.9081,-60.7819,1987-04-01,1987,4,17.9,78.0,0.6261048342135099,0.6573477404526914,0.1416102282526484,1.452513966480447
Росарио,-32.9081,-60.7819,1987-05-01,1987,5,11.4,89.0,0.9811353185770701,1.0155539078872904,0.09299449094176042,2.6023391812865495
Росарио,-32.9081,-60.7819,1987-06-01,1987,6,10.6,0.0,0.01068207311544574,0.02434152227774259,0.24713696543149963,0.0
Росарио,-32.9081,-60.7819,1987-07-01,1987,7,12.5,49.0,0.5306534592272923,0.6099063986878509,0.7687773714024693,1.3066666666666666
Росарио,-32.9081,-60.7819,1987-08-01,1987,8,11.0,20.0,-0.2910791260520869,-0.3424356795253381,0.724318211356906,0.6060606060606061
Росарио,-32.9081,-60.7819,1987-09-01,1987,9,13.5,14.0,-0.2868125769523934,-0.3256805167104981,-0.4179855670675815,0.345679012345679
Росарио,-32.9081,-60.7819,1987-10-01,1987,10,17.6,98.0,-0.42687463288562666,-0.42710555247589266,-0.11034760654525488,1.856060606060606
Росарио,-32.9081,-60.7819,1987-11-01,1987,11,20.8,97.0,-0.2557235112290774,-0.2759853211684218,-0.47056002052282103,1.5544871794871795
Росарио,-32.9081,-60.7819,1987-12-01,1987,12,21.8,97.0,-0.09104627872448846,-0.09942835919977223,-0.25048501111721,1.4831804281345566
Росарио,-32.9081,-60.7819,1988-01-01,1988,1,23.6,145.0,0.29116004847658394,0.3356688395921165,-0.09671873277544459,2.0480225988700567
Росарио,-32.9081,-60.7819,1988-02-01,1988,2,22.7,71.0,-0.0798114501408662,-0.08957278200650357,-0.3120852679409854,1.0425844346549193
Росарио,-32.9081,-60.7819,1988-03-01,1988,3,22.9,256.0,0.7391900525164754,0.768292218196024,0.4078941571998989,3.7263464337700145
Росарио,-32.9081,-60.7819,1988-04-01,1988,4,15.6,28.0,0.12397271032130391,0.1207296760818146,0.09795894216352208,0.5982905982905983
Росарио,-32.9081,-60.7819,1988-05-01,1988,5,10.4,0.0,-0.009891073075532728,-0.032233925707877704,-0.15011705157886862,0.0
Росарио,-32.9081,-60.7819,1988-06-01,1988,6,8.9,1.0,-2.424517350769573,-2.247176705670107,-0.1739862658224405,
Росарио,-32.9081,-60.7819,1988-07-01,1988,7,8.9,31.0,-1.5237514497062856,-1.59149409664342,-0.4638549086628627,
Росарио,-32.9081,-60.7819,1988-08-01,1988,8,12.0,5.0,-1.0395252091129323,-1.1055164377634163,-0.5740129071922434,0.1388888888888889
Росарио,-32.9081,-60.7819,1988-09-01,1988,9,13.8,91.0,0.31869475226145955,0.36078514422148583,-1.501071674847277,2.1980676328502415
Росарио,-32.9081,-60.7819,1988-10-01,1988,10,16.3,53.0,-0.23386888716845985,-0.19339324853574683,-1.114101794992953,1.0838445807770962
Росарио,-32.9081,-60.7819,1988-11-01,1988,11,21.8,24.0,-0.7559364913426377,-0.8489052710416136,-1.3175060552301234,0.3669724770642202
Росарио,-32.9081,-60.7819,1988-12-01,1988,12,24.4,63.0,-1.6893277711515293,-1.6908312885052652,-1.2136917531158984,0.860655737704918
Росарио,-32.9081,-60.7819,1989-01-01,1989,1,26.0,62.0,-1.6818648961791363,-1.6771620794507707,-1.3759366373142132,0.7948717948717948
Росарио,-32.9081,-60.7819,1989-02-01,1989,2,25.1,62.0,-1.1882394384900348,-1.2480380628959877,-1.3766492454649701,0.8233731739707836
Росарио,-32.9081,-60.7819,1989-03-01,1989,3,20.3,46.0,-1.3003785783185617,-1.3088109459109716,-1.6709060879640012,0.7553366174055829
Росарио,-32.9081,-60.7819,1989-04-01,1989,4,18.2,100.0,-1.0093086173566708,-1.0709354058639329,-1.5245324969045442,1.8315018315018314
Росарио,-32.9081,-60.7819,1989-05-01,1989,5,13.6,40.0,-0.9267464024475636,-0.9871429717567115,-1.3736491899088854,0.9803921568627451
Росарио,-32.9081,-60.7819,1989-06-01,1989,6,11.4,21.0,-0.06100160504296707,-0.058986463120692195,-1.2969041872538734,0.6140350877192983
Росарио,-32.9081,-60.7819,1989-07-01,1989,7,9.5,31.0,-0.23837138920062667,-0.27274800976607066,-1.1111373487881808,
Росарио,-32.9081,-60.7819,1989-08-01,1989,8,13.3,75.0,0.6536752185388196,0.6731708602332604,-0.6377650070338682,1.8796992481203008
Росарио,-32.9081,-60.7819,1989-09-01,1989,9,13.2,14.0,0.2335118065121874,0.26752001832018985,-0.0680545605239952,0.35353535353535354
Росарио,-32.9081,-60.7819,1989-10-01,1989,10,17.1,57.0,-0.26676339336549576,-0.2324443304602311,-0.45031173451994827,1.1111111111111112
Росарио,-32.9081,-60.7819,1989-11-01,1989,11,20.5,142.0,-0.21202582857447275,-0.22436054876867217,0.1451297637554158,2.3089430894308944
Росарио,-32.9081,-60.7819,1989-12-01,1989,12,24.9,163.0,0.4433548050693061,0.4894166350576291,0.48913044412428835,2.182061579651941
Росарио,-32.9081,-60.7819,1990-01-01,1990,1,25.2,107.0,0.8478812978912761,0.8877112927014982,0.44013928841882605,1.4153439153439153
Росарио,-32.9081,-60.7819,1990-02-01,1990,2,22.6,85.0,0.23924889671884894,0.25959579097203456,-0.029233122171580188,1.2536873156342183
Росарио,-32.9081,-60.7819,1990-03-01,1990,3,20.1,87.0,-0.506728656156615,-0.5606917237598842,-0.2106983072313285,1.4427860696517414
Росарио,-32.9081,-60.7819,1990-04-01,1990,4,17.5,88.0,-0.5592950997704039,-0.6220884880526265,-0.02086286637795791,1.6761904761904762
Росарио,-32.9081,-60.7819,1990-05-01,1990,5,13.1,56.0,-0.48174251512095695,-0.5422426667214173,-0.21588200507460356,1.424936386768448
Росарио,-32.9081,-60.7819,1990-06-01,1990,6,8.9,0.2,-0.27066310718299563,-0.30260605203804514,-0.69030920859346,
Росарио,-32.9081,-60.7819,1990-07-01,1990,7,9.8,19.0,-0.5575386583205063,-0.6359775265491766,-0.8471565921391021,
Росарио,-32.9081,-60.7819,1990-08-01,1990,8,14.9,21.0,-0.9511350119953611,-1.0228634312405085,-0.9630694662638698,0.4697986577181208
Росарио,-32.9081,-60.7819,1990-09-01,1990,9,13.4,26.0,-0.5847560299979837,-0.6649179209832097,-0.8794240302627881,0.6467661691542289
Росарио,-32.9081,-60.7819,1990-10-01,1990,10,18.9,171.0,0.4215799125009355,0.5602691129259629,0.11768346157938621,3.015873015873016
Росарио,-32.9081,-60.7819,1990-11-01,1990,11,21.8,214.0,1.389113948557811,1.4143014357638748,0.9712231815948891,3.27217125382263
Росарио,-32.9081,-60.7819,1990-12-01,1990,12,21.8,174.5,1.6480282007423837,1.600188522244934,1.185739109093085,2.668195718654434
Росарио,-32.9081,-60.7819,1991-01-01,1991,1,23.0,135.0,1.5876016653010343,1.5136665095077266,1.2931120607427729,1.9565217391304348
Росарио,-32.9081,-60.7819,1991-02-01,1991,2,22.5,21.0,0.05558693025467563,0.06230152302225828,0.9208379795935179,0.3111111111111111
Росарио,-32.9081,-60.7819,1991-03-01,1991,3,22.5,40.0,-1.1039181960298927,-1.1340108805519056,0.365475168274959,0.5925925925925926
Росарио,-32.9081,-60.7819,1991-04-01,1991,4,17.2,289.0,0.09132810107055817,0.08432813234865659,0.9962982823132134,5.60077519379845
Росарио,-32.9081,-60.7819,1991-05-01,1991,5,15.5,86.0,0.988055051808276,1.0219323860229983,0.6544277535176397,1.8494623655913978
Росарио,-32.9081,-60.7819,1991-06-01,1991,6,10.9,81.0,2.448125638371071,2.187203291325384,0.7307981006341464,2.477064220183486
Росарио,-32.9081,-60.7819,1991-07-01,1991,7,9.8,56.0,1.6898983493322863,1.7034422262065825,0.7532901839387699,
Росарио,-32.9081,-60.7819,1991-08-01,1991,8,12.5,25.0,1.099969005491422,1.0933568340421207,1.3643961447144493,0.6666666666666666
Росарио,-32.9081,-60.7819,1991-09-01,1991,9,15.7,35.0,0.18327872169729562,0.21177690055207588,2.0731591251484973,0.7430997876857749
Росарио,-32.9081,-60.7819,1991-10-01,1991,10,16.4,74.0,-0.4032914156766837,-0.39797399859962423,0.6613325175780056,1.5040650406504066
Росарио,-32.9081,-60.7819,1991-11-01,1991,11,19.7,46.0,-0.940493074780753,-1.0408704723365474,-0.06930317525025932,0.7783417935702199
Росарио,-32.9081,-60.7819,1991-12-01,1991,12,22.8,258.0,0.5553651712089355,0.6109864515878343,0.5614649717800764,3.7719298245614037
Росарио,-32.9081,-60.7819,1992-01-01,1992,1,23.8,83.0,0.6649335093613352,0.7165383246909657,0.2248493879083659,1.1624649859943978
Росарио,-32.9081,-60.7819,1992-02-01,1992,2,23.5,117.0,0.9481776645064761,1.0011820134330232,0.24283567175892096,1.6595744680851063
Росарио,-32.9081,-60.7819,1992-03-01,1992,3,22.3,70.0,-0.5694418284260995,-0.6241096707035925,-0.17324105437024412,1.046337817638266
Росарио,-32.9081,-60.7819,1992-04-01,1992,4,16.1,51.0,-0.7412811117384762,-0.8095480529319145,-0.26497987664047534,1.0559006211180122
Росарио,-32.9081,-60.7819,1992-05-01,1992,5,13.5,40.0,-1.1963795083474147,-1.2326732926775446,-0.027321851689860684,0.9876543209876543
Росарио,-32.9081,-60.7819,1992-06-01,1992,6,13.2,78.0,0.034232291364473526,0.05176836993818387,-0.5845155785373345,1.9696969696969697
Росарио,-32.9081,-60.7819,1992-07-01,1992,7,8.2,6.0,0.3102764918867918,0.36350360418281646,-0.6487750342930255,
Росарио,-32.9081,-60.7819,1992-08-01,1992,8,11.7,44.0,0.6673891432669138,0.6868703977719707,-0.8266603238146715,1.2535612535612535
Росарио,-32.9081,-60.7819,1992-09-01,1992,9,14.4,27.0,-0.3863058496631522,-0.44008497466121976,-0.463929725548498,0.625
Росарио,-32.9081,-60.7819,1992-10-01,1992,10,17.7,83.0,-0.180056597385744,-0.12896862826978472,-0.030634431804962177,1.5630885122410547
Росарио,-32.9081,-60.7819,1992-11-01,1992,11,18.5,181.0,0.5225335475157334,0.6083539127697796,0.7667109277666624,3.2612612612612613
Росарио,-32.9081,-60.7819,1992-12-01,1992,12,22.7,127.0,0.6440346806587939,0.7022697555928396,0.40606578408753463,1.8649045521292218
Росарио,-32.9081,-60.7819,1993-01-01,1993,1,24.8,118.0,0.947245853468092,0.9824267117171033,0.5642448993327134,1.586021505376344
Росарио,-32.9081,-60.7819,1993-02-01,1993,2,22.3,30.0,-0.3873048454656172,-0.43199308993818086,-0.039037511871502464,0.4484304932735426
Росарио,-32.9081,-60.7819,1993-03-01,1993,3,22.6,45.0,-1.1263424186474673,-1.1556169045401137,-0.49134171549757527,0.6637168141592921
Росарио,-32.9081,-60.7819,1993-04-01,1993,4,18.0,195.0,-0.4800704157658394,-0.5395372800832302,0.10731212190974523,3.611111111111111
Росарио,-32.9081,-60.7819,1993-05-01,1993,5,13.9,30.0,-0.12983011576891582,-0.1649683861818465,-0.4466744042879094,0.7194244604316546
Росарио,-32.9081,-60.7819,1993-06-01,1993,6,10.4,57.0,1.1602522014819494,1.2344808178304898,-0.3462582021112106,1.8269230769230769
Росарио,-32.9081,-60.7819,1993-07-01,1993,7,8.6,9.0,-0.16586441145518316,-0.18853224157257634,-0.6190119584372318,
Росарио,-32.9081,-60.7819,1993-08-01,1993,8,11.4,16.0,-0.046912121538287326,-0.0738798845911164,-0.3229700581330897,0.4678362573099415
Росарио,-32.9081,-60.7819,1993-09-01,1993,9,13.3,18.0,-1.1006534395265366,-1.2065156106965036,0.3949276462118469,0.45112781954887216
Росарио,-32.9081,-60.7819,1993-10-01,1993,10,18.2,164.0,0.24825667308616364,0.3714905795229353,0.12544821450340657,3.0036630036630036
Росарио,-32.9081,-60.7819,1993-11-01,1993,11,20.0,96.0,0.4126528286335753,0.4901421180999971,0.319675036637356,1.6
Росарио,-32.9081,-60.7819,1993-12-01,1993,12,22.5,134.0,0.664213717132445,0.7232657165138455,0.20562174168819308,1.9851851851851852
Росарио,-32.9081,-60.7819,1994-01-01,1994,1,23.9,99.0,0.20905477911642142,0.24781972283217926,0.2611598372421893,1.3807531380753137
Росарио,-32.9081,-60.7819,1994-02-01,1994,2,22.7,69.0,-0.16684704343834728,-0.1877117713625147,0.047091743444362726,1.013215859030837
Росарио,-32.9081,-60.7819,1994-03-01,1994,3,20.9,164.0,-0.14654081722739906,-0.1797006889429112,0.21883435078117802,2.615629984051037
Росарио,-32.9081,-60.7819,1994-04-01,1994,4,17.2,196.0,0.5748782259791937,0.6057790422515669,0.43067357414964624,3.798449612403101
Росарио,-32.9081,-60.7819,1994-05-01,1994,5,16.2,95.0,1.25774893230082,1.2744315140428673,0.7111980252550221,1.954732510288066
Росарио,-32.9081,-60.7819,1994-06-01,1994,6,12.8,32.0,1.4992617507860073,1.5237218657615945,0.7463482094615298,0.8333333333333334
Росарио,-32.9081,-60.7819,1994-07-01,1994,7,10.1,8.0,0.48430561631928665,0.5588884423682616,0.703614163786623,0.264026402640264
Росарио,-32.9081,-60.7819,1994-08-01,1994,8,12.0,12.0,-0.6554880424160354,-0.730197858287983,0.8993250197175234,0.3333333333333333
Росарио,-32.9081,-60.7819,1994-09-01,1994,9,15.8,1.0,-1.8880325913952594,-1.8486962278014176,0.5786166554169593,0.02109704641350211
Росарио,-32.9081,-60.7819,1994-10-01,1994,10,17.4,105.0,-0.599496759112906,-0.6361443859318535,-0.28756926452220266,2.0114942528735633
Росарио,-32.9081,-60.7819,1994-11-01,1994,11,21.2,52.0,-0.896487103017342,-0.9973251052447906,-1.254127230697709,0.8176100628930818
Росарио,-32.9081,-60.7819,1994-12-01,1994,12,25.6,90.0,-0.4837485424225614,-0.5429643577577764,-1.2035458140621866,1.171875
Росарио,-32.9081,-60.7819,1995-01-01,1995,1,23.4,71.0,-0.891524891482037,-0.9403047557830112,-1.1191057609077788,1.0113960113960114
Росарио,-32.9081,-60.7819,1995-02-01,1995,2,21.7,74.0,-0.733974798037773,-0.8006039820036434,-1.1355707895494558,1.1367127496159755
Росарио,-32.9081,-60.7819,1995-03-01,1995,3,21.3,183.0,-0.1732022729833331,-0.20721076708189945,-0.5357688827156267,2.863849765258216
Росарио,-32.9081,-60.7819,1995-04-01,1995,4,17.1,64.0,-0.1044645222545169,-0.1306901230930535,-0.7293086292202271,1.2475633528265107
Росарио,-32.9081,-60.7819,1995-05-01,1995,5,13.5,11.0,-0.23519728799738007,-0.27933325576181695,-0.7377181131920003,0.2716049382716049
Росарио,-32.9081,-60.7819,1995-06-01,1995,6,10.5,5.0,-1.24462456919855,-1.33857413342082,-0.7893074910931208,0.15873015873015872
Росарио,-32.9081,-60.7819,1995-07-01,1995,7,9.8,5.0,-1.8178762231635759,-1.8328237799109863,-0.7962557717319416,
Росарио,-32.9081,-60.7819,1995-08-01,1995,8,11.2,0.0,-2.0440328075697467,-1.8667484266794854,-0.9877333014774619,0.0
Росарио,-32.9081,-60.7819,1995-09-01,1995,9,15.5,27.0,-1.4330164181282643,-1.5079400955535627,-1.9893491586261,0.5806451612903226
Росарио,-32.9081,-60.7819,1995-10-01,1995,10,16.9,107.0,-0.4032914156766837,-0.39816717683906094,-1.4340526664359512,2.1104536489151875
Росарио,-32.9081,-60.7819,1995-11-01,1995,11,21.7,126.0,0.25333186268735863,0.31230864781846357,-0.5582869034223376,1.935483870967742
Росарио,-32.9081,-60.7819,1995-12-01,1995,12,24.8,30.0,-0.338739837399109,-0.38207433994792644,-0.946455339986192,0.4032258064516129
Росарио,-32.9081,-60.7819,1996-01-01,1996,1,23.9,104.0,-0.40723868549027487,-0.42906497920400516,-0.6452410252283611,1.4504881450488145
Росарио,-32.9081,-60.7819,1996-02-01,1996,2,23.0,168.0,-0.16684704343834728,-0.19088945514922376,-0.0657796554275453,2.4347826086956523
Росарио,-32.9081,-60.7819,1996-03-01,1996,3,22.3,195.0,0.7090124584676865,0.7370827179439793,0.2364881766155064,2.914798206278027
Росарио,-32.9081,-60.7819,1996-04-01,1996,4,18.3,140.0,0.9770574548708463,1.0052282644459853,0.45373708533100204,2.5500910746812386
Росарио,-32.9081,-60.7819,1996-05-01,1996,5,14.6,47.0,0.7547328962271552,0.79095273596958,0.33029954812059964,1.0730593607305936
Росарио,-32.9081,-60.7819,1996-06-01,1996,6,9.3,13.0,0.37965142950029407,0.4453801960555274,0.8091406023167312,
Росарио,-32.9081,-60.7819,1996-07-01,1996,7,8.7,0.3,-0.8635565491904649,-0.9653720257030803,0.6996522526474345,
Росарио,-32.9081,-60.7819,1996-08-01,1996,8,14.4,5.0,-1.6653804704134498,-1.6188998165519077,0.07457526331318569,0.11574074074074074
Росарио,-32.9081,-60.7819,1996-09-01,1996,9,14.1,25.0,-1.4929180434798264,-1.557674214936065,-0.6456696578344732,0.5910165484633569
Росарио,-32.9081,-60.7819,1996-10-01,1996,10,18.9,120.0,-0.22300686726536983,-0.18126749155329386,-0.7663586614569359,2.1164021164021163
Росарио,-32.9081,-60.7819,1996-11-01,1996,11,22.2,122.0,0.31634466369799197,0.380223595739294,-0.39611576208247046,1.8318318318318318
Росарио,-32.9081,-60.7819,1996-12-01,1996,12,23.9,61.0,-0.0015998065800561362,-0.004689910148581532,-0.6033114446851642,0.8507670850767085
Росарио,-32.9081,-60.7819,1997-01-01,1997,1,26.5,77.0,-0.40723868549027487,-0.43339611562197466,-0.5321378740349273,0.9685534591194969
Росарио,-32.9081,-60.7819,1997-02-01,1997,2,22.7,24.0,-1.4451264924412952,-1.4726039640528874,-0.91227170297948,0.3524229074889868
Росарио,-32.9081,-60.7819,1997-03-01,1997,3,22.1,29.0,-1.6124782919894927,-1.5608287812695407,-1.1856222988330356,0.4374057315233786
Росарио,-32.9081,-60.7819,1997-04-01,1997,4,18.6,77.0,-1.865795906848243,-1.7666686409892842,-1.3884390255088914,1.3799283154121864
Росарио,-32.9081,-60.7819,1997-05-01,1997,5,16.0,43.0,-1.3326106976078904,-1.350340539005954,-1.6731615487468539,0.8958333333333334
Росарио,-32.9081,-60.7819,1997-06-01,1997,6,11.2,49.0,0.034232291364473526,0.05166356290959592,-1.498886096647545,1.4583333333333333
Росарио,-32.9081,-60.7819,1997-07-01,1997,7,13.0,14.0,0.010188085591681497,0.016789947671422518,-1.580479815257369,0.358974358974359
Росарио,-32.9081,-60.7819,1997-08-01,1997,8,13.4,24.0,0.04083005918957194,0.022856952583059913,-1.2236371867921307,0.5970149253731343
Росарио,-32.9081,-60.7819,1997-09-01,1997,9,15.3,1.0,-1.2122047860971725,-1.312356015787978,-0.9049822390864558,0.02178649237472767
Росарио,-32.9081,-60.7819,1997-10-01,1997,10,18.0,85.0,-0.7048141682784383,-0.7626816927170805,-0.6990375979626382,1.5740740740740742
Росарио,-32.9081,-60.7819,1997-11-01,1997,11,20.9,158.0,0.10375657114412197,0.1424738281476222,0.06214142569002372,2.5199362041467306
Росарио,-32.9081,-60.7819,1997-12-01,1997,12,22.6,144.0,0.616966413184527,0.6740823196519077,0.12934835555687196,2.1238938053097347
Росарио,-32.9081,-60.7819,1998-01-01,1998,1,23.0,143.0,1.078822804763266,1.1006603161721122,0.4263628644520236,2.072463768115942
Росарио,-32.9081,-60.7819,1998-02-01,1998,2,22.0,96.0,0.4414460460793301,0.48544904258331883,0.32442692686614916,1.4545454545454546
Росарио,-32.9081,-60.7819,1998-03-01,1998,3,20.2,138.0,0.14789902200557387,0.14144742495461915,0.4082841121290221,2.277227722772277
Росарио,-32.9081,-60.7819,1998-04-01,1998,4,17.4,24.0,-0.5753901895335866,-0.6383528187058414,0.14564881102163652,0.45977011494252873
Росарио,-32.9081,-60.7819,1998-05-01,1998,5,14.8,97.0,-0.22632253640183492,-0.2691326520703499,0.10311186202447059,2.184684684684685
Росарио,-32.9081,-60.7819,1998-06-01,1998,6,11.6,8.0,-0.4733327835949999,-0.5348165824393073,-0.14010212500090038,0.22988505747126436
Росарио,-32.9081,-60.7819,1998-07-01,1998,7,12.5,22.0,0.35839721790948675,0.41807910288353345,-0.47767545855287036,0.5866666666666667
Росарио,-32.9081,-60.7819,1998-08-01,1998,8,12.0,112.0,0.8529853328014361,0.8674911559082908,0.08036426039544098,3.111111111111111
Росарио,-32.9081,-60.7819,1998-09-01,1998,9,13.7,11.0,0.5238435991515398,0.5778035762285813,-0.14575614743420756,0.26763990267639903
Росарио,-32.9081,-60.7819,1998-10-01,1998,10,19.4,56.0,0.07224565437846327,0.17056785759923732,0.2365379124174597,0.9621993127147767
Росарио,-32.9081,-60.7819,1998-11-01,1998,11,20.6,160.0,-0.0647059960736139,-0.053026303357900394,0.3934996884838462,2.588996763754045
Росарио,-32.9081,-60.7819,1998-12-01,1998,12,22.2,251.0,1.12642588779749,1.1670438212281282,1.1320478322414873,3.7687687687687688
Росарио,-32.9081,-60.7819,1999-01-01,1999,1,22.7,106.0,1.547384184733446,1.4837822753151086,1.1153594954576949,1.5565345080763584
Росарио,-32.9081,-60.7819,1999-02-01,1999,2,23.8,91.0,0.8832549780182608,0.9394316725322319,0.5881604581191576,1.2745098039215685
Росарио,-32.9081,-60.7819,1999-03-01,1999,3,22.7,244.0,0.5504644335313743,0.5719274553832026,1.078232545128528,3.582966226138032
Росарио,-32.9081,-60.7819,1999-04-01,1999,4,16.0,115.0,0.6933427714289697,0.7261597635108529,1.4060699484116124,2.3958333333333335
Росарио,-32.9081,-60.7819,1999-05-01,1999,5,13.7,49.0,0.9394252833098667,0.9745742500584482,1.171122136024365,1.1922141119221412
Росарио,-32.9081,-60.7819,1999-06-01,1999,6,11.0,69.0,0.7135086134607364,0.8033049884476351,0.8449533994008864,2.090909090909091
Росарио,-32.9081,-60.7819,1999-07-01,1999,7,9.4,17.0,0.48430561631928665,0.558888442368261,0.8176261804544913,
Росарио,-32.9081,-60.7819,1999-08-01,1999,8,12.8,20.0,0.34925542913147767,0.35801579427473873,0.9481950352842567,0.5208333333333334
Росарио,-32.9081,-60.7819,1999-09-01,1999,9,16.1,47.0,-0.27074731160733106,-0.30715304949632827,0.3144739104738455,0.9730848861283643
Росарио,-32.9081,-60.7819,1999-10-01,1999,10,18.4,45.0,-0.6779809512571412,-0.7308123015428827,-0.3523075656732998,0.8152173913043478
Росарио,-32.9081,-60.7819,1999-11-01,1999,11,21.0,29.0,-1.5198613843476336,-1.5983023473852245,-1.0497753542522579,0.4603174603174603
Росарио,-32.9081,-60.7819,1999-12-01,1999,12,23.5,83.0,-1.4596794893954028,-1.498192098194483,-1.4680391971605968,1.177304964539007
Росарио,-32.9081,-60.7819,2000-01-01,2000,1,25.9,42.0,-1.612756116519715,-1.6149497468123397,-1.621629777135499,0.5405405405405406
Росарио,-32.9081,-60.7819,2000-02-01,2000,2,23.9,228.0,0.22450074618602356,0.2429047492438982,-0.6227377416158726,3.1799163179916317
Росарио,-32.9081,-60.7819,2000-03-01,2000,3,20.8,95.0,0.07034591824108904,0.05301707114302116,-0.7883622122692129,1.5224358974358974
Росарио,-32.9081,-60.7819,2000-04-01,2000,4,18.4,248.0,1.313965614432973,1.3085189746561752,0.2570183161442629,4.492753623188406
Росарио,-32.9081,-60.7819,2000-05-01,2000,5,13.7,185.0,1.7183077768667974,1.665320365560705,1.275049640002135,4.5012165450121655
Росарио,-32.9081,-60.7819,2000-06-01,2000,6,11.9,40.0,2.5568142182502203,2.2520859711876584,1.561179674778734,1.1204481792717087
Росарио,-32.9081,-60.7819,2000-07-01,2000,7,8.2,17.0,1.9173881829274786,1.8776766893927945,1.7771138099222457,
Росарио,-32.9081,-60.7819,2000-08-01,2000,8,12.0,108.0,1.1354070674361714,1.1243777857090347,2.004390388357622,3.0
Росарио,-32.9081,-60.7819,2000-09-01,2000,9,14.6,74.0,1.0513845876449333,1.0772668078050305,2.4707807663198578,1.6894977168949772
Росарио,-32.9081,-60.7819,2000-10-01,2000,10,17.8,179.0,1.4286561516679477,1.463646205126744,1.9043780362064089,3.352059925093633
Росарио,-32.9081,-60.7819,2000-11-01,2000,11,19.5,183.0,1.5450000616841988,1.5367356407266137,1.678617361595533,3.128205128205128
Росарио,-32.9081,-60.7819,2000-12-01,2000,12,23.4,68.0,0.8986948791365206,0.9541051678609508,1.198788053335758,0.9686609686609686
Росарио,-32.9081,-60.7819,2001-01-01,2001,1,25.4,215.0,1.2201584747678131,1.219361393248502,1.5816104106704414,2.8215223097112863
Росарио,-32.9081,-60.7819,2001-02-01,2001,2,25.4,68.0,0.2097102306607471,0.22563275511727102,1.1221614458155047,0.8923884514435696
Росарио,-32.9081,-60.7819,2001-03-01,2001,3,22.7,309.0,1.435661761485388,1.4267547769033024,1.5403097682776294,4.537444933920705
Росарио,-32.9081,-60.7819,2001-04-01,2001,4,18.1,101.0,0.845790623021837,0.8770759050246669,1.3062605743501214,1.860036832412523
Росарио,-32.9081,-60.7819,2001-05-01,2001,5,13.3,7.0,1.0018674273897983,1.0351908195347597,0.7617032855463947,0.17543859649122806
Росарио,-32.9081,-60.7819,2001-06-01,2001,6,12.1,11.0,-0.6145280577807136,-0.6928054017193043,1.0246625165714365,0.30303030303030304
Росарио,-32.9081,-60.7819,2001-07-01,2001,7,11.0,2.0,-1.8459407675953372,-1.854721971194083,0.3041291698039263,0.06060606060606061
Росарио,-32.9081,-60.7819,2001-08-01,2001,8,15.1,132.0,0.8913084690530747,0.9036405954368494,1.2700636847254323,2.9139072847682117
Росарио,-32.9081,-60.7819,2001-09-01,2001,9,14.8,114.0,1.4536480314625433,1.3998516319924184,0.7866129622284503,2.5675675675675675
Росарио,-32.9081,-60.7819,2001-10-01,2001,10,18.3,230.0,2.0630393179604587,1.884542520907843,1.4836290426106085,4.18943533697632
Росарио,-32.9081,-60.7819,2001-11-01,2001,11,20.9,123.0,1.7296160436867198,1.6729578387580115,1.7187084079804746,1.9617224880382775
Росарио,-32.9081,-60.7819,2001-12-01,2001,12,23.2,85.0,0.9490050314237095,1.002482778511938,1.4045228721884537,1.221264367816092
Росарио,-32.9081,-60.7819,2002-01-01,2002,1,24.4,85.0,-0.10069122807286714,-0.09096419309317513,1.3912348930603582,1.1612021857923498
Росарио,-32.9081,-60.7819,2002-02-01,2002,2,22.7,59.0,-0.7882934667756314,-0.8552801578595512,0.6960797387891535,0.8663729809104258
Росарио,-32.9081,-60.7819,2002-03-01,2002,3,22.7,255.0,0.28833566697536794,0.29091187362062515,0.7566432323744114,3.7444933920704844
Росарио,-32.9081,-60.7819,2002-04-01,2002,4,16.6,117.0,0.586322545853869,0.6170977309174415,0.2528977021575365,2.3493975903614457
Росарио,-32.9081,-60.7819,2002-05-01,2002,5,16.2,71.0,1.1782477614850024,1.2014044437674336,0.2655790343871878,1.4609053497942386
Росарио,-32.9081,-60.7819,2002-06-01,2002,6,9.6,5.0,0.30463857701502756,0.3613670839055675,0.39275130595435603,
Росарио,-32.9081,-60.7819,2002-07-01,2002,7,10.1,47.0,0.2941224565098956,0.34509977819661514,0.6463401993110666,1.551155115511551
Росарио,-32.9081,-60.7819,2002-08-01,2002,8,13.6,121.0,1.2280609705898042,1.20384592307584,1.5960968203322083,2.965686274509804
Росарио,-32.9081,-60.7819,2002-09-01,2002,9,14.9,66.0,1.3443772259176947,1.3169280913356414,1.2577074727081476,1.476510067114094
Росарио,-32.9081,-60.7819,2002-10-01,2002,10,19.7,281.0,2.022245746281767,1.8600751557987498,1.863353326988618,4.7546531302876485
Росарио,-32.9081,-60.7819,2002-11-01,2002,11,21.7,138.0,1.8328494109959976,1.7450587483453877,1.8736063358990496,2.119815668202765
Росарио,-32.9081,-60.7819,2002-12-01,2002,12,22.6,168.0,1.7921405958418553,1.7077123401447722,1.7920608684991297,2.47787610619469
Росарио,-32.9081,-60.7819,2003-01-01,2003,1,25.2,30.0,0.2666948596820389,0.3059851159391406,1.5087891611456004,0.3968253968253968
Росарио,-32.9081,-60.7819,2003-02-01,2003,2,23.1,101.0,-0.19085380471354352,-0.21659977283223347,1.1105499418574991,1.4574314574314575
Росарио,-32.9081,-60.7819,2003-03-01,2003,3,21.8,148.0,-0.506728656156615,-0.561727001981537,0.8896037253409794,2.2629969418960245
Росарио,-32.9081,-60.7819,2003-04-01,2003,4,17.0,147.0,0.3807448953760552,0.39990511695284087,0.2939818092602365,2.8823529411764706
Росарио,-32.9081,-60.7819,2003-05-01,2003,5,14.4,56.0,0.5254556888496057,0.5515110652543928,0.14455144954442803,1.2962962962962963
Росарио,-32.9081,-60.7819,2003-06-01,2003,6,12.9,0.0,0.4113153619706709,0.48038284894704625,-0.3007432811081562,0.0
Росарио,-32.9081,-60.7819,2003-07-01,2003,7,9.9,67.0,0.2941224565098956,0.34509977819661514,0.4381177746766219,
Росарио,-32.9081,-60.7819,2003-08-01,2003,8,11.3,40.0,0.36453386994032544,0.3742822825892947,0.5346118461060552,1.1799410029498525
Росарио,-32.9081,-60.7819,2003-09-01,2003,9,15.0,27.0,0.40070073248790555,0.44890296248492834,0.5121775902433732,0.6
Росарио,-32.9081,-60.7819,2003-10-01,2003,10,19.8,51.0,-0.599496759112906,-0.6371545848558786,-0.4180984897956482,0.8585858585858586
Росарио,-32.9081,-60.7819,2003-11-01,2003,11,21.1,94.0,-0.70212638029259,-0.7878584812050042,-0.4607592213656412,1.4849921011058451
Росарио,-32.9081,-60.7819,2003-12-01,2003,12,21.6,154.0,-0.033860310799958916,-0.03557820939731895,0.17823035030397266,2.376543209876543
Росарио,-32.9081,-60.7819,2004-01-01,2004,1,25.3,73.0,0.1421997341419577,0.17433470002838505,-0.3190297882358175,0.9617918313570487
Росарио,-32.9081,-60.7819,2004-02-01,2004,2,22.5,49.0,-0.3789572480865969,-0.4220650535426584,-0.7860608547873694,0.725925925925926
Росарио,-32.9081,-60.7819,2004-03-01,2004,3,22.8,75.0,-1.0964573087660077,-1.129065012512202,-0.9059149524942347,1.0964912280701755
Росарио,-32.9081,-60.7819,2004-04-01,2004,4,18.7,167.0,-0.32001509002615763,-0.3672472187960802,-0.3331361630785565,2.9768270944741535
Росарио,-32.9081,-60.7819,2004-05-01,2004,5,12.0,74.0,0.2532303735012296,0.2575947015265434,-0.17950928761272983,2.0555555555555554
Росарио,-32.9081,-60.7819,2004-06-01,2004,6,12.0,39.0,1.1429777914300616,1.218941975652881,-0.3330625388253295,1.0833333333333333
Росарио,-32.9081,-60.7819,2004-07-01,2004,7,11.4,13.0,0.3424133448055619,0.39999372519842863,-0.24584682958048576,0.38011695906432746
Росарио,-32.9081,-60.7819,2004-08-01,2004,8,13.0,14.0,-0.35121702195962906,-0.40789009923464775,-0.07570131274476952,0.358974358974359
Росарио,-32.9081,-60.7819,2004-09-01,2004,9,16.1,6.0,-1.399071798843115,-1.4791174189613125,0.27365248552365357,0.12422360248447203
Росарио,-32.9081,-60.7819,2004-10-01,2004,10,17.8,117.0,-0.36837809696084606,-0.3572405561710624,-0.18328906623212304,2.191011235955056
Росарио,-32.9081,-60.7819,2004-11-01,2004,11,20.6,98.0,-0.12681775829533767,-0.12695115267549684,-0.3761091230011345,1.5857605177993528
Росарио,-32.9081,-60.7819,2004-12-01,2004,12,23.5,129.0,0.3132444690515705,0.3482700473245243,-0.2378862033908848,1.8297872340425532
Росарио,-32.9081,-60.7819,2005-01-01,2005,1,24.6,152.0,0.6047956013440849,0.6541444453575356,0.19071529038537818,2.059620596205962
Росарио,-32.9081,-60.7819,2005-02-01,2005,2,23.5,40.0,-0.017459725936659707,-0.024450564506707063,-0.19039210639098517,0.5673758865248227
Росарио,-32.9081,-60.7819,2005-03-01,2005,3,20.9,162.0,-0.0013515611799784725,-0.02393667561830588,0.07546296085111831,2.583732057416268
Росарио,-32.9081,-60.7819,2005-04-01,2005,4,16.0,106.0,-0.19611714455602472,-0.23293418575428318,0.05822487741950797,2.2083333333333335
Росарио,-32.9081,-60.7819,2005-05-01,2005,5,14.4,6.0,-0.09524194355802043,-0.12615664627507817,-0.16429645454967073,0.1388888888888889
Росарио,-32.9081,-60.7819,2005-06-01,2005,6,13.4,38.0,-0.19670316745420424,-0.216844343039068,-0.1559673417576913,0.945273631840796
Росарио,-32.9081,-60.7819,2005-07-01,2005,7,11.4,33.0,-0.5221229501835698,-0.5964996429881263,-0.47917656370154127,0.9649122807017544
Росарио,-32.9081,-60.7819,2005-08-01,2005,8,12.2,41.0,0.439669667312139,0.45365365173766514,-0.04285402802897891,1.1202185792349726
Росарио,-32.9081,-60.7819,2005-09-01,2005,9,13.5,40.0,0.15770855585497304,0.18320986454517482,-0.2582155040176703,0.9876543209876543
Росарио,-32.9081,-60.7819,2005-10-01,2005,10,17.0,63.0,-0.2889565036552199,-0.25931127216675276,-0.6413379276347425,1.2352941176470589
Росарио,-32.9081,-60.7819,2005-11-01,2005,11,22.0,50.0,-0.9703439319883959,-1.0756744633928348,-0.6137834413780175,0.7575757575757576
Росарио,-32.9081,-60.7819,2005-12-01,2005,12,22.8,56.0,-1.3087525946752891,-1.3658590900379535,-1.0566777870874169,0.8187134502923976
Росарио,-32.9081,-60.7819,2006-01-01,2006,1,25.7,81.0,-1.1904745399858603,-1.2342192266620504,-1.1191858370208263,1.0505836575875487
Росарио,-32.9081,-60.7819,2006-02-01,2006,2,23.7,114.0,-0.5921974026833966,-0.6544986814597284,-1.0678798379890375,1.6033755274261603
Росарио,-32.9081,-60.7819,2006-03-01,2006,3,20.1,86.0,-0.4928556951564523,-0.5478353797799003,-1.110752730576317,1.4262023217247097
Росарио,-32.9081,-60.7819,2006-04-01,2006,4,18.6,142.0,0.03844050360618264,0.025893920364829588,-0.7547167174293594,2.5448028673835124
Росарио,-32.9081,-60.7819,2006-05-01,2006,5,12.5,0.0,-0.510008188241085,-0.5718007287515764,-0.8152747399098017,0.0
Росарио,-32.9081,-60.7819,2006-06-01,2006,6,12.5,72.0,0.5250626376889863,0.6045944400398894,-0.2156618526583377,1.92
Росарио,-32.9081,-60.7819,2006-07-01,2006,7,13.7,3.0,-0.5614930907217567,-0.6403699569085147,-0.24653475559058374,0.072992700729927
Росарио,-32.9081,-60.7819,2006-08-01,2006,8,11.5,3.0,-0.11942710285153832,-0.1538900831674593,-0.6932903138319537,0.08695652173913043
Росарио,-32.9081,-60.7819,2006-09-01,2006,9,15.0,16.0,-1.8383085092847045,-1.8156565439328345,-0.5796235198893674,0.35555555555555557
Росарио,-32.9081,-60.7819,2006-10-01,2006,10,20.3,113.0,-0.42687463288562666,-0.4281646310133399,-0.8043208365341366,1.8555008210180624
Росарио,-32.9081,-60.7819,2006-11-01,2006,11,21.0,135.0,0.2895098772660768,0.35266221337316433,0.161890253137699,2.142857142857143
Росарио,-32.9081,-60.7819,2006-12-01,2006,12,24.8,207.0,1.05392130119916,1.0987525081482563,0.45845083213082266,2.782258064516129
Росарио,-32.9081,-60.7819,2007-01-01,2007,1,24.0,87.0,0.9682662403920402,0.9994275048399833,0.45745520484089613,1.2083333333333333
Росарио,-32.9081,-60.7819,2007-02-01,2007,2,23.2,207.0,1.21916040939537,1.251722894090725,1.0261501057477118,2.9741379310344827
Росарио,-32.9081,-60.7819,2007-03-01,2007,3,21.1,509.0,2.551165419713904,2.286397651372563,2.3354171426736157,8.041074249605055
Росарио,-32.9081,-60.7819,2007-04-01,2007,4,18.9,63.0,2.2075843482861885,1.981264347970851,2.274229702681081,1.1111111111111112
Росарио,-32.9081,-60.7819,2007-05-01,2007,5,11.5,53.0,2.2787095536972073,2.078984496608977,2.129752093191652,1.536231884057971
Росарио,-32.9081,-60.7819,2007-06-01,2007,6,9.1,15.0,-0.44588103142972196,-0.5036927606196739,1.8898226555743851,
Росарио,-32.9081,-60.7819,2007-07-01,2007,7,7.7,1.0,-0.6819892281025268,-0.7726053263411352,1.8878427647540672,
Росарио,-32.9081,-60.7819,2007-08-01,2007,8,9.2,12.0,-1.3131422618836701,-1.3457819377702926,1.7999582914483592,
Росарио,-32.9081,-60.7819,2007-09-01,2007,9,16.6,77.0,-0.17716892891936714,-0.1991267370622836,-0.7538590842339438,1.5461847389558232
Росарио,-32.9081,-60.7819,2007-10-01,2007,10,19.0,174.0,0.7759385516145438,0.9161668099519945,0.46269987922073946,3.0526315789473686
Росарио,-32.9081,-60.7819,2007-11-01,2007,11,20.0,20.0,0.3517379625862427,0.4231327012975561,-0.2496300476524478,0.3333333333333333
Росарио,-32.9081,-60.7819,2007-12-01,2007,12,23.4,91.0,-0.14919660636166093,-0.16665349479739194,-0.2519561309549712,1.2962962962962963
Росарио,-32.9081,-60.7819,2008-01-01,2008,1,24.6,144.0,-0.45586921320901613,-0.4790962054445761,0.20450877479969815,1.951219512195122
Росарио,-32.9081,-60.7819,2008-02-01,2008,2,24.0,92.0,0.028798455410466314,0.027083531414490724,0.1525736696289869,1.2777777777777777
Росарио,-32.9081,-60.7819,2008-03-01,2008,3,21.8,49.0,-0.4651780865255081,-0.5183353270475729,-0.559864461141059,0.7492354740061162
Росарио,-32.9081,-60.7819,2008-04-01,2008,4,17.7,47.0,-1.2034312871059356,-1.2456751723327744,-1.1562941805513436,0.8851224105461394
Росарио,-32.9081,-60.7819,2008-05-01,2008,5,14.0,0.0,-2.0012207497058423,-1.8551784007691454,-1.1151392712035955,0.0
Росарио,-32.9081,-60.7819,2008-06-01,2008,6,9.5,2.0,-1.8863809978107804,-1.8797398566088728,-1.2754387780235317,
Росарио,-32.9081,-60.7819,2008-07-01,2008,7,13.8,7.0,-2.171860454968775,-2.095559158628414,-1.8628247770839357,0.16908212560386474
Росарио,-32.9081,-60.7819,2008-08-01,2008,8,12.6,3.0,-1.9437162245191568,-1.8056433260988145,-2.051656717594007,0.07936507936507936
Росарио,-32.9081,-60.7819,2008-09-01,2008,9,14.9,42.0,-0.8776245215094186,-0.9819368020989422,-2.1093467132355994,0.9395973154362416
Росарио,-32.9081,-60.7819,2008-10-01,2008,10,18.7,49.0,-0.9333635936673693,-1.0325454789758501,-2.1132767650430795,0.8734402852049911
Росарио,-32.9081,-60.7819,2008-11-01,2008,11,23.9,217.0,0.6604132327392424,0.747249147004178,-0.04646301237989281,3.0264993026499303
Росарио,-32.9081,-60.7819,2008-12-01,2008,12,24.1,30.0,-0.05825317391866546,-0.07035146816947555,-0.47894461114439874,0.4149377593360996
Росарио,-32.9081,-60.7819,2009-01-01,2009,1,24.4,106.0,0.403519181401804,0.44624152375648973,-0.2676511372037802,1.4480874316939891
Росарио,-32.9081,-60.7819,2009-02-01,2009,2,23.2,256.0,0.5048205062049667,0.5487744778538147,0.7129770522928359,3.67816091954023
Росарио,-32.9081,-60.7819,2009-03-01,2009,3,22.8,141.0,0.9241208465519486,0.9524120479701577,0.5729991662221207,2.06140350877193
Росарио,-32.9081,-60.7819,2009-04-01,2009,4,19.3,46.0,0.6542657251149078,0.6867130519855443,0.6183356534269489,0.7944732297063903
Росарио,-32.9081,-60.7819,2009-05-01,2009,5,15.5,18.0,-0.7331070748890283,-0.8005910630346597,-0.15367614881977001,0.3870967741935484
Росарио,-32.9081,-60.7819,2009-06-01,2009,6,9.9,0.0,-1.5544315226024963,-1.614620433870837,0.24234566699569574,
Росарио,-32.9081,-60.7819,2009-07-01,2009,7,8.9,64.0,-0.42534366689871145,-0.48742823809803176,0.4744831414429114,
Росарио,-32.9081,-60.7819,2009-08-01,2009,8,14.5,7.0,-0.2518392719241273,-0.2995202082877629,-0.9276646398749231,0.16091954022988506
Росарио,-32.9081,-60.7819,2009-09-01,2009,9,13.6,107.0,0.8591032505923646,0.9054779147397025,-0.5101825550905746,2.622549019607843
Росарио,-32.9081,-60.7819,2009-10-01,2009,10,17.1,65.0,0.07224565437846327,0.1712641726294669,-0.2030565075370887,1.267056530214425
Росарио,-32.9081,-60.7819,2009-11-01,2009,11,21.2,196.0,1.1038969771698501,1.1741161576348138,0.8967488542314539,3.0817610062893084
Росарио,-32.9081,-60.7819,2009-12-01,2009,12,22.5,252.0,1.39351279483204,1.3974380696146729,1.4214963567999037,3.7333333333333334
Росарио,-32.9081,-60.7819,2010-01-01,2010,1,25.4,192.0,2.2608290951441528,1.9710198180986516,1.55712139568098,2.5196850393700787
Росарио,-32.9081,-60.7819,2010-02-01,2010,2,24.2,264.0,2.3755444963802717,2.1386184421069943,2.0945648056192163,3.6363636363636362
Росарио,-32.9081,-60.7819,2010-03-01,2010,3,23.0,82.0,1.1285969053611067,1.1481264450478736,1.6503186459605472,1.1884057971014492
Росарио,-32.9081,-60.7819,2010-04-01,2010,4,16.8,87.0,0.5977319877843789,0.6278310858543303,1.8162486493199952,1.7261904761904763
Росарио,-32.9081,-60.7819,2010-05-01,2010,5,13.9,80.0,-0.3158685343939791,-0.36743349327549024,1.573274406663195,1.9184652278177459
Росарио,-32.9081,-60.7819,2010-06-01,2010,6,11.1,5.0,0.06924576530227397,0.09222520359351825,1.0204660663788852,0.15015015015015015
Росарио,-32.9081,-60.7819,2010-07-01,2010,7,9.4,21.0,0.010188085591681497,0.016789947671420568,0.5578380562422733,
Росарио,-32.9081,-60.7819,2010-08-01,2010,8,10.2,11.0,-1.0395252091129323,-1.1055164377634186,-0.850965064789568,0.35947712418300654
Росарио,-32.9081,-60.7819,2010-09-01,2010,9,14.9,80.0,0.13182295746141992,0.15416772789702488,-0.0350376455518488,1.7897091722595078
Росарио,-32.9081,-60.7819,2010-10-01,2010,10,16.9,39.0,-0.4507119445459969,-0.45579551969524107,-0.47238484995325697,0.7692307692307693
Росарио,-32.9081,-60.7819,2010-11-01,2010,11,20.9,27.0,-1.078300694480838,-1.1841070123945288,-1.5894927103070395,0.430622009569378
Росарио,-32.9081,-60.7819,2010-12-01,2010,12,23.9,124.0,-1.0629533541027811,-1.1381788974301834,-0.8798833898251067,1.7294281729428174
Росарио,-32.9081,-60.7819,2011-01-01,2011,1,25.5,159.0,0.048486269979846446,0.06966235148624854,-0.31379196235225637,2.0784313725490198
Росарио,-32.9081,-60.7819,2011-02-01,2011,2,23.1,186.0,1.0187364805887777,1.0664109720956931,0.25160710845954387,2.683982683982684
Росарио,-32.9081,-60.7819,2011-03-01,2011,3,21.2,136.0,0.7932616081699241,0.8212597475011847,-0.060330380882426364,2.138364779874214
Росарио,-32.9081,-60.7819,2011-04-01,2011,4,17.9,179.0,0.9667143109641719,0.9951795465008183,0.6946117760253298,3.3333333333333335
Росарио,-32.9081,-60.7819,2011-05-01,2011,5,14.0,65.0,0.7402488632834058,0.775844028955384,1.1385940292562693,1.5476190476190477
Росарио,-32.9081,-60.7819,2011-06-01,2011,6,10.6,27.0,1.0643087990016877,1.1467593375600882,1.2136343465166044,0.8490566037735849
Росарио,-32.9081,-60.7819,2011-07-01,2011,7,9.8,12.0,-0.024451800907668682,-0.023622237882577432,0.9232782326244667,
Росарио,-32.9081,-60.7819,2011-08-01,2011,8,11.2,0.0,-0.983808311184985,-1.0536922708279706,0.2261893350542748,0.0
Росарио,-32.9081,-60.7819,2011-09-01,2011,9,16.1,7.0,-1.9950019365457419,-1.916255475455115,0.03042702344708433,0.14492753623188404
Росарио,-32.9081,-60.7819,2011-10-01,2011,10,17.0,153.0,-0.11706177709341782,-0.05205704697518712,-0.171824077623696,3.0
Росарио,-32.9081,-60.7819,2011-11-01,2011,11,22.8,77.0,0.03566637380665917,0.062017409145322576,-0.49410425650991124,1.1257309941520468
Росарио,-32.9081,-60.7819,2011-12-01,2011,12,24.0,57.0,-0.13248133534658565,-0.15069506770042318,-0.8451233950687292,0.7916666666666666
Росарио,-32.9081,-60.7819,2012-01-01,2012,1,26.0,116.0,-0.5051292575064396,-0.5383617397105994,-0.5303552830954683,1.4871794871794872
Росарио,-32.9081,-60.7819,2012-02-01,2012,2,24.5,195.0,0.3341008245496004,0.3620731922825863,0.19058889738079676,2.6530612244897958
Росарио,-32.9081,-60.7819,2012-03-01,2012,3,21.6,146.0,0.648357767833583,0.6716633269310912,0.30407859939201215,2.253086419753086
Росарио,-32.9081,-60.7819,2012-04-01,2012,4,18.0,24.0,0.1883508659342122,0.19052054269349517,-0.32157414199493084,0.4444444444444444
Росарио,-32.9081,-60.7819,2012-05-01,2012,5,16.3,83.0,-0.27983535791257225,-0.3268865133730473,-0.01928671586462682,1.6973415132924334
Росарио,-32.9081,-60.7819,2012-06-01,2012,6,11.1,1.0,-0.7781941931854852,-0.8705063662137696,0.22878354495115696,0.03003003003003003
Росарио,-32.9081,-60.7819,2012-07-01,2012,7,8.6,9.0,-0.22012748924697406,-0.2515942955481304,0.040601741256453334,
Росарио,-32.9081,-60.7819,2012-08-01,2012,8,13.6,151.0,1.0880690034443108,1.082862024702731,0.186384945983957,3.700980392156863
Росарио,-32.9081,-60.7819,2012-09-01,2012,9,15.8,137.0,1.8078535804348883,1.646849340972641,1.0964227042223713,2.890295358649789
Росарио,-32.9081,-60.7819,2012-10-01,2012,10,18.7,331.0,2.730341542544296,2.2407605949064733,2.227194130530983,5.90017825311943
Росарио,-32.9081,-60.7819,2012-11-01,2012,11,22.6,99.0,2.2720333468200926,2.0273336085388802,2.0775214453467377,1.4601769911504425
Росарио,-32.9081,-60.7819,2012-12-01,2012,12,23.9,333.0,2.6253274849502755,2.249374759666181,2.269077021716778,4.644351464435147
Росарио,-32.9081,-60.7819,2013-01-01,2013,1,24.7,72.0,1.4659832139597477,1.4170504303693385,2.2915872077463457,0.97165991902834
Росарио,-32.9081,-60.7819,2013-02-01,2013,2,23.2,92.0,1.1944864270804052,1.2294649180251431,2.0618970656124964,1.3218390804597702
Росарио,-32.9081,-60.7819,2013-03-01,2013,3,19.8,39.0,-1.051836288824066,-1.0884293877394149,1.3196488595548388,0.6565656565656566
Росарио,-32.9081,-60.7819,2013-04-01,2013,4,18.2,14.0,-1.67681328428225,-1.6296414568985398,-0.1425850076665262,0.2564102564102564
Росарио,-32.9081,-60.7819,2013-05-01,2013,5,14.1,87.0,-1.4380229842578884,-1.4362249163080718,0.07204188013899336,2.0567375886524824
Росарио,-32.9081,-60.7819,2013-06-01,2013,6,11.1,9.0,-0.7477306280488326,-0.838012846039046,-1.4086702152233213,0.2702702702702703
Росарио,-32.9081,-60.7819,2013-07-01,2013,7,11.2,25.0,0.26164046947337793,0.3079772712357085,-1.360558515353298,0.7440476190476191
Росарио,-32.9081,-60.7819,2013-08-01,2013,8,11.0,0.0,-1.1262928985830802,-1.1843030737647062,-1.6459849299450955,0.0
Росарио,-32.9081,-60.7819,2013-09-01,2013,9,14.9,38.0,-0.6431741253691721,-0.7298102224083162,-1.3083847549983827,0.8501118568232662
Росарио,-32.9081,-60.7819,2013-10-01,2013,10,19.7,161.0,0.25719654874005815,0.38105039073414265,0.3607880844936417,2.72419627749577
Росарио,-32.9081,-60.7819,2013-11-01,2013,11,21.8,126.0,0.7923965310546938,0.8823008314335069,0.3094050278897302,1.926605504587156
Росарио,-32.9081,-60.7819,2013-12-01,2013,12,26.6,69.0,0.4004846693697162,0.4398887786614154,0.07503458321796817,0.8646616541353384
Росарио,-32.9081,-60.7819,2014-01-01,2014,1,26.1,86.0,-0.20942078051823781,-0.21855636691107702,-0.04465813015952635,1.0983397190293742
Росарио,-32.9081,-60.7819,2014-02-01,2014,2,22.5,247.0,0.574363721214816,0.6187151657277306,0.8461619182604768,3.6592592592592594
Росарио,-32.9081,-60.7819,2014-03-01,2014,3,19.5,145.0,0.7752729772570652,0.8034354714343647,0.739489090435277,2.4786324786324787
Росарио,-32.9081,-60.7819,2014-04-01,2014,4,18.0,103.0,0.9355230825537911,0.9663025375595639,0.5174671540858395,1.9074074074074074
Росарио,-32.9081,-60.7819,2014-05-01,2014,5,14.4,21.0,-0.13851813169401106,-0.1729395852421065,0.25717637221158396,0.4861111111111111
Росарио,-32.9081,-60.7819,2014-06-01,2014,6,11.2,22.0,-0.24752270651663494,-0.2758149846410492,0.5762931733145414,0.6547619047619048
Росарио,-32.9081,-60.7819,2014-07-01,2014,7,11.9,29.0,-0.621284112648811,-0.7063848136866214,0.7209285514995178,0.8123249299719888
Росарио,-32.9081,-60.7819,2014-08-01,2014,8,14.3,0.0,-0.6789537726687941,-0.7542627256915703,-0.5814375226663543,0.0
Росарио,-32.9081,-60.7819,2014-09-01,2014,9,16.0,77.0,0.05216674839021071,0.06410435468982026,-0.39502610772657665,1.6041666666666667
Росарио,-32.9081,-60.7819,2014-10-01,2014,10,20.5,94.0,-0.005691197075743514,0.07904734958513646,-0.3964138577732437,1.5284552845528456
Росарио,-32.9081,-60.7819,2014-11-01,2014,11,21.2,140.0,0.6841134754993864,0.7744589065204928,0.33494675174348404,2.20125786163522
Росарио,-32.9081,-60.7819,2014-12-01,2014,12,23.2,122.0,0.4004846693697162,0.4439101869366931,0.36715645123727647,1.7528735632183907
Росарио,-32.9081,-60.7819,2015-01-01,2015,1,24.7,196.0,1.166802659092823,1.1745556907706094,0.8138439541472713,2.6450742240215925
Росарио,-32.9081,-60.7819,2015-02-01,2015,2,23.8,58.0,0.39162444753059467,0.42762280322623963,0.6483756393941472,0.8123249299719888
Росарио,-32.9081,-60.7819,2015-03-01,2015,3,22.3,120.0,0.12857470588988984,0.11649842551597246,0.23586521548957637,1.7937219730941705
Росарио,-32.9081,-60.7819,2015-04-01,2015,4,20.3,47.0,-0.8543554697581326,-0.9226345016189762,0.0369937287017594,0.7717569786535303
Росарио,-32.9081,-60.7819,2015-05-01,2015,5,16.5,92.0,-0.22632253640183492,-0.27020210838193337,0.06050674302729919,1.8585858585858586
Росарио,-32.9081,-60.7819,2015-06-01,2015,6,12.9,17.0,-0.12197217077825809,-0.12995058136460014,0.010774347995729253,0.4392764857881137
Росарио,-32.9081,-60.7819,2015-07-01,2015,7,11.6,53.0,0.8860029460450225,0.9836630804619745,-0.4652900850740863,1.5229885057471264
Росарио,-32.9081,-60.7819,2015-08-01,2015,8,14.8,124.0,1.4596888383673912,1.3923608616736811,0.4956266383151272,2.7927927927927927
Росарио,-32.9081,-60.7819,2015-09-01,2015,9,14.4,19.0,1.0247583045761819,1.0541796108091093,0.6527521464900571,0.4398148148148148
Росарио,-32.9081,-60.7819,2015-10-01,2015,10,16.6,80.0,0.46322773614525203,0.6048169840708384,0.8621483731720586,1.6064257028112447
Росарио,-32.9081,-60.7819,2015-11-01,2015,11,20.7,97.0,-0.40327755950912275,-0.447155529732274,0.5588807811679961,1.5619967793880838
Росарио,-32.9081,-60.7819,2015-12-01,2015,12,24.6,77.0,-0.41951064861648263,-0.47025952520106634,0.28989968350044343,1.043360433604336
Росарио,-32.9081,-60.7819,2016-01-01,2016,1,26.2,81.0,-0.45586921320901613,-0.4841197389100907,-0.0548817931112017,1.0305343511450382
Росарио,-32.9081,-60.7819,2016-02-01,2016,2,25.7,378.0,1.4307218162462811,1.433085486091419,0.8707341654144611,4.902723735408561
Росарио,-32.9081,-60.7819,2016-03-01,2016,3,20.7,74.0,1.0996569821653006,1.1203355317369084,0.5156680707492866,1.1916264090177133
Росарио,-32.9081,-60.7819,2016-04-01,2016,4,17.5,225.0,1.7912161051002438,1.6892011895043746,1.2541253476919227,4.285714285714286
Росарио,-32.9081,-60.7819,2016-05-01,2016,5,12.7,6.0,0.16442038267521905,0.16096783631990733,1.1018261095651478,0.15748031496062992
Росарио,-32.9081,-60.7819,2016-06-01,2016,6,9.2,58.0,1.2201384060454883,1.2879523984360368,1.4998307515866882,
Росарио,-32.9081,-60.7819,2016-07-01,2016,7,10.2,24.0,-0.31215202706066125,-0.357975165369486,1.6115803871542969,0.7843137254901961
Росарио,-32.9081,-60.7819,2016-08-01,2016,8,12.7,42.0,0.6121400953845361,0.6313960369879824,0.30756673332339823,1.1023622047244095
Росарио,-32.9081,-60.7819,2016-09-01,2016,9,14.4,25.0,-0.16201524560009795,-0.18163524518807536,0.8972922223803292,0.5787037037037037
Росарио,-32.9081,-60.7819,2016-10-01,2016,10,17.7,151.0,0.4215799125009355,0.5598182655456672,0.23620225765612632,2.8436911487758945
Росарио,-32.9081,-60.7819,2016-11-01,2016,11,20.5,76.0,0.17955103670059483,0.22812502984941002,0.4490935664799165,1.2357723577235773
Росарио,-32.9081,-60.7819,2016-12-01,2016,12,24.4,145.0,0.5137448420365388,0.5633612610975176,0.37211998601691293,1.9808743169398908
Росарио,-32.9081,-60.7819,2017-01-01,2017,1,25.4,200.0,0.9120011094828013,0.9467905952686468,0.8600916193758762,2.6246719160104988
Росарио,-32.9081,-60.7819,2017-02-01,2017,2,24.4,104.0,0.8897812898452196,0.9406608827532186,0.7182859585740683,1.4207650273224044
Росарио,-32.9081,-60.7819,2017-03-01,2017,3,21.7,152.0,0.6422701298616135,0.6653500467947352,0.7116856715102254,2.334869431643625
Росарио,-32.9081,-60.7819,2017-04-01,2017,4,17.6,124.0,0.28274772024147826,0.29301298150909233,0.6436321220490179,2.3484848484848486
Росарио,-32.9081,-60.7819,2017-05-01,2017,5,15.2,53.0,0.3561189947195021,0.369486678492899,0.8105633431828856,1.162280701754386
Росарио,-32.9081,-60.7819,2017-06-01,2017,6,12.6,24.0,0.3902376845476003,0.4570468001215269,0.7545231546071938,0.6349206349206349
Росарио,-32.9081,-60.7819,2017-07-01,2017,7,12.9,41.0,0.21247435575455378,0.2515159683720302,0.30518845878228634,1.0594315245478036
Росарио,-32.9081,-60.7819,2017-08-01,2017,8,14.3,39.0,0.3184372034737498,0.32508350916640144,0.33830434025927053,0.9090909090909091
Росарио,-32.9081,-60.7819,2017-09-01,2017,9,15.6,173.0,1.4917170874616033,1.4279618194892791,1.4395923092793073,3.6965811965811968
Росарио,-32.9081,-60.7819,2017-10-01,2017,10,17.8,40.0,0.6932763623703293,0.8371788515427961,0.7569498164320358,0.7490636704119851
Росарио,-32.9081,-60.7819,2017-11-01,2017,11,20.8,51.0,0.2895098772660768,0.35354314121495745,0.3855254474927739,0.8173076923076923
Росарио,-32.9081,-60.7819,2017-12-01,2017,12,24.6,116.0,-0.8783149661590838,-0.9573457362996881,0.3539737007556698,1.5718157181571815
Росарио,-32.9081,-60.7819,2018-01-01,2018,1,25.4,20.0,-1.1904745399858603,-1.2352690681029095,-0.3215185770437043,0.26246719160104987
Росарио,-32.9081,-60.7819,2018-02-01,2018,2,25.4,5.0,-1.6738875346911133,-1.66298441903293,-1.063497944623492,0.06561679790026247
Росарио,-32.9081,-60.7819,2018-03-01,2018,3,21.6,28.0,-2.2514386439488003,-2.0152872194206117,-1.8486470905456174,0.43209876543209874
Росарио,-32.9081,-60.7819,2018-04-01,2018,4,21.8,191.0,-0.8632397655103152,-0.9325309998358428,-1.2991942822575482,2.920489296636086
Росарио,-32.9081,-60.7819,2018-05-01,2018,5,15.8,155.0,0.6965492836456751,0.7308112151864926,-0.61874155254746,3.270042194092827
Росарио,-32.9081,-60.7819,2018-06-01,2018,6,9.5,4.0,1.7085722939744845,1.6871765406258445,-0.8272723415887641,
Росарио,-32.9081,-60.7819,2018-07-01,2018,7,9.9,15.0,1.0544124011055636,1.1489650969487295,-0.38590412465342605,
Росарио,-32.9081,-60.7819,2018-08-01,2018,8,11.1,23.0,-0.9031283017511536,-0.9769911784687291,0.2017632510403715,0.6906906906906907
Росарио,-32.9081,-60.7819,2018-09-01,2018,9,17.7,22.0,-0.7037550283982629,-0.7963133687243923,1.1341284190149532,0.4143126177024482
Росарио,-32.9081,-60.7819,2018-10-01,2018,10,17.6,27.464285714285715,-1.291678547087228,-1.4273768747543798,-0.3578719317450536,0.5201569264069265
Росарио,-32.9081,-60.7819,2018-11-01,2018,11,21.2,32.92857142857143,-2.5445914995083423,-2.3220022469542596,-2.38528260492014,0.5177448337825697
Росарио,-32.9081,-60.7819,2018-12-01,2018,12,22.9,120.82791562038761,-1.163118822111977,-1.2321419874465442,-1.4649293937411614,1.758776064343342
Росарио,-32.9081,-60.7819,2019-01-01,2019,1,24.5,86.30341228141181,-0.6050153758274709,-0.6396768196549708,-1.259060337636182,1.174196085461385
Росарио,-32.9081,-60.7819,2019-02-01,2019,2,23.6,122.5076132822776,0.04900971966813932,0.05073215208955978,-1.0156842213615114,1.7303335209361244
Росарио,-32.9081,-60.7819,2019-03-01,2019,3,20.2,227.5993385212966,0.5221878762561246,0.5413769157961383,-0.3262595560032472,3.755764662067601
Росарио,-32.9081,-60.7819,2019-04-01,2019,4,18.1,75.43071984170263,0.5549829385784574,0.5846783805385741,-0.05350384554561876,1.3891476950589803
Росарио,-32.9081,-60.7819,2019-05-01,2019,5,15.1,39.86915664779055,0.46377640579778673,0.4863517487157686,0.2688251827757401,0.8801138332845595
Росарио,-32.9081,-60.7819,2019-06-01,2019,6,13.4,50.91708774839711,0.0014156139326518635,0.01358105074671722,0.4549592495242305,1.266594222596943
Росарио,-32.9081,-60.7819,2019-07-01,2019,7,10.3,34.05340228598073,0.3237959364758091,0.3788747148942439,0.6256560749225937,1.102051853915234
Росарио,-32.9081,-60.7819,2019-08-01,2019,8,12.1,10.766049027116738,0.18718949471003973,0.18324375192639222,0.38370349134813814,0.296585372647844
Росарио,-32.9081,-60.7819,2019-09-01,2019,9,14.6,54.141646952366884,-0.04544961436308174,-0.047418299358930015,-0.24489147964657473,1.2361106610129426
Росарио,-32.9081,-60.7819,2019-10-01,2019,10,18.0,71.83077808474798,-0.37140010658362754,-0.3598200247746322,-0.19727836919666325,1.3301995941619995
Росарио,-32.9081,-60.7819,2019-11-01,2019,11,22.7,81.68276943349193,-0.27058674278404216,-0.29589975704968996,-0.20742149570132923,1.19945329564599
Росарио,-32.9081,-60.7819,2019-12-01,2019,12,23.0,108.09431787948864,-0.3511043016932988,-0.39458474789810544,-0.370116746533389,1.5665843170940386
Росарио,-32.9081,-60.7819,2020-01-01,2020,1,24.5,26.009337745454474,-0.8609503711507933,-0.9085493230121716,-0.9550848533699183,0.35386854075448265
Росарио,-32.9081,-60.7819,2020-02-01,2020,2,23.6,0.0,-1.7519162973401918,-1.71948210469979,-1.4538511740730296,0.0
Росарио,-32.9081,-60.7819,2020-03-01,2020,3,23.9,100.81324190893653,-1.637813005222972,-1.5791716820678638,-1.3674271832246292,1.4060424255081805
Росарио,-32.9081,-60.7819,2020-04-01,2020,4,17.8,45.270801641409626,-1.6637150878479872,-1.6212287080813539,-1.5027528340907923,0.8477678210001803
Росарио,-32.9081,-60.7819,2020-05-01,2020,5,14.0,56.57067406950599,-0.756528198285264,-0.823328351966299,-1.5488473998813905,1.346920811178714
Росарио,-32.9081,-60.7819,2020-06-01,2020,6,11.6,3.7981158218392856,-0.8145762606397894,-0.9091548016971197,-1.9055738862322205,0.10914125924825534
Росарио,-32.9081,-60.7819,2020-07-01,2020,7,9.4,2.658516395173237,-0.8057176552781765,-0.9048659388759392,-1.7759879549020479,
Росарио,-32.9081,-60.7819,2020-08-01,2020,8,13.9,61.19308511740059,-0.3179522907676659,-0.37173618654248175,-0.970562678499353,1.4674600747578082
Росарио,-32.9081,-60.7819,2020-09-01,2020,9,15.1,31.28295296391886,-0.10060434137825901,-0.11082849682374833,-0.9887202540225354,0.6905729131107916
Росарио,-32.9081,-60.7819,2020-10-01,2020,10,18.5,92.64757896718884,0.13030640860653814,0.23695615628630468,-0.34081955377948153,1.6693257471565557
Росарио,-32.9081,-60.7819,2020-11-01,2020,11,22.8,50.141931989205446,-0.6747442564027278,-0.7617586882952001,-0.8810467643248385,0.7330691811287345
Росарио,-32.9081,-60.7819,2020-12-01,2020,12,23.1,68.78940358801835,-0.830490732113409,-0.9108449485388493,-0.8395840514035549,0.9926320864071911
Росарио,-32.9081,-60.7819,2021-01-01,2021,1,24.5,175.0,-0.09237489385340764,-0.08472671953165091,-0.04779278705166837,2.380952380952381
Росарио,-32.9081,-60.7819,2021-02-01,2021,2,23.1,8.0,-0.5853137824083829,-0.6456660332939977,-0.9302139099434444,0.11544011544011544
Росарио,-32.9081,-60.7819,2021-03-01,2021,3,21.4,51.0,-0.8251194350462098,-0.8773448576364333,-1.1305376756352177,0.794392523364486
Росарио,-32.9081,-60.7819,2021-04-01,2021,4,19.4,40.0,-2.313904325544027,-2.0535944414132437,-1.3747046067491009,0.6872852233676976
Росарио,-32.9081,-60.7819,2021-05-01,2021,5,13.0,30.0,-1.6706904519427797,-1.6192578289790167,-1.371843852518513,0.7692307692307693
Росарио,-32.9081,-60.7819,2021-06-01,2021,6,10.6,0.0,-1.4336684203307244,-1.5103529858033804,-1.4657042444476998,0.0
Росарио,-32.9081,-60.7819,2021-07-01,2021,7,10.7,26.0,-0.95656369820459,-1.0608182592223712,-2.1637542089000696,0.8099688473520249
Росарио,-32.9081,-60.7819,2021-08-01,2021,8,13.1,0.6,-1.3596985616269506,-1.3842414669379892,-1.8139144976470423,0.015267175572519083
Росарио,-32.9081,-60.7819,2021-09-01,2021,9,16.2,33.0,-0.7120070353713668,-0.8053047887636189,-1.795791979887499,0.6790123456790124
Росарио,-32.9081,-60.7819,2021-10-01,2021,10,18.7,14.0,-1.8262023379202144,-1.954919093074723,-2.1039195641306434,0.24955436720142601
Росарио,-32.9081,-60.7819,2021-11-01,2021,11,21.5,55.0,-1.9446788237840433,-1.9388522919119948,-2.324595714689254,0.8527131782945736
Росарио,-32.9081,-60.7819,2021-12-01,2021,12,25.3,13.0,-2.6925245781404916,-2.3617620451200425,-2.6001832767069164,0.1712779973649539
Росарио,-32.9081,-60.7819,2022-01-01,2022,1,26.2,21.0,-2.668414601404769,-2.4033631933562734,-2.678457610817122,0.26717557251908397
Росарио,-32.9081,-60.7819,2022-02-01,2022,2,23.2,33.0,-2.607297294855971,-2.314941429170702,-2.4659866407223934,0.47413793103448276
Росарио,-32.9081,-60.7819,2022-03-01,2022,3,19.8,38.0,-1.9210763067253636,-1.7892390549784094,-2.13375375708705,0.6397306397306397
Росарио,-32.9081,-60.7819,2022-04-01,2022,4,17.2,42.0,-2.1003213263411724,-1.922439486594697,-2.0945226708073896,0.813953488372093
Росарио,-32.9081,-60.7819,2022-05-01,2022,5,12.5,0.6,-2.2214052048317314,-1.999430946765727,-2.3859821229543963,0.016
Росарио,-32.9081,-60.7819,2022-06-01,2022,6,9.2,0.0,-2.0442710695551325,-1.9954470500702632,-2.4797768429364084,
Росарио,-32.9081,-60.7819,2022-07-01,2022,7,12.6,3.0,-2.3451155454798647,-2.214037699776999,-2.4381761914354216,0.07936507936507936
Росарио,-32.9081,-60.7819,2022-08-01,2022,8,12.9,0.0,-2.4657165181926537,-2.0888783737862076,-2.1914688574856616,0.0
Росарио,-32.9081,-60.7819,2022-09-01,2022,9,15.0,8.0,-2.6000635668435566,-2.210359913949757,-2.623773355338378,0.17777777777777778
Росарио,-32.9081,-60.7819,2022-10-01,2022,10,18.4,60.0,-1.3758063440415185,-1.5161137389683685,-2.560004117496487,1.0869565217391304
Росарио,-32.9081,-60.7819,2022-11-01,2022,11,23.3,54.0,-1.5000921811272105,-1.5849899616055803,-2.379697924630343,0.7725321888412017
Росарио,-32.9081,-60.7819,2022-12-01,2022,12,26.0,38.0,-1.525158502521744,-1.559914356586628,-2.3314495378049265,0.48717948717948717
Росарио,-32.9081,-60.7819,2023-01-01,2023,1,26.8,95.0,-1.190474539985859,-1.2426859320943004,-1.713222282357043,1.181592039800995
Росарио,-32.9081,-60.7819,2023-02-01,2023,2,24.4,36.0,-1.3716067229965843,-1.4138382198319936,-1.7647074540274679,0.4918032786885246
Росарио,-32.9081,-60.7819,2023-03-01,2023,3,25.6,112.0,-0.7604568443165052,-0.8197719793613989,-1.3454085136362157,1.4583333333333333
Росарио,-32.9081,-60.7819,2023-04-01,2023,4,18.3,26.0,-1.348184606696616,-1.3731035779760543,-1.5107595842565058,0.47358834244080145
Росарио,-32.9081,-60.7819,2023-05-01,2023,5,16.0,166.0,0.15626422273629154,0.14878320018733168,-0.8534070035722241,3.4583333333333335
Росарио,-32.9081,-60.7819,2023-06-01,2023,6,12.6,0.2,0.29596195123907393,0.35158688306515834,-0.615274331769408,0.005291005291005291
Росарио,-32.9081,-60.7819,2023-07-01,2023,7,12.4,23.0,1.259950757159328,1.340028778688216,-0.6426758901322858,0.6182795698924731
Росарио,-32.9081,-60.7819,2023-08-01,2023,8,13.7,0.2,-1.4710559493020663,-1.473322307599335,-0.524461004843968,0.004866180048661801
Росарио,-32.9081,-60.7819,2023-09-01,2023,9,15.2,16.0,-1.206406772096888,-1.306967854856817,-0.63298566168377,0.3508771929824561
Росарио,-32.9081,-60.7819,2023-10-01,2023,10,18.3,91.0,-0.7429792570104143,-0.8082094304507296,0.1480564350076793,1.657559198542805
Росарио,-32.9081,-60.7819,2023-11-01,2023,11,20.9,92.0,-0.3684329841571451,-0.40766444841752325,-1.1044187254802176,1.467304625199362
Росарио,-32.9081,-60.7819,2023-12-01,2023,12,22.8,173.0,0.4004846693697162,0.44504033188658965,-0.09502205804084089,2.5292397660818713
Росарио,-32.9081,-60.7819,2024-01-01,2024,1,24.9,79.0,0.3316263402455195,0.37539733277315585,-0.2342388181901021,1.0575635876840697
Росарио,-32.9081,-60.7819,2024-02-01,2024,2,25.4,141.0,0.5118156956017881,0.5554373096066484,0.11574094231352368,1.8503937007874016
Росарио,-32.9081,-60.7819,2024-03-01,2024,3,23.4,331.0,1.2034289499970345,1.2181475752449389,1.0715885107438359,4.715099715099715
Росарио,-32.9081,-60.7819,2024-04-01,2024,4,18.2,139.0,1.5002109337314713,1.4627252985213088,1.3536668405760408,2.5457875457875456
Росарио,-32.9081,-60.7819,2024-05-01,2024,5,11.1,3.0,1.374878369713305,1.378248035200086,1.2117426159859015,0.09009009009009009
Росарио,-32.9081,-60.7819,2024-06-01,2024,6,13.9,0.5,-0.29267690244702943,-0.3279422500394324,0.9405951491523077,0.011990407673860911
Росарио,-32.9081,-60.7819,2024-07-01,2024,7,9.1,4.0,-2.2190190262983034,-2.128438680921649,0.9900574599894719,
Росарио,-32.9081,-60.7819,2024-08-01,2024,8,11.9,40.0,-0.8383287734633414,-0.914014606991868,0.9731890734401856,1.1204481792717087
Росарио,-32.9081,-60.7819,2024-09-01,2024,9,17.4,0.0,-1.074106301857797,-1.180665784136442,-1.1535892049716434,0.0
Росарио,-32.9081,-60.7819,2024-10-01,2024,10,19.8,150.0,0.17561180669383214,0.28830713932991014,-0.9172028113616252,2.525252525252525
Росарио,-32.9081,-60.7819,2024-11-01,2024,11,22.1,34.0,-0.5479361833002301,-0.6185598077043574,-1.0356410469029107,0.5128205128205128
Росарио,-32.9081,-60.7819,2024-12-01,2024,12,22.2,146.0,0.20879249555894586,0.2328828558883682,-0.261928135747201,2.1921921921921923
Росарио,-32.9081,-60.7819,2025-01-01,2025,1,26.4,33.0,-0.891524891482037,-0.9420399917449078,-0.5814476976485319,0.4166666666666667
Росарио,-32.9081,-60.7819,2025-02-01,2025,2,25.8,310.0,1.1448198648627947,1.1825738200076774,0.5715830021115484,4.0051679586563305
Росарио,-32.9081,-60.7819,2025-03-01,2025,3,22.2,169.0,0.9771279722786134,1.0012015141163204,0.776091251634916,2.5375375375375375
Росарио,-32.9081,-60.7819,2025-04-01,2025,4,17.1,45.0,1.0840852862600547,1.102892125371024,0.31688613791570514,0.8771929824561403
Росарио,-32.9081,-60.7819,2025-05-01,2025,5,16.2,197.0,0.9603215578209611,0.9951390435094002,1.3516619058541866,4.053497942386831
Росарио,-32.9081,-60.7819,2025-06-01,2025,6,9.0,8.0,0.8744086668356756,0.9652478386278478,1.2549983027637177,
Росарио,-32.9081,-60.7819,2025-07-01,2025,7,11.7,71.0,2.3029508777166185,2.1483980505831335,1.7327197183953933,2.022792022792023
Росарио,-32.9081,-60.7819,2025-08-01,2025,8,12.8,189.0,2.1738559012267338,1.8915301849144734,1.933947445719957,4.921875
Росарио,-32.9081,-60.7819,2025-09-01,2025,9,15.6,80.0,2.089571415174164,1.822118776627778,2.1521951519388334,1.7094017094017093
Росарио,-32.9081,-60.7819,2025-10-01,2025,10,18.8,114.0,1.5589703132585773,1.5582177225114595,2.0807699573707175,2.021276595744681
Росарио,-32.9081,-60.7819,2025-11-01,2025,11,20.8,117.0,0.6841134754993864,0.7751419563086157,1.5945690480272137,1.875
Росарио,-32.9081,-60.7819,2025-12-01,2025,12,24.7,117.0,0.3425520837668203,0.3800588942903472,1.410484095890147,1.5789473684210527
Росарио,-32.9081,-60.7819,2026-01-01,2026,1,25.1,16.0,-0.5051292575064396,-0.5359012346785422,0.8321865667562374,0.21248339973439576
Росарио,-32.9081,-60.7819,2026-02-01,2026,2,24.3,85.0,-0.8896045875589546,-0.9613842755962797,-0.2732131145489787,1.1659807956104253
Росарио,-32.9081,-60.7819,2026-03-01,2026,3,24.3,85.0,-1.1789102029839893,-1.2042883337602555,-0.7340649930099002,1.1659807956104253
Росарио,-32.9081,-60.7819,2026-04-01,2026,4,24.3,85.0,-0.5996945605528987,-0.6675991775326874,-0.8724469682745034,1.1659807956104253
Росарио,-32.9081,-60.7819,2026-05-01,2026,5,14.0,50.37824332283492,-0.5826596303024832,-0.6492321860766513,-1.036844042966856,1.1994819838770219
Росарио,-32.9081,-60.7819,2026-06-01,2026,6,10.9,0.0,-0.3866437148756679,-0.4361522535851301,-1.3582024072136487,0.0
Росарио,-32.9081,-60.7819,2026-07-01,2026,7,10.1,28.411198082479615,-0.4872208408360443,-0.557357725933348,-0.8607352909785854,0.9376633030521325
Росарио,-32.9081,-60.7819,2026-08-01,2026,8,12.0,7.34806135323085,-1.074926923940248,-1.137947044785109,-1.0776007202536018,0.2041128153675236
Росарио,-32.9081,-60.7819,2026-09-01,2026,9,14.7,29.321849843096487,-0.6024311707685709,-0.6846258681437366,-0.992471381118282,0.6648945542652265
Росарио,-32.9081,-60.7819,2026-10-01,2026,10,17.7,66.40888309826653,-0.8004895113495223,-0.8759043750551384,-1.103061502801895,1.2506380997790307
Росарио,-32.9081,-60.7819,2026-11-01,2026,11,20.8,157.9189595638673,0.19492564085478287,0.2469390031383119,-0.34934047585883976,2.530752557113258
Росарио,-32.9081,-60.7819,2026-12-01,2026,12,23.2,95.32535049611269,0.12962364115899244,0.1467296367529296,-0.1755426237519337,1.3696171048292054
Санта-Фе,-31.7903,-60.4839,1961-01-01,1961,1,24.1,286.0,,,,3.955739972337483
Санта-Фе,-31.7903,-60.4839,1961-02-01,1961,2,23.9,67.0,,,,0.9344490934449093
Санта-Фе,-31.7903,-60.4839,1961-03-01,1961,3,21.0,201.0,1.0170692710635971,1.056073278195915,,3.1904761904761907
Санта-Фе,-31.7903,-60.4839,1961-04-01,1961,4,17.1,12.0,-0.5175005629771202,-0.5775473579153555,,0.23391812865497075
Санта-Фе,-31.7903,-60.4839,1961-05-01,1961,5,16.8,63.0,-0.24345759420816207,-0.30037264420704246,,1.25
Санта-Фе,-31.7903,-60.4839,1961-06-01,1961,6,11.8,14.0,-1.1338126607029442,-1.2068466174248709,0.35228803315649576,0.3954802259887006
Санта-Фе,-31.7903,-60.4839,1961-07-01,1961,7,12.0,19.0,-0.35565722470505884,-0.3805694317578755,-0.7233426884854798,0.5277777777777778
Санта-Фе,-31.7903,-60.4839,1961-08-01,1961,8,15.4,15.0,-0.9828748890930317,-1.0753571874981904,-0.7615688062299002,0.3246753246753247
Санта-Фе,-31.7903,-60.4839,1961-09-01,1961,9,15.5,17.0,-0.9501403694386918,-1.1701114882301775,-1.7642006704405313,0.3655913978494624
Санта-Фе,-31.7903,-60.4839,1961-10-01,1961,10,19.2,112.0,-0.35274190674938,-0.37702114487395355,-0.6297439032020603,1.9444444444444444
Санта-Фе,-31.7903,-60.4839,1961-11-01,1961,11,21.7,109.0,-0.19014158846359228,-0.22199901089127788,-0.6890911513106224,1.674347158218126
Санта-Фе,-31.7903,-60.4839,1961-12-01,1961,12,22.8,135.0,0.21206746165974255,0.25827803448064807,-0.31203968637641133,1.9736842105263157
Санта-Фе,-31.7903,-60.4839,1962-01-01,1962,1,24.6,19.0,-0.5589016400340787,-0.5852838508473649,-0.801929429423443,0.25745257452574527
Санта-Фе,-31.7903,-60.4839,1962-02-01,1962,2,24.1,54.0,-1.0877377785841327,-1.1329008385118806,-0.9158373679472197,0.7468879668049793
Санта-Фе,-31.7903,-60.4839,1962-03-01,1962,3,23.9,94.0,-1.4118783750575115,-1.43352201244238,-0.8573256203356272,1.3110181311018132
Санта-Фе,-31.7903,-60.4839,1962-04-01,1962,4,16.9,55.0,-1.1642089220369742,-1.2158909291171347,-1.16427927750912,1.084812623274162
Санта-Фе,-31.7903,-60.4839,1962-05-01,1962,5,13.4,11.0,-1.2954127777106814,-1.31671691932205,-1.5076411659404023,0.2736318407960199
Санта-Фе,-31.7903,-60.4839,1962-06-01,1962,6,12.0,3.0,-1.4458901085093259,-1.5063482312376282,-1.8814006482136962,0.08333333333333333
Санта-Фе,-31.7903,-60.4839,1962-07-01,1962,7,8.5,78.0,-0.430736858646235,-0.45676497590395193,-1.2921852246089172,
Санта-Фе,-31.7903,-60.4839,1962-08-01,1962,8,12.6,16.0,0.06619240830815754,0.09806986197700682,-1.2784922473643103,0.42328042328042326
Санта-Фе,-31.7903,-60.4839,1962-09-01,1962,9,15.6,60.0,0.552121776338652,0.5575537918163505,-0.8802518527849105,1.2820512820512822
Санта-Фе,-31.7903,-60.4839,1962-10-01,1962,10,17.8,44.0,-0.6504175791604888,-0.7101487132323895,-0.9137658065014914,0.8239700374531835
Санта-Фе,-31.7903,-60.4839,1962-11-01,1962,11,23.4,60.0,-0.9463836536144646,-1.0373404873873886,-0.9001667033744686,0.8547008547008547
Санта-Фе,-31.7903,-60.4839,1962-12-01,1962,12,24.9,37.0,-1.590732743083053,-1.623526884169689,-1.136701236650112,0.49531459170013387
Санта-Фе,-31.7903,-60.4839,1963-01-01,1963,1,25.4,136.0,-0.8343417756977549,-0.8827044061008213,-1.1226123008135254,1.7847769028871392
Санта-Фе,-31.7903,-60.4839,1963-02-01,1963,2,24.8,116.0,-0.37082462387102616,-0.40338384857365284,-0.879345016587799,1.5591397849462365
Санта-Фе,-31.7903,-60.4839,1963-03-01,1963,3,21.2,113.0,0.028225769485748387,0.017122630716446468,-0.9451172511243361,1.7767295597484276
Санта-Фе,-31.7903,-60.4839,1963-04-01,1963,4,19.7,60.0,-0.4523373076987866,-0.5112529129252188,-0.9008353582820641,1.015228426395939
Санта-Фе,-31.7903,-60.4839,1963-05-01,1963,5,15.6,54.0,-0.6426423497021221,-0.7209274045841274,-0.7337164548082693,1.1538461538461537
Санта-Фе,-31.7903,-60.4839,1963-06-01,1963,6,13.1,3.0,-0.7621088438946337,-0.8184830120736721,-0.5249411098844505,0.07633587786259542
Санта-Фе,-31.7903,-60.4839,1963-07-01,1963,7,14.7,42.0,-0.30066970114220853,-0.31999006953043496,-0.645614750491844,0.9523809523809523
Санта-Фе,-31.7903,-60.4839,1963-08-01,1963,8,13.5,26.0,-0.41982811376390866,-0.46522071803247195,-0.9671991321049795,0.6419753086419753
Санта-Фе,-31.7903,-60.4839,1963-09-01,1963,9,14.7,30.0,-0.07151880632544734,-0.2270792378602653,-0.9709625090214995,0.6802721088435374
Санта-Фе,-31.7903,-60.4839,1963-10-01,1963,10,17.6,68.0,-0.597791385948115,-0.650633721813743,-0.8042072786970805,1.2878787878787878
Санта-Фе,-31.7903,-60.4839,1963-11-01,1963,11,19.5,144.0,-0.15249600683656367,-0.1734692693373614,-0.4525887201061568,2.4615384615384617
Санта-Фе,-31.7903,-60.4839,1963-12-01,1963,12,22.4,112.0,-0.020167261964626204,0.004592391424146858,-0.19966607493157734,1.6666666666666667
Санта-Фе,-31.7903,-60.4839,1964-01-01,1964,1,25.3,47.0,-0.21715110091514173,-0.2093918339370992,-0.6760839832121751,0.619235836627141
Санта-Фе,-31.7903,-60.4839,1964-02-01,1964,2,24.8,63.0,-0.953896750516429,-1.0051068983331723,-0.8117601940875765,0.8467741935483871
Санта-Фе,-31.7903,-60.4839,1964-03-01,1964,3,20.5,264.0,0.08136062054529127,0.07697955691041304,0.01674939977409025,4.2926829268292686
Санта-Фе,-31.7903,-60.4839,1964-04-01,1964,4,17.9,234.0,1.022559251476591,1.0346474366945417,0.635916000981622,4.35754189944134
Санта-Фе,-31.7903,-60.4839,1964-05-01,1964,5,16.8,24.0,1.2629569019004945,1.2701130944283867,0.39041750717709733,0.47619047619047616
Санта-Фе,-31.7903,-60.4839,1964-06-01,1964,6,9.8,25.0,0.7379118784736501,0.8029005752874442,0.42152320996880976,
Санта-Фе,-31.7903,-60.4839,1964-07-01,1964,7,11.0,0.0,-1.4213078843535332,-1.5192886209473107,0.6443886408215034,0.0
Санта-Фе,-31.7903,-60.4839,1964-08-01,1964,8,12.2,19.0,-1.1027091789611947,-1.1820445736853564,0.9336004957481772,0.5191256830601093
Санта-Фе,-31.7903,-60.4839,1964-09-01,1964,9,16.0,83.0,-0.017986252912427093,-0.15672250331046106,0.5075828450089654,1.7291666666666667
Санта-Фе,-31.7903,-60.4839,1964-10-01,1964,10,17.2,16.0,-0.6772470627705625,-0.7398281101404175,-1.4101239570934025,0.31007751937984496
Санта-Фе,-31.7903,-60.4839,1964-11-01,1964,11,20.4,52.0,-1.0931913605716266,-1.1763945773312314,-1.4457832426322006,0.8496732026143791
Санта-Фе,-31.7903,-60.4839,1964-12-01,1964,12,23.2,109.0,-1.2400686430908843,-1.29726467951203,-1.2504244446366677,1.5660919540229885
Санта-Фе,-31.7903,-60.4839,1965-01-01,1965,1,26.7,54.0,-1.0088602066065195,-1.0565313220001202,-1.234325073421262,0.6741573033707865
Санта-Фе,-31.7903,-60.4839,1965-02-01,1965,2,26.5,80.0,-0.7616305808314046,-0.817400566168181,-1.206809018906205,1.0062893081761006
Санта-Фе,-31.7903,-60.4839,1965-03-01,1965,3,20.8,28.0,-1.4582779213094539,-1.4734875761596515,-1.7838481651795537,0.44871794871794873
Санта-Фе,-31.7903,-60.4839,1965-04-01,1965,4,17.6,69.0,-1.4347500850594237,-1.4466642428497423,-1.5113335969155925,1.3068181818181819
Санта-Фе,-31.7903,-60.4839,1965-05-01,1965,5,14.6,4.0,-2.0488527029448855,-1.851323059033919,-1.6345394782320766,0.091324200913242
Санта-Фе,-31.7903,-60.4839,1965-06-01,1965,6,16.5,41.0,-0.7991020205081479,-0.8580495628721576,-1.6736194973051024,0.8282828282828283
Санта-Фе,-31.7903,-60.4839,1965-07-01,1965,7,11.1,42.0,-0.5276315673430891,-0.5828146973506181,-1.5217825607327646,1.2612612612612613
Санта-Фе,-31.7903,-60.4839,1965-08-01,1965,8,13.4,9.0,-0.019033969890537156,-0.008411325414863209,-1.7633039370725894,0.22388059701492538
Санта-Фе,-31.7903,-60.4839,1965-09-01,1965,9,14.5,37.0,-0.21466398402991813,-0.3978515944027755,-1.100657369507087,0.8505747126436781
Санта-Фе,-31.7903,-60.4839,1965-10-01,1965,10,18.8,99.0,-0.3411883116694689,-0.35975760829353776,-0.7102220192521178,1.7553191489361701
Санта-Фе,-31.7903,-60.4839,1965-11-01,1965,11,21.2,195.0,0.62015268261318,0.689502411354752,0.45319327895091005,3.0660377358490565
Санта-Фе,-31.7903,-60.4839,1965-12-01,1965,12,21.0,365.0,2.055792633125197,1.9017624055585989,1.5886363984343328,5.7936507936507935
Санта-Фе,-31.7903,-60.4839,1966-01-01,1966,1,24.3,112.0,2.1521900447209528,1.913634738650354,1.500279301426161,1.5363511659807956
Санта-Фе,-31.7903,-60.4839,1966-02-01,1966,2,21.8,191.0,1.9794690763343201,1.8171273947826017,1.703492619129078,2.920489296636086
Санта-Фе,-31.7903,-60.4839,1966-03-01,1966,3,20.9,126.0,0.390954143557772,0.4201697565029202,1.4510694654007446,2.0095693779904304
Санта-Фе,-31.7903,-60.4839,1966-04-01,1966,4,19.2,176.0,0.715483357659706,0.7441083790435966,1.5724250153446366,3.0555555555555554
Санта-Фе,-31.7903,-60.4839,1966-05-01,1966,5,16.0,64.0,0.3821257534220187,0.38707276557222736,1.416601032351638,1.3333333333333333
Санта-Фе,-31.7903,-60.4839,1966-06-01,1966,6,13.6,18.0,0.5564155576170364,0.6249974699471547,0.566712572031186,0.4411764705882353
Санта-Фе,-31.7903,-60.4839,1966-07-01,1966,7,13.1,52.0,0.273439544553228,0.34667457370534704,0.7211661438805366,1.3231552162849873
Санта-Фе,-31.7903,-60.4839,1966-08-01,1966,8,11.2,4.0,-0.35752066599035315,-0.3882780582220375,0.12286127188688513,0.11904761904761904
Санта-Фе,-31.7903,-60.4839,1966-09-01,1966,9,13.7,11.0,-0.5760802073179512,-0.8060833580888488,0.053668650631661784,0.26763990267639903
Санта-Фе,-31.7903,-60.4839,1966-10-01,1966,10,17.7,48.0,-1.624900063452008,-1.674465543478286,-1.079310151679433,0.903954802259887
Санта-Фе,-31.7903,-60.4839,1966-11-01,1966,11,22.1,79.0,-1.2451077076914991,-1.3184035472334585,-1.3102585613068718,1.191553544494721
Санта-Фе,-31.7903,-60.4839,1966-12-01,1966,12,22.5,101.0,-0.783244946558112,-0.8394226651396228,-1.1333813588187862,1.4962962962962962
Санта-Фе,-31.7903,-60.4839,1967-01-01,1967,1,25.0,59.0,-0.7777835027314693,-0.8186435690622067,-1.4042706916886494,0.7866666666666666
Санта-Фе,-31.7903,-60.4839,1967-02-01,1967,2,24.4,65.0,-0.925828475212579,-0.9768185453951175,-1.371659899155759,0.8879781420765027
Санта-Фе,-31.7903,-60.4839,1967-03-01,1967,3,21.5,139.0,-0.6358716840938693,-0.7048944443829414,-1.0187803999333287,2.1550387596899223
Санта-Фе,-31.7903,-60.4839,1967-04-01,1967,4,18.7,36.0,-0.8305403446286261,-0.9009908689828804,-1.1026922754334492,0.6417112299465241
Санта-Фе,-31.7903,-60.4839,1967-05-01,1967,5,18.3,99.0,-0.258788697623338,-0.3199150282741197,-0.8218210512505484,1.8032786885245902
Санта-Фе,-31.7903,-60.4839,1967-06-01,1967,6,8.3,44.0,-0.10197654900452821,-0.07569739022632338,-0.7508174926476275,
Санта-Фе,-31.7903,-60.4839,1967-07-01,1967,7,11.5,42.0,0.9580246018523745,1.0532074034827872,-0.3965057673343959,1.2173913043478262
Санта-Фе,-31.7903,-60.4839,1967-08-01,1967,8,12.2,169.0,1.894518904238212,1.693365885040532,0.7166082378592584,4.617486338797814
Санта-Фе,-31.7903,-60.4839,1967-09-01,1967,9,15.5,96.0,1.643234049468219,1.653549397831878,1.100711893178846,2.064516129032258
Санта-Фе,-31.7903,-60.4839,1967-10-01,1967,10,18.7,327.0,2.587481440852397,2.120077972327099,2.213800277379349,5.828877005347594
Санта-Фе,-31.7903,-60.4839,1967-11-01,1967,11,21.1,31.0,1.5344317519850956,1.5589912841004336,2.040624955949693,0.48973143759873616
Санта-Фе,-31.7903,-60.4839,1967-12-01,1967,12,26.0,72.0,0.7156189803447255,0.7859797794823331,1.5473189046534868,0.9230769230769231
Санта-Фе,-31.7903,-60.4839,1968-01-01,1968,1,25.2,58.0,-1.5842014228701058,-1.599627671965668,1.2090027014624165,0.7671957671957672
Санта-Фе,-31.7903,-60.4839,1968-02-01,1968,2,25.0,82.0,-1.049003772902546,-1.1016425046566567,0.31716193573376755,1.0933333333333333
Санта-Фе,-31.7903,-60.4839,1968-03-01,1968,3,21.3,111.0,-0.7231149322758148,-0.7948996471508256,-0.06826103917606577,1.7370892018779343
Санта-Фе,-31.7903,-60.4839,1968-04-01,1968,4,16.0,5.0,-1.2135387214154691,-1.2568146874494905,-1.6626238122392205,0.10416666666666667
Санта-Фе,-31.7903,-60.4839,1968-05-01,1968,5,13.8,10.0,-1.7004643636151309,-1.6209189724731115,-1.6643131425172528,0.24154589371980675
Санта-Фе,-31.7903,-60.4839,1968-06-01,1968,6,12.3,45.0,-1.6041817831278775,-1.649613943055404,-1.4801816688303384,1.2195121951219512
Санта-Фе,-31.7903,-60.4839,1968-07-01,1968,7,14.3,75.0,0.21313412990152542,0.28249942529835026,-1.057458289105381,1.7482517482517483
Санта-Фе,-31.7903,-60.4839,1968-08-01,1968,8,14.0,48.0,1.0336586247750097,1.054594389209947,-0.9936363046402524,1.1428571428571428
Санта-Фе,-31.7903,-60.4839,1968-09-01,1968,9,15.6,49.0,0.7132739007043362,0.741560772760998,-0.7951217696319772,1.047008547008547
Санта-Фе,-31.7903,-60.4839,1968-10-01,1968,10,18.3,94.0,0.13602011678858955,0.18272984475661744,0.13659037340571822,1.7122040072859745
Санта-Фе,-31.7903,-60.4839,1968-11-01,1968,11,24.1,67.0,-0.46216388493396265,-0.5302012604072953,0.09235979434724054,0.9266943291839558
Санта-Фе,-31.7903,-60.4839,1968-12-01,1968,12,23.3,96.0,-0.5408699106007419,-0.5829362594478067,-0.15616712091179022,1.3733905579399142
Санта-Фе,-31.7903,-60.4839,1969-01-01,1969,1,25.4,103.0,-0.5323187784510884,-0.5611943033423009,-0.49646322009808175,1.3517060367454068
Санта-Фе,-31.7903,-60.4839,1969-02-01,1969,2,23.6,144.0,0.045068406523482596,0.05458843749167527,-0.30706673729647405,2.0338983050847457
Санта-Фе,-31.7903,-60.4839,1969-03-01,1969,3,22.3,113.0,-0.0016227994757382768,-0.015961397815590268,-0.3817576491497877,1.6890881913303437
Санта-Фе,-31.7903,-60.4839,1969-04-01,1969,4,18.9,95.0,-0.03741923683797471,-0.056869915425947985,-0.4407755935545197,1.6754850088183422
Санта-Фе,-31.7903,-60.4839,1969-05-01,1969,5,16.1,62.0,-0.289673850635077,-0.35270947414108234,-0.23102395726682706,1.2836438923395443
Санта-Фе,-31.7903,-60.4839,1969-06-01,1969,6,12.2,22.0,-0.10197654900452821,-0.07690927149387125,-0.20330060829970206,0.6010928961748634
Санта-Фе,-31.7903,-60.4839,1969-07-01,1969,7,13.7,7.0,-0.4498368167225175,-0.49255376097245807,-0.2822759420178553,0.170316301703163
Санта-Фе,-31.7903,-60.4839,1969-08-01,1969,8,11.4,9.0,-1.3014621471183343,-1.3813989223061187,-0.8875342212080525,0.2631578947368421
Санта-Фе,-31.7903,-60.4839,1969-09-01,1969,9,17.4,14.0,-1.8962540461078843,-1.70411735324972,-1.0312934617289509,0.2681992337164751
Санта-Фе,-31.7903,-60.4839,1969-10-01,1969,10,18.3,42.0,-1.579471737125279,-1.6439772421316754,-1.5399065749541605,0.7650273224043715
Санта-Фе,-31.7903,-60.4839,1969-11-01,1969,11,21.5,140.0,-0.6042300065314467,-0.6828570608673499,-1.1305777187468422,2.1705426356589146
Санта-Фе,-31.7903,-60.4839,1969-12-01,1969,12,24.8,71.0,-0.5736317006100111,-0.6172848294125403,-1.2261619139152637,0.9543010752688172
Санта-Фе,-31.7903,-60.4839,1970-01-01,1970,1,24.6,188.0,0.5117048362585858,0.5688495374956747,-0.45075345414914164,2.5474254742547426
Санта-Фе,-31.7903,-60.4839,1970-02-01,1970,2,24.8,74.0,-0.028948829468231258,-0.02844302693275196,-0.44467496783527516,0.9946236559139785
Санта-Фе,-31.7903,-60.4839,1970-03-01,1970,3,23.1,276.0,0.9419205058795539,0.9824728546265122,0.42988513790932037,3.982683982683983
Санта-Фе,-31.7903,-60.4839,1970-04-01,1970,4,21.1,73.0,0.3653790862636451,0.3793371247092684,0.4665950855073109,1.1532385466034756
Санта-Фе,-31.7903,-60.4839,1970-05-01,1970,5,15.1,22.0,0.41377794223335934,0.4188661729753496,0.20711936976369694,0.4856512141280353
Санта-Фе,-31.7903,-60.4839,1970-06-01,1970,6,10.9,25.0,-0.7256992787810566,-0.7778587622801857,0.4238118291142265,0.764525993883792
Санта-Фе,-31.7903,-60.4839,1970-07-01,1970,7,11.5,9.0,-1.229022991431092,-1.3333466044233409,-0.05979224726185725,0.2608695652173913
Санта-Фе,-31.7903,-60.4839,1970-08-01,1970,8,12.5,48.0,-0.2002561221938657,-0.20468298574950414,0.21435536901878827,1.28
Санта-Фе,-31.7903,-60.4839,1970-09-01,1970,9,16.4,62.0,0.19072461667530077,0.10571569608086548,-0.7288380240500196,1.2601626016260163
Санта-Фе,-31.7903,-60.4839,1970-10-01,1970,10,16.8,148.0,0.7009988416911389,0.7758655235628561,0.08023150022535754,2.9365079365079363
Санта-Фе,-31.7903,-60.4839,1970-11-01,1970,11,19.3,32.0,-0.15249600683656367,-0.17398472673121107,-0.3541618584773017,0.5526770293609672
Санта-Фе,-31.7903,-60.4839,1970-12-01,1970,12,22.8,104.0,-0.32491777212043965,-0.3363397720109407,-0.3357313780179709,1.5204678362573099
Санта-Фе,-31.7903,-60.4839,1971-01-01,1971,1,23.9,306.0,0.8057357744858691,0.8615132147031814,0.9507815522236619,4.2677824267782425
Санта-Фе,-31.7903,-60.4839,1971-02-01,1971,2,22.3,75.0,0.9836286213032416,1.017756580866356,0.6326574391084382,1.1210762331838564
Санта-Фе,-31.7903,-60.4839,1971-03-01,1971,3,20.8,240.0,1.3185992270742823,1.3298934026651796,0.8808712069318808,3.8461538461538463
Санта-Фе,-31.7903,-60.4839,1971-04-01,1971,4,15.7,75.0,0.1851638135497857,0.1917529749121534,0.5137132637050017,1.5923566878980893
Санта-Фе,-31.7903,-60.4839,1971-05-01,1971,5,12.8,102.0,0.6928207831598379,0.7215028269508905,1.0096748780138962,2.65625
Санта-Фе,-31.7903,-60.4839,1971-06-01,1971,6,8.3,17.0,0.03527580230073456,0.08495326508156337,1.1173196892810155,
Санта-Фе,-31.7903,-60.4839,1971-07-01,1971,7,13.7,13.0,0.24343322058965072,0.32338248732837527,0.19797964865089818,0.31630170316301703
Санта-Фе,-31.7903,-60.4839,1971-08-01,1971,8,13.2,31.0,-0.6434494246085251,-0.7046979242248266,0.3938069016590419,0.7828282828282829
Санта-Фе,-31.7903,-60.4839,1971-09-01,1971,9,16.3,101.0,0.466035596148437,0.4474217882096439,0.1709137521843231,2.065439672801636
Санта-Фе,-31.7903,-60.4839,1971-10-01,1971,10,17.6,44.0,-0.009316458769280844,0.020527676279120003,0.028653067049686804,0.8333333333333334
Санта-Фе,-31.7903,-60.4839,1971-11-01,1971,11,21.9,102.0,-0.10583982378045267,-0.1250255467129133,-0.49583069095594823,1.552511415525114
Санта-Фе,-31.7903,-60.4839,1971-12-01,1971,12,24.8,137.0,-0.33276105088846236,-0.35098339993726096,-0.16144304823741457,1.8413978494623655
Санта-Фе,-31.7903,-60.4839,1972-01-01,1972,1,26.0,56.0,-0.28341224523584024,-0.2888080748259261,-0.40821546729469066,0.717948717948718
Санта-Фе,-31.7903,-60.4839,1972-02-01,1972,2,24.6,53.0,-0.7349325534154141,-0.788873446745557,-0.6511536151631668,0.7181571815718157
Санта-Фе,-31.7903,-60.4839,1972-03-01,1972,3,19.9,165.0,-0.5578541839854226,-0.6230606535421293,-0.6832980943110478,2.763819095477387
Санта-Фе,-31.7903,-60.4839,1972-04-01,1972,4,17.4,43.0,-0.6610565147923354,-0.7271906389646365,-0.7352799061919648,0.8237547892720306
Санта-Фе,-31.7903,-60.4839,1972-05-01,1972,5,17.2,24.0,-0.5994320986284885,-0.6745864750016828,-0.9324344242159328,0.46511627906976744
Санта-Фе,-31.7903,-60.4839,1972-06-01,1972,6,14.3,33.0,-0.9802192063662738,-1.0513542093380936,-1.1354639111901312,0.7692307692307693
Санта-Фе,-31.7903,-60.4839,1972-07-01,1972,7,10.7,33.0,-0.4690736662465793,-0.5152302259894307,-0.8965557703096461,1.02803738317757
Санта-Фе,-31.7903,-60.4839,1972-08-01,1972,8,12.1,54.0,0.4219633017151587,0.4768345602141804,-0.5404926193952782,1.487603305785124
Санта-Фе,-31.7903,-60.4839,1972-09-01,1972,9,15.9,247.0,1.7932622108771996,1.7712563598431648,0.8178466160580955,5.178197064989518
Санта-Фе,-31.7903,-60.4839,1972-10-01,1972,10,17.0,85.0,1.5477129457069654,1.487119105505696,1.1721100894573497,1.6666666666666667
Санта-Фе,-31.7903,-60.4839,1972-11-01,1972,11,19.5,129.0,1.5823889321407265,1.60051683244938,1.4640573118046543,2.2051282051282053
Санта-Фе,-31.7903,-60.4839,1972-12-01,1972,12,23.9,40.0,-0.5654218940889907,-0.6040294572444428,0.8607699875814083,0.5578800557880056
Санта-Фе,-31.7903,-60.4839,1973-01-01,1973,1,25.1,139.0,-0.17622999633326825,-0.16595117219305439,0.9178978972985724,1.845949535192563
Санта-Фе,-31.7903,-60.4839,1973-02-01,1973,2,22.4,383.0,1.4256814206210702,1.3993106465424692,1.7764170675131101,5.699404761904762
Санта-Фе,-31.7903,-60.4839,1973-03-01,1973,3,22.2,157.0,1.5644673055303902,1.5341718791488996,0.9770986670892612,2.3573573573573574
Санта-Фе,-31.7903,-60.4839,1973-04-01,1973,4,17.7,241.0,1.8658358763814116,1.707655805103078,1.371526454998238,4.5386064030131825
Санта-Фе,-31.7903,-60.4839,1973-05-01,1973,5,13.9,6.0,0.6160627869208314,0.6386914565415196,1.215783235251518,0.14388489208633093
Санта-Фе,-31.7903,-60.4839,1973-06-01,1973,6,13.3,23.0,0.644833480293505,0.7140837392731038,1.5731828705067963,0.5764411027568922
Санта-Фе,-31.7903,-60.4839,1973-07-01,1973,7,9.8,40.0,-0.9100113121574687,-1.0016727877338887,1.5171623954437194,
Санта-Фе,-31.7903,-60.4839,1973-08-01,1973,8,12.1,0.0,-0.5965426907505806,-0.6528164790484552,0.31570791083873506,0.0
Санта-Фе,-31.7903,-60.4839,1973-09-01,1973,9,14.3,4.0,-1.1678603120148625,-1.3253334043176186,-0.03411931019635373,0.09324009324009325
Санта-Фе,-31.7903,-60.4839,1973-10-01,1973,10,18.0,112.0,-0.7044364659499702,-0.7680639654554515,-1.2077293576254353,2.074074074074074
Санта-Фе,-31.7903,-60.4839,1973-11-01,1973,11,19.0,44.0,-0.9910375219009324,-1.0742921223247512,-1.2156455744767334,0.7719298245614035
Санта-Фе,-31.7903,-60.4839,1973-12-01,1973,12,22.7,44.0,-1.0287985904641987,-1.0889892853699874,-1.499428018194522,0.6461086637298091
Санта-Фе,-31.7903,-60.4839,1974-01-01,1974,1,24.5,152.0,-0.7684317614851359,-0.8047028414064644,-1.0989697593149546,2.068027210884354
Санта-Фе,-31.7903,-60.4839,1974-02-01,1974,2,22.2,138.0,-0.021489949225930925,-0.015209067024716172,-0.638089789410129,2.0720720720720722
Санта-Фе,-31.7903,-60.4839,1974-03-01,1974,3,21.6,42.0,-0.17338835712524775,-0.2042410797303851,-0.8062452730863066,0.6481481481481481
Санта-Фе,-31.7903,-60.4839,1974-04-01,1974,4,18.4,22.0,-1.1739823868043726,-1.2214549380904187,-1.2740217150503632,0.39855072463768115
Санта-Фе,-31.7903,-60.4839,1974-05-01,1974,5,16.2,65.0,-1.6619314510411076,-1.5984881088414196,-1.0088274057732507,1.337448559670782
Санта-Фе,-31.7903,-60.4839,1974-06-01,1974,6,10.6,47.0,-0.5628663311678742,-0.5947833807375456,-0.6121140443443255,1.4779874213836477
Санта-Фе,-31.7903,-60.4839,1974-07-01,1974,7,14.1,11.0,0.10466853478436235,0.15732911221289125,-1.0790039887264617,0.26004728132387706
Санта-Фе,-31.7903,-60.4839,1974-08-01,1974,8,12.3,30.0,-0.0896881196168824,-0.08222898649592682,-1.5846396972656143,0.8130081300813008
Санта-Фе,-31.7903,-60.4839,1974-09-01,1974,9,12.4,58.0,-0.0579535670615288,-0.2041624171661629,-0.7839796866926396,1.5591397849462365
Санта-Фе,-31.7903,-60.4839,1974-10-01,1974,10,17.4,29.0,-0.6907960057798994,-0.7494667874422097,-0.6222338153409204,0.5555555555555556
Санта-Фе,-31.7903,-60.4839,1974-11-01,1974,11,21.1,3.0,-1.859146372559565,-1.8289448541353386,-1.5817959201963148,0.04739336492890995
Санта-Фе,-31.7903,-60.4839,1974-12-01,1974,12,21.5,96.0,-1.7241600981945484,-1.7315700588234624,-1.6216402105780672,1.4883720930232558
Санта-Фе,-31.7903,-60.4839,1975-01-01,1975,1,23.7,56.0,-1.6538745184030867,-1.65231241854633,-1.5627909851580621,0.7876230661040787
Санта-Фе,-31.7903,-60.4839,1975-02-01,1975,2,23.3,72.0,-0.935161389865066,-0.981953075127064,-1.6263357109367398,1.0300429184549356
Санта-Фе,-31.7903,-60.4839,1975-03-01,1975,3,21.1,244.0,0.06961763318482413,0.06598441148049769,-0.969599917873622,3.854660347551343
Санта-Фе,-31.7903,-60.4839,1975-04-01,1975,4,17.6,65.0,0.1340110657298133,0.13371784085930039,-0.8272679752161815,1.231060606060606
Санта-Фе,-31.7903,-60.4839,1975-05-01,1975,5,15.9,81.0,0.531599429336679,0.5491359847597622,-0.22200499340539923,1.6981132075471699
Санта-Фе,-31.7903,-60.4839,1975-06-01,1975,6,13.8,77.0,0.28293113734461056,0.34528971146565196,0.10398765623153808,1.8599033816425121
Санта-Фе,-31.7903,-60.4839,1975-07-01,1975,7,9.6,23.0,0.9090272880074046,1.006912984493,0.40882569419001275,
Санта-Фе,-31.7903,-60.4839,1975-08-01,1975,8,11.7,62.0,0.9643142813625718,0.9986552243295282,0.8534138450408378,1.7663817663817665
Санта-Фе,-31.7903,-60.4839,1975-09-01,1975,9,14.6,118.0,0.9634278498165042,1.023937846110917,0.772285606533185,2.6940639269406392
Санта-Фе,-31.7903,-60.4839,1975-10-01,1975,10,16.4,48.0,0.46255016210314237,0.5393978945721922,0.7923795271836431,0.9756097560975611
Санта-Фе,-31.7903,-60.4839,1975-11-01,1975,11,19.3,47.0,-0.43227008911336334,-0.48669138161265874,0.07889378559642037,0.8117443868739206
Санта-Фе,-31.7903,-60.4839,1975-12-01,1975,12,24.5,28.0,-1.7765393488542984,-1.7761379721538288,-0.9025624586289209,0.38095238095238093
Санта-Фе,-31.7903,-60.4839,1976-01-01,1976,1,24.6,175.0,-0.6760493679617782,-0.7100105942853385,-0.358376613757258,2.3712737127371275
Санта-Фе,-31.7903,-60.4839,1976-02-01,1976,2,23.7,89.0,-0.34660572849692617,-0.3745177169844822,-0.5769504921352735,1.2517580872011251
Санта-Фе,-31.7903,-60.4839,1976-03-01,1976,3,19.2,111.0,0.08721842653998174,0.08599888929401012,-0.9797293487183082,1.9270833333333333
Санта-Фе,-31.7903,-60.4839,1976-04-01,1976,4,16.1,84.0,-0.4883271318026994,-0.5436978692376225,-0.8364945763722964,1.7391304347826084
Санта-Фе,-31.7903,-60.4839,1976-05-01,1976,5,13.5,11.0,-0.8314029094995888,-0.8987462771268987,-0.8224786431398788,0.2716049382716049
Санта-Фе,-31.7903,-60.4839,1976-06-01,1976,6,10.9,1.0,-1.0348121173152214,-1.0984021076838821,-0.5803973778877165,0.03058103975535168
Санта-Фе,-31.7903,-60.4839,1976-07-01,1976,7,10.9,9.0,-2.450639168286209,-2.331138436123445,-1.2157442297921985,0.27522935779816515
Санта-Фе,-31.7903,-60.4839,1976-08-01,1976,8,12.2,108.0,0.3930530247099237,0.4501188950125573,-0.7534979817281332,2.9508196721311477
Санта-Фе,-31.7903,-60.4839,1976-09-01,1976,9,14.2,3.0,0.20218746094078963,0.1237252607093801,-0.949316759175734,0.07042253521126761
Санта-Фе,-31.7903,-60.4839,1976-10-01,1976,10,16.9,210.0,1.1460264650663512,1.1767111507707497,0.3158425345016005,4.142011834319527
Санта-Фе,-31.7903,-60.4839,1976-11-01,1976,11,20.2,92.0,0.40604745721181146,0.4596552619214179,0.4595213417487906,1.518151815181518
Санта-Фе,-31.7903,-60.4839,1976-12-01,1976,12,22.5,169.0,0.9772905918830394,1.0424965172498712,0.8783384047820764,2.5037037037037035
Санта-Фе,-31.7903,-60.4839,1977-01-01,1977,1,25.1,83.0,0.10803879667785503,0.14634796500745778,0.7644719610173747,1.1022576361221779
Санта-Фе,-31.7903,-60.4839,1977-02-01,1977,2,23.2,124.0,0.28084279271269363,0.311615288616929,0.40108891512489786,1.7816091954022988
Санта-Фе,-31.7903,-60.4839,1977-03-01,1977,3,21.7,110.0,-0.26886216950256714,-0.3110767858042652,0.4209391161552154,1.6897081413210446
Санта-Фе,-31.7903,-60.4839,1977-04-01,1977,4,17.6,27.0,-0.6610565147923354,-0.7279002105583248,-0.49840595077570066,0.5113636363636364
Санта-Фе,-31.7903,-60.4839,1977-05-01,1977,5,12.3,27.0,-1.2517392781754437,-1.2781073697967331,-0.6027613413088999,0.7317073170731707
Санта-Фе,-31.7903,-60.4839,1977-06-01,1977,6,12.7,31.0,-1.1925358555891665,-1.2619820174406562,-0.9751725864864934,0.8136482939632546
Санта-Фе,-31.7903,-60.4839,1977-07-01,1977,7,12.5,19.0,-0.7328904554476303,-0.8074941103692925,-0.985545884862845,0.5066666666666667
Санта-Фе,-31.7903,-60.4839,1977-08-01,1977,8,12.5,26.0,-0.31704443612994004,-0.34209873101430954,-1.4085019099355132,0.6933333333333334
Санта-Фе,-31.7903,-60.4839,1977-09-01,1977,9,15.8,53.0,-0.07151880632544734,-0.2248662031326132,-1.2953378217788853,1.1181434599156117
Санта-Фе,-31.7903,-60.4839,1977-10-01,1977,10,18.8,91.0,-0.0699745640802771,-0.0488983627427146,-0.5529768978791889,1.6134751773049645
Санта-Фе,-31.7903,-60.4839,1977-11-01,1977,11,19.9,185.0,0.6039830157769641,0.6725651883176016,0.3158225172043175,3.0988274706867673
Санта-Фе,-31.7903,-60.4839,1977-12-01,1977,12,23.2,131.0,0.563693258019211,0.6351976625191254,0.367107886922956,1.882183908045977
Санта-Фе,-31.7903,-60.4839,1978-01-01,1978,1,23.6,330.0,2.0149667304426537,1.8241860433927988,1.4956525913879082,4.661016949152542
Санта-Фе,-31.7903,-60.4839,1978-02-01,1978,2,22.0,131.0,1.5882281078067537,1.5297855206137982,1.4426000039273033,1.9848484848484849
Санта-Фе,-31.7903,-60.4839,1978-03-01,1978,3,21.6,371.0,2.158761621552028,1.9750268404061504,1.8184841866709442,5.7253086419753085
Санта-Фе,-31.7903,-60.4839,1978-04-01,1978,4,16.7,33.0,0.9084618717668398,0.9306439940090001,1.6122165176990546,0.6586826347305389
Санта-Фе,-31.7903,-60.4839,1978-05-01,1978,5,13.7,11.0,0.6811130437842775,0.7077354677059063,1.3403007617383915,0.26763990267639903
Санта-Фе,-31.7903,-60.4839,1978-06-01,1978,6,10.9,63.0,-0.8878295661286503,-0.9456300259789993,1.5441792011070068,1.926605504587156
Санта-Фе,-31.7903,-60.4839,1978-07-01,1978,7,13.3,65.0,0.34722192912337724,0.4346995330822044,0.9237218759649423,1.6290726817042607
Санта-Фе,-31.7903,-60.4839,1978-08-01,1978,8,10.9,2.0,0.5616771102201187,0.6214616676135999,0.8141459813581211,0.06116207951070336
Санта-Фе,-31.7903,-60.4839,1978-09-01,1978,9,15.5,88.0,0.5614431546442776,0.566565104783541,-0.5004500762116448,1.89247311827957
Санта-Фе,-31.7903,-60.4839,1978-10-01,1978,10,18.1,124.0,0.3437413550829758,0.4126508868184789,0.3993403181756755,2.283609576427256
Санта-Фе,-31.7903,-60.4839,1978-11-01,1978,11,20.4,164.0,0.9719144541154986,1.0501773853633338,1.0345055493883952,2.679738562091503
Санта-Фе,-31.7903,-60.4839,1978-12-01,1978,12,23.2,134.0,0.6632136111436293,0.7368419397497957,0.7996042091504928,1.9252873563218391
Санта-Фе,-31.7903,-60.4839,1979-01-01,1979,1,24.9,65.0,0.2513556712528659,0.2998492490341846,0.2551494404921318,0.8701472556894244
Санта-Фе,-31.7903,-60.4839,1979-02-01,1979,2,23.6,104.0,-0.2589974232120054,-0.2778952534562527,0.388921700198134,1.4689265536723164
Санта-Фе,-31.7903,-60.4839,1979-03-01,1979,3,20.3,88.0,-0.6792061884213926,-0.7476650882574544,-0.07381506148427865,1.444991789819376
Санта-Фе,-31.7903,-60.4839,1979-04-01,1979,4,16.3,250.0,0.464395534951084,0.48925786577889274,0.4025935401575846,5.112474437627812
Санта-Фе,-31.7903,-60.4839,1979-05-01,1979,5,13.1,56.0,0.5559286813436797,0.5780001495232995,0.18079987956854313,1.424936386768448
Санта-Фе,-31.7903,-60.4839,1979-06-01,1979,6,10.7,25.0,1.0603543645909794,1.0924366271758457,0.06931874612370031,0.778816199376947
Санта-Фе,-31.7903,-60.4839,1979-07-01,1979,7,13.0,34.0,-0.024268389289145743,0.014375417593222405,0.38504355073364654,0.8717948717948718
Санта-Фе,-31.7903,-60.4839,1979-08-01,1979,8,14.5,45.0,0.1803192594107903,0.21733440132662019,0.5243684090962806,1.0344827586206897
Санта-Фе,-31.7903,-60.4839,1979-09-01,1979,9,13.1,49.0,0.29113246207732707,0.2330840032175218,0.962609394890827,1.2468193384223918
Санта-Фе,-31.7903,-60.4839,1979-10-01,1979,10,17.3,29.0,-0.6108223429336197,-0.663716837440248,-0.6416971866156659,0.558766859344894
Санта-Фе,-31.7903,-60.4839,1979-11-01,1979,11,18.4,177.0,-0.03209074564452644,-0.03259992364269662,-0.05500128551995731,3.2065217391304346
Санта-Фе,-31.7903,-60.4839,1979-12-01,1979,12,22.0,144.0,0.16924802597456365,0.21688224718774723,0.19344549746210746,2.1818181818181817
Санта-Фе,-31.7903,-60.4839,1980-01-01,1980,1,24.8,10.0,0.007397580712684271,0.03961798399544564,-0.5068700729231155,0.13440860215053763
Санта-Фе,-31.7903,-60.4839,1980-02-01,1980,2,24.0,79.0,-0.8519804734639972,-0.9021241867408266,-0.671903887474272,1.0972222222222223
Санта-Фе,-31.7903,-60.4839,1980-03-01,1980,3,24.3,69.0,-1.4959427773052139,-1.502833002806027,-0.930399115096883,0.9465020576131687
Санта-Фе,-31.7903,-60.4839,1980-04-01,1980,4,20.3,263.0,0.30111630077350066,0.31094002192648423,0.13236584252971414,4.318555008210181
Санта-Фе,-31.7903,-60.4839,1980-05-01,1980,5,16.8,43.0,0.43890130851849746,0.4450656634622947,-0.2571900925734237,0.8531746031746031
Санта-Фе,-31.7903,-60.4839,1980-06-01,1980,6,11.5,19.0,1.0217001588484422,1.05551425369769,-0.5202436234984126,0.5507246376811594
Санта-Фе,-31.7903,-60.4839,1980-07-01,1980,7,10.0,36.0,-0.3188773043743178,-0.3335210438054835,0.11682059311495008,
Санта-Фе,-31.7903,-60.4839,1980-08-01,1980,8,12.4,34.0,-0.0718068318452197,-0.057810939623604805,0.2906780874538249,0.9139784946236559
Санта-Фе,-31.7903,-60.4839,1980-09-01,1980,9,13.7,24.0,-0.12707349876068777,-0.28754196006791805,0.7285434882642159,0.583941605839416
Санта-Фе,-31.7903,-60.4839,1980-10-01,1980,10,17.5,64.0,-0.6239361167992713,-0.6777975344016514,-0.8304154238311835,1.2190476190476192
Санта-Фе,-31.7903,-60.4839,1980-11-01,1980,11,19.5,201.0,0.2698523893437921,0.30822012299119117,0.10333592870116337,3.4358974358974357
Санта-Фе,-31.7903,-60.4839,1980-12-01,1980,12,23.5,36.0,-0.19330518918035597,-0.19092302816816684,-0.3933333728931038,0.5106382978723404
Санта-Фе,-31.7903,-60.4839,1981-01-01,1981,1,23.4,148.0,0.41210619481990757,0.47075109421696004,-0.1758239427834533,2.1082621082621085
Санта-Фе,-31.7903,-60.4839,1981-02-01,1981,2,23.6,241.0,0.6097435785650455,0.6549424864975554,0.5685435167537973,3.403954802259887
Санта-Фе,-31.7903,-60.4839,1981-03-01,1981,3,21.3,381.0,1.9264177964385651,1.8115406015314124,1.4040501536542909,5.962441314553991
Санта-Фе,-31.7903,-60.4839,1981-04-01,1981,4,18.1,232.0,2.1095411573743266,1.8708547612017727,1.748011677861124,4.27255985267035
Санта-Фе,-31.7903,-60.4839,1981-05-01,1981,5,18.4,121.0,2.2236804475512812,2.0212195861798254,1.7327175349869641,2.1920289855072466
Санта-Фе,-31.7903,-60.4839,1981-06-01,1981,6,10.8,5.0,1.2291657675247092,1.2277804133380243,2.053961145697315,0.15432098765432098
Санта-Фе,-31.7903,-60.4839,1981-07-01,1981,7,11.3,20.0,0.4477208018137036,0.5400701838951681,1.8860258703446953,0.5899705014749262
Санта-Фе,-31.7903,-60.4839,1981-08-01,1981,8,14.9,33.0,-0.7161534025357637,-0.7882496440904546,1.914297462220668,0.738255033557047
Санта-Фе,-31.7903,-60.4839,1981-09-01,1981,9,14.4,17.0,-0.5177228531396614,-0.7486461451823577,0.7819002215675832,0.39351851851851855
Санта-Фе,-31.7903,-60.4839,1981-10-01,1981,10,18.1,4.0,-1.84789277511481,-1.8643734555490028,-1.0497609644209909,0.07366482504604052
Санта-Фе,-31.7903,-60.4839,1981-11-01,1981,11,21.4,117.0,-1.2451077076914991,-1.3186679083414452,-1.44034903621973,1.8224299065420562
Санта-Фе,-31.7903,-60.4839,1981-12-01,1981,12,23.6,156.0,-0.3800645254818592,-0.402271472698103,-0.752176478640736,2.2033898305084745
Санта-Фе,-31.7903,-60.4839,1982-01-01,1982,1,24.5,73.0,0.12333133097880085,0.16127030181745086,-0.842895754173375,0.9931972789115646
Санта-Фе,-31.7903,-60.4839,1982-02-01,1982,2,22.7,104.0,-0.028948829468231258,-0.02486070994588077,-0.7722342457165304,1.5271659324522762
Санта-Фе,-31.7903,-60.4839,1982-03-01,1982,3,22.8,73.0,-0.7304902758097493,-0.8009467418378804,-0.8349809358284864,1.067251461988304
Санта-Фе,-31.7903,-60.4839,1982-04-01,1982,4,19.5,78.0,-0.7082386703504265,-0.7783396755245438,-0.519666021071879,1.3333333333333333
Санта-Фе,-31.7903,-60.4839,1982-05-01,1982,5,16.3,38.0,-0.9938825386965627,-1.0596115212027646,-0.7004879492466756,0.7770961145194274
Санта-Фе,-31.7903,-60.4839,1982-06-01,1982,6,12.9,91.0,0.1489628448981556,0.1997957216790586,-0.6661358818985965,2.351421188630491
Санта-Фе,-31.7903,-60.4839,1982-07-01,1982,7,11.8,14.0,0.4050350966851482,0.4937812554257336,-0.5764277531855521,0.3954802259887006
Санта-Фе,-31.7903,-60.4839,1982-08-01,1982,8,13.8,8.0,0.3192382663878638,0.36718947157007115,-0.936271043895222,0.1932367149758454
Санта-Фе,-31.7903,-60.4839,1982-09-01,1982,9,17.0,200.0,1.1032974712105408,1.1639256879490647,0.7860202969048614,3.9215686274509802
Санта-Фе,-31.7903,-60.4839,1982-10-01,1982,10,18.0,53.0,0.7237713531261765,0.7956562719970951,0.7557422449332248,0.9814814814814815
Санта-Фе,-31.7903,-60.4839,1982-11-01,1982,11,20.4,128.0,1.009663584202461,1.0859837200789033,0.9553358177410738,2.0915032679738563
Санта-Фе,-31.7903,-60.4839,1982-12-01,1982,12,24.2,37.0,-0.8695662428408171,-0.9300128775405115,-0.07443320662458291,0.509641873278237
Санта-Фе,-31.7903,-60.4839,1983-01-01,1983,1,26.3,73.0,-0.7871563609446061,-0.8302195680264948,-0.232303610131171,0.9252217997465145
Санта-Фе,-31.7903,-60.4839,1983-02-01,1983,2,23.2,293.0,0.4649629524047188,0.5034848056883987,0.8936196801667089,4.209770114942529
Санта-Фе,-31.7903,-60.4839,1983-03-01,1983,3,21.0,100.0,0.5863371006211331,0.6256431657142824,-0.051507356615007736,1.5873015873015872
Санта-Фе,-31.7903,-60.4839,1983-04-01,1983,4,17.9,77.0,0.6047238461103339,0.6328638572907498,-0.019487908976865843,1.4338919925512104
Санта-Фе,-31.7903,-60.4839,1983-05-01,1983,5,14.4,178.0,0.31149030737179473,0.3117436385412307,0.45081662317176946,4.12037037037037
Санта-Фе,-31.7903,-60.4839,1983-06-01,1983,6,9.6,69.0,1.0152151666221716,1.0529750158947162,1.0160141512067076,
Санта-Фе,-31.7903,-60.4839,1983-07-01,1983,7,9.9,30.0,1.9389550593702876,1.8260264211579014,1.196923841162152,
Санта-Фе,-31.7903,-60.4839,1983-08-01,1983,8,11.8,46.0,0.7579429160951168,0.8146618960541487,0.5383182943147554,1.2994350282485876
Санта-Фе,-31.7903,-60.4839,1983-09-01,1983,9,13.7,47.0,0.23610276404080024,0.16907448439068123,0.8973197757873428,1.143552311435523
Санта-Фе,-31.7903,-60.4839,1983-10-01,1983,10,19.4,138.0,0.48734075038358504,0.5627798852487033,1.3303784056871157,2.3711340206185567
Санта-Фе,-31.7903,-60.4839,1983-11-01,1983,11,21.0,129.0,0.48113647467544624,0.539633036964552,0.722829281501469,2.0476190476190474
Санта-Фе,-31.7903,-60.4839,1983-12-01,1983,12,25.3,54.0,-0.0424433733034596,-0.026721859032432384,-0.04460354939969959,0.7114624505928854
Санта-Фе,-31.7903,-60.4839,1984-01-01,1984,1,25.5,228.0,0.5955055032457667,0.6523908418405588,0.6332396603761622,2.980392156862745
Санта-Фе,-31.7903,-60.4839,1984-02-01,1984,2,24.1,202.0,0.9776261014910202,1.0079707852520285,0.9549811665268735,2.7939142461964037
Санта-Фе,-31.7903,-60.4839,1984-03-01,1984,3,21.8,176.0,1.252826410821498,1.2702796313298905,0.9535884014039119,2.691131498470948
Санта-Фе,-31.7903,-60.4839,1984-04-01,1984,4,17.2,33.0,0.30111630077350066,0.3144219091005611,0.46883503221320516,0.6395348837209303
Санта-Фе,-31.7903,-60.4839,1984-05-01,1984,5,15.3,31.0,-0.5315666534865029,-0.6054351434119934,0.30047265987904154,0.6753812636165577
Санта-Фе,-31.7903,-60.4839,1984-06-01,1984,6,9.9,16.0,-1.2683557248494575,-1.336488111867276,0.5621384585719696,
Санта-Фе,-31.7903,-60.4839,1984-07-01,1984,7,10.2,28.0,-0.7759996516920411,-0.8523282501771968,-0.012763197790814643,0.9150326797385621
Санта-Фе,-31.7903,-60.4839,1984-08-01,1984,8,11.4,26.0,-0.4410456045689195,-0.4722218105151671,-0.8659955356621526,0.7602339181286549
Санта-Фе,-31.7903,-60.4839,1984-09-01,1984,9,15.1,157.0,1.0234134922366025,1.0858385424786274,-0.23265940678054506,3.465783664459161
Санта-Фе,-31.7903,-60.4839,1984-10-01,1984,10,19.7,236.0,1.7348503325278088,1.617162538502817,1.2630858854742315,3.993231810490694
Санта-Фе,-31.7903,-60.4839,1984-11-01,1984,11,20.9,65.0,1.5618824747820939,1.581308158429634,1.169005582504195,1.036682615629984
Санта-Фе,-31.7903,-60.4839,1984-12-01,1984,12,21.4,74.0,0.3455776022615711,0.4049493542201915,0.8499762865785001,1.1526479750778815
Санта-Фе,-31.7903,-60.4839,1985-01-01,1985,1,24.9,40.0,-1.3826859014546404,-1.4119263544143668,0.3806892288940655,0.535475234270415
Санта-Фе,-31.7903,-60.4839,1985-02-01,1985,2,24.8,100.0,-1.0297874958398157,-1.077112250984183,0.35160916697409417,1.3440860215053763
Санта-Фе,-31.7903,-60.4839,1985-03-01,1985,3,22.2,134.0,-0.5578541839854226,-0.6242970044572959,-0.2212978865593248,2.012012012012012
Санта-Фе,-31.7903,-60.4839,1985-04-01,1985,4,17.8,168.0,0.25198548157858564,0.26006183109805253,-0.6139815743824766,3.146067415730337
Санта-Фе,-31.7903,-60.4839,1985-05-01,1985,5,16.3,22.0,0.10443435134584407,0.0811996858091154,-0.6155864620096221,0.4498977505112474
Санта-Фе,-31.7903,-60.4839,1985-06-01,1985,6,13.3,53.0,0.44222464698473274,0.5110719021332383,-0.32665115936505873,1.3283208020050126
Санта-Фе,-31.7903,-60.4839,1985-07-01,1985,7,12.0,83.0,0.6130889803270195,0.7134651664963715,0.3958487260279881,2.3055555555555554
Санта-Фе,-31.7903,-60.4839,1985-08-01,1985,8,12.7,30.0,1.0107306535033471,1.0368732732491819,0.46797037018249354,0.7874015748031497
Санта-Фе,-31.7903,-60.4839,1985-09-01,1985,9,14.9,90.0,0.9634278498165042,1.0217104924118037,0.8874196052211409,2.0134228187919465
Санта-Фе,-31.7903,-60.4839,1985-10-01,1985,10,17.9,131.0,0.6471473700751124,0.7234179274197294,0.7895617608710443,2.4394785847299816
Санта-Фе,-31.7903,-60.4839,1985-11-01,1985,11,23.0,39.0,0.013455567370747492,0.011058723127006353,0.4764886826324003,0.5652173913043478
Санта-Фе,-31.7903,-60.4839,1985-12-01,1985,12,24.3,89.0,-0.5245659267175543,-0.5643350005498838,0.07862520377742975,1.2208504801097393
Санта-Фе,-31.7903,-60.4839,1986-01-01,1986,1,25.8,138.0,-0.5323187784510884,-0.5614897160820866,-0.11932369338420555,1.7829457364341086
Санта-Фе,-31.7903,-60.4839,1986-02-01,1986,2,24.3,40.0,-0.5529686680337011,-0.5978375217616074,-0.45575128536593196,0.5486968449931413
Санта-Фе,-31.7903,-60.4839,1986-03-01,1986,3,20.7,140.0,-0.2624173531819147,-0.30480409295311794,-0.5824767329342327,2.254428341384863
Санта-Фе,-31.7903,-60.4839,1986-04-01,1986,4,19.3,313.0,0.715483357659706,0.7426807189967456,0.20412184571045258,5.40587219343696
Санта-Фе,-31.7903,-60.4839,1986-05-01,1986,5,15.3,47.0,1.1500114365152179,1.1668485782919267,0.4880592538213217,1.0239651416122004
Санта-Фе,-31.7903,-60.4839,1986-06-01,1986,6,14.2,65.0,1.6168612118807657,1.5174687108045448,0.8179746314941331,1.5258215962441315
Санта-Фе,-31.7903,-60.4839,1986-07-01,1986,7,12.7,22.0,0.273439544553228,0.3474124903540539,0.719994583886199,0.5774278215223098
Санта-Фе,-31.7903,-60.4839,1986-08-01,1986,8,13.7,33.0,0.4219633017151587,0.47305954453584026,1.2129587048584818,0.8029197080291971
Санта-Фе,-31.7903,-60.4839,1986-09-01,1986,9,16.0,65.0,0.20218746094078963,0.11816316654064608,1.3684437170961852,1.3541666666666667
Санта-Фе,-31.7903,-60.4839,1986-10-01,1986,10,18.3,116.0,0.3437413550829758,0.40994495366616346,0.3557357008505605,2.1129326047358834
Санта-Фе,-31.7903,-60.4839,1986-11-01,1986,11,20.7,222.0,1.1728509593261536,1.2408854942983245,1.1359365741996172,3.57487922705314
Санта-Фе,-31.7903,-60.4839,1986-12-01,1986,12,24.1,118.0,0.8828554679943018,0.9512792237768779,0.7917830149899028,1.632088520055325
Санта-Фе,-31.7903,-60.4839,1987-01-01,1987,1,25.7,95.0,0.759019335085043,0.8134102313567745,0.6720766819365701,1.2321660181582361
Санта-Фе,-31.7903,-60.4839,1987-02-01,1987,2,25.0,85.0,-0.2985902198760018,-0.32455228671504344,0.4987796529163155,1.1333333333333333
Санта-Фе,-31.7903,-60.4839,1987-03-01,1987,3,22.7,189.0,0.05193415077675861,0.04191904742125807,0.5709756087733036,2.7753303964757707
Санта-Фе,-31.7903,-60.4839,1987-04-01,1987,4,18.9,52.0,-0.2007886678923523,-0.23857216630828984,0.2129396551547169,0.9171075837742504
Санта-Фе,-31.7903,-60.4839,1987-05-01,1987,5,12.5,74.0,0.04191362702143903,0.013119456339058104,-0.23132800074010645,1.9733333333333334
Санта-Фе,-31.7903,-60.4839,1987-06-01,1987,6,12.5,0.0,-0.6545405932930825,-0.6951452406293684,-0.45037726291585045,0.0
Санта-Фе,-31.7903,-60.4839,1987-07-01,1987,7,13.9,36.0,-0.1078150213688262,-0.08595254635005331,-0.32676778456287137,0.8633093525179856
Санта-Фе,-31.7903,-60.4839,1987-08-01,1987,8,11.7,24.0,-0.6673610860949976,-0.7362685931128582,-0.3634593341318925,0.6837606837606838
Санта-Фе,-31.7903,-60.4839,1987-09-01,1987,9,14.4,35.0,-0.11298437888063809,-0.27459989562125486,-0.9039975391662707,0.8101851851851852
Санта-Фе,-31.7903,-60.4839,1987-10-01,1987,10,18.5,88.0,-0.3182600819648939,-0.3310628203731411,-0.4513125366161482,1.5855855855855856
Санта-Фе,-31.7903,-60.4839,1987-11-01,1987,11,21.4,86.0,-0.4721705075163033,-0.5360064112381583,-0.8323357963619828,1.3395638629283488
Санта-Фе,-31.7903,-60.4839,1987-12-01,1987,12,22.5,111.0,-0.31708598444844344,-0.3311908947456208,-0.5068025071799881,1.6444444444444444
Санта-Фе,-31.7903,-60.4839,1988-01-01,1988,1,24.0,242.0,0.785766613871136,0.841122792566956,0.3099233331988117,3.361111111111111
Санта-Фе,-31.7903,-60.4839,1988-02-01,1988,2,23.5,81.0,0.6677108049440119,0.7136126001739926,0.1993724830798585,1.148936170212766
Санта-Фе,-31.7903,-60.4839,1988-03-01,1988,3,24.3,151.0,0.627373542465803,0.6678396005247709,0.29321859034481634,2.0713305898491083
Санта-Фе,-31.7903,-60.4839,1988-04-01,1988,4,17.3,29.0,-0.6610565147923354,-0.7301471112089869,-0.055489542020500396,0.558766859344894
Санта-Фе,-31.7903,-60.4839,1988-05-01,1988,5,11.9,0.0,-1.0839047927489671,-1.1360022399836673,-0.22277948930063968,0.0
Санта-Фе,-31.7903,-60.4839,1988-06-01,1988,6,10.1,10.0,-2.037291893218664,-2.0075399206594637,-0.34494106338860986,0.33003300330033003
Санта-Фе,-31.7903,-60.4839,1988-07-01,1988,7,10.1,63.0,-0.8198658168532049,-0.8939234558455934,-1.012803078305402,2.0792079207920793
Санта-Фе,-31.7903,-60.4839,1988-08-01,1988,8,13.3,23.0,0.04940722904081992,0.07864247344605034,-1.1318477413145847,0.5764411027568922
Санта-Фе,-31.7903,-60.4839,1988-09-01,1988,9,14.6,10.0,-0.09903108077609785,-0.25581110611130103,-1.8096682371417538,0.228310502283105
Санта-Фе,-31.7903,-60.4839,1988-10-01,1988,10,17.3,27.0,-1.695638684867041,-1.7388430369261907,-1.7942967660448328,0.5202312138728323
Санта-Фе,-31.7903,-60.4839,1988-11-01,1988,11,22.3,44.0,-1.9854731770489407,-1.927559872124586,-1.5910021696266636,0.6576980568011959
Санта-Фе,-31.7903,-60.4839,1988-12-01,1988,12,25.1,108.0,-1.2213274317208187,-1.283786120990991,-1.282284520737562,1.4342629482071714
Санта-Фе,-31.7903,-60.4839,1989-01-01,1989,1,27.2,10.0,-1.5727162374427408,-1.5926647286307352,-1.826851453643589,0.12254901960784313
Санта-Фе,-31.7903,-60.4839,1989-02-01,1989,2,27.0,60.0,-1.392181740658177,-1.4198284022879535,-1.915232894932807,0.7407407407407407
Санта-Фе,-31.7903,-60.4839,1989-03-01,1989,3,21.2,74.0,-1.631841319335876,-1.6130099510226532,-1.8661234763240535,1.1635220125786163
Санта-Фе,-31.7903,-60.4839,1989-04-01,1989,4,19.0,88.0,-0.986542940389015,-1.0546990006955892,-1.5519722478377496,1.543859649122807
Санта-Фе,-31.7903,-60.4839,1989-05-01,1989,5,14.6,36.0,-0.9066967241834473,-0.9758449286039779,-1.4712754028441912,0.821917808219178
Санта-Фе,-31.7903,-60.4839,1989-06-01,1989,6,12.7,33.0,-0.3169454665695084,-0.3186703057999548,-1.5395963015296117,0.8661417322834646
Санта-Фе,-31.7903,-60.4839,1989-07-01,1989,7,11.0,3.0,-0.8420935739043102,-0.9304042629942875,-1.3036720951957215,0.09090909090909091
Санта-Фе,-31.7903,-60.4839,1989-08-01,1989,8,14.6,77.0,0.3192382663878638,0.3673077671424083,-0.8629388813067541,1.7579908675799087
Санта-Фе,-31.7903,-60.4839,1989-09-01,1989,9,14.0,7.0,-0.22980891516786264,-0.4168396234874279,-0.6776445471917235,0.16666666666666666
Санта-Фе,-31.7903,-60.4839,1989-10-01,1989,10,17.9,110.0,0.1640922375628571,0.21595347126827102,-0.3637418436464917,2.0484171322160147
Санта-Фе,-31.7903,-60.4839,1989-11-01,1989,11,20.7,177.0,0.3127957046436682,0.3547298390942932,0.33244033749048396,2.8502415458937196
Санта-Фе,-31.7903,-60.4839,1989-12-01,1989,12,25.0,121.0,0.5703802043886612,0.6404851221887171,0.30149148463885084,1.6133333333333333
Санта-Фе,-31.7903,-60.4839,1990-01-01,1990,1,26.2,180.0,1.039548955778478,1.0710209916532023,0.7983682333626374,2.2900763358778624
Санта-Фе,-31.7903,-60.4839,1990-02-01,1990,2,23.1,219.0,1.1893117699009201,1.1985090373778937,1.02482737766852,3.16017316017316
Санта-Фе,-31.7903,-60.4839,1990-03-01,1990,3,21.0,201.0,1.2262485591495704,1.2471548967443875,1.2186777292562982,3.1904761904761907
Санта-Фе,-31.7903,-60.4839,1990-04-01,1990,4,18.7,109.0,0.8815742853422645,0.9041742928380951,1.1288766594830997,1.9429590017825311
Санта-Фе,-31.7903,-60.4839,1990-05-01,1990,5,14.3,9.0,0.06984290036188362,0.04457781158663806,0.7779593767101946,0.2097902097902098
Санта-Фе,-31.7903,-60.4839,1990-06-01,1990,6,10.8,9.0,-0.6428869281398178,-0.6823565013892603,0.749849824213736,0.2777777777777778
Санта-Фе,-31.7903,-60.4839,1990-07-01,1990,7,10.6,47.0,-1.003639230342897,-1.0991412841954116,0.5694881938893938,1.4779874213836477
Санта-Фе,-31.7903,-60.4839,1990-08-01,1990,8,16.0,17.0,-0.3780717103455123,-0.41166351929940787,-0.23239445569839387,0.3541666666666667
Санта-Фе,-31.7903,-60.4839,1990-09-01,1990,9,14.0,65.0,0.30192545119560726,0.24616096975887983,-0.5605841990707183,1.5476190476190477
Санта-Фе,-31.7903,-60.4839,1990-10-01,1990,10,19.6,113.0,0.17338046080852912,0.22313374661846763,-0.4237781826064345,1.9217687074829932
Санта-Фе,-31.7903,-60.4839,1990-11-01,1990,11,21.9,152.0,0.6120738911427256,0.6797726406343528,0.2986663057261391,2.313546423135464
Санта-Фе,-31.7903,-60.4839,1990-12-01,1990,12,22.0,168.0,0.7351534592519534,0.807481906249124,0.7132675250192283,2.5454545454545454
Санта-Фе,-31.7903,-60.4839,1991-01-01,1991,1,23.2,184.0,1.2021910408626133,1.2151357975835086,0.9430729319934931,2.6436781609195403
Санта-Фе,-31.7903,-60.4839,1991-02-01,1991,2,23.4,4.0,0.13945234597192893,0.1613292961290183,0.4260279674192597,0.05698005698005698
Санта-Фе,-31.7903,-60.4839,1991-03-01,1991,3,23.8,26.0,-1.0078734833029444,-1.0728414117448457,-0.2308522526666962,0.3641456582633053
Санта-Фе,-31.7903,-60.4839,1991-04-01,1991,4,18.5,102.0,-2.0178065013004196,-1.8684681928523386,-0.35254581369949795,1.837837837837838
Санта-Фе,-31.7903,-60.4839,1991-05-01,1991,5,16.6,86.0,-0.7580419706351783,-0.8376691203729533,-0.449000075146118,1.726907630522088
Санта-Фе,-31.7903,-60.4839,1991-06-01,1991,6,12.1,105.0,0.8077238058313494,0.8661093558867605,-0.3818330240367226,2.8925619834710745
Санта-Фе,-31.7903,-60.4839,1991-07-01,1991,7,10.8,64.0,1.7254332447358183,1.6764377251243505,-0.6506515141785308,1.9753086419753085
Санта-Фе,-31.7903,-60.4839,1991-08-01,1991,8,13.8,47.0,1.5369267376336835,1.4514663609702358,0.04842036482748082,1.1352657004830917
Санта-Фе,-31.7903,-60.4839,1991-09-01,1991,9,16.5,47.0,0.5891315176623548,0.5980455143814807,0.914579057891609,0.9494949494949495
Санта-Фе,-31.7903,-60.4839,1991-10-01,1991,10,17.2,100.0,0.1640922375628571,0.21495677759850498,1.0281146402682693,1.937984496124031
Санта-Фе,-31.7903,-60.4839,1991-11-01,1991,11,20.4,51.0,-0.5836692090553482,-0.6568692295612061,0.3870475665184734,0.8333333333333334
Санта-Фе,-31.7903,-60.4839,1991-12-01,1991,12,23.1,254.0,0.5502965898413036,0.6222563363976585,0.7203515335112487,3.665223665223665
Санта-Фе,-31.7903,-60.4839,1992-01-01,1992,1,24.1,114.0,0.6506010713163091,0.7106818444541378,0.4688251911172374,1.5767634854771784
Санта-Фе,-31.7903,-60.4839,1992-02-01,1992,2,24.2,72.0,0.7059666939433185,0.7504900754093772,0.1717520586913696,0.9917355371900827
Санта-Фе,-31.7903,-60.4839,1992-03-01,1992,3,22.8,235.0,0.34742429458596935,0.3700703522025945,0.5774691712430904,3.435672514619883
Санта-Фе,-31.7903,-60.4839,1992-04-01,1992,4,17.1,98.0,0.26845395512361797,0.27852923500414745,0.47859383527278404,1.9103313840155944
Санта-Фе,-31.7903,-60.4839,1992-05-01,1992,5,14.8,77.0,0.6516840624779039,0.6757552250901492,0.8206811326683103,1.7342342342342343
Санта-Фе,-31.7903,-60.4839,1992-06-01,1992,6,14.2,93.0,0.6302689012273819,0.6997167983291984,0.5753298646706886,2.183098591549296
Санта-Фе,-31.7903,-60.4839,1992-07-01,1992,7,8.8,48.0,1.338961129185889,1.3839287307032389,0.703588388234078,
Санта-Фе,-31.7903,-60.4839,1992-08-01,1992,8,13.0,58.0,1.3679599968309692,1.327369513776403,1.1601832856303642,1.4871794871794872
Санта-Фе,-31.7903,-60.4839,1992-09-01,1992,9,15.1,50.0,0.5707181668600849,0.5794069413815346,0.7603678659670184,1.1037527593818985
Санта-Фе,-31.7903,-60.4839,1992-10-01,1992,10,18.1,159.0,0.7687847283924906,0.8399215459034771,1.2185276883915752,2.9281767955801103
Санта-Фе,-31.7903,-60.4839,1992-11-01,1992,11,19.0,83.0,0.2956608722280401,0.33588948052522305,0.9388950094510713,1.456140350877193
Санта-Фе,-31.7903,-60.4839,1992-12-01,1992,12,22.8,350.0,1.6914016208699092,1.6411207515343371,1.593196150858263,5.116959064327485
Санта-Фе,-31.7903,-60.4839,1993-01-01,1993,1,25.2,66.0,1.1712949907717394,1.1888458387833327,1.2731139717081095,0.873015873015873
Санта-Фе,-31.7903,-60.4839,1993-02-01,1993,2,22.8,58.0,0.9171972169579048,0.9546330100680609,0.8153713803624487,0.847953216374269
Санта-Фе,-31.7903,-60.4839,1993-03-01,1993,3,23.2,42.0,-1.4210990131565224,-1.4398795193110354,0.29021045880378066,0.603448275862069
Санта-Фе,-31.7903,-60.4839,1993-04-01,1993,4,18.8,124.0,-0.9686602923937517,-1.0350193759467259,0.04881678065600891,2.198581560283688
Санта-Фе,-31.7903,-60.4839,1993-05-01,1993,5,14.5,59.0,-0.6601039925703807,-0.7389022183826965,0.18726749438079915,1.3563218390804597
Санта-Фе,-31.7903,-60.4839,1993-06-01,1993,6,11.7,53.0,0.3874334339937905,0.4560658383504447,-0.9772960380718322,1.5099715099715099
Санта-Фе,-31.7903,-60.4839,1993-07-01,1993,7,9.8,2.0,-0.0407874600901206,-0.004184146802347468,-0.9867599151511963,
Санта-Фе,-31.7903,-60.4839,1993-08-01,1993,8,12.9,21.0,-0.31704443612994004,-0.3368221131958993,-0.940348738305019,0.5426356589147286
Санта-Фе,-31.7903,-60.4839,1993-09-01,1993,9,14.2,8.0,-1.8142443365974303,-1.6637303323804162,-0.4545470360971062,0.18779342723004694
Санта-Фе,-31.7903,-60.4839,1993-10-01,1993,10,18.9,44.0,-1.4096916685448673,-1.4900490855960598,-1.186692708095977,0.7760141093474426
Санта-Фе,-31.7903,-60.4839,1993-11-01,1993,11,20.4,237.0,0.2698523893437921,0.3055687297679348,-0.0068529997846480135,3.872549019607843
Санта-Фе,-31.7903,-60.4839,1993-12-01,1993,12,23.0,51.0,0.038801549670959876,0.06772000496029049,-0.6307204979199537,0.7391304347826086
Санта-Фе,-31.7903,-60.4839,1994-01-01,1994,1,24.7,56.0,0.10803879667785503,0.14615368552112187,-0.7382603123226512,0.7557354925775979
Санта-Фе,-31.7903,-60.4839,1994-02-01,1994,2,23.3,23.0,-1.9426488849251566,-1.8559735503399073,-1.0648546313203637,0.3290414878397711
Санта-Фе,-31.7903,-60.4839,1994-03-01,1994,3,21.4,90.0,-1.3935243473773693,-1.4152582202759931,-0.966757556768811,1.4018691588785046
Санта-Фе,-31.7903,-60.4839,1994-04-01,1994,4,18.2,89.0,-1.1739823868043726,-1.2222919444408502,-0.7809717149712633,1.63003663003663
Санта-Фе,-31.7903,-60.4839,1994-05-01,1994,5,17.0,55.0,-0.5823216017834477,-0.6597115491320973,-1.5288569840556647,1.0784313725490196
Санта-Фе,-31.7903,-60.4839,1994-06-01,1994,6,13.7,14.0,-0.3067797421981153,-0.30941235111767906,-1.3950309000426462,0.340632603406326
Санта-Фе,-31.7903,-60.4839,1994-07-01,1994,7,11.9,1.0,-0.8871614579577207,-0.987866915805951,-1.4617414171977192,0.028011204481792718
Санта-Фе,-31.7903,-60.4839,1994-08-01,1994,8,12.8,23.0,-1.3014621471183343,-1.3844351863610729,-1.1671514433440704,0.5989583333333334
Санта-Фе,-31.7903,-60.4839,1994-09-01,1994,9,17.1,5.0,-1.9894199640713395,-1.7307972050022,-1.260014070380409,0.09746588693957114
Санта-Фе,-31.7903,-60.4839,1994-10-01,1994,10,18.3,129.0,-0.2070026404569795,-0.20719793137815087,-0.7644775780731151,2.349726775956284
Санта-Фе,-31.7903,-60.4839,1994-11-01,1994,11,22.0,126.0,0.013455567370747492,0.009705288625272791,-0.5856659774156312,1.9090909090909092
Санта-Фе,-31.7903,-60.4839,1994-12-01,1994,12,26.0,142.0,0.4964028678550756,0.5612236700428794,-0.1769417156497036,1.8205128205128205
Санта-Фе,-31.7903,-60.4839,1995-01-01,1995,1,24.5,120.0,0.4336196527276247,0.4873133672781544,0.05390260552290657,1.6326530612244898
Санта-Фе,-31.7903,-60.4839,1995-02-01,1995,2,22.5,60.0,-0.11186184572326806,-0.1181990855820781,-0.14189923211222163,0.8888888888888888
Санта-Фе,-31.7903,-60.4839,1995-03-01,1995,3,22.2,154.0,-0.16084783227178728,-0.1911126070495055,0.16662945241930133,2.3123123123123124
Санта-Фе,-31.7903,-60.4839,1995-04-01,1995,4,18.2,147.0,0.016920063576534056,0.004532567216030465,0.16168003551107538,2.6923076923076925
Санта-Фе,-31.7903,-60.4839,1995-05-01,1995,5,14.7,28.0,0.13867882326396402,0.11983853471172728,-0.04190808682896254,0.6349206349206349
Санта-Фе,-31.7903,-60.4839,1995-06-01,1995,6,11.7,6.0,-0.08327142795900476,-0.05355250991203358,-0.33476129041936625,0.17094017094017094
Санта-Фе,-31.7903,-60.4839,1995-07-01,1995,7,11.6,31.0,-1.003639230342897,-1.1034132918690405,-0.38827866375486714,0.8908045977011494
Санта-Фе,-31.7903,-60.4839,1995-08-01,1995,8,12.8,0.0,-1.3372656401859007,-1.4118785459391088,-0.432485310101662,0.0
Санта-Фе,-31.7903,-60.4839,1995-09-01,1995,9,16.0,23.0,-0.8695580292436558,-1.09623565340075,-0.7655296800752801,0.4791666666666667
Санта-Фе,-31.7903,-60.4839,1995-10-01,1995,10,17.4,173.0,0.18263466370855833,0.23653700749659823,-0.4125178910519748,3.314176245210728
Санта-Фе,-31.7903,-60.4839,1995-11-01,1995,11,21.9,188.0,1.0321929266922352,1.1075907774157379,0.44012401437708215,2.861491628614916
Санта-Фе,-31.7903,-60.4839,1995-12-01,1995,12,25.5,47.0,0.5703802043886612,0.6393923984938042,0.07829074928318708,0.6143790849673203
Санта-Фе,-31.7903,-60.4839,1996-01-01,1996,1,24.8,92.0,-0.02401340566679537,-0.00244405085855228,-0.0814665238872771,1.2365591397849462
Санта-Фе,-31.7903,-60.4839,1996-02-01,1996,2,23.2,207.0,0.06703027095966672,0.07737147103935159,0.642660956101399,2.9741379310344827
Санта-Фе,-31.7903,-60.4839,1996-03-01,1996,3,22.5,112.0,0.2923262733446767,0.3103323038113302,0.547247949838885,1.6592592592592592
Санта-Фе,-31.7903,-60.4839,1996-04-01,1996,4,18.8,115.0,0.42309840686604466,0.4435851949480116,0.2133122149060354,2.0390070921985815
Санта-Фе,-31.7903,-60.4839,1996-05-01,1996,5,15.5,232.0,0.9307841670527542,0.9572952761535432,0.6447241399303049,4.989247311827957
Санта-Фе,-31.7903,-60.4839,1996-06-01,1996,6,10.3,117.0,1.8255390483060534,1.6598495163909823,1.331828147569721,3.7864077669902914
Санта-Фе,-31.7903,-60.4839,1996-07-01,1996,7,10.2,0.0,2.5726906309486797,2.207018388977902,1.3155134312340484,0.0
Санта-Фе,-31.7903,-60.4839,1996-08-01,1996,8,15.7,7.0,0.47878737736897753,0.535931079588987,1.0238896974231442,0.14861995753715498
Санта-Фе,-31.7903,-60.4839,1996-09-01,1996,9,15.1,20.0,-2.229065519525866,-1.7862138448880556,1.1251952581581053,0.44150110375275936
Санта-Фе,-31.7903,-60.4839,1996-10-01,1996,10,19.6,55.0,-1.2374479278490638,-1.3348018619699948,0.924393562934005,0.935374149659864
Санта-Фе,-31.7903,-60.4839,1996-11-01,1996,11,22.3,126.0,-0.5529968510162157,-0.6282564667667527,-0.3518933828725025,1.883408071748879
Санта-Фе,-31.7903,-60.4839,1996-12-01,1996,12,24.3,151.0,0.038801549670959876,0.06350141699035856,-0.6669029639759557,2.0713305898491083
Санта-Фе,-31.7903,-60.4839,1997-01-01,1997,1,27.1,79.0,0.19905789862552492,0.23841404379708747,-0.6165658436633372,0.971709717097171
Санта-Фе,-31.7903,-60.4839,1997-02-01,1997,2,23.3,54.0,-0.4115097876298814,-0.44699788681221997,-0.6975829918240413,0.7725321888412017
Санта-Фе,-31.7903,-60.4839,1997-03-01,1997,3,22.7,31.0,-1.439628714740779,-1.4571543819711301,-0.9972818953984108,0.4552129221732746
Санта-Фе,-31.7903,-60.4839,1997-04-01,1997,4,19.5,23.0,-2.4341906340823836,-2.107752104430366,-1.1767396032809698,0.39316239316239315
Санта-Фе,-31.7903,-60.4839,1997-05-01,1997,5,17.0,47.0,-2.0488527029448855,-1.8570466607233183,-1.423531770772997,0.9215686274509803
Санта-Фе,-31.7903,-60.4839,1997-06-01,1997,6,12.4,56.0,-0.6545405932930825,-0.7007914722410391,-1.598464641326343,1.5053763440860215
Санта-Фе,-31.7903,-60.4839,1997-07-01,1997,7,14.3,57.5,0.6465263175934298,0.7455956934991432,-1.4899177564794837,1.3403263403263403
Санта-Фе,-31.7903,-60.4839,1997-08-01,1997,8,14.5,59.0,1.084588817560836,1.0975302549916255,-1.1594128715813716,1.3563218390804597
Санта-Фе,-31.7903,-60.4839,1997-09-01,1997,9,16.0,26.0,0.4413800147757662,0.4156511131779862,-0.4494138796160929,0.5416666666666666
Санта-Фе,-31.7903,-60.4839,1997-10-01,1997,10,18.7,138.0,0.4207212965997748,0.4904787170522738,0.6162658336979776,2.4598930481283423
Санта-Фе,-31.7903,-60.4839,1997-11-01,1997,11,21.3,126.0,0.27846946383329946,0.31274174793398557,0.7410380860271345,1.971830985915493
Санта-Фе,-31.7903,-60.4839,1997-12-01,1997,12,23.2,208.0,0.9835350235832337,1.0459780865540775,0.9968491747031493,2.9885057471264367
Санта-Фе,-31.7903,-60.4839,1998-01-01,1998,1,22.9,227.0,1.5425925403444503,1.4879371059090025,1.3542707388725959,3.304221251819505
Санта-Фе,-31.7903,-60.4839,1998-02-01,1998,2,22.2,62.0,1.0551003080383616,1.083463633170663,0.909655591363163,0.9309309309309309
Санта-Фе,-31.7903,-60.4839,1998-03-01,1998,3,20.2,296.0,1.1591106218653802,1.1894379668758739,1.3650229550681727,4.884488448844884
Санта-Фе,-31.7903,-60.4839,1998-04-01,1998,4,17.2,84.0,0.464395534951084,0.4897852685316138,1.1193599313273461,1.627906976744186
Санта-Фе,-31.7903,-60.4839,1998-05-01,1998,5,15.4,43.0,0.7277289360853365,0.7556441546088551,1.0698078047220683,0.9307359307359307
Санта-Фе,-31.7903,-60.4839,1998-06-01,1998,6,12.3,30.0,-0.3169454665695084,-0.31700112704363764,0.8182008755228,0.8130081300813008
Санта-Фе,-31.7903,-60.4839,1998-07-01,1998,7,13.2,63.0,0.3031604364605463,0.3821205358990895,0.4909263849236027,1.5909090909090908
Санта-Фе,-31.7903,-60.4839,1998-08-01,1998,8,12.8,203.0,2.2347481615605616,1.8935399355862441,1.6497964121675741,5.286458333333333
Санта-Фе,-31.7903,-60.4839,1998-09-01,1998,9,14.3,70.0,1.8040537483559984,1.7792708881528267,1.1355520852000036,1.6317016317016317
Санта-Фе,-31.7903,-60.4839,1998-10-01,1998,10,19.4,38.0,1.079574498129311,1.1191858256735774,1.0167088821573198,0.6529209621993127
Санта-Фе,-31.7903,-60.4839,1998-11-01,1998,11,21.1,119.0,-0.2951867557498339,-0.33921520607477545,1.1369241121473967,1.8799368088467614
Санта-Фе,-31.7903,-60.4839,1998-12-01,1998,12,22.8,123.0,-0.35636027618802174,-0.37591360294682574,1.0064372138542594,1.7982456140350878
Санта-Фе,-31.7903,-60.4839,1999-01-01,1999,1,23.2,78.0,-0.07950408590913577,-0.05762854583897557,0.5735158714601211,1.1206896551724137
Санта-Фе,-31.7903,-60.4839,1999-02-01,1999,2,24.1,121.0,-0.11186184572326806,-0.11498887243366827,-0.3258357893162061,1.673582295988935
Санта-Фе,-31.7903,-60.4839,1999-03-01,1999,3,23.4,171.0,0.057837895542616286,0.05086005665520044,-0.2162585717625196,2.4358974358974357
Санта-Фе,-31.7903,-60.4839,1999-04-01,1999,4,16.4,305.0,1.1745396974569497,1.1689775585298299,0.8306508219078068,6.19918699186992
Санта-Фе,-31.7903,-60.4839,1999-05-01,1999,5,14.5,177.0,1.880149077544779,1.7765078852676468,1.2438287336801634,4.068965517241379
Санта-Фе,-31.7903,-60.4839,1999-06-01,1999,6,11.6,70.0,2.260228163015095,1.9251668012288123,1.4888753833910455,2.0114942528735633
Санта-Фе,-31.7903,-60.4839,1999-07-01,1999,7,10.7,87.0,2.4477463618903172,2.1370139980444405,1.7282024940307799,2.710280373831776
Санта-Фе,-31.7903,-60.4839,1999-08-01,1999,8,13.8,10.0,1.0222175690368256,1.0480300089888792,2.0076013962506347,0.24154589371980675
Санта-Фе,-31.7903,-60.4839,1999-09-01,1999,9,16.9,33.0,0.31265022129145625,0.258164539148049,1.8518110838364916,0.6508875739644971
Санта-Фе,-31.7903,-60.4839,1999-10-01,1999,10,18.6,35.0,-1.311850925421579,-1.4039321713943327,0.808672419178363,0.6272401433691757
Санта-Фе,-31.7903,-60.4839,1999-11-01,1999,11,21.5,14.0,-1.971233021675736,-1.919405913834189,-1.0037595150573504,0.21705426356589147
Санта-Фе,-31.7903,-60.4839,1999-12-01,1999,12,23.7,145.0,-1.083035873510428,-1.1475716081931617,-0.9238326548217524,2.0393811533052038
Санта-Фе,-31.7903,-60.4839,2000-01-01,2000,1,25.7,90.0,-0.6851964986237552,-0.7227679196010403,-1.2702299766837342,1.1673151750972763
Санта-Фе,-31.7903,-60.4839,2000-02-01,2000,2,23.8,250.0,0.9836286213032416,1.0147409770239242,-0.226744153539844,3.5014005602240896
Санта-Фе,-31.7903,-60.4839,2000-03-01,2000,3,21.0,109.0,0.4977406428021852,0.532229729643001,-0.2509641410372889,1.7301587301587302
Санта-Фе,-31.7903,-60.4839,2000-04-01,2000,4,19.1,393.0,1.7648144815838254,1.6358589559878776,1.1102062874647158,6.858638743455497
Санта-Фе,-31.7903,-60.4839,2000-05-01,2000,5,14.6,183.0,2.0188629319692506,1.8786247814783117,1.7579510611479732,4.178082191780822
Санта-Фе,-31.7903,-60.4839,2000-06-01,2000,6,12.6,13.0,2.430486920880283,2.018733496022713,1.8275231143385646,0.3439153439153439
Санта-Фе,-31.7903,-60.4839,2000-07-01,2000,7,9.4,42.0,1.552513191711391,1.551631037826963,1.8648269339953243,
Санта-Фе,-31.7903,-60.4839,2000-08-01,2000,8,13.2,65.0,0.4219633017151587,0.47873524040519744,1.9591850862139821,1.6414141414141414
Санта-Фе,-31.7903,-60.4839,2000-09-01,2000,9,15.3,92.0,0.9327948220645667,0.9897131788666231,2.13139421070805,2.0043572984749454
Санта-Фе,-31.7903,-60.4839,2000-10-01,2000,10,18.7,280.0,1.8329410133385202,1.6822273752638286,1.9436088356172279,4.991087344028521
Санта-Фе,-31.7903,-60.4839,2000-11-01,2000,11,19.7,305.0,2.908030153395267,2.5182322564331288,2.3553175676306166,5.1607445008460235
Санта-Фе,-31.7903,-60.4839,2000-12-01,2000,12,23.6,116.0,2.274732844244177,2.045867765637266,2.095626753265403,1.6384180790960452
Санта-Фе,-31.7903,-60.4839,2001-01-01,2001,1,25.2,98.0,1.2938347084547532,1.2903364857986601,2.029680570615083,1.2962962962962963
Санта-Фе,-31.7903,-60.4839,2001-02-01,2001,2,25.7,153.0,0.21777027852635214,0.24021266266913519,1.837351262675269,1.9844357976653697
Санта-Фе,-31.7903,-60.4839,2001-03-01,2001,3,23.3,130.0,0.12217595383034421,0.11943814933093211,1.4318349786317892,1.859799713876967
Санта-Фе,-31.7903,-60.4839,2001-04-01,2001,4,18.7,87.0,0.07021560106264359,0.05937328936448296,0.7269815694035517,1.5508021390374331
Санта-Фе,-31.7903,-60.4839,2001-05-01,2001,5,14.0,11.0,-0.6339499548908462,-0.712266039335879,-0.323275257316494,0.2619047619047619
Санта-Фе,-31.7903,-60.4839,2001-06-01,2001,6,13.3,112.0,0.17456146746455178,0.22989110373194915,0.07907733118242147,2.807017543859649
Санта-Фе,-31.7903,-60.4839,2001-07-01,2001,7,12.3,1.0,0.12040224178722622,0.17753060403595042,0.029429107548234638,0.02710027100271003
Санта-Фе,-31.7903,-60.4839,2001-08-01,2001,8,16.2,101.0,1.5175068789047979,1.4348490963362588,0.134502758747942,2.078189300411523
Санта-Фе,-31.7903,-60.4839,2001-09-01,2001,9,15.2,77.0,0.7725047284375933,0.8096624192634942,0.5319164606115984,1.6885964912280702
Санта-Фе,-31.7903,-60.4839,2001-10-01,2001,10,18.7,177.0,1.362189441681545,1.346912455946549,1.186383012263756,3.1550802139037435
Санта-Фе,-31.7903,-60.4839,2001-11-01,2001,11,21.0,151.0,1.18745885689256,1.2543576613066318,1.6501815224171446,2.3968253968253967
Санта-Фе,-31.7903,-60.4839,2001-12-01,2001,12,23.3,88.0,0.6236054410341091,0.6956692883946218,0.8952341254075888,1.2589413447782547
Санта-Фе,-31.7903,-60.4839,2002-01-01,2002,1,24.5,101.0,0.07730312803702628,0.11203835608430322,0.9209348993399659,1.3741496598639455
Санта-Фе,-31.7903,-60.4839,2002-02-01,2002,2,22.9,27.0,-1.0106699340232947,-1.0582078819002414,0.0787834453129835,0.3930131004366812
Санта-Фе,-31.7903,-60.4839,2002-03-01,2002,3,23.5,175.0,-0.36034395074135217,-0.41175674000952994,0.11261470606047735,2.482269503546099
Санта-Фе,-31.7903,-60.4839,2002-04-01,2002,4,17.0,165.0,0.05256317072457272,0.043232939957218414,-0.023499218280693165,3.235294117647059
Санта-Фе,-31.7903,-60.4839,2002-05-01,2002,5,16.7,65.0,0.6220232112529228,0.6429407989234611,-0.18978203300021126,1.2974051896207586
Санта-Фе,-31.7903,-60.4839,2002-06-01,2002,6,10.8,1.0,0.3476748669819468,0.4152360482966638,-0.22940678321173322,0.030864197530864196
Санта-Фе,-31.7903,-60.4839,2002-07-01,2002,7,11.4,44.0,-0.1078150213688262,-0.08707301223077715,-0.06890113668348512,1.286549707602339
Санта-Фе,-31.7903,-60.4839,2002-08-01,2002,8,14.6,38.0,-0.18141970824479153,-0.18652580966866064,0.4545287755676147,0.867579908675799
Санта-Фе,-31.7903,-60.4839,2002-09-01,2002,9,15.6,174.0,1.3338564715879757,1.386041410167158,1.1053776242141737,3.717948717948718
Санта-Фе,-31.7903,-60.4839,2002-10-01,2002,10,20.2,194.0,1.6623083627814368,1.5662638072035964,1.3628300680869794,3.201320132013201
Санта-Фе,-31.7903,-60.4839,2002-11-01,2002,11,21.7,178.0,2.1367954844505714,2.020872200428,1.6976039288655491,2.7342549923195083
Санта-Фе,-31.7903,-60.4839,2002-12-01,2002,12,22.6,252.0,1.8678866140151356,1.7688518865069134,2.0356050051798227,3.7168141592920354
Санта-Фе,-31.7903,-60.4839,2003-01-01,2003,1,25.7,29.0,0.9174559869589,0.9623860775251083,1.6936727454395473,0.3761348897535668
Санта-Фе,-31.7903,-60.4839,2003-02-01,2003,2,23.9,251.0,1.2579550875531647,1.2590945112804695,1.9344362185205584,3.500697350069735
Санта-Фе,-31.7903,-60.4839,2003-03-01,2003,3,21.6,116.0,0.2081908812815489,0.21705703835107745,1.254498298082722,1.7901234567901234
Санта-Фе,-31.7903,-60.4839,2003-04-01,2003,4,17.3,278.0,1.367545904921038,1.331779364132915,1.4120086870689645,5.35645472061657
Санта-Фе,-31.7903,-60.4839,2003-05-01,2003,5,15.5,102.0,1.1291390173127482,1.147878899690499,1.3984044098075252,2.193548387096774
Санта-Фе,-31.7903,-60.4839,2003-06-01,2003,6,14.2,8.0,1.4078073285787964,1.3665806340968594,0.9901030229111986,0.18779342723004694
Санта-Фе,-31.7903,-60.4839,2003-07-01,2003,7,11.4,43.0,0.5451918709893268,0.6435294555024146,1.362130997130797,1.2573099415204678
Санта-Фе,-31.7903,-60.4839,2003-08-01,2003,8,11.9,86.0,0.6551018471588379,0.7110334335324983,1.277371685514093,2.4089635854341735
Санта-Фе,-31.7903,-60.4839,2003-09-01,2003,9,15.5,77.0,0.986118099882231,1.0459999902244188,1.5622916478627236,1.6559139784946237
Санта-Фе,-31.7903,-60.4839,2003-10-01,2003,10,19.8,83.0,0.6080460982748849,0.6831486200064536,0.7236274042454781,1.3973063973063973
Санта-Фе,-31.7903,-60.4839,2003-11-01,2003,11,21.6,58.0,-0.3828605375732983,-0.44000504340824564,-0.09574980247391505,0.8950617283950617
Санта-Фе,-31.7903,-60.4839,2003-12-01,2003,12,21.7,175.0,-0.07977130019303744,-0.06565903239798936,0.4748286918537845,2.6881720430107525
Санта-Фе,-31.7903,-60.4839,2004-01-01,2004,1,25.3,10.0,-0.740502019750776,-0.7782920634812094,-0.2925174475030228,0.13175230566534915
Санта-Фе,-31.7903,-60.4839,2004-02-01,2004,2,23.0,44.0,-0.8887251850396911,-0.9378665273120651,-0.9094329368511773,0.6376811594202898
Санта-Фе,-31.7903,-60.4839,2004-03-01,2004,3,22.9,107.0,-1.4676479523086128,-1.4780887797128044,-1.090476688519682,1.5574963609898107
Санта-Фе,-31.7903,-60.4839,2004-04-01,2004,4,18.9,331.0,0.6629914595038783,0.6903369803469046,0.0571115767336287,5.837742504409171
Санта-Фе,-31.7903,-60.4839,2004-05-01,2004,5,12.7,22.0,0.9362766214097326,0.9636375341875278,0.1422073263942088,0.5774278215223098
Санта-Фе,-31.7903,-60.4839,2004-06-01,2004,6,13.0,26.0,1.3551312103417943,1.3275629030245346,-0.19603832559425477,0.6666666666666666
Санта-Фе,-31.7903,-60.4839,2004-07-01,2004,7,12.6,10.0,-1.176997173281084,-1.281539458244246,0.2920132135677146,0.26455026455026454
Санта-Фе,-31.7903,-60.4839,2004-08-01,2004,8,13.9,0.0,-1.3739569548152537,-1.4539365815503489,0.5075450458198776,0.0
Санта-Фе,-31.7903,-60.4839,2004-09-01,2004,9,17.0,21.0,-1.8142443365974303,-1.6796690438711672,0.6706823793287986,0.4117647058823529
Санта-Фе,-31.7903,-60.4839,2004-10-01,2004,10,18.3,87.0,-0.8170552187771202,-0.8989522384963234,-1.4253506397041156,1.5846994535519126
Санта-Фе,-31.7903,-60.4839,2004-11-01,2004,11,20.7,154.0,0.03155909651897348,0.031726127939860335,-0.585402687021701,2.4798711755233493
Санта-Фе,-31.7903,-60.4839,2004-12-01,2004,12,23.6,192.0,0.7351534592519534,0.807842801631986,0.09187139477855844,2.711864406779661
Санта-Фе,-31.7903,-60.4839,2005-01-01,2005,1,25.2,190.0,1.3958719841606082,1.3722756002880996,0.6438147120094898,2.513227513227513
Санта-Фе,-31.7903,-60.4839,2005-02-01,2005,2,23.5,60.0,0.718650896885017,0.7622473371735387,0.5147652598060174,0.851063829787234
Санта-Фе,-31.7903,-60.4839,2005-03-01,2005,3,20.9,286.0,0.9324348069034682,0.9749121675794875,1.0964319112839123,4.56140350877193
Санта-Фе,-31.7903,-60.4839,2005-04-01,2005,4,16.6,141.0,0.6869580487124074,0.7160495248786926,1.1796732398447634,2.831325301204819
Санта-Фе,-31.7903,-60.4839,2005-05-01,2005,5,15.1,18.0,0.8530735787653696,0.8825866466132524,0.9550436961941408,0.3973509933774834
Санта-Фе,-31.7903,-60.4839,2005-06-01,2005,6,14.4,86.0,0.45769859843917965,0.5279863831912898,0.9791292718569644,1.9907407407407407
Санта-Фе,-31.7903,-60.4839,2005-07-01,2005,7,12.5,25.0,0.19787242224651716,0.26255685003875656,0.6716935238876542,0.6666666666666666
Санта-Фе,-31.7903,-60.4839,2005-08-01,2005,8,13.5,55.0,1.0107306535033471,1.0350927943045,1.169695646266386,1.3580246913580247
Санта-Фе,-31.7903,-60.4839,2005-09-01,2005,9,13.8,22.0,-0.017986252912427093,-0.15615714985951268,0.22998167062757865,0.5314009661835749
Санта-Фе,-31.7903,-60.4839,2005-10-01,2005,10,17.3,83.0,-0.17465749189040394,-0.16542876983289054,-0.14576899026186443,1.5992292870905587
Санта-Фе,-31.7903,-60.4839,2005-11-01,2005,11,21.8,157.0,0.03155909651897348,0.035091514533276386,0.4926875072134767,2.400611620795107
Санта-Фе,-31.7903,-60.4839,2005-12-01,2005,12,22.9,33.0,-0.4118356874712095,-0.43641345035597234,-0.5433490298245542,0.48034934497816595
Санта-Фе,-31.7903,-60.4839,2006-01-01,2006,1,26.6,77.0,-0.5234942843831486,-0.5497707010805363,-0.6785553787155202,0.9649122807017544
Санта-Фе,-31.7903,-60.4839,2006-02-01,2006,2,24.2,133.0,-0.7616305808314046,-0.8142046212222925,-0.5795475630031767,1.8319559228650137
Санта-Фе,-31.7903,-60.4839,2006-03-01,2006,3,20.5,141.0,-0.05596216359972493,-0.07660975307843576,-0.3445725937078858,2.292682926829268
Санта-Фе,-31.7903,-60.4839,2006-04-01,2006,4,19.1,44.0,-0.2531397548282657,-0.29357863398116,-0.5966272185148952,0.7678883071553229
Санта-Фе,-31.7903,-60.4839,2006-05-01,2006,5,13.6,0.0,-1.0335282869687665,-1.0905477353452586,-1.1945282916785742,0.0
Санта-Фе,-31.7903,-60.4839,2006-06-01,2006,6,13.8,108.0,-0.36839006627327364,-0.3769275761550839,-0.4049195721536303,2.608695652173913
Санта-Фе,-31.7903,-60.4839,2006-07-01,2006,7,14.9,30.0,0.33260294310381455,0.4134968219032688,-0.19946609733163242,0.6711409395973155
Санта-Фе,-31.7903,-60.4839,2006-08-01,2006,8,12.4,18.0,0.893224933950066,0.9309811936723713,-0.6284586372140566,0.4838709677419355
Санта-Фе,-31.7903,-60.4839,2006-09-01,2006,9,15.9,9.0,-0.7946721011334741,-1.0325095880136348,-1.0307341298581048,0.18867924528301888
Санта-Фе,-31.7903,-60.4839,2006-10-01,2006,10,20.7,118.0,-0.3411883116694689,-0.3633002896403688,-0.2063917063310163,1.9001610305958132
Санта-Фе,-31.7903,-60.4839,2006-11-01,2006,11,21.5,114.0,-0.1618804162228518,-0.19175865094523833,0.24702685348169579,1.7674418604651163
Санта-Фе,-31.7903,-60.4839,2006-12-01,2006,12,24.5,405.0,1.9382852434815914,1.817820131803885,1.369206161733959,5.510204081632653
Санта-Фе,-31.7903,-60.4839,2007-01-01,2007,1,24.4,143.0,2.0997820743374245,1.878193421529466,1.4539780483979972,1.953551912568306
Санта-Фе,-31.7903,-60.4839,2007-02-01,2007,2,23.7,70.0,1.725229269116305,1.6319177973169126,1.2072887549595834,0.9845288326300985
Санта-Фе,-31.7903,-60.4839,2007-03-01,2007,3,20.9,539.0,1.8569101373742327,1.7603381641602693,2.117022584936085,8.596491228070175
Санта-Фе,-31.7903,-60.4839,2007-04-01,2007,4,19.0,48.0,1.4142380319659995,1.3693662432905003,1.919488014602889,0.8421052631578947
Санта-Фе,-31.7903,-60.4839,2007-05-01,2007,5,12.5,64.0,1.8713402813916993,1.7705598285907032,1.970360639602886,1.7066666666666668
Санта-Фе,-31.7903,-60.4839,2007-06-01,2007,6,10.8,32.0,-0.4529454479833328,-0.4685071946834786,1.404327691128822,0.9876543209876543
Санта-Фе,-31.7903,-60.4839,2007-07-01,2007,7,9.1,1.0,-0.3372057783631008,-0.345120102701824,1.2208111051465664,
Санта-Фе,-31.7903,-60.4839,2007-08-01,2007,8,10.4,21.0,-0.8179457250689035,-0.88375260469454,1.5963058863496553,0.6730769230769231
Санта-Фе,-31.7903,-60.4839,2007-09-01,2007,9,17.0,119.0,0.426421805435255,0.40454495319207145,-0.286945204314596,2.3333333333333335
Санта-Фе,-31.7903,-60.4839,2007-10-01,2007,10,19.3,116.0,0.685716154355223,0.7597897517890552,0.40062420728935133,2.003454231433506
Санта-Фе,-31.7903,-60.4839,2007-11-01,2007,11,20.7,7.0,-0.15249600683656367,-0.179439474351772,-0.5972617814976172,0.11272141706924316
Санта-Фе,-31.7903,-60.4839,2007-12-01,2007,12,23.7,107.0,-0.7661561239021789,-0.8228470213456454,-0.5729788938166709,1.5049226441631505
Санта-Фе,-31.7903,-60.4839,2008-01-01,2008,1,25.5,164.0,-0.427596675053967,-0.44373258188732406,-0.011791083812341325,2.1437908496732025
Санта-Фе,-31.7903,-60.4839,2008-02-01,2008,2,24.0,119.0,0.3772379987544762,0.4119193379884165,0.13612664294150836,1.6527777777777777
Санта-Фе,-31.7903,-60.4839,2008-03-01,2008,3,21.9,37.0,-0.2495626016906935,-0.29100387064797095,-0.7188911716740557,0.563165905631659
Санта-Фе,-31.7903,-60.4839,2008-04-01,2008,4,18.5,45.0,-1.1838015527981955,-1.232274590499654,-1.1026372075364712,0.8108108108108109
Санта-Фе,-31.7903,-60.4839,2008-05-01,2008,5,15.7,16.0,-2.094481964811427,-1.8813048410263682,-0.8793740916608732,0.33970276008492567
Санта-Фе,-31.7903,-60.4839,2008-06-01,2008,6,10.6,7.0,-1.4628483976115474,-1.5255444559415445,-1.055956592784667,0.22012578616352202
Санта-Фе,-31.7903,-60.4839,2008-07-01,2008,7,15.1,11.0,-1.9039476381366727,-1.9467236973712578,-1.7342549812455572,0.24282560706401765
Санта-Фе,-31.7903,-60.4839,2008-08-01,2008,8,13.8,0.0,-2.3025798169522376,-2.1387698206325942,-2.325173018028495,0.0
Санта-Фе,-31.7903,-60.4839,2008-09-01,2008,9,15.7,50.0,-0.7021648559428961,-0.9468882924378899,-1.8879338495965488,1.0615711252653928
Санта-Фе,-31.7903,-60.4839,2008-10-01,2008,10,19.0,123.0,-0.03945350305212752,-0.015978316575029006,-0.9762196831023914,2.1578947368421053
Санта-Фе,-31.7903,-60.4839,2008-11-01,2008,11,23.7,97.0,0.10333135555168112,0.11042529478513104,-0.6744990450474165,1.3642756680731365
Санта-Фе,-31.7903,-60.4839,2008-12-01,2008,12,24.8,16.0,-0.7152314234526433,-0.7734281328094912,-1.1278861310509884,0.21505376344086022
Санта-Фе,-31.7903,-60.4839,2009-01-01,2009,1,25.1,34.0,-1.74888826546287,-1.7429569872161284,-1.3111899743518691,0.45152722443559096
Санта-Фе,-31.7903,-60.4839,2009-02-01,2009,2,24.0,197.0,-0.7260737972838464,-0.7780334377167951,-0.5146543397661102,2.736111111111111
Санта-Фе,-31.7903,-60.4839,2009-03-01,2009,3,23.2,291.0,0.8654436769752899,0.90813918211679,0.28540684355156165,4.181034482758621
Санта-Фе,-31.7903,-60.4839,2009-04-01,2009,4,20.0,85.0,1.073961113317565,1.0791692332685092,0.030418835308490134,1.4166666666666667
Санта-Фе,-31.7903,-60.4839,2009-05-01,2009,5,16.1,64.0,0.8249411022398557,0.8504121486794426,0.12812989861940519,1.3250517598343683
Санта-Фе,-31.7903,-60.4839,2009-06-01,2009,6,10.8,7.0,-0.32715168874217065,-0.3312830426655816,0.5213046610892141,0.21604938271604937
Санта-Фе,-31.7903,-60.4839,2009-07-01,2009,7,10.0,70.0,0.3762594780736796,0.4670842939743086,1.0758269260277724,
Санта-Фе,-31.7903,-60.4839,2009-08-01,2009,8,15.4,8.0,-0.14424810359222037,-0.14352239917957657,0.6893107679339374,0.17316017316017315
Санта-Фе,-31.7903,-60.4839,2009-09-01,2009,9,13.3,123.0,0.9481664069269629,1.0061601077496043,0.3053029178792677,3.082706766917293
Санта-Фе,-31.7903,-60.4839,2009-10-01,2009,10,18.4,68.0,0.21019637896085974,0.26626569711286663,0.29621608637520774,1.2318840579710144
Санта-Фе,-31.7903,-60.4839,2009-11-01,2009,11,22.9,161.0,0.7870977452349892,0.8637670831285578,0.5605249050902894,2.3435225618631734
Санта-Фе,-31.7903,-60.4839,2009-12-01,2009,12,22.6,230.0,0.9018591550074532,0.9688210794033512,1.220559067863124,3.392330383480826
Санта-Фе,-31.7903,-60.4839,2010-01-01,2010,1,25.2,164.0,1.5077293770456874,1.4593382021463577,1.2147343053806403,2.1693121693121693
Санта-Фе,-31.7903,-60.4839,2010-02-01,2010,2,24.3,353.0,2.359317960452539,2.0649759339079248,1.9930441530212626,4.842249657064472
Санта-Фе,-31.7903,-60.4839,2010-03-01,2010,3,23.3,284.0,2.0439147389225116,1.8938849898874526,1.8618858337227684,4.0629470672389125
Санта-Фе,-31.7903,-60.4839,2010-04-01,2010,4,17.3,72.0,1.6100914896173215,1.521386362136126,1.8020950546036882,1.3872832369942196
Санта-Фе,-31.7903,-60.4839,2010-05-01,2010,5,14.7,101.0,0.9197762865376036,0.9468893237254271,1.8338768593947703,2.290249433106576
Санта-Фе,-31.7903,-60.4839,2010-06-01,2010,6,12.1,6.0,-0.10197654900452821,-0.07385761242704517,1.665003014819479,0.1652892561983471
Санта-Фе,-31.7903,-60.4839,2010-07-01,2010,7,11.1,14.0,0.07295264541128114,0.12504019231131314,1.4586618021527076,0.42042042042042044
Санта-Фе,-31.7903,-60.4839,2010-08-01,2010,8,11.4,17.0,-1.3372656401859007,-1.4080043782176768,0.49628181028993673,0.49707602339181284
Санта-Фе,-31.7903,-60.4839,2010-09-01,2010,9,15.4,66.0,-0.08521028702432674,-0.23805899295066255,-0.3706873831996971,1.4285714285714286
Санта-Фе,-31.7903,-60.4839,2010-10-01,2010,10,17.1,56.0,-0.41143771709460236,-0.436804833316824,-0.4203370395114253,1.0916179337231968
Санта-Фе,-31.7903,-60.4839,2010-11-01,2010,11,21.2,35.0,-1.0248259467302632,-1.1103626205944548,-1.4545569405787653,0.550314465408805
Санта-Фе,-31.7903,-60.4839,2010-12-01,2010,12,24.6,67.0,-1.4218794017547642,-1.4691211560005275,-1.424614842039071,0.907859078590786
Санта-Фе,-31.7903,-60.4839,2011-01-01,2011,1,25.9,156.0,-0.6035769520112461,-0.6366665675234058,-0.8609111591044052,2.0077220077220077
Санта-Фе,-31.7903,-60.4839,2011-02-01,2011,2,23.4,94.0,-0.15008792988885286,-0.1611170590549471,-0.7572211577141882,1.339031339031339
Санта-Фе,-31.7903,-60.4839,2011-03-01,2011,3,21.5,102.0,-0.04988488217194715,-0.0693299977619567,-0.9223177653307945,1.5813953488372092
Санта-Фе,-31.7903,-60.4839,2011-04-01,2011,4,18.7,87.0,-0.4955882107631873,-0.5555235192132896,-0.807522529731699,1.5508021390374331
Санта-Фе,-31.7903,-60.4839,2011-05-01,2011,5,14.6,123.0,0.020814013537159688,-0.010357928919919674,-0.1507255806493769,2.808219178082192
Санта-Фе,-31.7903,-60.4839,2011-06-01,2011,6,11.6,46.0,0.5414326795432487,0.6124655740152698,0.17157465654570245,1.3218390804597702
Санта-Фе,-31.7903,-60.4839,2011-07-01,2011,7,11.0,28.0,1.1011334936025752,1.1833616297088265,-0.049901580010020014,0.8484848484848485
Санта-Фе,-31.7903,-60.4839,2011-08-01,2011,8,11.8,25.0,0.0993902659010745,0.13336022785424345,-0.08765399814044475,0.7062146892655368
Санта-Фе,-31.7903,-60.4839,2011-09-01,2011,9,16.5,25.0,-0.3742963292170818,-0.5871599390293816,0.12787838644467478,0.5050505050505051
Санта-Фе,-31.7903,-60.4839,2011-10-01,2011,10,17.4,148.0,0.20104230479418622,0.2571369965561309,0.7002194868898354,2.835249042145594
Санта-Фе,-31.7903,-60.4839,2011-11-01,2011,11,22.8,145.0,0.5141719163147602,0.5732773956928643,0.4091626242234432,2.1198830409356724
Санта-Фе,-31.7903,-60.4839,2011-12-01,2011,12,23.9,52.0,0.1333157282601149,0.1708057214765147,-0.19505219552700936,0.7252440725244073
Санта-Фе,-31.7903,-60.4839,2012-01-01,2012,1,26.3,42.0,-0.7777835027314693,-0.8229606755794684,-0.6191520253847359,0.532319391634981
Санта-Фе,-31.7903,-60.4839,2012-02-01,2012,2,24.8,192.0,-0.3951871750281537,-0.4296367874443756,-0.01956013969786589,2.5806451612903225
Санта-Фе,-31.7903,-60.4839,2012-03-01,2012,3,21.9,129.0,0.01631499193113436,0.0026272377748893017,0.059533950836937244,1.9634703196347032
Санта-Фе,-31.7903,-60.4839,2012-04-01,2012,4,18.3,43.0,0.03479861937456834,0.022699489027489483,-0.5122918242916323,0.7832422586520947
Санта-Фе,-31.7903,-60.4839,2012-05-01,2012,5,16.9,81.0,-0.42442024321324906,-0.49579631312603617,-0.613078799101923,1.5976331360946747
Санта-Фе,-31.7903,-60.4839,2012-06-01,2012,6,12.5,6.0,-0.6082646264608548,-0.6472477056885442,-0.4629094710693704,0.16
Санта-Фе,-31.7903,-60.4839,2012-07-01,2012,7,10.1,12.0,-0.30066970114220853,-0.31404535322031835,-0.15563721605944045,0.39603960396039606
Санта-Фе,-31.7903,-60.4839,2012-08-01,2012,8,14.2,121.0,0.6811895319796465,0.7365737347799803,-0.23383362201813565,2.84037558685446
Санта-Фе,-31.7903,-60.4839,2012-09-01,2012,9,16.7,82.0,1.052797445973514,1.1132774985814637,0.21183981216527512,1.6367265469061876
Санта-Фе,-31.7903,-60.4839,2012-10-01,2012,10,19.0,266.0,2.0011290498277035,1.7884061977192935,1.5801877899975028,4.666666666666667
Санта-Фе,-31.7903,-60.4839,2012-11-01,2012,11,22.9,94.0,1.451319018542828,1.4862014622185478,1.4603082259246156,1.3682678311499272
Санта-Фе,-31.7903,-60.4839,2012-12-01,2012,12,24.2,248.0,1.7802243698306737,1.70411609740798,1.855894797658317,3.4159779614325068
Санта-Фе,-31.7903,-60.4839,2013-01-01,2013,1,24.9,32.0,0.33239984975232906,0.38212852199077246,1.6043261518405592,0.428380187416332
Санта-Фе,-31.7903,-60.4839,2013-02-01,2013,2,23.5,98.0,0.2947396565983533,0.32474728057093305,1.048133826314943,1.3900709219858156
Санта-Фе,-31.7903,-60.4839,2013-03-01,2013,3,20.0,99.0,-0.8893628462965343,-0.9576176431960917,0.6199615013867603,1.65
Санта-Фе,-31.7903,-60.4839,2013-04-01,2013,4,18.9,157.0,-0.025250880587810505,-0.04153847595049791,0.06956593204650728,2.7689594356261025
Санта-Фе,-31.7903,-60.4839,2013-05-01,2013,5,15.0,96.0,0.29198002994739874,0.2901030370922697,0.3287266550521186,2.1333333333333333
Санта-Фе,-31.7903,-60.4839,2013-06-01,2013,6,12.8,38.0,0.7938807315030236,0.853640177908328,-0.3072123611726274,0.9895833333333334
Санта-Фе,-31.7903,-60.4839,2013-07-01,2013,7,12.7,7.0,0.3762594780736796,0.463258153629453,0.038680994120478464,0.1837270341207349
Санта-Фе,-31.7903,-60.4839,2013-08-01,2013,8,12.1,6.0,-0.8984023235948417,-0.9837060385078723,-0.14856175118820694,0.1652892561983471
Санта-Фе,-31.7903,-60.4839,2013-09-01,2013,9,15.5,24.0,-1.4529923217774623,-1.5104833102812034,0.0778765124020749,0.5161290322580645
Санта-Фе,-31.7903,-60.4839,2013-10-01,2013,10,19.7,197.0,0.4542360662746808,0.5265832550989513,0.5082712931794331,3.3333333333333335
Санта-Фе,-31.7903,-60.4839,2013-11-01,2013,11,21.7,169.0,1.0769857089943455,1.1491887766607076,0.5879632815455159,2.596006144393241
Санта-Фе,-31.7903,-60.4839,2013-12-01,2013,12,26.8,59.0,0.6829194622216629,0.7513237517990953,0.07569520523531269,0.7338308457711443
Санта-Фе,-31.7903,-60.4839,2014-01-01,2014,1,26.2,118.0,0.12333133097880085,0.15564681215824977,0.22434356806786376,1.5012722646310432
Санта-Фе,-31.7903,-60.4839,2014-02-01,2014,2,23.1,210.0,0.3567532294049615,0.3874584339131955,0.8599093339839672,3.0303030303030303
Санта-Фе,-31.7903,-60.4839,2014-03-01,2014,3,19.6,198.0,0.8846908335311645,0.9288700404735557,1.0351776685122671,3.36734693877551
Санта-Фе,-31.7903,-60.4839,2014-04-01,2014,4,18.3,248.0,1.4103695002515928,1.3671944237794518,1.1127370803196204,4.517304189435337
Санта-Фе,-31.7903,-60.4839,2014-05-01,2014,5,15.2,54.0,1.1500114365152179,1.1680063136042231,0.9532012205352342,1.1842105263157894
Санта-Фе,-31.7903,-60.4839,2014-06-01,2014,6,12.4,26.0,1.0410816956645403,1.073349728744472,1.2579650754456315,0.6989247311827957
Санта-Фе,-31.7903,-60.4839,2014-07-01,2014,7,13.0,77.0,0.599619985478978,0.7008026214577819,1.4089991561717357,1.9743589743589745
Санта-Фе,-31.7903,-60.4839,2014-08-01,2014,8,15.0,0.0,0.16436081230766836,0.1969500976757248,1.1290039122448894,0.0
Санта-Фе,-31.7903,-60.4839,2014-09-01,2014,9,16.6,74.0,0.5238731540136514,0.5165887963302098,1.0632278039373628,1.4859437751004014
Санта-Фе,-31.7903,-60.4839,2014-10-01,2014,10,21.1,68.0,-0.3760321194499894,-0.40766404165844594,-0.06072757676500846,1.0742496050552923
Санта-Фе,-31.7903,-60.4839,2014-11-01,2014,11,21.6,102.0,-0.13378062411728003,-0.161023912147891,-0.1675731887347869,1.5740740740740742
Санта-Фе,-31.7903,-60.4839,2014-12-01,2014,12,23.3,135.0,-0.16279772850941698,-0.16188051090937147,0.03393740438258931,1.9313304721030042
Санта-Фе,-31.7903,-60.4839,2015-01-01,2015,1,24.6,195.0,0.7388665148130074,0.7949503082525455,0.23156221908144514,2.6422764227642275
Санта-Фе,-31.7903,-60.4839,2015-02-01,2015,2,23.9,189.0,1.1835497257190517,1.19514571547569,0.7975486307804964,2.6359832635983262
Санта-Фе,-31.7903,-60.4839,2015-03-01,2015,3,22.3,149.0,0.9181670947495941,0.960475565196323,0.6231044942521845,2.227204783258595
Санта-Фе,-31.7903,-60.4839,2015-04-01,2015,4,20.7,48.0,0.16254197093857284,0.16157745599311982,0.45218227934462346,0.7729468599033816
Санта-Фе,-31.7903,-60.4839,2015-05-01,2015,5,17.1,73.0,-0.289673850635077,-0.3549679594257228,0.5792629078500842,1.4230019493177388
Санта-Фе,-31.7903,-60.4839,2015-06-01,2015,6,14.4,31.0,-0.36839006627327364,-0.3828743700461456,0.553560764733753,0.7175925925925926
Санта-Фе,-31.7903,-60.4839,2015-07-01,2015,7,12.6,26.0,0.21313412990152542,0.27678476333642826,0.15515027120487265,0.6878306878306878
Санта-Фе,-31.7903,-60.4839,2015-08-01,2015,8,15.8,102.0,0.9289951275745851,0.9614117357368179,0.03712254782837464,2.151898734177215
Санта-Фе,-31.7903,-60.4839,2015-09-01,2015,9,15.2,25.0,0.5427534095984993,0.5405709586293451,-0.12167040596673431,0.5482456140350878
Санта-Фе,-31.7903,-60.4839,2015-10-01,2015,10,17.1,97.0,0.42913917310768823,0.5006342055988114,0.40131196693428073,1.8908382066276803
Санта-Фе,-31.7903,-60.4839,2015-11-01,2015,11,20.7,103.0,-0.3145323969842155,-0.35859421567116334,0.14539561471372198,1.6586151368760065
Санта-Фе,-31.7903,-60.4839,2015-12-01,2015,12,24.0,119.0,-0.05734420468530245,-0.039549296623331495,0.14758177923909482,1.6527777777777777
Санта-Фе,-31.7903,-60.4839,2016-01-01,2016,1,26.2,50.0,-0.4796409343952811,-0.5017202204550643,-0.2503987362765455,0.6361323155216285
Санта-Фе,-31.7903,-60.4839,2016-02-01,2016,2,25.7,262.0,0.6484670183683727,0.6894256162123411,0.2657967360081337,3.398184176394293
Санта-Фе,-31.7903,-60.4839,2016-03-01,2016,3,20.8,87.0,0.2251648433776792,0.2346297348680408,0.10743428494157023,1.3942307692307692
Санта-Фе,-31.7903,-60.4839,2016-04-01,2016,4,18.4,248.0,1.1745396974569497,1.168742833988629,0.6523657209772877,4.492753623188406
Санта-Фе,-31.7903,-60.4839,2016-05-01,2016,5,12.9,14.0,0.2723613865748164,0.26989012648101024,0.5432540989539426,0.36175710594315247
Санта-Фе,-31.7903,-60.4839,2016-06-01,2016,6,10.2,27.0,0.77997868356469,0.8437390641081366,0.5710199016561549,0.8823529411764706
Санта-Фе,-31.7903,-60.4839,2016-07-01,2016,7,11.0,37.0,-0.7116094643166948,-0.7776232017455441,0.9268861124540149,1.121212121212121
Санта-Фе,-31.7903,-60.4839,2016-08-01,2016,8,14.1,2.0,-0.52833216458741,-0.5774812209552058,-0.0561956437583992,0.04728132387706856
Санта-Фе,-31.7903,-60.4839,2016-09-01,2016,9,14.8,33.0,-0.48030677586338494,-0.7075273264794841,0.33788996504445684,0.7432432432432432
Санта-Фе,-31.7903,-60.4839,2016-10-01,2016,10,18.0,208.0,0.5843214562474524,0.6598238308517305,0.14137858920216975,3.8518518518518516
Санта-Фе,-31.7903,-60.4839,2016-11-01,2016,11,21.0,103.0,0.7240986163429752,0.7993879189386497,0.35626801698522026,1.6349206349206349
Санта-Фе,-31.7903,-60.4839,2016-12-01,2016,12,24.3,267.0,1.6126966666221902,1.5792135633439548,1.1732147137863214,3.662551440329218
Санта-Фе,-31.7903,-60.4839,2017-01-01,2017,1,25.1,166.0,1.3958719841606082,1.3717282464822738,1.3306057323777074,2.2045152722443557
Санта-Фе,-31.7903,-60.4839,2017-02-01,2017,2,24.2,151.0,1.5453647452470645,1.4937371678392664,1.465131734676352,2.0798898071625342
Санта-Фе,-31.7903,-60.4839,2017-03-01,2017,3,21.9,56.0,0.07549370185542373,0.06994726983763619,1.036202878980093,0.852359208523592
Санта-Фе,-31.7903,-60.4839,2017-04-01,2017,4,18.1,143.0,-0.04964184277738382,-0.0700019234327787,0.7165451322658166,2.6335174953959486
Санта-Фе,-31.7903,-60.4839,2017-05-01,2017,5,15.6,58.0,-0.39218865969863964,-0.4610093558885798,0.7853070293218385,1.2393162393162394
Санта-Фе,-31.7903,-60.4839,2017-06-01,2017,6,13.5,18.0,0.25001592523691835,0.310230488946789,0.08591245919878386,0.4444444444444444
Санта-Фе,-31.7903,-60.4839,2017-07-01,2017,7,14.0,42.0,0.0247400985535921,0.06211032327742149,-0.12603789769419038,1.0
Санта-Фе,-31.7903,-60.4839,2017-08-01,2017,8,15.0,148.0,1.4585322753029126,1.3915806154572627,0.2971302177787087,3.2888888888888888
Санта-Фе,-31.7903,-60.4839,2017-09-01,2017,9,16.4,97.0,1.5263652120326852,1.5543530784819781,1.1948453346224341,1.9715447154471546
Санта-Фе,-31.7903,-60.4839,2017-10-01,2017,10,18.0,91.0,1.243171107995765,1.2534378605621515,1.0534684898655506,1.6851851851851851
Санта-Фе,-31.7903,-60.4839,2017-11-01,2017,11,21.0,98.0,0.24391493371927203,0.2745119665945472,0.9533121216333843,1.5555555555555556
Санта-Фе,-31.7903,-60.4839,2017-12-01,2017,12,24.5,99.0,-0.2936591309290396,-0.3063535491322419,0.784577855107341,1.346938775510204
Санта-Фе,-31.7903,-60.4839,2018-01-01,2018,1,25.4,36.0,-0.8343417756977549,-0.8792540742994099,0.2022255220569342,0.47244094488188976
Санта-Фе,-31.7903,-60.4839,2018-02-01,2018,2,25.6,10.0,-1.7607313954090413,-1.7215804415143623,-1.002205654678372,0.13020833333333334
Санта-Фе,-31.7903,-60.4839,2018-03-01,2018,3,22.3,24.0,-2.4941700550123254,-2.18587199917744,-1.6907311910818459,0.35874439461883406
Санта-Фе,-31.7903,-60.4839,2018-04-01,2018,4,22.5,188.0,-0.986542940389015,-1.0573321870089953,-1.2200746832843405,2.785185185185185
Санта-Фе,-31.7903,-60.4839,2018-05-01,2018,5,16.3,190.0,0.6041133648085482,0.6216663459110748,-0.5741352162298256,3.885480572597137
Санта-Фе,-31.7903,-60.4839,2018-06-01,2018,6,10.8,7.0,1.3903324842920872,1.3518505011198076,-0.6808457805289511,0.21604938271604937
Санта-Фе,-31.7903,-60.4839,2018-07-01,2018,7,10.5,39.0,1.5316723554423397,1.5349913896294625,-0.1897325271050151,1.2380952380952381
Санта-Фе,-31.7903,-60.4839,2018-08-01,2018,8,11.8,46.0,-0.019033969890537156,0.003029013107130582,0.4933679381175503,1.2994350282485876
Санта-Фе,-31.7903,-60.4839,2018-09-01,2018,9,18.2,29.0,0.1321596264787085,0.03089776998018307,1.1616416561242722,0.5311355311355311
Санта-Фе,-31.7903,-60.4839,2018-10-01,2018,10,18.1,37.35714285714286,-0.7549263975912842,-0.8292155298381679,0.36071389875888865,0.6879768481978428
Санта-Фе,-31.7903,-60.4839,2018-11-01,2018,11,21.5,45.714285714285715,-1.5653597178977905,-1.6021680490442842,-1.3755155645404942,0.70874861572536
Санта-Фе,-31.7903,-60.4839,2018-12-01,2018,12,23.2,136.32636887698726,-0.857410996515576,-0.9175598229271877,-0.8530785744951165,1.9587121965084378
Санта-Фе,-31.7903,-60.4839,2019-01-01,2019,1,24.4,87.24147343296012,-0.5034231737030748,-0.5252607422913028,-0.9529840505467547,1.1918234075540999
Санта-Фе,-31.7903,-60.4839,2019-02-01,2019,2,23.7,128.00859397085145,0.10756293031047456,0.12388775975351501,-0.8165052498640484,1.8004021655534663
Санта-Фе,-31.7903,-60.4839,2019-03-01,2019,3,20.6,216.3120159989887,0.40479449405873086,0.43383791977080743,-0.2102421187891109,3.5001944336405937
Санта-Фе,-31.7903,-60.4839,2019-04-01,2019,4,18.6,73.06806976558626,0.3355019359350083,0.3513717592895071,-0.1160447168313382,1.3094636158707214
Санта-Фе,-31.7903,-60.4839,2019-05-01,2019,5,15.8,46.478724937270584,0.18510602214629493,0.17159220382790671,0.13403085216127658,0.9805638172419955
Санта-Фе,-31.7903,-60.4839,2019-06-01,2019,6,14.7,54.685623912835766,-0.14709832129098216,-0.1290092015349606,0.159729329575086,1.240036823420312
Санта-Фе,-31.7903,-60.4839,2019-07-01,2019,7,11.5,40.906912409651135,0.39170475872601856,0.4782117100583032,0.39420814142532606,1.1857076060768446
Санта-Фе,-31.7903,-60.4839,2019-08-01,2019,8,12.9,13.093500721805645,0.2536728344940931,0.2961919986477513,0.15557344860893882,0.338333351984642
Санта-Фе,-31.7903,-60.4839,2019-09-01,2019,9,15.5,63.06741464724944,0.16834477125538663,0.07819850264611432,-0.23704536475540086,1.3562884870376224
Санта-Фе,-31.7903,-60.4839,2019-10-01,2019,10,18.3,72.05923436762671,-0.30438716406028793,-0.31743427153879994,-0.13601394487455445,1.3125543600660603
Санта-Фе,-31.7903,-60.4839,2019-11-01,2019,11,22.8,96.47469318712194,-0.2509699582117198,-0.29144824409009845,-0.22156483072065408,1.4104487308058764
Санта-Фе,-31.7903,-60.4839,2019-12-01,2019,12,23.6,123.59356442089599,-0.26159398449132026,-0.2716688745012048,-0.2954040467303918,1.7456718138544631
Санта-Фе,-31.7903,-60.4839,2020-01-01,2020,1,24.8,6.895466942996194,-0.8920368956953717,-0.9389826770710741,-0.9918288056588666,0.09268100729833594
Санта-Фе,-31.7903,-60.4839,2020-02-01,2020,2,23.7,10.755022999330492,-1.8053451536077336,-1.7524568837583896,-1.3205723138707297,0.1512661462634387
Санта-Фе,-31.7903,-60.4839,2020-03-01,2020,3,24.3,98.13445907466392,-1.9278746706293766,-1.8275710461690573,-1.441890468174826,1.346151701984416
Санта-Фе,-31.7903,-60.4839,2020-04-01,2020,4,18.6,30.062897223310756,-1.9144623182296647,-1.8019173796797265,-1.6323295580032506,0.5387615989840637
Санта-Фе,-31.7903,-60.4839,2020-05-01,2020,5,15.4,64.0946926831849,-0.9616745098241386,-1.0298051505747954,-1.6885484696903839,1.3873310104585477
Санта-Фе,-31.7903,-60.4839,2020-06-01,2020,6,12.4,7.931204113194529,-0.9522438894650883,-1.0195562071856454,-1.977833526786334,0.2132044116450142
Санта-Фе,-31.7903,-60.4839,2020-07-01,2020,7,10.6,9.928100487069628,-0.6291646739339904,-0.6925959577702276,-1.8399546293933886,0.31220441783237823
Санта-Фе,-31.7903,-60.4839,2020-08-01,2020,8,15.1,66.2927089206384,-0.15992835065548472,-0.1643907222539711,-1.1343881813536132,1.4634152079611127
Санта-Фе,-31.7903,-60.4839,2020-09-01,2020,9,15.6,40.31384336107239,0.1621142275424259,0.06800898280912922,-0.9315364737692364,0.8614069094246236
Санта-Фе,-31.7903,-60.4839,2020-10-01,2020,10,19.2,93.76000661693877,0.22265306661932607,0.2766107897258642,-0.21083757794071417,1.627777892655187
Санта-Фе,-31.7903,-60.4839,2020-11-01,2020,11,22.4,60.38704333775044,-0.6201147173780845,-0.7008670304660417,-0.7533031488080398,0.8986167163355722
Санта-Фе,-31.7903,-60.4839,2020-12-01,2020,12,23.1,84.29109876900186,-0.6946820595115668,-0.7482230018754802,-0.6955421805203085,1.2163217715584684
Санта-Фе,-31.7903,-60.4839,2021-01-01,2021,1,24.4,263.0,0.572448623953993,0.6310219257474938,0.436317714411171,3.592896174863388
Санта-Фе,-31.7903,-60.4839,2021-02-01,2021,2,23.6,29.0,0.2828681351742962,0.3135075673034992,-0.20446606641767837,0.4096045197740113
Санта-Фе,-31.7903,-60.4839,2021-03-01,2021,3,21.5,129.0,0.34742429458596935,0.3711113997627193,-0.17055238717805069,2.0
Санта-Фе,-31.7903,-60.4839,2021-04-01,2021,4,19.5,76.0,-0.8813460403222206,-0.9507033197987244,-0.3268783519925745,1.2991452991452992
Санта-Фе,-31.7903,-60.4839,2021-05-01,2021,5,14.2,49.0,-0.4163308828101748,-0.4863813610126387,-0.14273519483767802,1.1502347417840375
Санта-Фе,-31.7903,-60.4839,2021-06-01,2021,6,11.6,3.0,-0.6312901809249827,-0.6711874530779,-0.14584345594062134,0.08620689655172414
Санта-Фе,-31.7903,-60.4839,2021-07-01,2021,7,12.1,9.0,-1.1011132946370543,-1.2045284455151224,-1.2936955007467854,0.24793388429752067
Санта-Фе,-31.7903,-60.4839,2021-08-01,2021,8,14.3,3.0,-2.5655632722779984,-2.270213544482696,-1.189413621910913,0.06993006993006994
Санта-Фе,-31.7903,-60.4839,2021-09-01,2021,9,16.8,13.0,-2.638935781939592,-1.8485197835352052,-1.6218566055069783,0.25793650793650796
Санта-Фе,-31.7903,-60.4839,2021-10-01,2021,10,19.3,14.0,-2.719646080434466,-2.428112777266871,-2.3166875956045843,0.24179620034542315
Санта-Фе,-31.7903,-60.4839,2021-11-01,2021,11,22.1,22.0,-2.4719327113390825,-2.264256341300439,-2.4482045671548507,0.33182503770739064
Санта-Фе,-31.7903,-60.4839,2021-12-01,2021,12,25.8,2.0,-2.7801864665141687,-2.5305999442215232,-2.7612466841845302,0.025839793281653745
Санта-Фе,-31.7903,-60.4839,2022-01-01,2022,1,26.6,53.0,-2.7151228647290937,-2.4711897850138462,-2.370645186320047,0.6641604010025063
Санта-Фе,-31.7903,-60.4839,2022-02-01,2022,2,23.5,33.0,-2.51596597334109,-2.257786152225004,-2.503507488522926,0.46808510638297873
Санта-Фе,-31.7903,-60.4839,2022-03-01,2022,3,20.2,102.0,-1.224643117909695,-1.2710409109878391,-2.340019564770966,1.683168316831683
Санта-Фе,-31.7903,-60.4839,2022-04-01,2022,4,17.8,9.0,-1.8431009729929206,-1.7483428142498614,-2.28279702654949,0.16853932584269662
Санта-Фе,-31.7903,-60.4839,2022-05-01,2022,5,13.3,6.0,-1.8199475358058437,-1.7034554025720001,-2.3489866172696447,0.15037593984962405
Санта-Фе,-31.7903,-60.4839,2022-06-01,2022,6,10.0,0.0,-2.731199178061084,-2.4861812036211157,-2.0516637662100026,
Санта-Фе,-31.7903,-60.4839,2022-07-01,2022,7,14.1,13.0,-2.5522613387275275,-2.4017679070191837,-2.2813604787337893,0.3073286052009456
Санта-Фе,-31.7903,-60.4839,2022-08-01,2022,8,13.2,49.0,-0.619846606809059,-0.682567837211842,-1.8633136292145647,1.2373737373737375
Санта-Фе,-31.7903,-60.4839,2022-09-01,2022,9,15.1,27.0,-0.19968227278645256,-0.3843190727912136,-2.1704678333815086,0.5960264900662252
Санта-Фе,-31.7903,-60.4839,2022-10-01,2022,10,18.3,27.0,-0.8908793629944756,-0.973876985885961,-1.930395532272125,0.4918032786885246
Санта-Фе,-31.7903,-60.4839,2022-11-01,2022,11,23.3,47.0,-1.71004582553721,-1.719414453091942,-1.7050889731361163,0.6723891273247496
Санта-Фе,-31.7903,-60.4839,2022-12-01,2022,12,26.0,64.0,-1.6211801056480526,-1.6517309349003695,-1.6307687889263547,0.8205128205128205
Санта-Фе,-31.7903,-60.4839,2023-01-01,2023,1,27.4,52.0,-1.5612665738026823,-1.585139760862048,-1.603705528406458,0.6326034063260341
Санта-Фе,-31.7903,-60.4839,2023-02-01,2023,2,25.1,44.0,-1.5882675514288789,-1.5858371223297003,-1.905928395029136,0.5843293492695883
Санта-Фе,-31.7903,-60.4839,2023-03-01,2023,3,26.2,143.0,-0.8127364060463218,-0.8917663107861391,-1.6021461171882105,1.8193384223918576
Санта-Фе,-31.7903,-60.4839,2023-04-01,2023,4,18.8,17.0,-1.1544806271588506,-1.2123681366930468,-1.632774631450224,0.30141843971631205
Санта-Фе,-31.7903,-60.4839,2023-05-01,2023,5,16.7,207.0,0.38847850725185673,0.38950610253191426,-0.6814391303815113,4.131736526946108
Санта-Фе,-31.7903,-60.4839,2023-06-01,2023,6,14.0,8.0,0.35566911648549154,0.42010887301839356,-0.5929419636481011,0.19047619047619047
Санта-Фе,-31.7903,-60.4839,2023-07-01,2023,7,13.5,22.0,1.5421064132047886,1.5391190960514987,-0.3002187748674452,0.5432098765432098
Санта-Фе,-31.7903,-60.4839,2023-08-01,2023,8,15.0,1.0,-1.572916553240773,-1.6345174268809428,-0.19581315153207313,0.022222222222222223
Санта-Фе,-31.7903,-60.4839,2023-09-01,2023,9,16.1,11.0,-1.612601097207408,-1.5988963276452535,-0.47300245023829657,0.22774327122153207
Санта-Фе,-31.7903,-60.4839,2023-10-01,2023,10,19.3,80.0,-1.0641859545418462,-1.1609165497378726,0.19939732206929628,1.381692573402418
Санта-Фе,-31.7903,-60.4839,2023-11-01,2023,11,21.6,148.0,-0.18070311681666043,-0.2118583030163043,-0.829078419438225,2.2839506172839505
Санта-Фе,-31.7903,-60.4839,2023-12-01,2023,12,23.4,163.0,0.4556549105239747,0.5203373884520998,-0.18350277942416673,2.321937321937322
Санта-Фе,-31.7903,-60.4839,2024-01-01,2024,1,24.8,118.0,0.7186336003434897,0.7751733694828509,-0.09449956114989419,1.586021505376344
Санта-Фе,-31.7903,-60.4839,2024-02-01,2024,2,25.7,141.0,0.5902622087152612,0.6323285834688608,0.29137581454898465,1.828793774319066
Санта-Фе,-31.7903,-60.4839,2024-03-01,2024,3,23.9,177.0,0.42865472346869,0.45560830536675345,0.5781273459334757,2.4686192468619246
Санта-Фе,-31.7903,-60.4839,2024-04-01,2024,4,18.8,148.0,0.5850599198950911,0.6092405683422286,0.7483580804313014,2.624113475177305
Санта-Фе,-31.7903,-60.4839,2024-05-01,2024,5,11.9,48.0,0.42636143160153195,0.435659937344755,0.6047193767015645,1.3445378151260505
Санта-Фе,-31.7903,-60.4839,2024-06-01,2024,6,15.3,0.0,0.05306922666675819,0.09764483053784592,0.2934719034911958,0.0
Санта-Фе,-31.7903,-60.4839,2024-07-01,2024,7,10.8,22.0,-0.8871614579577207,-0.9776935030642521,0.26802873357737933,0.6790123456790124
Санта-Фе,-31.7903,-60.4839,2024-08-01,2024,8,12.8,11.0,-1.4899490246458909,-1.554749215188159,-0.127843728132238,0.2864583333333333
Санта-Фе,-31.7903,-60.4839,2024-09-01,2024,9,18.1,0.3,-1.655018332264195,-1.6139782636780935,-0.8243712503003803,0.0055248618784530384
Санта-Фе,-31.7903,-60.4839,2024-10-01,2024,10,20.8,89.0,-0.9319582899900857,-1.027024013449356,-1.3801100595208728,1.4262820512820513
Санта-Фе,-31.7903,-60.4839,2024-11-01,2024,11,22.5,217.0,0.41695966449254795,0.46151663797512216,-0.23456103914287138,3.214814814814815
Санта-Фе,-31.7903,-60.4839,2024-12-01,2024,12,22.4,62.0,0.2967511724178486,0.3487478791514749,-0.35540592754448713,0.9226190476190477
Санта-Фе,-31.7903,-60.4839,2025-01-01,2025,1,26.4,70.0,0.14617720945160928,0.1839712414437784,-0.5458423249490687,0.8838383838383839
Санта-Фе,-31.7903,-60.4839,2025-02-01,2025,2,26.6,172.0,-0.2511237906129453,-0.2734320774788164,0.0121638315980227,2.155388471177945
Санта-Фе,-31.7903,-60.4839,2025-03-01,2025,3,22.8,130.0,0.06961763318482413,0.05958112161326798,0.20406927181635903,1.9005847953216375
Санта-Фе,-31.7903,-60.4839,2025-04-01,2025,4,17.7,37.0,-0.11786492067298468,-0.1478524508640347,-0.11378647615814402,0.696798493408663
Санта-Фе,-31.7903,-60.4839,2025-05-01,2025,5,17.0,49.0,-0.7399891360050028,-0.8185426561275571,-0.7134654591142628,0.9607843137254902
Санта-Фе,-31.7903,-60.4839,2025-06-01,2025,6,10.3,20.0,-0.9007950532500253,-0.9641302394503343,-0.5491620166975798,0.6472491909385113
Санта-Фе,-31.7903,-60.4839,2025-07-01,2025,7,12.3,72.0,0.3762594780736796,0.463881202304378,-0.053893864083431414,1.951219512195122
Санта-Фе,-31.7903,-60.4839,2025-08-01,2025,8,13.7,187.0,2.0975173389338684,1.8152064121041542,0.5007650487358497,4.549878345498784
Санта-Фе,-31.7903,-60.4839,2025-09-01,2025,9,16.1,34.0,1.5619818695240701,1.5856312829466814,0.599991384497001,0.7039337474120082
Санта-Фе,-31.7903,-60.4839,2025-10-01,2025,10,19.5,48.0,0.7836356120761948,0.8521179543600451,0.7944275298753976,0.8205128205128205
Санта-Фе,-31.7903,-60.4839,2025-11-01,2025,11,21.3,116.0,-0.5836692090553482,-0.6605326662507212,0.8425715057082243,1.8153364632237872
Санта-Фе,-31.7903,-60.4839,2025-12-01,2025,12,24.9,136.0,-0.20095890657175702,-0.20466637201345,0.883308725022967,1.820615796519411
Санта-Фе,-31.7903,-60.4839,2026-01-01,2026,1,25.1,47.0,-0.2501587840361353,-0.2505163942896384,0.19560273399131495,0.6241699867197875
Санта-Фе,-31.7903,-60.4839,2026-02-01,2026,2,24.4,199.0,0.3224059160224298,0.3525944144816287,-0.1539259272962461,2.7185792349726774
Санта-Фе,-31.7903,-60.4839,2026-03-01,2026,3,24.4,199.0,0.4766097267951848,0.507352005514934,0.2277780518061836,2.7185792349726774
Санта-Фе,-31.7903,-60.4839,2026-04-01,2026,4,24.4,199.0,1.1745396974569497,1.1654722573094203,0.7494446099837215,2.7185792349726774
Санта-Фе,-31.7903,-60.4839,2026-05-01,2026,5,15.2,57.563210689798375,0.9118492739281461,0.9341771979422387,0.7684011789745121,1.2623511116183854
Санта-Фе,-31.7903,-60.4839,2026-06-01,2026,6,12.2,3.3639278190191604,0.5707845393497408,0.6365379095237439,0.6446627648981618,0.09191059614806449
Санта-Фе,-31.7903,-60.4839,2026-07-01,2026,7,11.5,35.339483897345616,-0.35072551203883107,-0.37170570048698287,0.9940897525051459,1.024332866589728
Санта-Фе,-31.7903,-60.4839,2026-08-01,2026,8,13.2,9.487612849305147,-0.9773664989510763,-1.0643457236780214,0.5525026468301282,0.23958618306326132
Санта-Фе,-31.7903,-60.4839,2026-09-01,2026,9,15.5,38.36175897332361,-0.28910956112490094,-0.4888099933454956,0.19424339850311614,0.8249840639424433
Санта-Фе,-31.7903,-60.4839,2026-10-01,2026,10,18.3,66.40710227846563,-0.7284426127145698,-0.7981542048937302,-0.9346061989401847,1.209601134398281
Санта-Фе,-31.7903,-60.4839,2026-11-01,2026,11,21.3,183.7008151990936,0.26527674092339715,0.2987733597533481,-0.24961414610667673,2.8748171392659403
Санта-Фе,-31.7903,-60.4839,2026-12-01,2026,12,23.6,110.82539252580554,0.24703403731211704,0.29693386022058815,-0.04436023231254032,1.565330402906858
