station,lat,lon,date,year,month,temp,precip,spi3,spei3,spei6,gtk
Буэнос-Айрес,-34.5589,-58.4197,1961-01-01,1961,1,24.4,139.0,,,,1.8989071038251366
Буэнос-Айрес,-34.5589,-58.4197,1961-02-01,1961,2,23.5,58.0,,,,0.8226950354609929
Буэнос-Айрес,-34.5589,-58.4197,1961-03-01,1961,3,21.9,64.0,-0.38045645844667997,-0.40952952828588207,,0.974124809741248
Буэнос-Айрес,-34.5589,-58.4197,1961-04-01,1961,4,18.3,46.0,-1.4660069516534366,-1.5028433679552844,,0.8378870673952641
Буэнос-Айрес,-34.5589,-58.4197,1961-05-01,1961,5,15.1,66.0,-0.7645311249337408,-0.7935612987988321,,1.4569536423841059
Буэнос-Айрес,-34.5589,-58.4197,1961-06-01,1961,6,12.05,29.0,-0.5880928409084337,-0.6489151789131457,-0.8326932921314754,0.8022130013831259
Буэнос-Айрес,-34.5589,-58.4197,1961-07-01,1961,7,10.7,37.0,-0.2949689894019766,-0.31796793797488293,-1.3521923989688887,1.1526479750778815
Буэнос-Айрес,-34.5589,-58.4197,1961-08-01,1961,8,13.8,36.0,-0.7950423047008506,-0.8727510351979383,-1.1467971755438895,0.8695652173913043
Буэнос-Айрес,-34.5589,-58.4197,1961-09-01,1961,9,13.9,33.0,-1.1265903878176273,-1.205329728602105,-1.1593533767132194,0.7913669064748201
Буэнос-Айрес,-34.5589,-58.4197,1961-10-01,1961,10,18.2,136.0,-0.07861867293849105,-0.06877042554095515,-0.31270762056098156,2.490842490842491
Буэнос-Айрес,-34.5589,-58.4197,1961-11-01,1961,11,21.0,118.0,0.3850062031273806,0.41726997081925765,-0.15612315250092482,1.873015873015873
Буэнос-Айрес,-34.5589,-58.4197,1961-12-01,1961,12,22.3,134.0,0.9593351676175654,1.0360111441382862,0.3219880831127382,2.0029895366218238
Буэнос-Айрес,-34.5589,-58.4197,1962-01-01,1962,1,22.9,72.0,0.46648330686740297,0.5380935825067701,0.2292836901909109,1.0480349344978166
Буэнос-Айрес,-34.5589,-58.4197,1962-02-01,1962,2,22.6,38.0,-0.32330192742399494,-0.32207105525509816,-0.05467812663320265,0.56047197640118
Буэнос-Айрес,-34.5589,-58.4197,1962-03-01,1962,3,23.5,61.0,-1.3560337470753017,-1.4114064910349549,-0.20587435737755833,0.8652482269503546
Буэнос-Айрес,-34.5589,-58.4197,1962-04-01,1962,4,16.5,189.0,-0.0660575258999242,-0.10162550909882896,0.14757454481979224,3.8181818181818183
Буэнос-Айрес,-34.5589,-58.4197,1962-05-01,1962,5,13.1,13.0,-0.05584842280548122,-0.019774354471620605,-0.33056239665150416,0.33078880407124683
Буэнос-Айрес,-34.5589,-58.4197,1962-06-01,1962,6,11.5,14.0,0.13884266822841726,0.16604608512748287,-0.9306287816197943,0.4057971014492754
Буэнос-Айрес,-34.5589,-58.4197,1962-07-01,1962,7,8.5,92.0,-0.45491523881832563,-0.5029178747193376,-0.5051288829900222,
Буэнос-Айрес,-34.5589,-58.4197,1962-08-01,1962,8,12.0,49.0,0.008442854626335924,-0.015450088355734602,-0.18893827603560256,1.3611111111111112
Буэнос-Айрес,-34.5589,-58.4197,1962-09-01,1962,9,14.2,99.0,0.9272678115503702,0.9251592419955355,0.5742400981522049,2.323943661971831
Буэнос-Айрес,-34.5589,-58.4197,1962-10-01,1962,10,16.4,18.0,-0.5987895323619078,-0.658813358591775,-0.794659337525535,0.3658536585365854
Буэнос-Айрес,-34.5589,-58.4197,1962-11-01,1962,11,21.4,131.0,-0.031828381669392836,-0.031352766082209105,-0.030370358575365488,2.040498442367601
Буэнос-Айрес,-34.5589,-58.4197,1962-12-01,1962,12,22.6,102.0,-0.28392188222406006,-0.3070471248408455,0.2989441816229693,1.5044247787610618
Буэнос-Айрес,-34.5589,-58.4197,1963-01-01,1963,1,24.1,33.0,-0.12747029828368933,-0.11409400258016325,-0.5755782443389569,0.45643153526970953
Буэнос-Айрес,-34.5589,-58.4197,1963-02-01,1963,2,24.5,83.0,-0.6100250172104091,-0.65982136909916,-0.6328254946164387,1.129251700680272
Буэнос-Айрес,-34.5589,-58.4197,1963-03-01,1963,3,20.6,234.0,0.31848322552297736,0.3663533597508437,0.06712275223697128,3.7864077669902914
Буэнос-Айрес,-34.5589,-58.4197,1963-04-01,1963,4,19.5,72.0,0.6565681654234382,0.7010695804620529,0.4015856866854474,1.2307692307692308
Буэнос-Айрес,-34.5589,-58.4197,1963-05-01,1963,5,14.5,33.0,0.4624572585974276,0.5236123400518182,-0.03598303106285,0.7586206896551724
Буэнос-Айрес,-34.5589,-58.4197,1963-06-01,1963,6,12.1,129.0,0.2930659925086002,0.33703224512656466,0.3163007467494849,3.553719008264463
Буэнос-Айрес,-34.5589,-58.4197,1963-07-01,1963,7,12.6,48.0,0.48329791176639575,0.5592586308003585,0.6820697189174187,1.2698412698412698
Буэнос-Айрес,-34.5589,-58.4197,1963-08-01,1963,8,11.4,129.0,1.597728537457884,1.5498446622648223,1.16419292008958,3.7719298245614037
Буэнос-Айрес,-34.5589,-58.4197,1963-09-01,1963,9,13.3,150.0,1.6868239701294157,1.6198585792696725,1.2264644843860628,3.7593984962406015
Буэнос-Айрес,-34.5589,-58.4197,1963-10-01,1963,10,15.4,148.0,2.0457182250329105,1.7766138472422033,1.4619014323532054,3.2034632034632033
Буэнос-Айрес,-34.5589,-58.4197,1963-11-01,1963,11,18.0,152.0,1.8973661507993689,1.7691528825794336,1.950284390404975,2.814814814814815
Буэнос-Айрес,-34.5589,-58.4197,1963-12-01,1963,12,22.1,239.0,2.1129559327549083,1.9805432384698294,2.1709568381503166,3.6048265460030167
Буэнос-Айрес,-34.5589,-58.4197,1964-01-01,1964,1,24.0,24.0,1.275536998103905,1.3045671518882282,2.0167372438499305,0.3333333333333333
Буэнос-Айрес,-34.5589,-58.4197,1964-02-01,1964,2,23.2,186.0,1.2602060300187743,1.3181459829144053,1.9780663049357903,2.6724137931034484
Буэнос-Айрес,-34.5589,-58.4197,1964-03-01,1964,3,20.2,227.0,0.8741499777703524,0.9238603736352115,1.6553162999627324,3.745874587458746
Буэнос-Айрес,-34.5589,-58.4197,1964-04-01,1964,4,17.7,71.0,1.1935602789200754,1.2161749255366359,1.464863553640474,1.3370998116760828
Буэнос-Айрес,-34.5589,-58.4197,1964-05-01,1964,5,15.5,83.0,0.7208400811385375,0.7728213890084419,1.1749931636142392,1.7849462365591398
Буэнос-Айрес,-34.5589,-58.4197,1964-06-01,1964,6,9.6,41.0,-0.049764967150022904,-0.046411470089331795,0.5835500018358762,
Буэнос-Айрес,-34.5589,-58.4197,1964-07-01,1964,7,10.3,19.0,-0.1683054420806466,-0.1707120299160782,0.8146669824273459,0.6148867313915858
Буэнос-Айрес,-34.5589,-58.4197,1964-08-01,1964,8,11.6,37.0,-0.8840282199969637,-0.9593245739257319,0.21249324055977165,1.0632183908045978
Буэнос-Айрес,-34.5589,-58.4197,1964-09-01,1964,9,13.9,45.0,-1.2766070393170952,-1.314638175776241,-0.7310908134751738,1.079136690647482
Буэнос-Айрес,-34.5589,-58.4197,1964-10-01,1964,10,15.4,48.0,-1.160195580947072,-1.2762205704062208,-0.9120885041733218,1.0389610389610389
Буэнос-Айрес,-34.5589,-58.4197,1964-11-01,1964,11,18.5,68.0,-1.0752348169332233,-1.114027873400182,-1.4421361480432577,1.2252252252252251
Буэнос-Айрес,-34.5589,-58.4197,1964-12-01,1964,12,22.5,31.0,-1.4281033659311337,-1.4832480776170538,-1.7942139137071602,0.45925925925925926
Буэнос-Айрес,-34.5589,-58.4197,1965-01-01,1965,1,25.3,39.0,-1.8245838666904965,-1.8285606722301662,-1.894594183880384,0.5138339920948617
Буэнос-Айрес,-34.5589,-58.4197,1965-02-01,1965,2,24.6,120.0,-0.965091309576572,-1.0617918335624497,-1.7024001930527082,1.6260162601626016
Буэнос-Айрес,-34.5589,-58.4197,1965-03-01,1965,3,19.2,30.0,-1.1250772368537554,-1.1947267254386154,-1.8889648402701587,0.5208333333333334
Буэнос-Айрес,-34.5589,-58.4197,1965-04-01,1965,4,17.4,141.0,-0.04112866278086899,-0.07299442263087816,-1.1240720187726194,2.7011494252873565
Буэнос-Айрес,-34.5589,-58.4197,1965-05-01,1965,5,13.4,15.0,-0.6746501991393585,-0.6971161018862957,-1.1785288709836401,0.373134328358209
Буэнос-Айрес,-34.5589,-58.4197,1965-06-01,1965,6,15.1,40.0,-0.04055379981907635,-0.035987708684467996,-0.9436639258793006,0.8830022075055187
Буэнос-Айрес,-34.5589,-58.4197,1965-07-01,1965,7,10.1,55.0,-0.573312267241315,-0.6380214542480905,-0.5498355137514274,1.8151815181518152
Буэнос-Айрес,-34.5589,-58.4197,1965-08-01,1965,8,12.7,61.0,0.021723806396771978,-0.0006705019221546158,-0.7132245455836402,1.601049868766404
Буэнос-Айрес,-34.5589,-58.4197,1965-09-01,1965,9,13.6,48.0,0.017725367408205142,-0.08529912595332555,-0.17706058529290536,1.1764705882352942
Буэнос-Айрес,-34.5589,-58.4197,1965-10-01,1965,10,17.8,34.0,-0.9462466993788681,-1.0460483563959728,-1.112318509851232,0.6367041198501873
Буэнос-Айрес,-34.5589,-58.4197,1965-11-01,1965,11,20.4,107.0,-0.7194357716565709,-0.7642467241092615,-0.5714287994467497,1.7483660130718954
Буэнос-Айрес,-34.5589,-58.4197,1965-12-01,1965,12,21.4,84.0,-0.5498513315385882,-0.6031440198797031,-0.5550388636070298,1.308411214953271
Буэнос-Айрес,-34.5589,-58.4197,1966-01-01,1966,1,24.0,72.0,-0.16034332776974497,-0.15115059398883504,-0.7953733705251579,1.0
Буэнос-Айрес,-34.5589,-58.4197,1966-02-01,1966,2,22.1,80.0,-0.40792824224709096,-0.4223435972852279,-1.0130314066115917,1.2066365007541477
Буэнос-Айрес,-34.5589,-58.4197,1966-03-01,1966,3,20.9,287.0,0.8858845184977069,0.9347399693018604,0.436816364657659,4.577352472089315
Буэнос-Айрес,-34.5589,-58.4197,1966-04-01,1966,4,18.3,141.0,1.3151388344893067,1.3208193402750814,0.979987223394108,2.568306010928962
Буэнос-Айрес,-34.5589,-58.4197,1966-05-01,1966,5,15.5,38.0,1.1978377827085018,1.1867275847651544,0.6891574301758691,0.8172043010752689
Буэнос-Айрес,-34.5589,-58.4197,1966-06-01,1966,6,13.0,129.0,0.8689451973386477,0.93321051333861,1.136642717031318,3.3076923076923075
Буэнос-Айрес,-34.5589,-58.4197,1966-07-01,1966,7,12.0,54.0,0.5758856158490672,0.6552748766984765,1.2265692763746014,1.5
Буэнос-Айрес,-34.5589,-58.4197,1966-08-01,1966,8,11.0,18.0,0.5699613249293309,0.5978864246299656,1.2686914244691974,0.5454545454545454
Буэнос-Айрес,-34.5589,-58.4197,1966-09-01,1966,9,12.5,13.0,-1.9194810013389483,-1.6787362238925452,0.09585725935781675,0.3466666666666667
Буэнос-Айрес,-34.5589,-58.4197,1966-10-01,1966,10,15.7,63.0,-1.84513667769647,-1.960735697346271,-0.5108825493080557,1.3375796178343948
Буэнос-Айрес,-34.5589,-58.4197,1966-11-01,1966,11,20.0,80.0,-1.1411162181684535,-1.175778576680077,-0.45557878850783734,1.3333333333333333
Буэнос-Айрес,-34.5589,-58.4197,1966-12-01,1966,12,22.1,135.0,-0.01935483612711953,-0.007158348579704799,-0.7855599568595284,2.0361990950226243
Буэнос-Айрес,-34.5589,-58.4197,1967-01-01,1967,1,24.2,99.0,0.3691929892830961,0.43501293160649224,-0.7785348379660213,1.3636363636363635
Буэнос-Айрес,-34.5589,-58.4197,1967-02-01,1967,2,23.1,66.0,0.201596559564922,0.2899780578846615,-0.7249848917643025,0.9523809523809523
Буэнос-Айрес,-34.5589,-58.4197,1967-03-01,1967,3,20.2,82.0,-0.5086617629867426,-0.5518033134961894,-0.440684515137389,1.353135313531353
Буэнос-Айрес,-34.5589,-58.4197,1967-04-01,1967,4,18.2,118.0,-0.2580243624867651,-0.32118583890565733,-0.0550922503198823,2.161172161172161
Буэнос-Айрес,-34.5589,-58.4197,1967-05-01,1967,5,17.3,60.0,-0.07793201327108115,-0.04382362624405091,-0.018981845091042737,1.1560693641618498
Буэнос-Айрес,-34.5589,-58.4197,1967-06-01,1967,6,8.0,57.0,0.3014487822356227,0.346224892374466,-0.31126458888468445,
Буэнос-Айрес,-34.5589,-58.4197,1967-07-01,1967,7,10.3,98.0,0.5257806102079041,0.6036215704293327,0.01098276409759479,3.1715210355987056
Буэнос-Айрес,-34.5589,-58.4197,1967-08-01,1967,8,11.6,109.0,1.2184027350074806,1.230098069212079,0.502282424580811,3.132183908045977
Буэнос-Айрес,-34.5589,-58.4197,1967-09-01,1967,9,14.9,64.0,1.2211180063380431,1.213913812398058,0.9071287905987311,1.4317673378076063
Буэнос-Айрес,-34.5589,-58.4197,1967-10-01,1967,10,17.8,316.0,2.502745085647409,2.038711815821561,1.688326087457587,5.917602996254682
Буэнос-Айрес,-34.5589,-58.4197,1967-11-01,1967,11,21.6,34.0,1.5893919447023261,1.535311247423978,1.6651701254740021,0.5246913580246914
Буэнос-Айрес,-34.5589,-58.4197,1967-12-01,1967,12,24.5,25.0,0.8508084041344389,0.9303850810092233,1.290500232311215,0.3401360544217687
Буэнос-Айрес,-34.5589,-58.4197,1968-01-01,1968,1,23.8,54.0,-2.266673187693266,-2.1774500146015336,0.768691579153197,0.7563025210084033
Буэнос-Айрес,-34.5589,-58.4197,1968-02-01,1968,2,23.3,89.0,-1.2929980607829337,-1.406710038612214,0.3573866643668839,1.2732474964234621
Буэнос-Айрес,-34.5589,-58.4197,1968-03-01,1968,3,21.3,42.0,-1.1743122909437549,-1.242149585455632,-0.199145202799294,0.6572769953051644
Буэнос-Айрес,-34.5589,-58.4197,1968-04-01,1968,4,15.8,5.0,-2.209280370550834,-1.9720542208355836,-2.5118127018075045,0.10548523206751055
Буэнос-Айрес,-34.5589,-58.4197,1968-05-01,1968,5,13.2,13.0,-2.0917050276604323,-2.042103696979703,-2.2209376515633563,0.3282828282828283
Буэнос-Айрес,-34.5589,-58.4197,1968-06-01,1968,6,11.7,71.0,-1.2096797075426282,-1.2819923354550773,-1.6514850521852154,2.022792022792023
Буэнос-Айрес,-34.5589,-58.4197,1968-07-01,1968,7,13.1,42.0,-0.36729546180628153,-0.4018444913200581,-1.6756617083822398,1.0687022900763359
Буэнос-Айрес,-34.5589,-58.4197,1968-08-01,1968,8,13.5,99.0,0.6916729428351907,0.7243626306409946,-1.1865378255133703,2.4444444444444446
Буэнос-Айрес,-34.5589,-58.4197,1968-09-01,1968,9,14.5,13.0,-0.13511653399323467,-0.25745499024692786,-1.19403145402577,0.2988505747126437
Буэнос-Айрес,-34.5589,-58.4197,1968-10-01,1968,10,17.0,186.0,0.9368511319451278,0.9600376589785129,0.37425849395458005,3.6470588235294117
Буэнос-Айрес,-34.5589,-58.4197,1968-11-01,1968,11,22.3,109.0,0.5990565819924194,0.6390545254560381,0.8621313301894151,1.6292974588938713
Буэнос-Айрес,-34.5589,-58.4197,1968-12-01,1968,12,22.3,285.0,2.397982921438741,2.1713479089673196,1.6977267892182826,4.260089686098655
Буэнос-Айрес,-34.5589,-58.4197,1969-01-01,1969,1,24.2,62.0,1.603625092556511,1.567263004879768,1.6382521860242807,0.8539944903581267
Буэнос-Айрес,-34.5589,-58.4197,1969-02-01,1969,2,23.9,68.0,1.0476099520178839,1.1394822626689232,1.250525091359942,0.9483960948396095
Буэнос-Айрес,-34.5589,-58.4197,1969-03-01,1969,3,22.1,121.0,-0.47137768442456757,-0.5106171697217592,1.1939380511285949,1.8250377073906485
Буэнос-Айрес,-34.5589,-58.4197,1969-04-01,1969,4,18.7,93.0,-0.11676584376191887,-0.15982863251287677,0.8306300773993119,1.6577540106951871
Буэнос-Айрес,-34.5589,-58.4197,1969-05-01,1969,5,15.1,225.0,1.0521776895986878,1.0667343197066266,1.2527916830046797,4.966887417218543
Буэнос-Айрес,-34.5589,-58.4197,1969-06-01,1969,6,12.4,34.0,1.1762180062398393,1.2161828307539966,0.42458834560346453,0.9139784946236559
Буэнос-Айрес,-34.5589,-58.4197,1969-07-01,1969,7,12.6,56.0,1.2638604835221223,1.2864567250113463,0.6722346423197376,1.4814814814814814
Буэнос-Айрес,-34.5589,-58.4197,1969-08-01,1969,8,10.9,0.0,-1.0138579326599462,-1.0816283075149205,0.5326019537780903,0.0
Буэнос-Айрес,-34.5589,-58.4197,1969-09-01,1969,9,14.5,39.0,-1.481273874629709,-1.448497138091111,0.5098218095652529,0.896551724137931
Буэнос-Айрес,-34.5589,-58.4197,1969-10-01,1969,10,16.0,39.0,-2.212199479732357,-2.296917624441182,0.1480220316534493,0.8125
Буэнос-Айрес,-34.5589,-58.4197,1969-11-01,1969,11,20.3,74.0,-1.1943706487692123,-1.224979988638925,-1.6052557227876998,1.2151067323481117
Буэнос-Айрес,-34.5589,-58.4197,1969-12-01,1969,12,24.6,88.0,-0.8061968530072012,-0.8778314123571879,-1.3783776420155205,1.1924119241192412
Буэнос-Айрес,-34.5589,-58.4197,1970-01-01,1970,1,24.1,151.0,0.3593566598403775,0.4244834913056076,-0.9211124061205396,2.0885200553250347
Буэнос-Айрес,-34.5589,-58.4197,1970-02-01,1970,2,25.0,65.0,0.23543951008709202,0.32792190326800286,-0.7249848917643025,0.8666666666666667
Буэнос-Айрес,-34.5589,-58.4197,1970-03-01,1970,3,22.5,81.0,-0.07663733457374104,-0.06860084231936654,-0.6346121386709933,1.2
Буэнос-Айрес,-34.5589,-58.4197,1970-04-01,1970,4,20.7,104.0,-0.40935680038626326,-0.4914625233742143,-0.16711980959522985,1.674718196457327
Буэнос-Айрес,-34.5589,-58.4197,1970-05-01,1970,5,14.5,81.0,-0.033904278721530186,0.004076075587025423,0.037104764088713986,1.8620689655172413
Буэнос-Айрес,-34.5589,-58.4197,1970-06-01,1970,6,11.4,31.0,0.13884266822841726,0.16604608512748287,-0.11376453900715128,0.9064327485380117
Буэнос-Айрес,-34.5589,-58.4197,1970-07-01,1970,7,11.5,63.0,0.16462569897292084,0.2116760874578286,-0.3734053251591645,1.826086956521739
Буэнос-Айрес,-34.5589,-58.4197,1970-08-01,1970,8,12.4,73.0,0.16430216219378185,0.1577792318063166,-0.08674865549799035,1.9623655913978495
Буэнос-Айрес,-34.5589,-58.4197,1970-09-01,1970,9,15.9,73.0,0.5968779822267583,0.5725057333773133,0.34667964991503275,1.530398322851153
Буэнос-Айрес,-34.5589,-58.4197,1970-10-01,1970,10,16.7,100.0,0.4003720961987811,0.44814360524788555,0.35326595778215647,1.996007984031936
Буэнос-Айрес,-34.5589,-58.4197,1970-11-01,1970,11,18.5,51.0,-0.30242351505160553,-0.3252199857493714,-0.13794397306507317,0.918918918918919
Буэнос-Айрес,-34.5589,-58.4197,1970-12-01,1970,12,22.4,43.0,-0.8831091830265205,-0.9576106740159582,-0.43193778450388515,0.6398809523809523
Буэнос-Айрес,-34.5589,-58.4197,1971-01-01,1971,1,23.4,192.0,0.08587479677326197,0.1251966715118585,0.2529258923327583,2.735042735042735
Буэнос-Айрес,-34.5589,-58.4197,1971-02-01,1971,2,21.5,179.0,1.0411509683079032,1.1338397992474611,0.7547758464581733,2.7751937984496124
Буэнос-Айрес,-34.5589,-58.4197,1971-03-01,1971,3,21.6,69.0,0.891736744952341,0.9401512407210105,0.2669102608059786,1.0648148148148149
Буэнос-Айрес,-34.5589,-58.4197,1971-04-01,1971,4,16.5,48.0,-0.00018285982920845722,-0.025970622387325837,-0.042104039948861874,0.9696969696969697
Буэнос-Айрес,-34.5589,-58.4197,1971-05-01,1971,5,13.1,62.0,-0.7372901368446597,-0.7644422333674684,0.16261434467999494,1.5776081424936388
Буэнос-Айрес,-34.5589,-58.4197,1971-06-01,1971,6,9.5,54.0,-0.34817523154943103,-0.3835335555844529,0.43019857352810814,
Буэнос-Айрес,-34.5589,-58.4197,1971-07-01,1971,7,12.3,73.0,0.2969314780906672,0.35889962336602704,0.03685746516866251,1.978319783197832
Буэнос-Айрес,-34.5589,-58.4197,1971-08-01,1971,8,14.0,48.0,0.2642210157667536,0.26813732109830424,-0.6305043403602753,1.1428571428571428
Буэнос-Айрес,-34.5589,-58.4197,1971-09-01,1971,9,16.1,129.0,1.0255189446560866,1.0245008293472517,0.26218853629793293,2.6708074534161486
Буэнос-Айрес,-34.5589,-58.4197,1971-10-01,1971,10,17.0,74.0,0.455036023331403,0.5039176911193203,0.48301881925751966,1.4509803921568627
Буэнос-Айрес,-34.5589,-58.4197,1971-11-01,1971,11,21.7,47.0,-0.009789838125937145,-0.007358829632114654,0.15967323466876204,0.7219662058371735
Буэнос-Айрес,-34.5589,-58.4197,1971-12-01,1971,12,23.8,130.0,-0.28392188222406006,-0.3070471248408455,0.3751792697521612,1.8207282913165266
Буэнос-Айрес,-34.5589,-58.4197,1972-01-01,1972,1,25.1,67.0,-0.3743035608778113,-0.39192410650955567,-0.04563047976888059,0.8897742363877822
Буэнос-Айрес,-34.5589,-58.4197,1972-02-01,1972,2,23.5,44.0,-0.354694685835418,-0.3592918855781129,-0.4053319633884767,0.624113475177305
Буэнос-Айрес,-34.5589,-58.4197,1972-03-01,1972,3,20.7,105.0,-0.8181799629686206,-0.8850143058186211,-0.8639332289345234,1.6908212560386473
Буэнос-Айрес,-34.5589,-58.4197,1972-04-01,1972,4,18.4,25.0,-1.361725841360677,-1.4205131149921266,-1.2061078201715758,0.4528985507246377
Буэнос-Айрес,-34.5589,-58.4197,1972-05-01,1972,5,16.5,39.0,-0.8290565240765886,-0.8621124186271223,-0.9506615267334224,0.7878787878787878
Буэнос-Айрес,-34.5589,-58.4197,1972-06-01,1972,6,13.6,185.0,0.41689065938949127,0.47153466754433493,-0.42117114964030744,4.534313725490196
Буэнос-Айрес,-34.5589,-58.4197,1972-07-01,1972,7,10.9,51.0,0.9904120935535403,1.0531340904402575,-0.2037443243389053,1.5596330275229358
Буэнос-Айрес,-34.5589,-58.4197,1972-08-01,1972,8,12.1,86.0,1.7336346106710783,1.655780656115792,0.29626618589813647,2.369146005509642
Буэнос-Айрес,-34.5589,-58.4197,1972-09-01,1972,9,15.4,82.0,0.7082148279256689,0.6942692097553991,0.6579948857198071,1.774891774891775
Буэнос-Айрес,-34.5589,-58.4197,1972-10-01,1972,10,16.2,83.0,0.455036023331403,0.5039176911193203,0.9827396796838945,1.7078189300411524
Буэнос-Айрес,-34.5589,-58.4197,1972-11-01,1972,11,19.3,84.0,-0.02079965335857975,-0.019344567394483266,1.1635975439909019,1.450777202072539
Буэнос-Айрес,-34.5589,-58.4197,1972-12-01,1972,12,22.6,107.0,-0.057854368846619174,-0.0508513244027629,0.31432315273924477,1.5781710914454277
Буэнос-Айрес,-34.5589,-58.4197,1973-01-01,1973,1,23.5,120.0,0.3396241213829032,0.4033039870690271,0.48279172533551257,1.702127659574468
Буэнос-Айрес,-34.5589,-58.4197,1973-02-01,1973,2,23.1,134.0,0.6791090045301258,0.7965152756953398,0.5635180479014088,1.9336219336219336
Буэнос-Айрес,-34.5589,-58.4197,1973-03-01,1973,3,22.7,197.0,0.9554631355574562,0.9984471929176005,0.7484297390573132,2.8928046989720997
Буэнос-Айрес,-34.5589,-58.4197,1973-04-01,1973,4,17.6,112.0,0.9739218718112548,1.0159306183842793,0.9044605866137421,2.121212121212121
Буэнос-Айрес,-34.5589,-58.4197,1973-05-01,1973,5,13.8,20.0,0.3982900978310163,0.45918113420708867,0.6366476446554225,0.4830917874396135
Буэнос-Айрес,-34.5589,-58.4197,1973-06-01,1973,6,12.4,107.0,0.3347938158681519,0.3826722592969626,0.8777398221631836,2.8763440860215055
Буэнос-Айрес,-34.5589,-58.4197,1973-07-01,1973,7,10.3,99.0,0.6169426064547909,0.697047619497419,0.9968475178508931,3.203883495145631
Буэнос-Айрес,-34.5589,-58.4197,1973-08-01,1973,8,12.2,0.7,0.6335470326270632,0.6643612483639589,0.5728429395995904,0.01912568306010929
Буэнос-Айрес,-34.5589,-58.4197,1973-09-01,1973,9,14.1,0.9,-1.289329173421534,-1.3234692812988818,-0.35121631876583503,0.02127659574468085
Буэнос-Айрес,-34.5589,-58.4197,1973-10-01,1973,10,17.3,111.0,-1.4715885908948543,-1.5973738573179144,-0.2986510964401216,2.138728323699422
Буэнос-Айрес,-34.5589,-58.4197,1973-11-01,1973,11,19.0,52.0,-1.037365063866051,-1.0780929452464962,-0.3264592859005518,0.9122807017543859
Буэнос-Айрес,-34.5589,-58.4197,1973-12-01,1973,12,22.4,30.0,-0.8941798469795195,-0.9689852997203349,-1.399376661875971,0.44642857142857145
Буэнос-Айрес,-34.5589,-58.4197,1974-01-01,1974,1,24.2,280.0,0.8197950468299033,0.893817076715443,-0.21541860982066446,3.8567493112947657
Буэнос-Айрес,-34.5589,-58.4197,1974-02-01,1974,2,22.3,47.0,0.6500311791918912,0.7676122486375736,-0.14128097265689138,0.70254110612855
Буэнос-Айрес,-34.5589,-58.4197,1974-03-01,1974,3,22.2,112.0,0.8858845184977069,0.9347399693018604,0.25518466662323547,1.6816816816816818
Буэнос-Айрес,-34.5589,-58.4197,1974-04-01,1974,4,18.8,9.0,-1.4660069516534366,-1.5028433679552844,-0.3921999989931448,0.1595744680851064
Буэнос-Айрес,-34.5589,-58.4197,1974-05-01,1974,5,15.8,33.0,-0.9721773747657139,-1.011799933633042,-0.3062596518735788,0.6962025316455697
Буэнос-Айрес,-34.5589,-58.4197,1974-06-01,1974,6,10.9,11.0,-1.7354416475951826,-1.7397246188104323,-0.2470851690022263,0.3363914373088685
Буэнос-Айрес,-34.5589,-58.4197,1974-07-01,1974,7,13.0,82.0,-0.36729546180628153,-0.4018444913200581,-1.4024641016213395,2.1025641025641026
Буэнос-Айрес,-34.5589,-58.4197,1974-08-01,1974,8,11.4,124.0,0.7456647850093067,0.7794064964461322,-0.5129908487999334,3.625730994152047
Буэнос-Айрес,-34.5589,-58.4197,1974-09-01,1974,9,12.9,9.0,0.6642770212037791,0.6465355131046664,-0.9764051190325527,0.23255813953488372
Буэнос-Айрес,-34.5589,-58.4197,1974-10-01,1974,10,16.9,29.0,-0.6567115051644826,-0.7242454074947592,-0.7656357478827269,0.571992110453649
Буэнос-Айрес,-34.5589,-58.4197,1974-11-01,1974,11,19.7,22.0,-2.589212497777209,-2.3042078289708945,-1.2492685847527516,0.37225042301184436
Буэнос-Айрес,-34.5589,-58.4197,1974-12-01,1974,12,21.5,48.0,-2.0468090314162937,-1.9976460529885935,-1.2202180708581343,0.7441860465116279
Буэнос-Айрес,-34.5589,-58.4197,1975-01-01,1975,1,24.1,93.0,-1.4311586344356513,-1.4838908412922742,-1.457637995296053,1.2863070539419088
Буэнос-Айрес,-34.5589,-58.4197,1975-02-01,1975,2,23.2,175.0,0.3346000904733245,0.4374814858325146,-1.4699724240608385,2.514367816091954
Буэнос-Айрес,-34.5589,-58.4197,1975-03-01,1975,3,21.2,71.0,0.2407107029664667,0.2825387525472302,-1.0836679807679515,1.1163522012578617
Буэнос-Айрес,-34.5589,-58.4197,1975-04-01,1975,4,18.2,86.0,0.2750991433666084,0.2874933870918541,-0.6400087230193525,1.575091575091575
Буэнос-Айрес,-34.5589,-58.4197,1975-05-01,1975,5,15.6,118.0,0.031113983797236698,0.07443107483568091,0.15189676478197683,2.5213675213675213
Буэнос-Айрес,-34.5589,-58.4197,1975-06-01,1975,6,13.3,50.0,0.4572850832685226,0.5147649893266432,0.36799222336484494,1.2531328320802004
Буэнос-Айрес,-34.5589,-58.4197,1975-07-01,1975,7,9.7,80.0,0.7906833718401006,0.8681213562096547,0.5866032919554727,
Буэнос-Айрес,-34.5589,-58.4197,1975-08-01,1975,8,11.4,110.0,0.9843357741928387,1.0141746669307694,0.44709663383321674,3.216374269005848
Буэнос-Айрес,-34.5589,-58.4197,1975-09-01,1975,9,14.9,66.0,1.0828143870027716,1.0811498700239257,0.9319536338156998,1.476510067114094
Буэнос-Айрес,-34.5589,-58.4197,1975-10-01,1975,10,17.3,22.0,-0.1666918548392668,-0.16785559747989112,0.5224353379321114,0.4238921001926782
Буэнос-Айрес,-34.5589,-58.4197,1975-11-01,1975,11,20.2,45.0,-1.454389587855323,-1.4560416333341868,-0.30394203058151004,0.7425742574257426
Буэнос-Айрес,-34.5589,-58.4197,1975-12-01,1975,12,23.6,38.0,-1.9653952152208343,-1.934501531441434,-0.8033429105581414,0.536723163841808
Буэнос-Айрес,-34.5589,-58.4197,1976-01-01,1976,1,24.0,172.0,-0.24918934868448714,-0.2513079781137272,-0.39755190650801586,2.388888888888889
Буэнос-Айрес,-34.5589,-58.4197,1976-02-01,1976,2,23.3,128.0,0.5079979748663803,0.6226349326448469,-0.5869589823486479,1.8311874105865522
Буэнос-Айрес,-34.5589,-58.4197,1976-03-01,1976,3,19.3,84.0,0.5471775151251457,0.6053488540071702,-0.7005184909313495,1.450777202072539
Буэнос-Айрес,-34.5589,-58.4197,1976-04-01,1976,4,17.0,69.0,-0.12533116869677344,-0.1696513328012074,-0.3505923127922491,1.3529411764705883
Буэнос-Айрес,-34.5589,-58.4197,1976-05-01,1976,5,15.2,85.0,-0.24437157970496212,-0.22620035300231528,0.070319698382666,1.8640350877192982
Буэнос-Айрес,-34.5589,-58.4197,1976-06-01,1976,6,10.4,53.0,0.05922212971234649,0.07666992960697118,0.35656637114883444,1.6987179487179487
Буэнос-Айрес,-34.5589,-58.4197,1976-07-01,1976,7,10.8,89.0,0.6250803745263908,0.7052672215314157,0.18135986852538666,2.746913580246914
Буэнос-Айрес,-34.5589,-58.4197,1976-08-01,1976,8,11.9,98.0,0.9843357741928387,1.0141746669307694,0.21249324055977165,2.7450980392156863
Буэнос-Айрес,-34.5589,-58.4197,1976-09-01,1976,9,14.0,73.0,1.1203639480885492,1.1177544421679009,0.6511088987896998,1.7380952380952381
Буэнос-Айрес,-34.5589,-58.4197,1976-10-01,1976,10,16.7,247.0,1.975966241466214,1.7333829549960613,1.4910170687095765,4.930139720558882
Буэнос-Айрес,-34.5589,-58.4197,1976-11-01,1976,11,19.5,89.0,1.5456027407895232,1.5004460842641132,1.543811697880356,1.5213675213675213
Буэнос-Айрес,-34.5589,-58.4197,1976-12-01,1976,12,22.3,187.0,1.9988325804512335,1.9000899588081062,1.8894370115877899,2.795216741405082
Буэнос-Айрес,-34.5589,-58.4197,1977-01-01,1977,1,24.9,20.0,0.18900063171161444,0.2393693898655698,1.4396178344637298,0.2677376171352075
Буэнос-Айрес,-34.5589,-58.4197,1977-02-01,1977,2,22.8,280.0,1.4834524296358362,1.491733454290859,1.9680616768139034,4.093567251461988
Буэнос-Айрес,-34.5589,-58.4197,1977-03-01,1977,3,21.1,71.0,0.4616952536023454,0.5174353634690296,1.4118275079389258,1.1216429699842023
Буэнос-Айрес,-34.5589,-58.4197,1977-04-01,1977,4,18.3,15.0,0.5093556976573503,0.5454261707421988,0.44087338941030085,0.273224043715847
Буэнос-Айрес,-34.5589,-58.4197,1977-05-01,1977,5,13.1,111.0,-0.5786939744851415,-0.5931118633239828,0.6099015246163231,2.8244274809160306
Буэнос-Айрес,-34.5589,-58.4197,1977-06-01,1977,6,12.2,47.0,-0.2588269731756989,-0.2830035425170034,0.07847280107314364,1.284153005464481
Буэнос-Айрес,-34.5589,-58.4197,1977-07-01,1977,7,11.6,20.0,0.19357770577784245,0.2441988515094605,0.39280828712835525,0.5747126436781609
Буэнос-Айрес,-34.5589,-58.4197,1977-08-01,1977,8,12.5,57.0,-0.43441811196608693,-0.5014855085559959,-0.8571552687518259,1.52
Буэнос-Айрес,-34.5589,-58.4197,1977-09-01,1977,9,15.6,99.0,0.18744173469510686,0.10869156340164847,-0.27055369990612677,2.1153846153846154
Буэнос-Айрес,-34.5589,-58.4197,1977-10-01,1977,10,19.1,84.0,0.3337921673998446,0.37919357198437087,0.3320818376791529,1.4659685863874345
Буэнос-Айрес,-34.5589,-58.4197,1977-11-01,1977,11,20.6,96.0,0.3016308745761972,0.3289016809886007,-0.030370358575365488,1.5533980582524272
Буэнос-Айрес,-34.5589,-58.4197,1977-12-01,1977,12,23.3,35.0,-0.6553234871711947,-0.7176900699005215,-0.5373935319572373,0.5007153075822603
Буэнос-Айрес,-34.5589,-58.4197,1978-01-01,1978,1,23.5,97.0,-0.5628875776174254,-0.6014478496904929,-0.27087848020419725,1.375886524822695
Буэнос-Айрес,-34.5589,-58.4197,1978-02-01,1978,2,22.7,133.0,-0.11392855895374653,-0.07432407373904769,0.05453519930028151,1.9530102790014685
Буэнос-Айрес,-34.5589,-58.4197,1978-03-01,1978,3,22.1,101.0,0.18285852227070878,0.21949572001859838,-0.2943043950199912,1.5233785822021115
Буэнос-Айрес,-34.5589,-58.4197,1978-04-01,1978,4,17.6,17.0,-0.3995670987384938,-0.48056055016215177,-0.7557209954006072,0.32196969696969696
Буэнос-Айрес,-34.5589,-58.4197,1978-05-01,1978,5,14.5,6.0,-1.2814621071415702,-1.3223263167823052,-1.0909116652600823,0.13793103448275862
Буэнос-Айрес,-34.5589,-58.4197,1978-06-01,1978,6,10.8,231.0,0.4572850832685226,0.5147649893266432,0.32207897529843943,7.12962962962963
Буэнос-Айрес,-34.5589,-58.4197,1978-07-01,1978,7,13.0,191.0,1.931904063006387,1.7696674744044116,1.0374914669265776,4.897435897435898
Буэнос-Айрес,-34.5589,-58.4197,1978-08-01,1978,8,11.6,41.0,2.7828412498724013,2.3472890703137512,0.8657423204677454,1.1781609195402298
Буэнос-Айрес,-34.5589,-58.4197,1978-09-01,1978,9,14.9,113.0,1.82292617001999,1.7271289652755273,1.421579076565995,2.527964205816555
Буэнос-Айрес,-34.5589,-58.4197,1978-10-01,1978,10,17.9,143.0,0.9271400107381564,0.9514936170963338,1.7519890345322793,2.6629422718808193
Буэнос-Айрес,-34.5589,-58.4197,1978-11-01,1978,11,20.1,200.0,1.9475051902492542,1.8054304963340613,2.4087147227233747,3.316749585406302
Буэнос-Айрес,-34.5589,-58.4197,1978-12-01,1978,12,23.2,73.0,1.1875227042646535,1.2481617378461167,1.8060247923839585,1.0488505747126438
Буэнос-Айрес,-34.5589,-58.4197,1979-01-01,1979,1,24.7,15.0,0.10668103696726486,0.14833546033301429,0.6502007153736287,0.20242914979757085
Буэнос-Айрес,-34.5589,-58.4197,1979-02-01,1979,2,24.8,29.0,-2.406336391007178,-2.3496575579726917,0.2879974223373235,0.3897849462365591
Буэнос-Айрес,-34.5589,-58.4197,1979-03-01,1979,3,21.2,78.0,-2.1665760374589356,-2.0528869514549237,-0.349571946519576,1.2264150943396226
Буэнос-Айрес,-34.5589,-58.4197,1979-04-01,1979,4,17.8,63.0,-1.4304445314231036,-1.4752298430411992,-0.9093662448191513,1.1797752808988764
Буэнос-Айрес,-34.5589,-58.4197,1979-05-01,1979,5,14.1,20.0,-0.9045306631782901,-0.9414778598539773,-1.8575296592383401,0.4728132387706856
Буэнос-Айрес,-34.5589,-58.4197,1979-06-01,1979,6,11.2,8.0,-1.183207125698491,-1.2570024413655674,-2.025202295307396,0.23809523809523808
Буэнос-Айрес,-34.5589,-58.4197,1979-07-01,1979,7,12.6,116.0,-0.15714127510824158,-0.15773820820873932,-1.2359869688992913,3.068783068783069
Буэнос-Айрес,-34.5589,-58.4197,1979-08-01,1979,8,14.0,158.0,1.3852887085239292,1.3752777738261035,-0.01919304880470166,3.761904761904762
Буэнос-Айрес,-34.5589,-58.4197,1979-09-01,1979,9,13.6,15.0,1.3787655490813833,1.3583405204241141,-0.010131689605023536,0.36764705882352944
Буэнос-Айрес,-34.5589,-58.4197,1979-10-01,1979,10,17.3,89.0,0.5728059878359768,0.621395840109462,0.2454164668316948,1.7148362235067438
Буэнос-Айрес,-34.5589,-58.4197,1979-11-01,1979,11,19.2,150.0,0.03406197949790668,0.04035190959605249,0.9618878865370744,2.6041666666666665
Буэнос-Айрес,-34.5589,-58.4197,1979-12-01,1979,12,21.9,75.0,0.3171179291881116,0.37038703976119053,1.054762807817003,1.1415525114155252
Буэнос-Айрес,-34.5589,-58.4197,1980-01-01,1980,1,25.2,41.0,-0.12747029828368933,-0.11409400258016325,0.22137841342114162,0.5423280423280423
Буэнос-Айрес,-34.5589,-58.4197,1980-02-01,1980,2,23.3,94.0,-0.7058142681098626,-0.7706155365616195,-0.6512144941626219,1.3447782546494993
Буэнос-Айрес,-34.5589,-58.4197,1980-03-01,1980,3,24.7,141.0,-0.2497034226831934,-0.26304011856400866,-0.0024112372090689844,1.902834008097166
Буэнос-Айрес,-34.5589,-58.4197,1980-04-01,1980,4,19.8,178.0,0.8020688162987946,0.8490972784860253,0.5338679550965474,2.9966329966329965
Буэнос-Айрес,-34.5589,-58.4197,1980-05-01,1980,5,16.4,103.0,0.957806682009184,0.9860100627023562,0.3639874650513309,2.09349593495935
Буэнос-Айрес,-34.5589,-58.4197,1980-06-01,1980,6,11.4,69.0,1.1627226766633874,1.2042972548810653,0.5513029123502561,2.017543859649123
Буэнос-Айрес,-34.5589,-58.4197,1980-07-01,1980,7,10.4,79.0,0.813566494370935,0.889953640353086,0.9761464448897776,2.532051282051282
Буэнос-Айрес,-34.5589,-58.4197,1980-08-01,1980,8,12.7,31.0,0.3130773840508968,0.32174668575164805,0.9409266857389015,0.8136482939632546
Буэнос-Айрес,-34.5589,-58.4197,1980-09-01,1980,9,14.6,57.0,0.06144523307596133,-0.03550614453791109,0.9747719861597015,1.3013698630136987
Буэнос-Айрес,-34.5589,-58.4197,1980-10-01,1980,10,16.9,75.0,-0.6421394139332858,-0.7078088707198187,0.30353710326566596,1.4792899408284026
Буэнос-Айрес,-34.5589,-58.4197,1980-11-01,1980,11,19.2,152.0,0.3538628057145211,0.3843742648973314,0.4640409281459731,2.638888888888889
Буэнос-Айрес,-34.5589,-58.4197,1980-12-01,1980,12,24.3,67.0,0.1323589899787074,0.16438139630224236,0.06076203645980493,0.9190672153635117
Буэнос-Айрес,-34.5589,-58.4197,1981-01-01,1981,1,23.9,196.0,1.275536998103905,1.3045671518882282,0.6001025595383856,2.7336122733612274
Буэнос-Айрес,-34.5589,-58.4197,1981-02-01,1981,2,24.2,72.0,0.4849461182459651,0.598522965375077,0.6266084573266871,0.9917355371900827
Буэнос-Айрес,-34.5589,-58.4197,1981-03-01,1981,3,21.3,102.0,0.45502297903066113,0.5104988761337851,0.436816364657659,1.596244131455399
Буэнос-Айрес,-34.5589,-58.4197,1981-04-01,1981,4,18.6,44.0,-0.751376013316348,-0.8583533960489532,0.2743305870733861,0.7885304659498208
Буэнос-Айрес,-34.5589,-58.4197,1981-05-01,1981,5,17.7,313.0,1.1605508604449781,1.156536559133646,1.051040324587844,5.894538606403013
Буэнос-Айрес,-34.5589,-58.4197,1981-06-01,1981,6,10.8,35.0,1.437741083357922,1.4369420818740306,1.2000917386345522,1.0802469135802468
Буэнос-Айрес,-34.5589,-58.4197,1981-07-01,1981,7,11.0,39.0,1.7042025906458824,1.6175102503330738,0.7112785408583974,1.1818181818181819
Буэнос-Айрес,-34.5589,-58.4197,1981-08-01,1981,8,14.1,5.0,-1.2321427457610583,-1.2761298179452991,0.5865536361128106,0.1182033096926714
Буэнос-Айрес,-34.5589,-58.4197,1981-09-01,1981,9,13.6,63.0,-1.0983799206145417,-1.1837045544078517,0.8630530515999991,1.5441176470588236
Буэнос-Айрес,-34.5589,-58.4197,1981-10-01,1981,10,16.9,56.0,-1.2640413775235544,-1.385197149230623,0.9049960804575675,1.1045364891518739
Буэнос-Айрес,-34.5589,-58.4197,1981-11-01,1981,11,20.2,159.0,0.2911349370079935,0.3177118882848589,-0.45557878850783734,2.623762376237624
Буэнос-Айрес,-34.5589,-58.4197,1981-12-01,1981,12,23.3,80.0,0.14172301970611378,0.17491555336376238,-0.4406950851311873,1.1444921316165952
Буэнос-Айрес,-34.5589,-58.4197,1982-01-01,1982,1,24.0,29.0,-0.10568590523741196,-0.08954924876413456,-0.9127634683876545,0.4027777777777778
Буэнос-Айрес,-34.5589,-58.4197,1982-02-01,1982,2,22.4,163.0,-0.04777100674582634,0.0033169011103066546,0.10402688790946428,2.425595238095238
Буэнос-Айрес,-34.5589,-58.4197,1982-03-01,1982,3,22.6,125.0,0.07881170981784803,0.10485461160669243,0.13520306979100088,1.8436578171091444
Буэнос-Айрес,-34.5589,-58.4197,1982-04-01,1982,4,19.4,67.0,0.43591039799286274,0.4657810199440025,0.2146064558935079,1.1512027491408934
Буэнос-Айрес,-34.5589,-58.4197,1982-05-01,1982,5,16.5,80.0,0.009574731512032754,0.05117901380708043,-0.11056981991779564,1.6161616161616161
Буэнос-Айрес,-34.5589,-58.4197,1982-06-01,1982,6,12.3,100.0,0.4006126514087184,0.45401912568314956,0.19897187054622267,2.710027100271003
Буэнос-Айрес,-34.5589,-58.4197,1982-07-01,1982,7,11.2,67.0,0.7830147253538252,0.8607681414903233,0.6967294847359323,1.994047619047619
Буэнос-Айрес,-34.5589,-58.4197,1982-08-01,1982,8,13.0,32.0,0.5473773976874019,0.5740762475792635,0.1668329638004055,0.8205128205128205
Буэнос-Айрес,-34.5589,-58.4197,1982-09-01,1982,9,15.3,201.0,1.471145931211443,1.4395892840680882,1.149541886080364,4.379084967320262
Буэнос-Айрес,-34.5589,-58.4197,1982-10-01,1982,10,17.4,141.0,1.6204423947454165,1.497737128156507,1.4017730831241937,2.7011494252873565
Буэнос-Айрес,-34.5589,-58.4197,1982-11-01,1982,11,19.3,30.0,1.213212528371988,1.2217161557565004,1.1635975439909019,0.5181347150259067
Буэнос-Айрес,-34.5589,-58.4197,1982-12-01,1982,12,24.5,79.0,-0.29393944185753285,-0.318341732985101,0.7239683741942097,1.0748299319727892
Буэнос-Айрес,-34.5589,-58.4197,1983-01-01,1983,1,25.8,84.0,-1.0071586103673058,-1.0730782778714296,0.519863858229527,1.0852713178294573
Буэнос-Айрес,-34.5589,-58.4197,1983-02-01,1983,2,23.2,66.0,-0.4844835485943745,-0.5127482905104968,0.4988854790316462,0.9482758620689655
Буэнос-Айрес,-34.5589,-58.4197,1983-03-01,1983,3,21.6,46.0,-1.0414614580658355,-1.1127040318495114,-1.022608601175941,0.7098765432098766
Буэнос-Айрес,-34.5589,-58.4197,1983-04-01,1983,4,18.1,54.0,-1.5024351279816723,-1.5306319820878032,-1.6505075011111745,0.994475138121547
Буэнос-Айрес,-34.5589,-58.4197,1983-05-01,1983,5,14.9,40.0,-1.1123537078883483,-1.154864665634265,-1.225943717247414,0.8948545861297539
Буэнос-Айрес,-34.5589,-58.4197,1983-06-01,1983,6,9.8,22.0,-0.8710882056782756,-0.9485930690973953,-1.4132028392424303,
Буэнос-Айрес,-34.5589,-58.4197,1983-07-01,1983,7,10.1,11.0,-1.1549853088312156,-1.2572889664032594,-1.8780872621999176,0.36303630363036304
Буэнос-Айрес,-34.5589,-58.4197,1983-08-01,1983,8,11.6,86.0,-0.5124319546922516,-0.5842833938256881,-1.2720089904177212,2.471264367816092
Буэнос-Айрес,-34.5589,-58.4197,1983-09-01,1983,9,13.6,57.0,-0.13511653399323467,-0.25745499024692786,-0.9589176957729328,1.3970588235294117
Буэнос-Айрес,-34.5589,-58.4197,1983-10-01,1983,10,18.4,130.0,0.6873536688603323,0.7320025090254126,-0.23429412179116532,2.3550724637681157
Буэнос-Айрес,-34.5589,-58.4197,1983-11-01,1983,11,20.5,67.0,0.03406197949790668,0.04035190959605249,-0.30394203058151004,1.089430894308943
Буэнос-Айрес,-34.5589,-58.4197,1983-12-01,1983,12,23.4,145.0,0.5673570920761211,0.6406988515731122,0.3372685583472899,2.0655270655270654
Буэнос-Айрес,-34.5589,-58.4197,1984-01-01,1984,1,25.4,183.0,1.1081056615777634,1.1600626176209627,1.1861366121127594,2.4015748031496065
Буэнос-Айрес,-34.5589,-58.4197,1984-02-01,1984,2,24.3,237.0,1.9033767561967252,1.7836875832008676,1.6865003300397374,3.251028806584362
Буэнос-Айрес,-34.5589,-58.4197,1984-03-01,1984,3,22.0,63.0,1.1345112672243094,1.156089186633921,1.1715479522457812,0.9545454545454546
Буэнос-Айрес,-34.5589,-58.4197,1984-04-01,1984,4,17.1,75.0,0.5679399412282876,0.608033593642487,0.9756255913444328,1.4619883040935673
Буэнос-Айрес,-34.5589,-58.4197,1984-05-01,1984,5,13.8,46.0,-0.6924181741237597,-0.7162629680992767,0.8826662730727352,1.1111111111111112
Буэнос-Айрес,-34.5589,-58.4197,1984-06-01,1984,6,9.8,64.0,-0.14323186224760154,-0.15226514995926202,0.7698883848464934,
Буэнос-Айрес,-34.5589,-58.4197,1984-07-01,1984,7,9.7,52.0,0.035008981294627706,0.06432483624339029,0.35309585751532196,
Буэнос-Айрес,-34.5589,-58.4197,1984-08-01,1984,8,10.9,10.0,-0.40379043282896515,-0.4686648231558718,-0.9319820377804852,0.3058103975535168
Буэнос-Айрес,-34.5589,-58.4197,1984-09-01,1984,9,14.1,42.0,-1.1847127593243854,-1.2488150957111324,-0.792470904348887,0.9929078014184397
Буэнос-Айрес,-34.5589,-58.4197,1984-10-01,1984,10,18.8,174.0,0.17400479692914272,0.2094962185560653,0.10958853715338722,3.0851063829787235
Буэнос-Айрес,-34.5589,-58.4197,1984-11-01,1984,11,19.0,52.0,0.18524656656013042,0.20413125633644624,-0.11080649917499445,0.9122807017543859
Буэнос-Айрес,-34.5589,-58.4197,1984-12-01,1984,12,21.4,70.0,0.15107347579927896,0.1854262814662326,-0.45822772081779806,1.0903426791277258
Буэнос-Айрес,-34.5589,-58.4197,1985-01-01,1985,1,24.3,87.0,-0.7981663718972558,-0.8558660512041546,-0.550139218275818,1.1934156378600822
Буэнос-Айрес,-34.5589,-58.4197,1985-02-01,1985,2,24.0,72.0,-0.4844835485943745,-0.5127482905104968,-0.3515359627500624,1.0
Буэнос-Айрес,-34.5589,-58.4197,1985-03-01,1985,3,21.3,89.0,-0.4992897069875758,-0.5414669738768757,-0.3080620824381796,1.3928012519561814
Буэнос-Айрес,-34.5589,-58.4197,1985-04-01,1985,4,17.5,140.0,0.04004006233435226,0.020188536951336815,-0.532818575704136,2.6666666666666665
Буэнос-Айрес,-34.5589,-58.4197,1985-05-01,1985,5,15.1,389.0,1.9388776201565099,1.7181043444983524,1.2304810499914147,8.58719646799117
Буэнос-Айрес,-34.5589,-58.4197,1985-06-01,1985,6,12.8,49.0,2.4924116592823036,2.1681772919518503,1.4509185995196683,1.2760416666666667
Буэнос-Айрес,-34.5589,-58.4197,1985-07-01,1985,7,11.8,92.0,2.4446626039477763,2.0729848991338375,1.5511078798997888,2.598870056497175
Буэнос-Айрес,-34.5589,-58.4197,1985-08-01,1985,8,12.4,17.0,0.04812093175273475,0.028703997397848544,1.7246743319159346,0.45698924731182794
Буэнос-Айрес,-34.5589,-58.4197,1985-09-01,1985,9,14.4,56.0,0.03240059847653767,-0.06860574281878834,2.016333753457958,1.2962962962962963
Буэнос-Айрес,-34.5589,-58.4197,1985-10-01,1985,10,17.2,173.0,0.4003720961987811,0.44814360524788555,1.8945418097630764,3.352713178294574
Буэнос-Айрес,-34.5589,-58.4197,1985-11-01,1985,11,21.1,216.0,1.8553318512285824,1.7383660098917428,1.3301199149380998,3.4123222748815167
Буэнос-Айрес,-34.5589,-58.4197,1985-12-01,1985,12,22.8,68.0,1.5090312390226712,1.524650719180515,1.16229905209833,0.9941520467836257
Буэнос-Айрес,-34.5589,-58.4197,1986-01-01,1986,1,24.4,98.0,0.9964056108940049,1.0595459452571971,0.9411375143978657,1.3387978142076502
Буэнос-Айрес,-34.5589,-58.4197,1986-02-01,1986,2,24.1,26.0,-0.937718319442069,-1.0317491148804423,0.7481984330401306,0.359612724757953
Буэнос-Айрес,-34.5589,-58.4197,1986-03-01,1986,3,20.4,75.0,-1.0065570745603547,-1.0779238128174478,0.392602948986401,1.2254901960784315
Буэнос-Айрес,-34.5589,-58.4197,1986-04-01,1986,4,19.1,162.0,-0.285577126691224,-0.35243544713197406,0.344451847925521,2.8272251308900525
Буэнос-Айрес,-34.5589,-58.4197,1986-05-01,1986,5,14.7,102.0,0.4624572585974276,0.5236123400518182,-0.18660321313961,2.312925170068027
Буэнос-Айрес,-34.5589,-58.4197,1986-06-01,1986,6,13.6,52.0,0.9265126338161188,0.9881973555964406,-0.10118530761471052,1.2745098039215685
Буэнос-Айрес,-34.5589,-58.4197,1986-07-01,1986,7,12.4,36.0,0.3061194263763564,0.3689817418028532,-0.17616755819822827,0.967741935483871
Буэнос-Айрес,-34.5589,-58.4197,1986-08-01,1986,8,12.3,156.0,1.0243425849307384,1.0521010748441526,0.8438867067935736,4.227642276422764
Буэнос-Айрес,-34.5589,-58.4197,1986-09-01,1986,9,15.0,61.0,1.0543154982093768,1.0530920864172588,1.2691620757110316,1.3555555555555556
Буэнос-Айрес,-34.5589,-58.4197,1986-10-01,1986,10,17.5,185.0,1.8495724067787918,1.6526288638158195,1.2858355239263424,3.5238095238095237
Буэнос-Айрес,-34.5589,-58.4197,1986-11-01,1986,11,20.0,174.0,1.6416021301800408,1.5763394245183782,1.6077624637021586,2.9
Буэнос-Айрес,-34.5589,-58.4197,1986-12-01,1986,12,23.2,48.0,1.114978134579124,1.182176578068284,1.3615874077851693,0.6896551724137931
Буэнос-Айрес,-34.5589,-58.4197,1987-01-01,1987,1,25.1,50.0,-0.062425603648260726,-0.04085433250342603,1.2208483967248749,0.6640106241699867
Буэнос-Айрес,-34.5589,-58.4197,1987-02-01,1987,2,24.6,139.0,-0.397187891532025,-0.409631614232572,0.876269422181009,1.8834688346883468
Буэнос-Айрес,-34.5589,-58.4197,1987-03-01,1987,3,22.2,166.0,0.3531880050049943,0.4033726075888736,0.9167095370835584,2.4924924924924925
Буэнос-Айрес,-34.5589,-58.4197,1987-04-01,1987,4,19.0,61.0,0.5093556976573503,0.5454261707421988,0.3037539617360682,1.0701754385964912
Буэнос-Айрес,-34.5589,-58.4197,1987-05-01,1987,5,12.5,17.0,-0.1981657765807789,-0.17542048502918678,-0.4913221273247014,0.4533333333333333
Буэнос-Айрес,-34.5589,-58.4197,1987-06-01,1987,6,12.1,4.0,-1.304325882654995,-1.3698078848885047,-0.6036806804340219,0.11019283746556474
Буэнос-Айрес,-34.5589,-58.4197,1987-07-01,1987,7,12.8,86.0,-0.6143696221168699,-0.6843580764494183,-0.04141968185669251,2.2395833333333335
Буэнос-Айрес,-34.5589,-58.4197,1987-08-01,1987,8,11.7,57.0,-0.0998642041315925,-0.13585070908174535,-0.3746859068612051,1.623931623931624
Буэнос-Айрес,-34.5589,-58.4197,1987-09-01,1987,9,13.3,43.0,0.3194011538644644,0.2598295346895823,-0.9764051190325527,1.0776942355889725
Буэнос-Айрес,-34.5589,-58.4197,1987-10-01,1987,10,17.2,117.0,0.06775661749252758,0.09374587721477108,-0.4287302301078801,2.2674418604651163
Буэнос-Айрес,-34.5589,-58.4197,1987-11-01,1987,11,20.9,120.0,0.31211020346257606,0.3400599798890776,0.17646321416335645,1.9138755980861244
Буэнос-Айрес,-34.5589,-58.4197,1987-12-01,1987,12,21.9,112.0,0.6284791728767924,0.7047759302642261,0.6216378637921595,1.704718417047184
Буэнос-Айрес,-34.5589,-58.4197,1988-01-01,1988,1,24.4,59.0,0.13771901720969473,0.182760518975224,0.060871149673085344,0.8060109289617486
Буэнос-Айрес,-34.5589,-58.4197,1988-02-01,1988,2,22.5,92.0,-0.13314374882711708,-0.09695787435249509,0.04622907544844186,1.362962962962963
Буэнос-Айрес,-34.5589,-58.4197,1988-03-01,1988,3,22.8,586.0,2.3192519532346973,1.9967359799209337,1.92753324549266,8.567251461988304
Буэнос-Айрес,-34.5589,-58.4197,1988-04-01,1988,4,16.5,21.0,2.150806652118639,1.9335588052496768,1.7384095616587318,0.42424242424242425
Буэнос-Айрес,-34.5589,-58.4197,1988-05-01,1988,5,12.4,0.0,1.8890599913925963,1.6861187432894074,1.3026535464772815,0.0
Буэнос-Айрес,-34.5589,-58.4197,1988-06-01,1988,6,10.5,4.0,-2.2340784979742265,-2.1089607027114616,1.2000917386345522,0.12698412698412698
Буэнос-Айрес,-34.5589,-58.4197,1988-07-01,1988,7,10.1,21.0,-2.5045560081237808,-2.27296857774801,1.2086591525166188,0.693069306930693
Буэнос-Айрес,-34.5589,-58.4197,1988-08-01,1988,8,12.9,21.0,-2.042272812572308,-1.8759665282109292,1.2027256924712608,0.5426356589147286
Буэнос-Айрес,-34.5589,-58.4197,1988-09-01,1988,9,13.8,45.0,-1.8179677237835592,-1.6319162092601809,-2.2926949929591967,1.0869565217391304
Буэнос-Айрес,-34.5589,-58.4197,1988-10-01,1988,10,16.0,133.0,-0.1539823450267843,-0.1535096189522315,-1.4122383269012295,2.7708333333333335
Буэнос-Айрес,-34.5589,-58.4197,1988-11-01,1988,11,20.7,133.0,0.6290903506023947,0.6694960830149383,-0.45557878850783734,2.14170692431562
Буэнос-Айрес,-34.5589,-58.4197,1988-12-01,1988,12,23.9,40.0,0.24384268285250996,0.2891994131747059,-0.519766116298952,0.5578800557880056
Буэнос-Айрес,-34.5589,-58.4197,1989-01-01,1989,1,25.7,16.0,-1.0611287233970588,-1.1276491407143032,-0.9461272614547009,0.20752269779507135
Буэнос-Айрес,-34.5589,-58.4197,1989-02-01,1989,2,24.8,54.0,-2.6461944419624093,-2.5059733393887185,-1.050338460768397,0.7258064516129032
Буэнос-Айрес,-34.5589,-58.4197,1989-03-01,1989,3,21.7,114.0,-1.1867957701898812,-1.2540689663994171,-0.693166886154357,1.7511520737327189
Буэнос-Айрес,-34.5589,-58.4197,1989-04-01,1989,4,19.0,215.0,0.6189443209858928,0.6618293937628398,-0.1074535714803505,3.7719298245614037
Буэнос-Айрес,-34.5589,-58.4197,1989-05-01,1989,5,15.1,8.0,0.44971054856269477,0.5108895716077014,-0.7080365258202566,0.17660044150110377
Буэнос-Айрес,-34.5589,-58.4197,1989-06-01,1989,6,12.7,49.0,0.5993076281254385,0.6638894268936737,-0.47967849083031,1.2860892388451444
Буэнос-Айрес,-34.5589,-58.4197,1989-07-01,1989,7,10.7,35.0,-0.8336931505487742,-0.9260145692005386,-0.028237828492219542,1.0903426791277258
Буэнос-Айрес,-34.5589,-58.4197,1989-08-01,1989,8,14.1,203.0,1.4304534432103324,1.413335104165956,1.060063810982585,4.799054373522458
Буэнос-Айрес,-34.5589,-58.4197,1989-09-01,1989,9,13.8,24.0,1.1389515133042978,1.1357204576241253,1.0755136365795115,0.5797101449275363
Буэнос-Айрес,-34.5589,-58.4197,1989-10-01,1989,10,16.6,45.0,0.6770673295073477,0.7222206241687136,-0.08237451094520434,0.9036144578313252
Буэнос-Айрес,-34.5589,-58.4197,1989-11-01,1989,11,20.0,89.0,-1.1146731924368858,-1.1511105901384289,0.3237589623410679,1.4833333333333334
Буэнос-Айрес,-34.5589,-58.4197,1989-12-01,1989,12,24.8,148.0,0.018912678411684567,0.03622872797336512,0.6835078330245891,1.989247311827957
Буэнос-Айрес,-34.5589,-58.4197,1990-01-01,1990,1,25.5,207.0,1.5095747894859781,1.4946180478513498,1.4500059814851327,2.7058823529411766
Буэнос-Айрес,-34.5589,-58.4197,1990-02-01,1990,2,23.2,203.0,1.8675090292953396,1.7603509934387722,1.214079106583473,2.9166666666666665
Буэнос-Айрес,-34.5589,-58.4197,1990-03-01,1990,3,20.5,110.0,1.3310094130485057,1.3188573719839884,1.0828124651380875,1.7886178861788617
Буэнос-Айрес,-34.5589,-58.4197,1990-04-01,1990,4,17.6,203.0,1.3546389315502736,1.353889906219828,1.653542759139686,3.8446969696969697
Буэнос-Айрес,-34.5589,-58.4197,1990-05-01,1990,5,14.1,49.0,0.6060742118950899,0.6642243067113534,1.4489754075197543,1.1583924349881796
Буэнос-Айрес,-34.5589,-58.4197,1990-06-01,1990,6,11.1,7.0,0.4972595164869946,0.5572026341394033,1.2697804213548114,0.21021021021021022
Буэнос-Айрес,-34.5589,-58.4197,1990-07-01,1990,7,10.7,32.0,-0.8967345188335017,-0.9933349084686282,0.7064411069132452,0.9968847352024922
Буэнос-Айрес,-34.5589,-58.4197,1990-08-01,1990,8,14.2,24.0,-1.589123672853882,-1.5636924577396192,-0.14113506842882195,0.5633802816901409
Буэнос-Айрес,-34.5589,-58.4197,1990-09-01,1990,9,13.6,81.0,-0.4259239121475029,-0.5712172538425221,0.12000199984800383,1.9852941176470589
Буэнос-Айрес,-34.5589,-58.4197,1990-10-01,1990,10,19.0,105.0,-0.01694560807947717,7.896798725225612e-05,-0.669895999359984,1.8421052631578947
Буэнос-Айрес,-34.5589,-58.4197,1990-11-01,1990,11,21.8,237.0,1.6675714041909395,1.5965302717841052,0.63299242000613,3.623853211009174
Буэнос-Айрес,-34.5589,-58.4197,1990-12-01,1990,12,21.7,96.0,1.3618141145599871,1.4012179180684536,0.8858614886481107,1.4746543778801844
Буэнос-Айрес,-34.5589,-58.4197,1991-01-01,1991,1,23.5,134.0,1.6884927831825416,1.6310705946263497,1.238012322830807,1.900709219858156
Буэнос-Айрес,-34.5589,-58.4197,1991-02-01,1991,2,22.6,75.0,0.24383680476766,0.3372948977784089,1.2761239266205757,1.1061946902654867
Буэнос-Айрес,-34.5589,-58.4197,1991-03-01,1991,3,22.9,32.0,-0.56563163966373,-0.6143738542791498,0.5175870917414023,0.4657933042212518
Буэнос-Айрес,-34.5589,-58.4197,1991-04-01,1991,4,18.1,103.0,-0.8474889700884888,-0.9554995742543264,0.5231047707898121,1.8968692449355433
Буэнос-Айрес,-34.5589,-58.4197,1991-05-01,1991,5,16.4,41.0,-0.7645311249337408,-0.7935612987988321,-0.4913221273247014,0.8333333333333335
Буэнос-Айрес,-34.5589,-58.4197,1991-06-01,1991,6,11.6,105.0,0.41689065938949127,0.47153466754433493,-0.25988898589592835,3.0172413793103448
Буэнос-Айрес,-34.5589,-58.4197,1991-07-01,1991,7,10.8,84.0,0.6493498867494674,0.7296617297927266,-0.2665348981298702,2.5925925925925926
Буэнос-Айрес,-34.5589,-58.4197,1991-08-01,1991,8,13.0,53.0,1.004391494309303,1.0332397697359303,-0.18893827603560256,1.358974358974359
Буэнос-Айрес,-34.5589,-58.4197,1991-09-01,1991,9,16.0,71.0,0.5854628439910778,0.5598769695072414,0.5813131302382442,1.4791666666666667
Буэнос-Айрес,-34.5589,-58.4197,1991-10-01,1991,10,16.2,109.0,0.2546996799738785,0.2959059236912026,0.6301762791229892,2.242798353909465
Буэнос-Айрес,-34.5589,-58.4197,1991-11-01,1991,11,19.3,62.0,-0.09840275377484267,-0.10385157331102057,0.6187563469333218,1.0708117443868739
Буэнос-Айрес,-34.5589,-58.4197,1991-12-01,1991,12,22.8,274.0,1.4163987672636176,1.4475955796674518,1.3263722548973649,4.005847953216374
Буэнос-Айрес,-34.5589,-58.4197,1992-01-01,1992,1,23.7,258.6,2.5933743344552145,2.223017620881474,1.959591597966676,3.6371308016877637
Буэнос-Айрес,-34.5589,-58.4197,1992-02-01,1992,2,24.1,243.2,2.8605968625979648,2.3183691916436997,2.328730185347679,3.363762102351314
Буэнос-Айрес,-34.5589,-58.4197,1992-03-01,1992,3,23.0,131.68817317304965,1.8773903800805885,1.7198406287260055,1.9105750232686065,1.9085242488847776
Буэнос-Айрес,-34.5589,-58.4197,1992-04-01,1992,4,17.8,70.65082513648726,0.9880059477307118,1.0292089294126188,1.8701832146383777,1.323049159859312
Буэнос-Айрес,-34.5589,-58.4197,1992-05-01,1992,5,14.4,197.0,0.8285521251316115,0.871586134279197,2.027344895254675,4.560185185185185
Буэнос-Айрес,-34.5589,-58.4197,1992-06-01,1992,6,13.1,93.0,1.2341114805649926,1.2666125382426967,1.9855356962028075,2.366412213740458
Буэнос-Айрес,-34.5589,-58.4197,1992-07-01,1992,7,8.8,85.5,1.637612741291411,1.570700128124636,1.5224832567965296,
Буэнос-Айрес,-34.5589,-58.4197,1992-08-01,1992,8,12.3,78.0,1.1467541639716583,1.1655355224232116,1.2162523560316023,2.113821138211382
Буэнос-Айрес,-34.5589,-58.4197,1992-09-01,1992,9,14.5,42.0,0.5566884835956252,0.5279345772040029,1.2540582537972909,0.9655172413793104
Буэнос-Айрес,-34.5589,-58.4197,1992-10-01,1992,10,18.0,97.0,0.06775661749252758,0.09374587721477108,1.2879153342407887,1.7962962962962963
Буэнос-Айрес,-34.5589,-58.4197,1992-11-01,1992,11,18.3,42.0,-0.8189232509076546,-0.8647091802338452,0.26322794968193985,0.7650273224043715
Буэнос-Айрес,-34.5589,-58.4197,1992-12-01,1992,12,22.8,101.0,-0.3950211180220411,-0.43179254385353083,-0.06732559839239068,1.476608187134503
Буэнос-Айрес,-34.5589,-58.4197,1993-01-01,1993,1,25.4,112.0,-0.24918934868448714,-0.2513079781137272,-0.23724140902618887,1.4698162729658792
Буэнос-Айрес,-34.5589,-58.4197,1993-02-01,1993,2,22.7,119.0,0.4617138901259468,0.5740622561035952,-0.21000128345701302,1.7474302496328928
Буэнос-Айрес,-34.5589,-58.4197,1993-03-01,1993,3,23.1,73.0,-0.02126045039301707,-0.006588127127897569,-0.3080620824381796,1.0533910533910533
Буэнос-Айрес,-34.5589,-58.4197,1993-04-01,1993,4,18.7,177.0,0.5290298218280717,0.5665459562675172,0.22063121466896968,3.1550802139037435
Буэнос-Айрес,-34.5589,-58.4197,1993-05-01,1993,5,14.4,83.0,0.42408782401768463,0.4851996583538789,0.5230078486244658,1.9212962962962963
Буэнос-Айрес,-34.5589,-58.4197,1993-06-01,1993,6,11.9,121.0,1.3673491353551246,1.379282773327921,0.8536256081020447,3.3893557422969187
Буэнос-Айрес,-34.5589,-58.4197,1993-07-01,1993,7,10.0,25.0,0.6412838268230392,0.7215739683560399,0.6771583900924127,
Буэнос-Айрес,-34.5589,-58.4197,1993-08-01,1993,8,12.4,38.0,0.3731688544179942,0.3872796335395484,0.4594271574324192,1.021505376344086
Буэнос-Айрес,-34.5589,-58.4197,1993-09-01,1993,9,13.7,33.0,-1.4448999060852945,-1.4259763704611577,0.7192028729757022,0.8029197080291971
Буэнос-Айрес,-34.5589,-58.4197,1993-10-01,1993,10,17.6,155.0,0.17400479692914272,0.2094962185560653,0.5801910633603532,2.9356060606060606
Буэнос-Айрес,-34.5589,-58.4197,1993-11-01,1993,11,19.7,216.0,1.5015540336070796,1.4649497992590408,1.254047323315051,3.6548223350253806
Буэнос-Айрес,-34.5589,-58.4197,1993-12-01,1993,12,22.0,147.0,1.9628187330378224,1.8741866936591016,1.1176933332112249,2.227272727272727
Буэнос-Айрес,-34.5589,-58.4197,1994-01-01,1994,1,23.0,40.0,1.1757016049374738,1.2192838779505526,0.9475589843322908,0.5797101449275363
Буэнос-Айрес,-34.5589,-58.4197,1994-02-01,1994,2,23.5,56.0,-0.3337217391700939,-0.3344271273390539,0.8131436205696148,0.7943262411347518
Буэнос-Айрес,-34.5589,-58.4197,1994-03-01,1994,3,21.6,238.0,0.20468473863800343,0.24334508035678384,1.2699584655979392,3.6728395061728394
Буэнос-Айрес,-34.5589,-58.4197,1994-04-01,1994,4,17.5,168.0,1.077715907120623,1.1123753330821216,1.3489920380407678,3.2
Буэнос-Айрес,-34.5589,-58.4197,1994-05-01,1994,5,16.4,50.0,1.1444705396789998,1.143405528209813,0.6761518530650952,1.016260162601626
Буэнос-Айрес,-34.5589,-58.4197,1994-06-01,1994,6,13.3,49.0,0.5603732006318274,0.6234737492904243,0.4133407897306065,1.2280701754385965
Буэнос-Айрес,-34.5589,-58.4197,1994-07-01,1994,7,11.1,65.0,0.05541238718277753,0.08768740367304254,0.810091069980719,1.951951951951952
Буэнос-Айрес,-34.5589,-58.4197,1994-08-01,1994,8,12.6,21.0,-0.26976999131315477,-0.3232631614616072,0.8874312818757134,0.5555555555555556
Буэнос-Айрес,-34.5589,-58.4197,1994-09-01,1994,9,15.3,17.0,-1.2146831225959036,-1.2706762185994402,-0.0930565530188225,0.37037037037037035
Буэнос-Айрес,-34.5589,-58.4197,1994-10-01,1994,10,17.3,95.0,-1.1095350550403102,-1.2223902091766212,-0.679398881902535,1.8304431599229287
Буэнос-Айрес,-34.5589,-58.4197,1994-11-01,1994,11,21.5,20.0,-1.4684144467332216,-1.468076143297981,-1.35066425621703,0.31007751937984496
Буэнос-Айрес,-34.5589,-58.4197,1994-12-01,1994,12,24.8,111.0,-0.5394052883704029,-0.5916951227816425,-1.0876234518003518,1.4919354838709677
Буэнос-Айрес,-34.5589,-58.4197,1995-01-01,1995,1,24.0,58.0,-1.0611287233970588,-1.1276491407143032,-1.4812553958664108,0.8055555555555556
Буэнос-Айрес,-34.5589,-58.4197,1995-02-01,1995,2,22.6,54.0,-0.5521239408936846,-0.5922126650890441,-1.6652441625886465,0.7964601769911505
Буэнос-Айрес,-34.5589,-58.4197,1995-03-01,1995,3,21.9,120.0,-0.6535845571465358,-0.7099814324493702,-0.9316393616689292,1.82648401826484
Буэнос-Айрес,-34.5589,-58.4197,1995-04-01,1995,4,17.9,242.0,0.8197299482438335,0.8666489195664915,0.10420144080489323,4.506517690875233
Буэнос-Айрес,-34.5589,-58.4197,1995-05-01,1995,5,15.1,23.0,0.7445822455211106,0.7948563765599876,0.24178700257351118,0.5077262693156733
Буэнос-Айрес,-34.5589,-58.4197,1995-06-01,1995,6,11.3,30.0,0.7736419071827154,0.8402023606829097,-0.026196740857348626,0.8849557522123894
Буэнос-Айрес,-34.5589,-58.4197,1995-07-01,1995,7,11.0,22.0,-1.1182731228449359,-1.2209968310025099,0.0752582933026962,0.6666666666666666
Буэнос-Айрес,-34.5589,-58.4197,1995-08-01,1995,8,11.5,11.0,-1.589123672853882,-1.5636924577396192,0.014384784386159736,0.3188405797101449
Буэнос-Айрес,-34.5589,-58.4197,1995-09-01,1995,9,15.0,45.0,-2.3766757569043317,-1.8460406545989103,-0.06806000428477506,1.0
Буэнос-Айрес,-34.5589,-58.4197,1995-10-01,1995,10,17.1,79.0,-1.0762058024574834,-1.1867425917566654,-1.5612113626559652,1.5399610136452242
Буэнос-Айрес,-34.5589,-58.4197,1995-11-01,1995,11,21.0,113.0,-0.154417537400839,-0.16481120878616184,-1.0172190247840296,1.7936507936507937
Буэнос-Айрес,-34.5589,-58.4197,1995-12-01,1995,12,23.7,28.0,-0.6023553690079444,-0.6604115543759459,-1.3608619120267886,0.39381153305203936
Буэнос-Айрес,-34.5589,-58.4197,1996-01-01,1996,1,24.2,46.0,-1.088388504056212,-1.1549646592352851,-1.4812553958664108,0.6336088154269972
Буэнос-Айрес,-34.5589,-58.4197,1996-02-01,1996,2,23.4,124.0,-0.8576450612618167,-0.9428667803300044,-0.919853278527946,1.7663817663817665
Буэнос-Айрес,-34.5589,-58.4197,1996-03-01,1996,3,22.9,31.0,-0.9835818328525822,-1.0548602449561826,-1.2144436798711502,0.4512372634643377
Буэнос-Айрес,-34.5589,-58.4197,1996-04-01,1996,4,18.8,116.0,-0.21288127660408418,-0.26980078091525983,-0.9093662448191513,2.0567375886524824
Буэнос-Айрес,-34.5589,-58.4197,1996-05-01,1996,5,15.7,5.0,-0.9917936805090781,-1.0320407326545735,-1.3554458244902452,0.10615711252653928
Буэнос-Айрес,-34.5589,-58.4197,1996-06-01,1996,6,10.5,8.0,-0.7207348539016293,-0.7915019095426722,-1.2987692283477843,0.25396825396825395
Буэнос-Айрес,-34.5589,-58.4197,1996-07-01,1996,7,10.1,16.0,-2.323059132363679,-2.1731843661741435,-1.3521923989688887,0.528052805280528
Буэнос-Айрес,-34.5589,-58.4197,1996-08-01,1996,8,14.5,40.0,-1.5651495576795784,-1.5455552715551324,-1.548243516761771,0.9195402298850575
Буэнос-Айрес,-34.5589,-58.4197,1996-09-01,1996,9,13.8,113.0,0.0900941679553112,-0.002790098346203983,-0.7135573367761475,2.7294685990338166
Буэнос-Айрес,-34.5589,-58.4197,1996-10-01,1996,10,18.3,71.0,0.1506426275317979,0.18422793266082468,-1.112318509851232,1.2932604735883424
Буэнос-Айрес,-34.5589,-58.4197,1996-11-01,1996,11,21.4,135.0,0.7085417677223327,0.7491350812990237,-0.21106932473656653,2.102803738317757
Буэнос-Айрес,-34.5589,-58.4197,1996-12-01,1996,12,24.0,80.0,0.05695180692974666,0.07929211930435359,0.01155186714927049,1.1111111111111112
Буэнос-Айрес,-34.5589,-58.4197,1997-01-01,1997,1,25.9,134.0,0.7016800692545112,0.7783751409854115,0.5638576671557705,1.7245817245817245
Буэнос-Айрес,-34.5589,-58.4197,1997-02-01,1997,2,22.7,68.0,0.04395197964325625,0.11002453183983397,0.4988854790316462,0.9985315712187959
Буэнос-Айрес,-34.5589,-58.4197,1997-03-01,1997,3,22.0,136.0,0.23354009824631217,0.27475529592660386,0.20778533006734445,2.0606060606060606
Буэнос-Айрес,-34.5589,-58.4197,1997-04-01,1997,4,19.4,75.0,-0.14256245320958116,-0.18940156436976577,0.24461418438530336,1.288659793814433
Буэнос-Айрес,-34.5589,-58.4197,1997-05-01,1997,5,16.5,118.0,0.3982900978310163,0.45918113420708867,0.2573641277108534,2.3838383838383836
Буэнос-Айрес,-34.5589,-58.4197,1997-06-01,1997,6,12.3,63.0,0.47332460820093314,0.5318347672387502,0.3736919230707291,1.7073170731707317
Буэнос-Айрес,-34.5589,-58.4197,1997-07-01,1997,7,13.0,41.0,0.5841467593797033,0.6637204338276874,0.13815618003721175,1.0512820512820513
Буэнос-Айрес,-34.5589,-58.4197,1997-08-01,1997,8,14.0,97.0,0.5699613249293309,0.5978864246299656,0.5386363648577096,2.3095238095238093
Буэнос-Айрес,-34.5589,-58.4197,1997-09-01,1997,9,14.6,19.0,-0.08804026776716592,-0.2048177817226506,0.25441472218278083,0.4337899543378995
Буэнос-Айрес,-34.5589,-58.4197,1997-10-01,1997,10,17.1,107.0,0.1389091266125767,0.1714966767981262,0.5159170186135393,2.085769980506823
Буэнос-Айрес,-34.5589,-58.4197,1997-11-01,1997,11,19.9,111.0,-0.154417537400839,-0.16481120878616184,0.26730105076507416,1.8592964824120604
Буэнос-Айрес,-34.5589,-58.4197,1997-12-01,1997,12,21.5,127.5,0.5979874160086505,0.6729149420019481,0.38647090431962305,1.9767441860465116
Буэнос-Айрес,-34.5589,-58.4197,1998-01-01,1998,1,22.9,144.0,1.0007455312569395,1.0635135158197946,0.7925238016305255,2.096069868995633
Буэнос-Айрес,-34.5589,-58.4197,1998-02-01,1998,2,21.9,112.0,0.8378149057327401,0.9495200454957833,0.6369739993530849,1.704718417047184
Буэнос-Айрес,-34.5589,-58.4197,1998-03-01,1998,3,21.0,95.0,0.32545572011478074,0.3738105794831139,0.6083563680796111,1.507936507936508
Буэнос-Айрес,-34.5589,-58.4197,1998-04-01,1998,4,18.3,69.0,-0.16866616443785895,-0.21928907937573536,0.42130224995369436,1.2568306010928962
Буэнос-Айрес,-34.5589,-58.4197,1998-05-01,1998,5,15.6,43.0,-0.4939195723152423,-0.5005322378386338,0.14921147555345626,0.9188034188034188
Буэнос-Айрес,-34.5589,-58.4197,1998-06-01,1998,6,12.4,17.0,-0.7207348539016293,-0.7915019095426722,-0.32414610564785556,0.45698924731182794
Буэнос-Айрес,-34.5589,-58.4197,1998-07-01,1998,7,13.3,46.0,-0.6282457528432673,-0.699949529887944,-0.6938715326722427,1.1528822055137844
Буэнос-Айрес,-34.5589,-58.4197,1998-08-01,1998,8,13.2,18.0,-1.1910179832882515,-1.240568679185654,-1.0801689032679922,0.45454545454545453
Буэнос-Айрес,-34.5589,-58.4197,1998-09-01,1998,9,14.1,67.0,-0.5405417385714752,-0.6879611757351238,-1.046256760679238,1.5839243498817968
Буэнос-Айрес,-34.5589,-58.4197,1998-10-01,1998,10,18.5,55.0,-0.9943706836972771,-1.098453845158055,-1.1836791700052145,0.990990990990991
Буэнос-Айрес,-34.5589,-58.4197,1998-11-01,1998,11,20.2,63.0,-0.7689720523050911,-0.8145118033723415,-1.3608179449012914,1.0396039603960396
Буэнос-Айрес,-34.5589,-58.4197,1998-12-01,1998,12,22.7,163.0,0.009367351294461897,0.02541162483401884,-0.35341876511960363,2.393538913362702
Буэнос-Айрес,-34.5589,-58.4197,1999-01-01,1999,1,22.3,205.0,1.4058800498302615,1.4120824989056768,0.5492533093679026,3.0642750373692076
Буэнос-Айрес,-34.5589,-58.4197,1999-02-01,1999,2,23.1,162.0,1.7206489994302552,1.6618030029994206,1.2088137383048032,2.3376623376623376
Буэнос-Айрес,-34.5589,-58.4197,1999-03-01,1999,3,22.7,154.0,1.336177549171084,1.3229977388433705,1.0828124651380875,2.2613803230543317
Буэнос-Айрес,-34.5589,-58.4197,1999-04-01,1999,4,16.6,27.0,0.3533001964450802,0.37480223489043096,0.9930123048005791,0.5421686746987951
Буэнос-Айрес,-34.5589,-58.4197,1999-05-01,1999,5,14.7,42.0,-0.3627572781193443,-0.3564835812622961,0.8982769336012979,0.9523809523809523
Буэнос-Айрес,-34.5589,-58.4197,1999-06-01,1999,6,11.6,15.0,-1.27695892501679,-1.3446620988134654,0.43579974273518735,0.43103448275862066
Буэнос-Айрес,-34.5589,-58.4197,1999-07-01,1999,7,11.3,103.0,0.01442793264989895,0.040704988380100636,0.1505695331952277,3.03834808259587
Буэнос-Айрес,-34.5589,-58.4197,1999-08-01,1999,8,13.0,63.0,0.337242046430847,0.34815708184133676,-0.28503309473678035,1.6153846153846154
Буэнос-Айрес,-34.5589,-58.4197,1999-09-01,1999,9,15.3,65.0,0.8356404128552571,0.8300957423093618,-0.5647633822372035,1.4161220043572984
Буэнос-Айрес,-34.5589,-58.4197,1999-10-01,1999,10,17.5,30.0,-0.7156286824246977,-0.790506151632965,-0.4833369501431922,0.5714285714285714
Буэнос-Айрес,-34.5589,-58.4197,1999-11-01,1999,11,20.0,43.0,-1.3847898784707129,-1.395675997728473,-0.8272677062651929,0.7166666666666667
Буэнос-Айрес,-34.5589,-58.4197,1999-12-01,1999,12,23.1,56.0,-1.6518135420586701,-1.6787663700608093,-0.8122353178349898,0.8080808080808081
Буэнос-Айрес,-34.5589,-58.4197,2000-01-01,2000,1,24.9,87.0,-1.102088485174316,-1.168629295542098,-1.306429797807731,1.1646586345381527
Буэнос-Айрес,-34.5589,-58.4197,2000-02-01,2000,2,24.0,63.0,-0.7552763711960996,-0.8272223175788308,-1.7674074501769774,0.875
Буэнос-Айрес,-34.5589,-58.4197,2000-03-01,2000,3,21.5,52.0,-0.9721802766835388,-1.0433653492236084,-1.9299296268484372,0.8062015503875969
Буэнос-Айрес,-34.5589,-58.4197,2000-04-01,2000,4,18.8,181.0,-0.00018285982920845722,-0.025970622387325837,-0.7339274127489928,3.2092198581560285
Буэнос-Айрес,-34.5589,-58.4197,2000-05-01,2000,5,14.5,322.0,1.6461817672466,1.5229384804650588,0.929111339551322,7.402298850574713
Буэнос-Айрес,-34.5589,-58.4197,2000-06-01,2000,6,13.1,129.0,2.7615579582906746,2.322284293428747,1.4801644510300271,3.282442748091603
Буэнос-Айрес,-34.5589,-58.4197,2000-07-01,2000,7,9.1,44.0,2.2762333468769134,1.978801168297136,1.432423387489764,
Буэнос-Айрес,-34.5589,-58.4197,2000-08-01,2000,8,12.2,64.0,0.9540527619656479,0.9851889476481007,1.7840244503586145,1.7486338797814207
Буэнос-Айрес,-34.5589,-58.4197,2000-09-01,2000,9,14.1,124.0,0.845980378594307,0.8409364916315435,2.3933798528815315,2.9314420803782504
Буэнос-Айрес,-34.5589,-58.4197,2000-10-01,2000,10,17.3,120.0,1.032813380049239,1.0430362762054295,1.9639102431179372,2.3121387283236996
Буэнос-Айрес,-34.5589,-58.4197,2000-11-01,2000,11,19.2,102.0,0.9701505173050018,1.0015325402090425,1.2279242947878575,1.7708333333333333
Буэнос-Айрес,-34.5589,-58.4197,2000-12-01,2000,12,22.7,69.0,0.10418493846152514,0.13264058418255212,0.5369404183376338,1.013215859030837
Буэнос-Айрес,-34.5589,-58.4197,2001-01-01,2001,1,25.3,201.0,0.9088469256557264,0.9784229622813059,1.2550496166114935,2.6482213438735176
Буэнос-Айрес,-34.5589,-58.4197,2001-02-01,2001,2,25.2,127.0,0.9293793960397347,1.0341373487761734,1.3508223416893206,1.67989417989418
Буэнос-Айрес,-34.5589,-58.4197,2001-03-01,2001,3,22.9,229.0,1.5176726346796625,1.4640010498970661,1.2557528187231184,3.3333333333333335
Буэнос-Айрес,-34.5589,-58.4197,2001-04-01,2001,4,18.4,55.0,0.7902324653805791,0.8372829820354214,1.031555258933206,0.9963768115942029
Буэнос-Айрес,-34.5589,-58.4197,2001-05-01,2001,5,14.2,82.0,0.6305158542861011,0.6876386616788549,0.9367402010431872,1.9248826291079812
Буэнос-Айрес,-34.5589,-58.4197,2001-06-01,2001,6,13.0,51.0,-0.11492823706259962,-0.12020472912291534,1.1280405736556045,1.3076923076923077
Буэнос-Айрес,-34.5589,-58.4197,2001-07-01,2001,7,11.3,51.0,0.2504823502916583,0.30763536163596455,0.6623497737604003,1.5044247787610618
Буэнос-Айрес,-34.5589,-58.4197,2001-08-01,2001,8,14.8,153.0,1.1322665397831653,1.1523163653530961,1.0448294172703112,3.445945945945946
Буэнос-Айрес,-34.5589,-58.4197,2001-09-01,2001,9,14.5,31.0,0.8767574132031549,0.8730358217421947,0.3314587400687445,0.7126436781609196
Буэнос-Айрес,-34.5589,-58.4197,2001-10-01,2001,10,17.8,199.0,1.695250685671763,1.5495649417978816,1.1779370707429182,3.7265917602996255
Буэнос-Айрес,-34.5589,-58.4197,2001-11-01,2001,11,19.8,145.0,1.2407348170530876,1.2457658061972734,1.4589197487599095,2.441077441077441
Буэнос-Айрес,-34.5589,-58.4197,2001-12-01,2001,12,22.4,52.0,1.0252899747074224,1.0987170598758194,1.2113436695366468,0.7738095238095238
Буэнос-Айрес,-34.5589,-58.4197,2002-01-01,2002,1,24.3,133.0,0.5239483054369755,0.5980140039102553,1.434404903097047,1.8244170096021948
Буэнос-Айрес,-34.5589,-58.4197,2002-02-01,2002,2,22.7,34.0,-0.5983284672838998,-0.6461987916392843,0.44754944082445414,0.49926578560939794
Буэнос-Айрес,-34.5589,-58.4197,2002-03-01,2002,3,21.9,235.0,0.661897725773822,0.7204092345249917,1.0668933319529073,3.5768645357686455
Буэнос-Айрес,-34.5589,-58.4197,2002-04-01,2002,4,17.5,122.0,0.6689935016730884,0.71394404987667,0.7491563817682918,2.323809523809524
Буэнос-Айрес,-34.5589,-58.4197,2002-05-01,2002,5,16.7,174.0,1.5296391900491804,1.4401139033292765,0.8865811309917655,3.4730538922155687
Буэнос-Айрес,-34.5589,-58.4197,2002-06-01,2002,6,11.2,29.0,0.990336623576334,1.0480982373641354,1.049078224501308,0.8630952380952381
Буэнос-Айрес,-34.5589,-58.4197,2002-07-01,2002,7,11.2,108.0,1.2375728212953119,1.2649996100576777,1.127289071903216,3.2142857142857144
Буэнос-Айрес,-34.5589,-58.4197,2002-08-01,2002,8,13.8,96.0,0.913295087775049,0.9458026869107715,1.6790038659577415,2.318840579710145
Буэнос-Айрес,-34.5589,-58.4197,2002-09-01,2002,9,14.5,77.0,1.309743429384851,1.2960097750745447,1.4554826437433281,1.7701149425287357
Буэнос-Айрес,-34.5589,-58.4197,2002-10-01,2002,10,19.2,72.0,0.3893509932672191,0.43680622317962337,1.1279046766901428,1.25
Буэнос-Айрес,-34.5589,-58.4197,2002-11-01,2002,11,20.9,107.0,0.055876586908125546,0.06406277008167946,0.6541856105172885,1.7065390749601277
Буэнос-Айрес,-34.5589,-58.4197,2002-12-01,2002,12,22.6,170.0,0.6284791728767924,0.7047759302642261,1.205952711188693,2.5073746312684366
Буэнос-Айрес,-34.5589,-58.4197,2003-01-01,2003,1,24.9,192.0,1.7037891921458592,1.6423996203724807,1.4396178344637298,2.570281124497992
Буэнос-Айрес,-34.5589,-58.4197,2003-02-01,2003,2,23.1,239.0,2.0829158598368482,1.8964373775190912,1.8317430313446657,3.4487734487734487
Буэнос-Айрес,-34.5589,-58.4197,2003-03-01,2003,3,22.3,239.0,2.0385165607589433,1.8252095883998594,1.7682078268670767,3.5724962630792225
Буэнос-Айрес,-34.5589,-58.4197,2003-04-01,2003,4,17.6,59.0,1.4560623642550439,1.436770660397546,1.7817641564125482,1.1174242424242424
Буэнос-Айрес,-34.5589,-58.4197,2003-05-01,2003,5,15.3,52.0,0.5318127272395555,0.5921535968791519,1.5331043646458271,1.1328976034858387
Буэнос-Айрес,-34.5589,-58.4197,2003-06-01,2003,6,13.1,39.0,-0.49210387467923383,-0.5437305444299269,1.428692270075364,0.9923664122137404
Буэнос-Айрес,-34.5589,-58.4197,2003-07-01,2003,7,11.3,69.0,0.01442793264989895,0.040704988380100636,1.1081914364109222,2.0353982300884956
Буэнос-Айрес,-34.5589,-58.4197,2003-08-01,2003,8,11.6,26.0,-0.2843669103226237,-0.3392248038335818,0.2513282191840377,0.7471264367816092
Буэнос-Айрес,-34.5589,-58.4197,2003-09-01,2003,9,14.0,110.0,0.5508923792639495,0.5214820678119447,-0.21942634732381688,2.619047619047619
Буэнос-Айрес,-34.5589,-58.4197,2003-10-01,2003,10,18.5,55.0,-0.25690027934657544,-0.2700339632834898,-0.1914287211479878,0.990990990990991
Буэнос-Айрес,-34.5589,-58.4197,2003-11-01,2003,11,19.9,133.0,0.49797457477524226,0.5353231969894047,0.21807119859955776,2.2278056951423784
Буэнос-Айрес,-34.5589,-58.4197,2003-12-01,2003,12,21.7,131.0,0.36250247869925656,0.42026344123210724,0.5440945947138133,2.0122887864823347
Буэнос-Айрес,-34.5589,-58.4197,2004-01-01,2004,1,24.6,216.0,1.7872027999610616,1.703279745721994,1.2035568249923703,2.926829268292683
Буэнос-Айрес,-34.5589,-58.4197,2004-02-01,2004,2,22.9,35.0,0.827478536065748,0.9398000587853365,1.0147801895906332,0.5094614264919942
Буэнос-Айрес,-34.5589,-58.4197,2004-03-01,2004,3,23.1,26.0,-0.24120939741249195,-0.2534973593952448,0.035694795748836355,0.37518037518037517
Буэнос-Айрес,-34.5589,-58.4197,2004-04-01,2004,4,19.6,234.0,-0.008313111121739098,-0.035306060670587475,0.9973341461663751,3.979591836734694
Буэнос-Айрес,-34.5589,-58.4197,2004-05-01,2004,5,13.6,89.0,0.5255593205565713,0.5860217254190561,0.8107860228028614,2.1813725490196076
Буэнос-Айрес,-34.5589,-58.4197,2004-06-01,2004,6,13.0,10.0,1.0462650495634809,1.0996680853494074,0.4636690771250916,0.2564102564102564
Буэнос-Айрес,-34.5589,-58.4197,2004-07-01,2004,7,11.8,36.0,-0.25969430667605625,-0.2769756200156433,-0.33748023158149604,1.0169491525423728
Буэнос-Айрес,-34.5589,-58.4197,2004-08-01,2004,8,13.4,41.0,-1.071549821323181,-1.1344061498171545,-0.06642914210272553,1.0199004975124377
Буэнос-Айрес,-34.5589,-58.4197,2004-09-01,2004,9,15.4,21.0,-1.3750371274522601,-1.3811910547785848,0.3919583440442914,0.45454545454545453
Буэнос-Айрес,-34.5589,-58.4197,2004-10-01,2004,10,17.2,56.0,-1.3715030529029721,-1.4959961326545013,-1.112318509851232,1.0852713178294573
Буэнос-Айрес,-34.5589,-58.4197,2004-11-01,2004,11,19.5,63.0,-1.357190651492621,-1.3714401778486467,-1.758862652406395,1.0769230769230769
Буэнос-Айрес,-34.5589,-58.4197,2004-12-01,2004,12,23.1,76.0,-0.8720595201667344,-0.9462300409219032,-1.404623007622635,1.0966810966810967
Буэнос-Айрес,-34.5589,-58.4197,2005-01-01,2005,1,24.9,131.0,-0.08400476401468158,-0.06513520381252247,-0.9461272614547009,1.7536813922356091
Буэнос-Айрес,-34.5589,-58.4197,2005-02-01,2005,2,23.5,46.0,-0.23143933137430567,-0.21315529224370253,-1.3115839314665947,0.6524822695035462
Буэнос-Айрес,-34.5589,-58.4197,2005-03-01,2005,3,21.2,85.0,-0.3715361900739048,-0.3995700831281771,-0.9391905308899955,1.3364779874213837
Буэнос-Айрес,-34.5589,-58.4197,2005-04-01,2005,4,17.3,70.0,-0.9621478998638467,-1.0674001962698936,-0.8140375800063385,1.348747591522158
Буэнос-Айрес,-34.5589,-58.4197,2005-05-01,2005,5,14.9,13.0,-0.838387686267736,-0.8719739711987441,-0.8778889562706077,0.29082774049217003
Буэнос-Айрес,-34.5589,-58.4197,2005-06-01,2005,6,14.1,49.0,-0.6870483895777438,-0.7556225535299536,-0.8849599010734532,1.1583924349881796
Буэнос-Айрес,-34.5589,-58.4197,2005-07-01,2005,7,12.1,47.0,-0.5869045426137387,-0.6533941955030721,-1.2690335559299881,1.2947658402203857
Буэнос-Айрес,-34.5589,-58.4197,2005-08-01,2005,8,12.8,81.0,0.2887381618972128,0.29507334812081415,-0.6925702491840077,2.109375
Буэнос-Айрес,-34.5589,-58.4197,2005-09-01,2005,9,13.8,32.0,-0.04204008840514428,-0.15302644134373103,-0.766164111576054,0.7729468599033816
Буэнос-Айрес,-34.5589,-58.4197,2005-10-01,2005,10,16.8,39.0,-0.8059705764850965,-0.891407252971282,-1.031568813844749,0.7738095238095238
Буэнос-Айрес,-34.5589,-58.4197,2005-11-01,2005,11,21.8,38.0,-1.8012820177460864,-1.7413366032495503,-1.1582516432665964,0.581039755351682
Буэнос-Айрес,-34.5589,-58.4197,2005-12-01,2005,12,21.7,20.0,-2.0742344509287864,-2.018631764077119,-1.716885151052706,0.30721966205837176
Буэнос-Айрес,-34.5589,-58.4197,2006-01-01,2006,1,24.0,211.0,-0.09483250816926053,-0.07732573142230187,-0.6687637630541905,2.9305555555555554
Буэнос-Айрес,-34.5589,-58.4197,2006-02-01,2006,2,23.8,111.0,0.5384595244300475,0.6542515836389082,-0.7712436577579846,1.5546218487394958
Буэнос-Айрес,-34.5589,-58.4197,2006-03-01,2006,3,20.7,123.0,0.9208492538516991,0.9669258727417,-0.32185950186391116,1.9806763285024154
Буэнос-Айрес,-34.5589,-58.4197,2006-04-01,2006,4,18.8,33.0,-0.2489190714439623,-0.3108390230114855,-0.3505923127922491,0.5851063829787234
Буэнос-Айрес,-34.5589,-58.4197,2006-05-01,2006,5,14.2,5.0,-0.9045306631782901,-0.9414778598539773,-0.3549839076329365,0.11737089201877934
Буэнос-Айрес,-34.5589,-58.4197,2006-06-01,2006,6,13.0,76.0,-0.8948885504846682,-0.9729769567726193,0.16913248593682909,1.9487179487179487
Буэнос-Айрес,-34.5589,-58.4197,2006-07-01,2006,7,13.9,47.0,-0.34291446058349967,-0.37360419336072753,-0.594923618740005,1.1270983213429258
Буэнос-Айрес,-34.5589,-58.4197,2006-08-01,2006,8,12.2,12.0,-0.26976999131315477,-0.3232631614616072,-1.0265271896725914,0.32786885245901637
Буэнос-Айрес,-34.5589,-58.4197,2006-09-01,2006,9,14.8,25.0,-1.97389304735971,-1.7023021099089273,-1.5793580500636812,0.5630630630630631
Буэнос-Айрес,-34.5589,-58.4197,2006-10-01,2006,10,19.0,162.0,-0.1539823450267843,-0.1535096189522315,-0.4016737117507731,2.8421052631578947
Буэнос-Айрес,-34.5589,-58.4197,2006-11-01,2006,11,20.2,41.0,-0.2565109220971956,-0.275606041138368,-0.3983073115556998,0.6765676567656765
Буэнос-Айрес,-34.5589,-58.4197,2006-12-01,2006,12,24.3,215.0,1.203543715076444,1.2625518682757568,0.38271123210109986,2.9492455418381343
Буэнос-Айрес,-34.5589,-58.4197,2007-01-01,2007,1,24.1,62.0,0.4083411684700406,0.47672819859044246,0.13364392577493817,0.8575380359612724
Буэнос-Айрес,-34.5589,-58.4197,2007-02-01,2007,2,24.4,87.0,0.7007394931995671,0.8178418083678762,0.43271108672909425,1.1885245901639345
Буэнос-Айрес,-34.5589,-58.4197,2007-03-01,2007,3,21.8,288.0,0.8741499777703524,0.9238603736352115,1.2805301016794473,4.4036697247706424
Буэнос-Айрес,-34.5589,-58.4197,2007-04-01,2007,4,18.7,165.0,1.470295192297368,1.4481709904477345,1.3240779942477368,2.9411764705882355
Буэнос-Айрес,-34.5589,-58.4197,2007-05-01,2007,5,12.6,42.0,1.3489701998316033,1.3054830600988994,1.2685410744737813,1.1111111111111112
Буэнос-Айрес,-34.5589,-58.4197,2007-06-01,2007,6,10.4,42.0,0.41689065938949127,0.47153466754433493,0.858467054885124,1.3461538461538463
Буэнос-Айрес,-34.5589,-58.4197,2007-07-01,2007,7,9.4,7.0,-0.8492536557999742,-0.9427283788548738,0.8328557019629007,
Буэнос-Айрес,-34.5589,-58.4197,2007-08-01,2007,8,9.7,37.0,-1.0910731261329658,-1.1520445517244666,0.8328963415497479,
Буэнос-Айрес,-34.5589,-58.4197,2007-09-01,2007,9,16.0,90.0,-0.4823134723552038,-0.6292129138788456,0.014516734228033177,1.875
Буэнос-Айрес,-34.5589,-58.4197,2007-10-01,2007,10,18.9,160.0,0.8288317528727636,0.8634896900431906,0.03110212013075028,2.821869488536155
Буэнос-Айрес,-34.5589,-58.4197,2007-11-01,2007,11,18.8,31.0,0.32257299268333567,0.3511865814626786,-0.36039183589767865,0.549645390070922
Буэнос-Айрес,-34.5589,-58.4197,2007-12-01,2007,12,23.0,23.0,-0.6659737462308599,-0.7291438987273487,-0.9189494934190614,0.3333333333333333
Буэнос-Айрес,-34.5589,-58.4197,2008-01-01,2008,1,24.6,121.0,-1.25600445123774,-1.3191976355606951,-0.3214598770934347,1.6395663956639566
Буэнос-Айрес,-34.5589,-58.4197,2008-02-01,2008,2,24.5,85.0,-0.4844835485943745,-0.5127482905104968,-0.23630860801189235,1.1564625850340136
Буэнос-Айрес,-34.5589,-58.4197,2008-03-01,2008,3,21.7,167.0,0.4749975076559064,0.5312328524812286,-0.02162317766784349,2.565284178187404
Буэнос-Айрес,-34.5589,-58.4197,2008-04-01,2008,4,18.5,166.74193548387098,0.8357752284379514,0.8825148522767178,0.03330181580505371,3.004359197907585
Буэнос-Айрес,-34.5589,-58.4197,2008-05-01,2008,5,15.3,166.48387096774192,1.375656608796424,1.3258622030055283,0.8035539444043228,3.6270995853538546
Буэнос-Айрес,-34.5589,-58.4197,2008-06-01,2008,6,11.4,66.43940141229623,1.4861494022290325,1.4758638085335956,1.2440823731644088,1.9426725559150944
Буэнос-Айрес,-34.5589,-58.4197,2008-07-01,2008,7,13.7,82.18571907458569,1.2645737277477873,1.287036097228707,1.243746368302594,1.9996525322283623
Буэнос-Айрес,-34.5589,-58.4197,2008-08-01,2008,8,12.6,44.02409077560394,0.4746856290008359,0.4967717061377311,1.3858651352886335,1.1646584861270883
Буэнос-Айрес,-34.5589,-58.4197,2008-09-01,2008,9,13.8,50.91383447867687,0.2026680322537928,0.1261488976210183,1.3098813429661593,1.2298027651854317
Буэнос-Айрес,-34.5589,-58.4197,2008-10-01,2008,10,17.6,151.16092073899136,0.4014598706898565,0.449260933539086,1.1517953499065658,2.8628962261172606
Буэнос-Айрес,-34.5589,-58.4197,2008-11-01,2008,11,23.2,117.22923344363998,0.7115427525901081,0.7521171004812278,0.8100534770445225,1.6843280667189653
Буэнос-Айрес,-34.5589,-58.4197,2008-12-01,2008,12,23.2,62.15945672726143,0.4661597618390272,0.5328339410902682,0.4251221813673447,0.8930956426330665
Буэнос-Айрес,-34.5589,-58.4197,2009-01-01,2009,1,24.4,109.51435037153261,0.11604540297502103,0.15873377603008673,0.2764704105386184,1.4960976826712107
Буэнос-Айрес,-34.5589,-58.4197,2009-02-01,2009,2,23.9,69.89370576512631,-0.34872525131182164,-0.3522156744235195,0.1921482614898933,0.9748076117869778
Буэнос-Айрес,-34.5589,-58.4197,2009-03-01,2009,3,23.1,72.22611618219267,-0.46551598531635846,-0.5041265043690766,-0.05268523641921273,1.0422238987329389
Буэнос-Айрес,-34.5589,-58.4197,2009-04-01,2009,4,19.4,85.36104612698983,-0.6435785887997685,-0.7460288932699273,-0.4876290187081629,1.4666846413572137
Буэнос-Айрес,-34.5589,-58.4197,2009-05-01,2009,5,15.8,0.0,-0.9373184268119744,-0.9756617767830709,-1.0228862091353044,0.0
Буэнос-Айрес,-34.5589,-58.4197,2009-06-01,2009,6,11.3,0.0,-1.2584860333264904,-1.3275752664018357,-1.2540365790733388,0.0
Буэнос-Айрес,-34.5589,-58.4197,2009-07-01,2009,7,10.5,39.48654157876595,-1.9451596584705895,-1.9287854084208764,-1.6326556889094883,1.2535410025005065
Буэнос-Айрес,-34.5589,-58.4197,2009-08-01,2009,8,14.2,20.825683855957852,-1.6548406331244796,-1.6125574157678682,-1.5362553572304751,0.48886581821497305
Буэнос-Айрес,-34.5589,-58.4197,2009-09-01,2009,9,13.4,63.99748197544269,-0.6778734246908076,-0.8216185291761803,-1.4803220208474688,1.591977163568226
Буэнос-Айрес,-34.5589,-58.4197,2009-10-01,2009,10,17.2,57.98334319890477,-0.9493291703031004,-1.0494154930348691,-1.8654241345449398,1.1237082015291622
Буэнос-Айрес,-34.5589,-58.4197,2009-11-01,2009,11,20.9,46.990998912458,-0.971722071382991,-1.01505149595331,-1.735422573252932,0.7494577179020414
Буэнос-Айрес,-34.5589,-58.4197,2009-12-01,2009,12,22.2,135.69626601141968,-0.388190198335825,-0.4241593800124235,-0.7679552302761601,2.037481471642938
Буэнос-Айрес,-34.5589,-58.4197,2010-01-01,2010,1,25.5,77.63107061635861,-0.18993092020694688,-0.18451175391544603,-0.819552578723754,1.0147852368151453
Буэнос-Айрес,-34.5589,-58.4197,2010-02-01,2010,2,24.0,90.63840928431519,0.2351514235820431,0.32760004373597135,-0.5692286211673268,1.2588667956154886
Буэнос-Айрес,-34.5589,-58.4197,2010-03-01,2010,3,22.8,12.975693059186469,-1.2215607028996116,-1.287037948710752,-1.2073645987657002,0.18970311490038697
Буэнос-Айрес,-34.5589,-58.4197,2010-04-01,2010,4,17.9,54.938899184429744,-1.646651479854948,-1.6357144533509955,-1.1995992668564077,1.023070748313403
Буэнос-Айрес,-34.5589,-58.4197,2010-05-01,2010,5,15.9,54.79543108794473,-1.295552227682263,-1.3360152064068769,-0.8405418221451401,1.1487511758478979
Буэнос-Айрес,-34.5589,-58.4197,2010-06-01,2010,6,12.8,15.2317304559662,-0.766611611101788,-0.839975405621457,-1.4497927966763493,0.39665964729078645
Буэнос-Айрес,-34.5589,-58.4197,2010-07-01,2010,7,11.0,58.69283202670703,-0.33420506450053783,-0.3635068035605368,-1.4591702408536553,1.7785706674759705
Буэнос-Айрес,-34.5589,-58.4197,2010-08-01,2010,8,11.8,33.10574166405051,-0.7083778110736,-0.7863859733063663,-1.4610744629349366,0.9351904424873027
Буэнос-Айрес,-34.5589,-58.4197,2010-09-01,2010,9,14.8,49.54061354041459,-0.34733166422239486,-0.48869258956664985,-0.9912164032758454,1.1157795842435718
Буэнос-Айрес,-34.5589,-58.4197,2010-10-01,2010,10,16.9,69.45869534196181,-0.8043677627438017,-0.8896253361578813,-0.8352750265667488,1.3699939909657164
Буэнос-Айрес,-34.5589,-58.4197,2010-11-01,2010,11,20.2,152.18640444229442,0.21916492554485592,0.24064010663506988,-0.25530377057770764,2.5113268059784555
Буэнос-Айрес,-34.5589,-58.4197,2010-12-01,2010,12,24.3,79.48709060768152,0.1988501226537322,0.2389927202779296,-0.09270606102460098,1.09035789585297
Буэнос-Айрес,-34.5589,-58.4197,2011-01-01,2011,1,25.1,43.10868377088796,-0.03257432898663271,-0.007303387150033084,-0.618913612581834,0.5724924803570778
Буэнос-Айрес,-34.5589,-58.4197,2011-02-01,2011,2,23.5,120.13783252329495,-0.33650495379761863,-0.33772728111693623,-0.20196235757298284,1.7040827308268787
Буэнос-Айрес,-34.5589,-58.4197,2011-03-01,2011,3,22.0,25.573396750622663,-1.1272703876163135,-1.196853078639509,-0.6935188425306803,0.3874757083427676
Буэнос-Айрес,-34.5589,-58.4197,2011-04-01,2011,4,19.0,84.08052319245502,-0.6182090847698213,-0.7191113640172025,-0.5714359520631724,1.475096898113246
Буэнос-Айрес,-34.5589,-58.4197,2011-05-01,2011,5,15.0,0.0,-1.4423964209872115,-1.4762042144516043,-1.339108756444936,0.0
Буэнос-Айрес,-34.5589,-58.4197,2011-06-01,2011,6,12.0,10.18714047701367,-1.1404738516153112,-1.2162698111939807,-1.5949090216772102,0.28297612436149083
Буэнос-Айрес,-34.5589,-58.4197,2011-07-01,2011,7,10.9,55.030951312385504,-1.3059642111015288,-1.4019864167635177,-1.3939829894088651,1.682903709858884
Буэнос-Айрес,-34.5589,-58.4197,2011-08-01,2011,8,11.6,73.00043383267453,-0.22326343750362246,-0.27223751260894125,-1.3444591517661215,2.0977136158814518
Буэнос-Айрес,-34.5589,-58.4197,2011-09-01,2011,9,15.8,60.58859667566108,0.3527282320233773,0.2978671520572486,-0.8460606649542177,1.2782404361953814
Буэнос-Айрес,-34.5589,-58.4197,2011-10-01,2011,10,17.2,87.66755107304968,0.11836811067362635,0.14914568261375574,-0.7803755128994923,1.6989835479273194
Буэнос-Айрес,-34.5589,-58.4197,2011-11-01,2011,11,22.1,82.79746335927595,-0.2216859544415199,-0.23787509982193555,-0.3389537428413274,1.2488305182394563
Буэнос-Айрес,-34.5589,-58.4197,2011-12-01,2011,12,22.2,23.81453740801016,-0.8800181190405337,-0.9544297936701619,-0.6089602200534896,0.3575756367569093
Буэнос-Айрес,-34.5589,-58.4197,2012-01-01,2012,1,25.0,57.128974825347306,-1.4201082757603412,-1.4737094618649182,-0.9711128296119526,0.761719664337964
Буэнос-Айрес,-34.5589,-58.4197,2012-02-01,2012,2,24.6,70.00228162983896,-1.5916191878941144,-1.694805992168327,-1.414108098841491,0.9485404014883329
Буэнос-Айрес,-34.5589,-58.4197,2012-03-01,2012,3,21.6,166.3115071246062,-0.10520205949015737,-0.10065249058803268,-0.7099216913618909,2.566535603774787
Буэнос-Айрес,-34.5589,-58.4197,2012-04-01,2012,4,18.0,89.29391825390374,0.22848448249428494,0.23498167545369003,-0.6807287769361277,1.653591078775995
Буэнос-Айрес,-34.5589,-58.4197,2012-05-01,2012,5,16.5,0.0,-0.11053798499238644,-0.07941035900685824,-0.9735791740167508,0.0
Буэнос-Айрес,-34.5589,-58.4197,2012-06-01,2012,6,11.8,57.22652486716062,-0.5288777157800307,-0.5842055490349648,-0.5843099011170647,1.616568499072334
Буэнос-Айрес,-34.5589,-58.4197,2012-07-01,2012,7,9.8,43.11501483891672,-0.7086634884519823,-0.789558116454261,-0.3665621726980005,
Буэнос-Айрес,-34.5589,-58.4197,2012-08-01,2012,8,13.5,30.833105409177094,-0.32599704366743054,-0.3845904847068776,-0.4038448525944349,0.7613112446710394
Буэнос-Айрес,-34.5589,-58.4197,2012-09-01,2012,9,15.3,71.09370207700867,-0.28279950637456275,-0.41957409866908085,-0.7700025752358424,1.5488823981919102
Буэнос-Айрес,-34.5589,-58.4197,2012-10-01,2012,10,18.1,130.6235980568101,0.249565884155588,0.2904503910009975,-0.34902494468706535,2.4055911244348085
Буэнос-Айрес,-34.5589,-58.4197,2012-11-01,2012,11,22.1,122.50886276343732,0.7599536559403534,0.7999527367556191,0.40568089461404827,1.8477958184530514
Буэнос-Айрес,-34.5589,-58.4197,2012-12-01,2012,12,24.3,48.1088106468743,0.1998617662855966,0.2401242736098807,-0.060781012213583535,0.6599288154578093
Буэнос-Айрес,-34.5589,-58.4197,2013-01-01,2013,1,24.6,74.16876435810511,-0.3652405702805822,-0.38176887519908875,-0.1924857279162004,1.0049968070203945
Буэнос-Айрес,-34.5589,-58.4197,2013-02-01,2013,2,23.8,100.94286612547204,-0.5496040594585829,-0.5892609428788577,0.08303780077863195,1.4137656320094123
Буэнос-Айрес,-34.5589,-58.4197,2013-03-01,2013,3,20.2,161.27148132938078,0.22190962877169074,0.26211193607118394,0.2880324039451779,2.661245566491432
Буэнос-Айрес,-34.5589,-58.4197,2013-04-01,2013,4,19.4,57.461687748658804,0.18441085987772857,0.18506019668601442,-0.1573708113373502,0.9873142224855465
Буэнос-Айрес,-34.5589,-58.4197,2013-05-01,2013,5,15.1,39.29977745806464,-0.09248869506910541,-0.059700068321719944,-0.4897332510779801,0.8675447562486674
Буэнос-Айрес,-34.5589,-58.4197,2013-06-01,2013,6,12.9,16.503140812122925,-0.9036870905619726,-0.9819564283218094,-0.5210751059876628,0.4264377470832797
Буэнос-Айрес,-34.5589,-58.4197,2013-07-01,2013,7,11.6,26.506347707641858,-0.9903402739758828,-1.0912849192432412,-0.5424674631296635,0.7616766582655706
Буэнос-Айрес,-34.5589,-58.4197,2013-08-01,2013,8,12.1,75.20681054115423,-0.5248538222205323,-0.5973537101947434,-0.47667497645440776,2.0718129625662325
Буэнос-Айрес,-34.5589,-58.4197,2013-09-01,2013,9,13.8,88.85790447163386,0.3772344585533656,0.3257785694605063,-0.6624207012238135,2.1463261949670014
Буэнос-Айрес,-34.5589,-58.4197,2013-10-01,2013,10,17.9,89.30233629477577,0.48066279576179477,0.5297972463230021,-0.32437415865764,1.6629857783012247
Буэнос-Айрес,-34.5589,-58.4197,2013-11-01,2013,11,20.7,124.83708139288517,0.548676895742639,0.5875939482807883,0.1276593662555917,2.0102589596277807
Буэнос-Айрес,-34.5589,-58.4197,2013-12-01,2013,12,26.2,93.74256689424034,0.2611546088356338,0.30844893107656396,0.3559199931301308,1.1926535228274853
Буэнос-Айрес,-34.5589,-58.4197,2014-01-01,2014,1,25.4,60.229779158118895,0.010297209738210524,0.040785302203545336,0.25431319731789714,0.7904170493191456
Буэнос-Айрес,-34.5589,-58.4197,2014-02-01,2014,2,22.9,102.1201669034543,-0.20063439499603553,-0.17668045721899928,0.17784693794880224,1.4864653115495532
Буэнос-Айрес,-34.5589,-58.4197,2014-03-01,2014,3,20.7,196.02353055988522,0.37638366252379934,0.42797494757252436,0.44913832484466953,3.156578591946622
Буэнос-Айрес,-34.5589,-58.4197,2014-04-01,2014,4,18.4,74.61396075311653,0.5534656629820555,0.5926448637056292,0.3821057922556085,1.351702187556459
Буэнос-Айрес,-34.5589,-58.4197,2014-05-01,2014,5,15.3,130.74876288209705,0.840399340048158,0.8822602797036396,0.48767595095154825,2.8485569255358834
Буэнос-Айрес,-34.5589,-58.4197,2014-06-01,2014,6,12.6,0.0,0.04454668757169925,0.06013732417641157,0.19740246528764546,0.0
Буэнос-Айрес,-34.5589,-58.4197,2014-07-01,2014,7,12.5,67.8293618803999,0.38360266151209066,0.4531932763255128,0.5415328632112856,1.8087829834773308
Буэнос-Айрес,-34.5589,-58.4197,2014-08-01,2014,8,14.5,53.59331067509391,-0.47436836026423723,-0.5440351432931826,0.49502385431160445,1.232030130461929
Буэнос-Айрес,-34.5589,-58.4197,2014-09-01,2014,9,16.3,49.36612171970292,0.11539375115147575,0.026145695510452874,-0.041909392277568604,1.0095321415072172
Буэнос-Айрес,-34.5589,-58.4197,2014-10-01,2014,10,19.9,95.43756837220255,-0.1616409780827872,-0.1621526611127074,0.17819146672115183,1.5986192357152857
Буэнос-Айрес,-34.5589,-58.4197,2014-11-01,2014,11,20.8,28.45408989538386,-0.9168196814594536,-0.961602583250525,-1.0707181762711284,0.45599503037474126
Буэнос-Айрес,-34.5589,-58.4197,2014-12-01,2014,12,23.2,71.65222653635398,-0.8660585570059249,-0.9400378352218738,-0.7559352121414207,1.0294860134533617
Буэнос-Айрес,-34.5589,-58.4197,2015-01-01,2015,1,24.1,101.81892677528243,-0.8892660131842807,-0.9516649049904451,-0.8430883810182581,1.4082839111380696
Буэнос-Айрес,-34.5589,-58.4197,2015-02-01,2015,2,24.2,145.7431221057986,0.36058662115075557,0.46576980726089234,-0.392100428669886,2.0074810207410274
Буэнос-Айрес,-34.5589,-58.4197,2015-03-01,2015,3,22.9,68.98004221865554,0.0753452249224482,0.10101119854949536,-0.5326917329693381,1.0040763059484066
Буэнос-Айрес,-34.5589,-58.4197,2015-04-01,2015,4,20.3,44.72096686365483,-0.3187085914360033,-0.389881026026307,-0.8845964414501134,0.7343344312587
Буэнос-Айрес,-34.5589,-58.4197,2015-05-01,2015,5,16.9,22.784434923570707,-1.1486417120437808,-1.1912848024603229,-0.6519558893695815,0.4493971385319666
Буэнос-Айрес,-34.5589,-58.4197,2015-06-01,2015,6,13.6,74.06108663196758,-0.5819659368947854,-0.6422478828866087,-0.46595461418201245,1.8152227115678328
Буэнос-Айрес,-34.5589,-58.4197,2015-07-01,2015,7,12.6,57.73154220067935,-0.04230367831658966,-0.0246493788564473,-0.45331213208554777,1.5272894762084483
Буэнос-Айрес,-34.5589,-58.4197,2015-08-01,2015,8,14.9,35.21735712097716,0.16442879248840717,0.15791957617465371,-0.9760107017840585,0.7878603382768941
Буэнос-Айрес,-34.5589,-58.4197,2015-09-01,2015,9,14.3,68.74581063765248,-0.016506539410053502,-0.12414596919750986,-0.6674526651156617,1.6024664484301279
Буэнос-Айрес,-34.5589,-58.4197,2015-10-01,2015,10,15.4,95.63674683115441,-0.1463784658012977,-0.14493365273205536,-0.16445585585637965,2.0700594552197926
Буэнос-Айрес,-34.5589,-58.4197,2015-11-01,2015,11,19.9,123.71287998178089,0.3963419450905438,0.4292080385165127,0.4033868830795816,2.0722425457584737
Буэнос-Айрес,-34.5589,-58.4197,2015-12-01,2015,12,24.0,53.32120989703089,-0.07069940666032694,-0.06543462717501852,-0.1611530937241488,0.7405723596809847
Буэнос-Айрес,-34.5589,-58.4197,2016-01-01,2016,1,25.2,73.4031631905054,-0.3006599318622411,-0.3092509664402753,-0.42264384967190416,0.9709413120437221
Буэнос-Айрес,-34.5589,-58.4197,2016-02-01,2016,2,25.7,72.67985641761662,-0.8393265514236827,-0.9223321924069757,-0.43687696737979126,0.9426699924463894
Буэнос-Айрес,-34.5589,-58.4197,2016-03-01,2016,3,21.0,10.580590975007723,-1.5600991291586883,-1.5903972622084175,-1.1501597951317808,0.16794588849218609
Буэнос-Айрес,-34.5589,-58.4197,2016-04-01,2016,4,17.4,87.45631322932095,-1.4179009170952113,-1.465375581748261,-1.1825567385764502,1.6754082994122788
Буэнос-Айрес,-34.5589,-58.4197,2016-05-01,2016,5,12.8,62.63949258686154,-0.9076240876167307,-0.9447108370495167,-1.2865921117496053,1.631236786116186
Буэнос-Айрес,-34.5589,-58.4197,2016-06-01,2016,6,10.8,48.145577811074446,-0.019994857997698613,-0.012733059864784997,-1.1388857257487883,1.485974623798594
Буэнос-Айрес,-34.5589,-58.4197,2016-07-01,2016,7,11.2,46.196569253603805,-0.016978044799046122,0.004566908432318706,-1.1237510063297629,1.374897894452494
Буэнос-Айрес,-34.5589,-58.4197,2016-08-01,2016,8,13.7,8.833203014580405,-0.7745446136127941,-0.852503081158888,-1.2402132778167219,0.2149197813766522
Буэнос-Айрес,-34.5589,-58.4197,2016-09-01,2016,9,14.0,46.46401751626202,-1.2610612825936225,-1.3037542781636677,-0.6983482540253779,1.1062861313395718
Буэнос-Айрес,-34.5589,-58.4197,2016-10-01,2016,10,17.2,79.16113107160442,-1.0851977633027672,-1.1963780220886462,-0.732524844004289,1.5341304471241166
Буэнос-Айрес,-34.5589,-58.4197,2016-11-01,2016,11,20.6,66.64802702634216,-0.6792030269308218,-0.7230798799340172,-1.062986422308313,1.0784470392612
Буэнос-Айрес,-34.5589,-58.4197,2016-12-01,2016,12,24.5,73.87096547872038,-0.605730011358454,-0.6640760260239168,-1.1568825503343918,1.0050471493703452
Буэнос-Айрес,-34.5589,-58.4197,2017-01-01,2017,1,25.5,103.76670198217266,-0.37100903485251635,-0.3882332345075124,-1.0229846864313585,1.356427476891146
Буэнос-Айрес,-34.5589,-58.4197,2017-02-01,2017,2,25.0,161.69558270795017,0.518185676089356,0.6332402515820645,-0.04952557403879512,2.155941102772669
Буэнос-Айрес,-34.5589,-58.4197,2017-03-01,2017,3,22.3,111.7858294753171,0.5030676509617686,0.5602083258844589,0.04155190245315419,1.6709391550869523
Буэнос-Айрес,-34.5589,-58.4197,2017-04-01,2017,4,18.9,85.96411991000043,0.4658451997050723,0.4983916415804448,0.09628109021636223,1.5161220442680852
Буэнос-Айрес,-34.5589,-58.4197,2017-05-01,2017,5,16.0,45.11038494746409,-0.20689380778067748,-0.1850063538496303,0.10425776318326864,0.9397996864055019
Буэнос-Айрес,-34.5589,-58.4197,2017-06-01,2017,6,13.5,0.0,-0.6974020767353211,-0.766675415876326,-0.1432685207852541,0.0
Буэнос-Айрес,-34.5589,-58.4197,2017-07-01,2017,7,13.0,50.45709910553696,-0.7792105743141494,-0.8670119768407266,-0.1623673771091343,1.2937717719368451
Буэнос-Айрес,-34.5589,-58.4197,2017-08-01,2017,8,14.8,52.79438147159467,-0.7732222510260686,-0.8511929724879171,-0.6849109174935383,1.1890626457566367
Буэнос-Айрес,-34.5589,-58.4197,2017-09-01,2017,9,15.7,115.26935593052528,0.7029918813814686,0.688617954466573,-0.26546738227543737,2.447332397675696
Буэнос-Айрес,-34.5589,-58.4197,2017-10-01,2017,10,17.8,84.79371869393329,0.475159131263586,0.5242539019964654,-0.2134419079156704,1.5878973538189753
Буэнос-Айрес,-34.5589,-58.4197,2017-11-01,2017,11,20.1,102.2168323762311,0.5414213858619615,0.5801429487966648,-0.008018521731466,1.6951381820270497
Буэнос-Айрес,-34.5589,-58.4197,2017-12-01,2017,12,23.7,78.68091455454712,-0.1385808172172104,-0.14250323920774294,0.2462678370608762,1.1066232708093828
Буэнос-Айрес,-34.5589,-58.4197,2018-01-01,2018,1,25.1,38.503935607612846,-0.6677434111338356,-0.7159736864817371,-0.23506483554964902,0.5113404463162396
Буэнос-Айрес,-34.5589,-58.4197,2018-02-01,2018,2,24.4,132.65148063802837,-0.2633472076876912,-0.2509718204710367,0.1213394921638889,1.8121786972408247
Буэнос-Айрес,-34.5589,-58.4197,2018-03-01,2018,3,22.0,147.4561981609296,0.09097923041132654,0.1183340811373793,-0.0389837868764375,2.2341848206201456
Буэнос-Айрес,-34.5589,-58.4197,2018-04-01,2018,4,21.6,106.60347589013136,0.6422777386142375,0.6862103473837923,0.11113356331493349,1.6451153686748667
Буэнос-Айрес,-34.5589,-58.4197,2018-05-01,2018,5,16.7,1.4867536875079779,-0.11097782785607892,-0.07989100211368502,-0.34042209127284284,0.02967572230554846
Буэнос-Айрес,-34.5589,-58.4197,2018-06-01,2018,6,11.0,87.93692319164504,-0.040304026074983415,-0.03570509177840334,-0.10345567569545722,2.664755248231668
Буэнос-Айрес,-34.5589,-58.4197,2018-07-01,2018,7,10.9,22.29555061267472,-0.550156750803103,-0.6117618405927138,0.1221259537276469,0.6818211196536611
Буэнос-Айрес,-34.5589,-58.4197,2018-08-01,2018,8,12.1,68.48367632489037,0.30963374753834966,0.3179770813302541,-0.07819172486270354,1.8866026535782472
Буэнос-Айрес,-34.5589,-58.4197,2018-09-01,2018,9,16.9,108.76106912948335,0.4866748654250455,0.44961244203395295,0.11652828897301538,2.145188740226496
Буэнос-Айрес,-34.5589,-58.4197,2018-10-01,2018,10,17.6,54.8922457792237,0.2448393686677992,0.285422496950597,-0.2528267245007182,1.0396258670307519
Буэнос-Айрес,-34.5589,-58.4197,2018-11-01,2018,11,21.0,74.25205236097676,-0.1442380480964339,-0.15373897878514398,0.08843865747299151,1.17860400572979
Буэнос-Айрес,-34.5589,-58.4197,2018-12-01,2018,12,22.2,83.78686152918226,-0.6773782742220384,-0.7413847917328446,-0.34932148086781684,1.2580609839216557
Буэнос-Айрес,-34.5589,-58.4197,2019-01-01,2019,1,24.6,66.1075155380242,-0.6095632593835076,-0.6526335192107771,-0.3697664818600063,0.8957657931981599
Буэнос-Айрес,-34.5589,-58.4197,2019-02-01,2019,2,24.1,27.41368925354262,-1.1477238700298091,-1.2574352517711083,-1.1043285561302536,0.37916582646670294
Буэнос-Айрес,-34.5589,-58.4197,2019-03-01,2019,3,21.0,105.23598246869206,-1.009362255037793,-1.080730580551717,-1.2866393895190658,1.670412420137969
Буэнос-Айрес,-34.5589,-58.4197,2019-04-01,2019,4,19.4,34.90155105297575,-1.4741038591824092,-1.5090634399713838,-1.4033357719137642,0.5996830077830885
Буэнос-Айрес,-34.5589,-58.4197,2019-05-01,2019,5,16.0,73.74403367878014,-0.4368567667334723,-0.4379500705895793,-1.0762119076712502,1.5363340349745864
Буэнос-Айрес,-34.5589,-58.4197,2019-06-01,2019,6,14.5,21.824405519131663,-0.7041833734418038,-0.7739026091384698,-1.3037024562272705,0.5017104717041762
Буэнос-Айрес,-34.5589,-58.4197,2019-07-01,2019,7,11.5,82.73661943365262,0.19650270490367053,0.24747563805761313,-0.9772414502967599,2.3981628821348586
Буэнос-Айрес,-34.5589,-58.4197,2019-08-01,2019,8,12.3,27.665278160082803,-0.31043353939147666,-0.36765864194951864,-0.6849380963055693,0.749736535503599
Буэнос-Айрес,-34.5589,-58.4197,2019-09-01,2019,9,14.6,48.81608302672316,-0.05393095197604598,-0.16644511820033617,-0.7864381917512695,1.1145224435324923
Буэнос-Айрес,-34.5589,-58.4197,2019-10-01,2019,10,17.4,122.47621393646585,-0.15452066485401078,-0.15411695962766922,0.0252296342108072,2.346287623303944
Буэнос-Айрес,-34.5589,-58.4197,2019-11-01,2019,11,22.2,52.837563753285785,-0.30092765021256535,-0.3236061498712103,-0.4617515477633104,0.7933568131123991
Буэнос-Айрес,-34.5589,-58.4197,2019-12-01,2019,12,23.1,88.64372781070428,-0.15555961372625554,-0.16177065512365002,-0.2567788216727489,1.279130271438734
Буэнос-Айрес,-34.5589,-58.4197,2020-01-01,2020,1,24.4,141.2418674272719,0.051584671940262464,0.08696379065196316,-0.15617521051201952,1.9295337080228403
Буэнос-Айрес,-34.5589,-58.4197,2020-02-01,2020,2,23.9,25.193670259001927,-0.21068628371673936,-0.18857783638197503,-0.51202190149339,0.35137615423991525
Буэнос-Айрес,-34.5589,-58.4197,2020-03-01,2020,3,23.5,112.40711572218795,-0.2256272670029117,-0.23598715515779028,-0.3163346949198233,1.594427173364368
Буэнос-Айрес,-34.5589,-58.4197,2020-04-01,2020,4,18.0,86.05435603172774,-0.6863360235151926,-0.7909885461705181,-0.5585736885025632,1.5935991857727356
Буэнос-Айрес,-34.5589,-58.4197,2020-05-01,2020,5,15.1,89.84831221679849,0.12512703442301445,0.17518333507164538,-0.11411114997432163,1.9834064507019533
Буэнос-Айрес,-34.5589,-58.4197,2020-06-01,2020,6,12.6,12.78456952165456,-0.10847673574837007,-0.11289665552218352,-0.4047605136180775,0.33821612491149633
Буэнос-Айрес,-34.5589,-58.4197,2020-07-01,2020,7,10.6,23.962191901513837,-0.36001201924282605,-0.3934124603350814,-0.9421879862315373,0.7535280472174162
Буэнос-Айрес,-34.5589,-58.4197,2020-08-01,2020,8,13.3,66.5497096144127,-0.7724410834941032,-0.8504188250831544,-0.3704985942193464,1.6679125216644788
Буэнос-Айрес,-34.5589,-58.4197,2020-09-01,2020,9,14.2,63.58562015836196,-0.13356861169870143,-0.2557306845621684,-0.32381625154405613,1.4926201915108441
Буэнос-Айрес,-34.5589,-58.4197,2020-10-01,2020,10,16.7,101.38403457689459,0.23776763370085163,0.2778906536652056,-0.13131393595078666,2.023633424688515
Буэнос-Айрес,-34.5589,-58.4197,2020-11-01,2020,11,21.0,103.66368379398006,0.19200372229669332,0.21141300891833983,-0.3139722588215533,1.6454552983171435
Буэнос-Айрес,-34.5589,-58.4197,2020-12-01,2020,12,22.8,54.15831228429572,-0.20232307951377068,-0.21479163403811913,-0.3420940937967889,0.7917881912908731
Буэнос-Айрес,-34.5589,-58.4197,2021-01-01,2021,1,23.05,96.6377187645558,-0.25525328487011867,-0.25813924900999125,-0.12036230818394122,1.397508586616859
Буэнос-Айрес,-34.5589,-58.4197,2021-02-01,2021,2,23.3,127.0,0.005776089201352621,0.06576277984272728,0.07464584942921751,1.8168812589413448
Буэнос-Айрес,-34.5589,-58.4197,2021-03-01,2021,3,21.8,37.0,-0.38369559535910036,-0.4131443974350932,-0.47724829304288546,0.5657492354740061
Буэнос-Айрес,-34.5589,-58.4197,2021-04-01,2021,4,20.4,30.0,-1.0568538699220569,-1.1563801572160677,-0.9797160234388772,0.49019607843137253
Буэнос-Айрес,-34.5589,-58.4197,2021-05-01,2021,5,14.3,46.0,-1.4039994491984469,-1.439985467159873,-1.0788530355087045,1.0722610722610724
Буэнос-Айрес,-34.5589,-58.4197,2021-06-01,2021,6,11.7,5.0,-1.3181101490496272,-1.3823975047599288,-1.2242715573524747,0.14245014245014245
Буэнос-Айрес,-34.5589,-58.4197,2021-07-01,2021,7,11.5,7.0,-1.4597212496379883,-1.5415724828254014,-1.76297548108102,0.2028985507246377
Буэнос-Айрес,-34.5589,-58.4197,2021-08-01,2021,8,12.4,21.0,-2.4711066147220806,-2.121183630771933,-1.9768608916262984,0.5645161290322581
Буэнос-Айрес,-34.5589,-58.4197,2021-09-01,2021,9,15.4,76.0,-1.184712759324385,-1.248815095711132,-1.688927700820257,1.645021645021645
Буэнос-Айрес,-34.5589,-58.4197,2021-10-01,2021,10,18.2,7.0,-1.6383083581408595,-1.7624064793713778,-2.0981969662268205,0.1282051282051282
Буэнос-Айрес,-34.5589,-58.4197,2021-11-01,2021,11,20.9,61.0,-1.30239526189939,-1.3228169576343558,-2.2795370652218043,0.9728867623604466
Буэнос-Айрес,-34.5589,-58.4197,2021-12-01,2021,12,23.7,3.0,-2.4449273924523243,-2.2890587665803843,-2.4154280240659918,0.04219409282700422
Буэнос-Айрес,-34.5589,-58.4197,2022-01-01,2022,1,25.3,32.0,-2.6042012167672053,-2.419657128671291,-2.387919211225391,0.42160737812911725
Буэнос-Айрес,-34.5589,-58.4197,2022-02-01,2022,2,22.5,216.0,-0.25156360429703684,-0.2370029166454117,-1.292933018127754,3.2
Буэнос-Айрес,-34.5589,-58.4197,2022-03-01,2022,3,20.4,17.0,-0.3449552296209412,-0.36985636954000883,-1.8889648402701587,0.2777777777777778
Буэнос-Айрес,-34.5589,-58.4197,2022-04-01,2022,4,17.9,4.0,-0.5411514063706702,-0.636311634738404,-1.848921021985725,0.074487895716946
Буэнос-Айрес,-34.5589,-58.4197,2022-05-01,2022,5,13.7,2.0,-2.7265462585454765,-2.5156754170888744,-1.8860530125058839,0.04866180048661801
Буэнос-Айрес,-34.5589,-58.4197,2022-06-01,2022,6,10.5,0.0,-2.644868198919581,-2.36995081912654,-1.6701067396898543,0.0
Буэнос-Айрес,-34.5589,-58.4197,2022-07-01,2022,7,12.4,49.0,-1.6249015795344461,-1.6825340483311033,-1.4530241098133323,1.3172043010752688
Буэнос-Айрес,-34.5589,-58.4197,2022-08-01,2022,8,13.0,18.0,-1.4946890711515284,-1.491280102668436,-2.3035989491069313,0.46153846153846156
Буэнос-Айрес,-34.5589,-58.4197,2022-09-01,2022,9,15.2,29.0,-1.4448999060852936,-1.4259763704611568,-2.374536887220396,0.6359649122807017
Буэнос-Айрес,-34.5589,-58.4197,2022-10-01,2022,10,17.3,21.0,-2.4708351229490626,-2.5233178017486577,-2.6349826809666745,0.4046242774566474
Буэнос-Айрес,-34.5589,-58.4197,2022-11-01,2022,11,22.0,71.0,-1.6250833840636938,-1.5996039699591402,-2.163335544679695,1.0757575757575757
Буэнос-Айрес,-34.5589,-58.4197,2022-12-01,2022,12,24.1,71.0,-1.2366113801191705,-1.3066349725817445,-1.6996637213140522,0.9820193637621023
Буэнос-Айрес,-34.5589,-58.4197,2023-01-01,2023,1,25.7,57.0,-0.9275308135804484,-0.9913976430106654,-1.9020484791254957,0.7392996108949417
Буэнос-Айрес,-34.5589,-58.4197,2023-02-01,2023,2,24.6,26.0,-1.5344802888470839,-1.641667747037491,-2.4120444593402772,0.3523035230352303
Буэнос-Айрес,-34.5589,-58.4197,2023-03-01,2023,3,25.3,19.0,-2.645781475689987,-2.3468109371550763,-2.493545167900941,0.2503293807641634
Буэнос-Айрес,-34.5589,-58.4197,2023-04-01,2023,4,18.6,83.0,-2.49261672668692,-2.0994482992088264,-1.8950102742895147,1.4874551971326164
Буэнос-Айрес,-34.5589,-58.4197,2023-05-01,2023,5,16.5,143.0,-0.19052583890222102,-0.1670324377268966,-1.0239195277702249,2.888888888888889
Буэнос-Айрес,-34.5589,-58.4197,2023-06-01,2023,6,13.3,0.0,0.2253161617849801,0.2623272251186216,-1.3115323753854526,0.0
Буэнос-Айрес,-34.5589,-58.4197,2023-07-01,2023,7,12.6,54.0,0.3695226916548253,0.4380018149059704,-1.145745166404005,1.4285714285714286
Буэнос-Айрес,-34.5589,-58.4197,2023-08-01,2023,8,13.6,142.0,0.5132273121253228,0.5378822953327145,-0.03266290633445536,3.480392156862745
Буэнос-Айрес,-34.5589,-58.4197,2023-09-01,2023,9,14.5,50.0,0.9866456714428187,0.9855246911032992,0.6853685794131256,1.1494252873563218
Буэнос-Айрес,-34.5589,-58.4197,2023-10-01,2023,10,17.4,40.0,0.24327192494526872,0.28375401877062845,0.4088224903973973,0.7662835249042146
Буэнос-Айрес,-34.5589,-58.4197,2023-11-01,2023,11,20.7,129.0,-0.36029313916785716,-0.3874985302322962,0.07448742132068811,2.077294685990338
Буэнос-Айрес,-34.5589,-58.4197,2023-12-01,2023,12,22.5,124.0,0.12298133472238529,0.15382403144194445,0.6493105684264258,1.837037037037037
Буэнос-Айрес,-34.5589,-58.4197,2024-01-01,2024,1,24.9,31.0,0.06497590760990286,0.10190864650319924,0.12560025059106444,0.4149933065595716
Буэнос-Айрес,-34.5589,-58.4197,2024-02-01,2024,2,25.4,249.0,0.9758621974511675,1.0760765246127255,0.6541552663767372,3.267716535433071
Буэнос-Айрес,-34.5589,-58.4197,2024-03-01,2024,3,22.6,390.0,2.0385165607589433,1.8252095883998594,1.6193300920163112,5.752212389380531
Буэнос-Айрес,-34.5589,-58.4197,2024-04-01,2024,4,18.7,209.0,2.6925692568633166,2.2505181113186676,2.08405519484879,3.7254901960784315
Буэнос-Айрес,-34.5589,-58.4197,2024-05-01,2024,5,12.9,10.0,1.8981563737947564,1.691995436639205,1.6881479997145759,0.25839793281653745
Буэнос-Айрес,-34.5589,-58.4197,2024-06-01,2024,6,14.1,62.0,0.6684353309216863,0.7347311461627448,1.8627207130460728,1.4657210401891252
Буэнос-Айрес,-34.5589,-58.4197,2024-07-01,2024,7,10.5,7.0,-1.0471094458276007,-1.1494544445965311,1.7997059395088992,0.2222222222222222
Буэнос-Айрес,-34.5589,-58.4197,2024-08-01,2024,8,12.0,163.0,0.9030364391026003,0.9358219686445722,1.9556071406783349,4.527777777777778
Буэнос-Айрес,-34.5589,-58.4197,2024-09-01,2024,9,16.3,18.0,0.34488579908715256,0.288923943038533,0.6648638459245073,0.36809815950920244
Буэнос-Айрес,-34.5589,-58.4197,2024-10-01,2024,10,19.6,66.0,0.41136348137967627,0.4594198066004506,-0.41067404297660115,1.1224489795918366
Буэнос-Айрес,-34.5589,-58.4197,2024-11-01,2024,11,21.4,149.0,-0.19958847123939344,-0.2138970006724434,0.47919024941850014,2.3208722741433023
Буэнос-Айрес,-34.5589,-58.4197,2024-12-01,2024,12,21.6,38.0,-0.26393527992113275,-0.28448984335442323,-0.10507547446894454,0.5864197530864198
Буэнос-Айрес,-34.5589,-58.4197,2025-01-01,2025,1,24.9,68.0,-0.24918934868448714,-0.2513079781137272,0.011906724683550394,0.9103078982597055
Буэнос-Айрес,-34.5589,-58.4197,2025-02-01,2025,2,25.1,130.0,-0.40792824224709096,-0.4223435972852279,-0.6052867096656337,1.7264276228419655
Буэнос-Айрес,-34.5589,-58.4197,2025-03-01,2025,3,22.6,217.0,0.7423166974795541,0.7989657607257209,0.45862593732293255,3.200589970501475
Буэнос-Айрес,-34.5589,-58.4197,2025-04-01,2025,4,17.9,88.0,0.9290933900016101,0.973267070998903,0.5922252166374987,1.638733705772812
Буэнос-Айрес,-34.5589,-58.4197,2025-05-01,2025,5,16.4,263.0,1.7080947156434296,1.5657152236086307,1.0863849358684432,5.345528455284554
Буэнос-Айрес,-34.5589,-58.4197,2025-06-01,2025,6,11.1,13.0,1.2563198767210544,1.2857189771509347,1.2697804213548114,0.39039039039039036
Буэнос-Айрес,-34.5589,-58.4197,2025-07-01,2025,7,11.4,47.0,1.315793897213311,1.3282580351617157,1.3264512148968934,1.3742690058479532
Буэнос-Айрес,-34.5589,-58.4197,2025-08-01,2025,8,13.3,117.0,0.2887381618972128,0.29507334812081415,1.6045669075245037,2.9323308270676693
Буэнос-Айрес,-34.5589,-58.4197,2025-09-01,2025,9,15.2,98.0,1.1389515133042978,1.1357204576241253,1.5491183505386,2.1491228070175437
Буэнос-Айрес,-34.5589,-58.4197,2025-10-01,2025,10,18.6,139.0,1.4499710911968515,1.374800615206289,1.6016319181274046,2.4910394265232974
Буэнос-Айрес,-34.5589,-58.4197,2025-11-01,2025,11,20.1,117.0,1.0458262101874363,1.07158728043394,0.931245858298526,1.9402985074626866
Буэнос-Айрес,-34.5589,-58.4197,2025-12-01,2025,12,25.2,80.0,0.5145207407243658,0.5846474583216029,1.0255322593687395,1.0582010582010581
Буэнос-Айрес,-34.5589,-58.4197,2026-01-01,2026,1,24.1,11.0,-0.8109220346011259,-0.869378870628467,0.48279172533551257,0.15214384508990317
Буэнос-Айрес,-34.5589,-58.4197,2026-02-01,2026,2,24.4,76.0,-1.3092646510042796,-1.4230593626535128,-0.14041644978835874,1.0382513661202186
Буэнос-Айрес,-34.5589,-58.4197,2026-03-01,2026,3,24.4,76.0,-1.467381567941213,-1.5105374916858991,-0.6273258577378338,1.0382513661202186
Буэнос-Айрес,-34.5589,-58.4197,2026-04-01,2026,4,24.4,76.0,-0.6378500444315062,-0.7399662279577637,-1.0720233682674025,1.0382513661202186
Буэнос-Айрес,-34.5589,-58.4197,2026-05-01,2026,5,15.1,64.31231219194079,-0.41693867641624915,-0.41606903672893736,-1.1291739250991417,1.4196978408816952
Буэнос-Айрес,-34.5589,-58.4197,2026-06-01,2026,6,12.05,27.66273637471193,-0.3084202289621404,-0.3388821892544616,-1.2925425988938408,0.7652209232285458
Буэнос-Айрес,-34.5589,-58.4197,2026-07-01,2026,7,11.2,89.20379457190018,0.22388871695797277,0.27807239320527155,-0.4889906249746694,2.65487483844941
Буэнос-Айрес,-34.5589,-58.4197,2026-08-01,2026,8,12.5,65.11645442956602,0.3490558174797618,0.361041203022542,-0.32433589665983814,1.7364387847884273
Буэнос-Айрес,-34.5589,-58.4197,2026-09-01,2026,9,14.5,28.07724005548797,0.2727588647493092,0.20647522274023558,-0.2588316679033102,0.6454537943790338
Буэнос-Айрес,-34.5589,-58.4197,2026-10-01,2026,10,17.3,116.59599847459758,-0.019519599780675627,-0.002784370666961129,0.1324720250277625,2.246551030339067
Буэнос-Айрес,-34.5589,-58.4197,2026-11-01,2026,11,20.2,61.09259863976537,-0.5161274592471867,-0.553337735764977,-0.16753090098188836,1.0081286904251712
Буэнос-Айрес,-34.5589,-58.4197,2026-12-01,2026,12,22.8,109.91008104608096,0.07209180329599026,0.09640890470579153,0.13360603171812668,1.606872529913464
