station,lat,lon,date,year,month,temp,precip,spi3,spei3,spei6,gtk
Корриентес,-27.4386,-59.0458,1961-01-01,1961,1,27.8,67.0,,,,0.8033573141486811
Корриентес,-27.4386,-59.0458,1961-02-01,1961,2,26.4,200.0,,,,2.525252525252525
Корриентес,-27.4386,-59.0458,1961-03-01,1961,3,23.6,320.0,0.8397068248519758,0.8641243872231388,,4.519774011299435
Корриентес,-27.4386,-59.0458,1961-04-01,1961,4,21.0,100.0,0.8199014799865727,0.8748706910641199,,1.5873015873015872
Корриентес,-27.4386,-59.0458,1961-05-01,1961,5,19.8,80.0,0.6207563703725661,0.6912504042641499,,1.3468013468013469
Корриентес,-27.4386,-59.0458,1961-06-01,1961,6,15.4,30.0,-0.17144437248740005,-0.45745245589171574,0.2381415830685863,0.6493506493506493
Корриентес,-27.4386,-59.0458,1961-07-01,1961,7,16.4,20.0,-0.3315943592226978,-0.37527223835699824,0.6242860303286247,0.40650406504065045
Корриентес,-27.4386,-59.0458,1961-08-01,1961,8,20.1,40.0,-0.4343459511408296,-0.41935001400474886,0.44205748678209966,0.6633499170812603
Корриентес,-27.4386,-59.0458,1961-09-01,1961,9,19.2,20.0,-0.8659754738731414,-0.9244427064985803,-0.864404926254229,0.3472222222222222
Корриентес,-27.4386,-59.0458,1961-10-01,1961,10,23.1,180.0,0.2628389079371298,0.27685837713699657,-0.1144612963175583,2.5974025974025974
Корриентес,-27.4386,-59.0458,1961-11-01,1961,11,24.3,320.0,1.3774338488666267,1.354125637519702,0.9198075946698118,4.3895747599451305
Корриентес,-27.4386,-59.0458,1961-12-01,1961,12,26.4,90.0,1.1010520610321957,1.1123589650524879,0.7651422852165648,1.1363636363636365
Корриентес,-27.4386,-59.0458,1962-01-01,1962,1,25.7,210.0,0.9595159581775334,1.0183160813328715,0.8998665292992226,2.7237354085603114
Корриентес,-27.4386,-59.0458,1962-02-01,1962,2,25.1,40.0,-0.6075277297427393,-0.6574804090552401,0.5688060725304659,0.5312084993359893
Корриентес,-27.4386,-59.0458,1962-03-01,1962,3,24.5,220.0,0.18539783343399308,0.1954938212593699,0.9531938176679616,2.993197278911565
Корриентес,-27.4386,-59.0458,1962-04-01,1962,4,20.5,220.0,0.24661018923833136,0.29981216409651074,0.7878545117320995,3.5772357723577235
Корриентес,-27.4386,-59.0458,1962-05-01,1962,5,15.9,90.0,0.7491270633908987,0.8163667726573127,0.1658972312528722,1.8867924528301887
Корриентес,-27.4386,-59.0458,1962-06-01,1962,6,14.7,3.0,0.4034225858401817,0.3321867050505656,0.1808717653013298,0.06802721088435375
Корриентес,-27.4386,-59.0458,1962-07-01,1962,7,11.2,20.0,-0.5438149494553105,-0.6040657243413092,-0.0330691532713521,0.5952380952380952
Корриентес,-27.4386,-59.0458,1962-08-01,1962,8,15.8,20.0,-1.4451731745416918,-1.5337890422504927,0.3696917275770401,0.4219409282700422
Корриентес,-27.4386,-59.0458,1962-09-01,1962,9,20.0,20.0,-1.3955761144017698,-1.4664703706163802,-0.23149763114133984,0.3333333333333333
Корриентес,-27.4386,-59.0458,1962-10-01,1962,10,19.5,80.0,-1.1485920326318195,-1.1988794620395375,-1.301445451999161,1.3675213675213675
Корриентес,-27.4386,-59.0458,1962-11-01,1962,11,25.7,120.0,-0.7900241831830418,-0.8630534113611491,-1.3481420891703824,1.556420233463035
Корриентес,-27.4386,-59.0458,1962-12-01,1962,12,27.2,60.0,-0.8719597048274377,-0.944517518650223,-1.3814921804192175,0.7352941176470589
Корриентес,-27.4386,-59.0458,1963-01-01,1963,1,28.4,200.0,-0.19627666154057502,-0.21815393683186027,-0.8078774518609594,2.347417840375587
Корриентес,-27.4386,-59.0458,1963-02-01,1963,2,26.6,120.0,-0.3290185709715147,-0.3470614331300655,-0.7609222041358032,1.5037593984962405
Корриентес,-27.4386,-59.0458,1963-03-01,1963,3,25.9,60.0,-0.368576732494149,-0.404211266381513,-0.9681997665707291,0.7722007722007722
Корриентес,-27.4386,-59.0458,1963-04-01,1963,4,21.4,140.0,-0.5629401627313477,-0.5953421198878649,-0.7420687652170446,2.1806853582554515
Корриентес,-27.4386,-59.0458,1963-05-01,1963,5,19.8,80.0,-0.5506702242404811,-0.5937629334437664,-0.7104667440440302,1.3468013468013469
Корриентес,-27.4386,-59.0458,1963-06-01,1963,6,16.2,20.0,0.027148381203628575,-0.18080668604929379,-0.5294477402564947,0.411522633744856
Корриентес,-27.4386,-59.0458,1963-07-01,1963,7,18.6,40.0,-0.213326110964668,-0.24524954388929798,-0.7062525245682134,0.7168458781362007
Корриентес,-27.4386,-59.0458,1963-08-01,1963,8,17.9,5.0,-0.8992111287222342,-0.9499836635094611,-0.9357131688207518,0.0931098696461825
Корриентес,-27.4386,-59.0458,1963-09-01,1963,9,19.8,180.0,1.1696354170909151,1.156855208133307,0.31520465574234224,3.0303030303030303
Корриентес,-27.4386,-59.0458,1963-10-01,1963,10,22.4,70.0,0.4099639804834378,0.4370042692916633,0.0887649187211428,1.0416666666666667
Корриентес,-27.4386,-59.0458,1963-11-01,1963,11,23.6,100.0,0.33093405199937226,0.33175084832247553,-0.15874045232895528,1.4124293785310735
Корриентес,-27.4386,-59.0458,1963-12-01,1963,12,26.3,140.0,-0.4482305529038295,-0.5135226298178839,0.023015998460166158,1.7743979721166032
Корриентес,-27.4386,-59.0458,1964-01-01,1964,1,26.8,90.0,-0.5326968067811635,-0.6047493587179947,-0.34551160330147856,1.1194029850746268
Корриентес,-27.4386,-59.0458,1964-02-01,1964,2,27.7,120.0,-0.5366572003296931,-0.5794153320110913,-0.20928592486934464,1.444043321299639
Корриентес,-27.4386,-59.0458,1964-03-01,1964,3,24.3,200.0,-0.17826956539860772,-0.19852058495457875,-0.5351241779330832,2.7434842249657065
Корриентес,-27.4386,-59.0458,1964-04-01,1964,4,21.4,216.0,0.4874012371208538,0.5512263707986674,-0.033930947971887976,3.364485981308411
Корриентес,-27.4386,-59.0458,1964-05-01,1964,5,20.1,20.0,0.32752883169384966,0.3887059085659966,-0.17818067973794013,0.33167495854063017
Корриентес,-27.4386,-59.0458,1964-06-01,1964,6,12.9,30.0,0.17470159023249868,0.024273900657562256,-0.27850049605014715,0.7751937984496124
Корриентес,-27.4386,-59.0458,1964-07-01,1964,7,13.6,4.0,-1.4365061627714035,-1.4532133851297124,-0.047187598333793,0.09803921568627451
Корриентес,-27.4386,-59.0458,1964-08-01,1964,8,15.9,21.0,-1.125004812811728,-1.1986987459265497,-0.0242447615082901,0.44025157232704404
Корриентес,-27.4386,-59.0458,1964-09-01,1964,9,19.4,81.0,-0.3466300974141948,-0.3457831186439135,-0.23828433408343072,1.3917525773195876
Корриентес,-27.4386,-59.0458,1964-10-01,1964,10,20.0,54.0,-0.6700623721004683,-0.7368521438099138,-1.5006775855141634,0.9
Корриентес,-27.4386,-59.0458,1964-11-01,1964,11,23.5,75.0,-0.8986323245178819,-0.9667372451820925,-1.330932532665311,1.0638297872340425
Корриентес,-27.4386,-59.0458,1964-12-01,1964,12,24.5,208.0,-0.2501031476149016,-0.2985873140277716,-0.5647072020491355,2.8299319727891157
Корриентес,-27.4386,-59.0458,1965-01-01,1965,1,26.7,103.0,-0.15934159937189454,-0.17526976390923527,-0.5771016530557922,1.285892634207241
Корриентес,-27.4386,-59.0458,1965-02-01,1965,2,26.7,182.0,0.3951813368014345,0.46437812916888355,-0.19329679935537109,2.272159800249688
Корриентес,-27.4386,-59.0458,1965-03-01,1965,3,22.6,44.0,-0.706855200134746,-0.7602931513882129,-0.8258242380096622,0.6489675516224189
Корриентес,-27.4386,-59.0458,1965-04-01,1965,4,20.5,241.0,0.1881359583427328,0.2369711076954124,-0.08635495334672232,3.9186991869918697
Корриентес,-27.4386,-59.0458,1965-05-01,1965,5,17.7,88.0,0.006804797526101652,0.03641669509378448,0.14989792139637406,1.6572504708097928
Корриентес,-27.4386,-59.0458,1965-06-01,1965,6,19.4,70.0,0.7434320475451822,0.7501181944559927,-0.05098855799824371,1.2027491408934707
Корриентес,-27.4386,-59.0458,1965-07-01,1965,7,14.9,29.0,0.2908031689104034,0.31154937764024443,0.24156796338215453,0.6487695749440716
Корриентес,-27.4386,-59.0458,1965-08-01,1965,8,17.1,56.0,0.4383551075811506,0.5283035920527615,0.1631290732698563,1.0916179337231968
Корриентес,-27.4386,-59.0458,1965-09-01,1965,9,16.4,81.0,0.5252838920525139,0.5898335901226116,0.763677925802952,1.6463414634146343
Корриентес,-27.4386,-59.0458,1965-10-01,1965,10,20.9,234.0,1.4151778470009468,1.4141524279462043,1.172832967046325,3.7320574162679425
Корриентес,-27.4386,-59.0458,1965-11-01,1965,11,23.4,213.0,1.4200736006872956,1.3900427768558168,1.204883135257663,3.034188034188034
Корриентес,-27.4386,-59.0458,1965-12-01,1965,12,25.0,285.0,1.6561647535294672,1.5686567101969247,1.652487678327827,3.8
Корриентес,-27.4386,-59.0458,1966-01-01,1966,1,25.9,378.0,1.8226545692599183,1.6986308382168556,1.9446982281015255,4.864864864864865
Корриентес,-27.4386,-59.0458,1966-02-01,1966,2,24.2,165.0,2.1709018547624503,2.00000916900047,2.0278479133572977,2.272727272727273
Корриентес,-27.4386,-59.0458,1966-03-01,1966,3,23.9,199.0,1.6188576510655153,1.5370886264813977,1.9632884982573302,2.775453277545328
Корриентес,-27.4386,-59.0458,1966-04-01,1966,4,22.1,150.0,0.39483978103643097,0.45610340899574986,1.5053990996202788,2.262443438914027
Корриентес,-27.4386,-59.0458,1966-05-01,1966,5,18.0,64.0,0.21461440216995897,0.2667620447083107,1.3994057166500862,1.1851851851851851
Корриентес,-27.4386,-59.0458,1966-06-01,1966,6,17.0,7.0,-0.09428277031619409,-0.3503983708642863,0.8528354773392747,0.13725490196078433
Корриентес,-27.4386,-59.0458,1966-07-01,1966,7,15.8,43.0,-0.5309052164494442,-0.5903612120762121,0.1274554885283914,0.9071729957805907
Корриентес,-27.4386,-59.0458,1966-08-01,1966,8,13.6,16.0,-0.8781792044475749,-0.926396449490435,-0.08861132502199805,0.39215686274509803
Корриентес,-27.4386,-59.0458,1966-09-01,1966,9,16.7,51.0,-0.2771874614220467,-0.26739256245508003,-0.5336978241839603,1.0179640718562875
Корриентес,-27.4386,-59.0458,1966-10-01,1966,10,20.7,105.0,-0.4752229760077379,-0.5333500720353349,-0.8374987112877809,1.6908212560386473
Корриентес,-27.4386,-59.0458,1966-11-01,1966,11,24.6,105.0,-0.38673046881555756,-0.45176583321011915,-0.8165708154803454,1.4227642276422765
Корриентес,-27.4386,-59.0458,1966-12-01,1966,12,25.0,130.0,-0.22912287522710933,-0.275511216671371,-0.5186153676317379,1.7333333333333334
Корриентес,-27.4386,-59.0458,1967-01-01,1967,1,25.2,173.0,-0.02904500734461871,-0.02424973043698879,-0.37212067975323715,2.2883597883597884
Корриентес,-27.4386,-59.0458,1967-02-01,1967,2,25.1,241.0,0.6968291800481973,0.7800059736855495,0.320248565471552,3.200531208499336
Корриентес,-27.4386,-59.0458,1967-03-01,1967,3,22.5,180.0,0.8768626914122755,0.8994785650782305,0.48523036836936456,2.6666666666666665
Корриентес,-27.4386,-59.0458,1967-04-01,1967,4,21.0,50.0,0.20623943081883805,0.2564916105322385,0.017850302907327188,0.7936507936507936
Корриентес,-27.4386,-59.0458,1967-05-01,1967,5,21.8,38.0,-0.6326821935142067,-0.6847523308485547,-0.07008198509600051,0.581039755351682
Корриентес,-27.4386,-59.0458,1967-06-01,1967,6,11.7,22.0,-7.554229015942697,-1.9647053167903656,-0.1551485847816822,0.6267806267806267
Корриентес,-27.4386,-59.0458,1967-07-01,1967,7,15.7,71.0,-0.3195620324471321,-0.36210871371359804,0.008950636567300668,1.5074309978768579
Корриентес,-27.4386,-59.0458,1967-08-01,1967,8,17.0,52.0,0.3235874740017094,0.41368462679666546,-0.4757145806476229,1.0196078431372548
Корриентес,-27.4386,-59.0458,1967-09-01,1967,9,18.6,59.0,0.714802548995067,0.7694176696808198,-0.8474063740609283,1.0573476702508962
Корриентес,-27.4386,-59.0458,1967-10-01,1967,10,22.7,114.0,0.11067381866819699,0.10900715731950066,-0.2314832879796448,1.6740088105726871
Корриентес,-27.4386,-59.0458,1967-11-01,1967,11,22.8,107.0,-0.21824266342804707,-0.27044254032075116,-0.09038566007260343,1.564327485380117
Корриентес,-27.4386,-59.0458,1967-12-01,1967,12,27.2,11.0,-1.1561241119406653,-1.2037371978629339,-0.7568611469785613,0.13480392156862744
Корриентес,-27.4386,-59.0458,1968-01-01,1968,1,26.6,140.0,-1.1551315514054752,-1.2583950795399725,-0.9020832367914777,1.7543859649122806
Корриентес,-27.4386,-59.0458,1968-02-01,1968,2,25.6,109.0,-1.208519399020971,-1.280811532668207,-1.1010475632430181,1.4192708333333333
Корриентес,-27.4386,-59.0458,1968-03-01,1968,3,24.1,31.0,-1.0518045971851848,-1.1029507311134599,-1.681163775009715,0.4287690179806362
Корриентес,-27.4386,-59.0458,1968-04-01,1968,4,18.0,38.0,-1.555183689489186,-1.5911999746644794,-1.9473439313955745,0.7037037037037037
Корриентес,-27.4386,-59.0458,1968-05-01,1968,5,15.7,38.0,-2.2488837687502667,-2.1411902411752726,-1.8830133323886278,0.8067940552016986
Корриентес,-27.4386,-59.0458,1968-06-01,1968,6,15.9,78.0,-0.7075529601239123,-1.1379115005404876,-1.3668490125512036,1.6352201257861636
Корриентес,-27.4386,-59.0458,1968-07-01,1968,7,17.1,76.0,0.3402345580907313,0.36509501632253366,-1.2025373678792501,1.4814814814814814
Корриентес,-27.4386,-59.0458,1968-08-01,1968,8,17.0,152.0,1.766145881073822,1.5713045756829294,-0.4757145806476229,2.980392156862745
Корриентес,-27.4386,-59.0458,1968-09-01,1968,9,17.6,60.0,1.7359612075935484,1.5599126710357716,0.1921253687333197,1.1363636363636365
Корриентес,-27.4386,-59.0458,1968-10-01,1968,10,21.6,152.0,1.3599599789986592,1.366789964717281,1.1621008905387369,2.345679012345679
Корриентес,-27.4386,-59.0458,1968-11-01,1968,11,25.6,86.0,-0.0672306624668635,-0.10519320869780928,0.8939682846735997,1.1197916666666667
Корриентес,-27.4386,-59.0458,1968-12-01,1968,12,26.8,78.0,-0.402655325642272,-0.4646450025678259,0.4238525374106596,0.9701492537313433
Корриентес,-27.4386,-59.0458,1969-01-01,1969,1,25.2,294.0,0.2418139512558993,0.28433038865981175,0.7568942772589158,3.888888888888889
Корриентес,-27.4386,-59.0458,1969-02-01,1969,2,26.2,130.0,0.44943732968932604,0.5226275910003151,0.29660741744950403,1.6539440203562341
Корриентес,-27.4386,-59.0458,1969-03-01,1969,3,24.0,48.0,0.1971609844685723,0.2081117666228317,-0.1837326010775426,0.6666666666666666
Корриентес,-27.4386,-59.0458,1969-04-01,1969,4,20.3,105.0,-0.787034451963217,-0.8380975229152139,-0.5606997127615256,1.7241379310344827
Корриентес,-27.4386,-59.0458,1969-05-01,1969,5,18.9,144.0,-0.4391001052834924,-0.46860361347356067,-0.12398611364993292,2.5396825396825395
Корриентес,-27.4386,-59.0458,1969-06-01,1969,6,14.9,10.0,0.1367584146181498,-0.028168873034788388,-0.03808431587809302,0.22371364653243847
Корриентес,-27.4386,-59.0458,1969-07-01,1969,7,16.8,20.0,0.15884925332561584,0.16710216620673177,-0.7223795646723148,0.3968253968253968
Корриентес,-27.4386,-59.0458,1969-08-01,1969,8,14.2,19.0,-1.2769248348820461,-1.3605439459734363,-0.9284788760379675,0.4460093896713615
Корриентес,-27.4386,-59.0458,1969-09-01,1969,9,20.3,60.0,-0.47387169202671525,-0.48947228428936,-0.3353563592568493,0.9852216748768473
Корриентес,-27.4386,-59.0458,1969-10-01,1969,10,20.5,117.0,-0.19965840089742362,-0.23462219170006549,-0.1144612963175583,1.9024390243902438
Корриентес,-27.4386,-59.0458,1969-11-01,1969,11,23.9,127.0,-0.01856129046841773,-0.05163339846122441,-0.6124787116087905,1.7712691771269178
Корриентес,-27.4386,-59.0458,1969-12-01,1969,12,25.8,34.0,-0.7091724172721229,-0.7845906223886795,-1.0033050421801182,0.4392764857881137
Корриентес,-27.4386,-59.0458,1970-01-01,1970,1,27.2,123.0,-0.9042819727744891,-1.008316417448633,-0.91873962463975,1.5073529411764706
Корриентес,-27.4386,-59.0458,1970-02-01,1970,2,26.3,208.0,-0.4319292211495765,-0.4627998432484613,-0.3768156024836236,2.6362484157160964
Корриентес,-27.4386,-59.0458,1970-03-01,1970,3,25.1,112.0,0.024391472880493772,0.02165900155486206,-0.5298223396962749,1.4873837981407703
Корриентес,-27.4386,-59.0458,1970-04-01,1970,4,23.1,31.0,-0.3880878407647773,-0.4016373606536457,-1.0345467533119164,0.44733044733044736
Корриентес,-27.4386,-59.0458,1970-05-01,1970,5,19.0,84.0,-0.9372717688316062,-1.0119771484567888,-0.9954015987553504,1.4736842105263157
Корриентес,-27.4386,-59.0458,1970-06-01,1970,6,15.4,46.0,-0.6193130575862783,-1.0371681385539426,-0.6017989780125207,0.9956709956709957
Корриентес,-27.4386,-59.0458,1970-07-01,1970,7,15.2,44.0,0.15884925332561584,0.16710216620673177,-0.3660301902645535,0.9649122807017544
Корриентес,-27.4386,-59.0458,1970-08-01,1970,8,15.6,64.0,0.42711153291039106,0.5172472602447495,-0.6842318562185126,1.3675213675213675
Корриентес,-27.4386,-59.0458,1970-09-01,1970,9,19.1,215.0,2.0146527311017213,1.7309311624411046,0.4107380967960914,3.7521815008726005
Корриентес,-27.4386,-59.0458,1970-10-01,1970,10,21.3,104.0,1.5084968478951601,1.4925278262114543,1.1674740799573287,1.6275430359937402
Корриентес,-27.4386,-59.0458,1970-11-01,1970,11,21.5,76.0,0.6396044533411499,0.65900791866509,0.6374842327083097,1.178294573643411
Корриентес,-27.4386,-59.0458,1970-12-01,1970,12,26.1,97.0,-0.7178777686020644,-0.793336944205862,0.4018044781698964,1.2388250319284801
Корриентес,-27.4386,-59.0458,1971-01-01,1971,1,26.3,151.0,-0.5771647660116408,-0.654724051670997,0.26580904066620126,1.9138149556400508
Корриентес,-27.4386,-59.0458,1971-02-01,1971,2,25.0,69.0,-0.7738899025574588,-0.837441262060994,-0.14559006011118553,0.92
Корриентес,-27.4386,-59.0458,1971-03-01,1971,3,23.3,190.0,-0.17826956539860772,-0.19852058495457875,-0.7118458882910685,2.7181688125894135
Корриентес,-27.4386,-59.0458,1971-04-01,1971,4,18.9,101.0,-0.3392481149034028,-0.3471408649427783,-0.8135967668167956,1.781305114638448
Корриентес,-27.4386,-59.0458,1971-05-01,1971,5,16.0,101.0,0.10745385985717268,0.14879595030445575,-0.5029709297661346,2.1041666666666665
Корриентес,-27.4386,-59.0458,1971-06-01,1971,6,11.3,12.0,-0.14271876135167408,-0.41771296156382126,-0.5113913887411196,0.35398230088495575
Корриентес,-27.4386,-59.0458,1971-07-01,1971,7,16.8,58.0,0.12765473485559303,0.1327008601315985,-0.3356215068165983,1.1507936507936507
Корриентес,-27.4386,-59.0458,1971-08-01,1971,8,16.1,70.0,0.264145218480717,0.3528221358737365,0.18241209293478097,1.4492753623188404
Корриентес,-27.4386,-59.0458,1971-09-01,1971,9,20.1,34.0,0.4757620374392887,0.5411813997873752,-0.2112537981968194,0.5638474295190713
Корриентес,-27.4386,-59.0458,1971-10-01,1971,10,20.0,61.0,-0.5592804179016683,-0.6220833426926411,-0.40183511453493403,1.0166666666666666
Корриентес,-27.4386,-59.0458,1971-11-01,1971,11,24.6,41.0,-1.9130775229795847,-1.7654415374103043,-1.2369737594674934,0.5555555555555556
Корриентес,-27.4386,-59.0458,1971-12-01,1971,12,27.1,133.0,-1.1235126521288261,-1.1753497970390656,-0.8700366302200387,1.6359163591635917
Корриентес,-27.4386,-59.0458,1972-01-01,1972,1,25.7,199.0,-0.240192783336547,-0.2691200671211364,-0.5989212079106216,2.5810635538262
Корриентес,-27.4386,-59.0458,1972-02-01,1972,2,25.7,68.0,-0.19449371995039028,-0.1947008246304604,-1.1237776311193288,0.8819714656290532
Корриентес,-27.4386,-59.0458,1972-03-01,1972,3,23.3,203.0,0.18539783343399308,0.1954938212593699,-0.6150469678922671,2.90414878397711
Корриентес,-27.4386,-59.0458,1972-04-01,1972,4,19.6,187.0,0.14703128399501478,0.1924452334840543,-0.17646988927550233,3.1802721088435373
Корриентес,-27.4386,-59.0458,1972-05-01,1972,5,20.5,92.0,0.5411176077059643,0.611301132105126,0.21361823237033067,1.4959349593495934
Корриентес,-27.4386,-59.0458,1972-06-01,1972,6,18.5,95.0,0.6523695497864628,0.643691099548554,0.42455865878394417,1.7117117117117118
Корриентес,-27.4386,-59.0458,1972-07-01,1972,7,14.3,68.0,0.9110027958771729,0.9482653275325553,0.48392726503450895,1.5850815850815851
Корриентес,-27.4386,-59.0458,1972-08-01,1972,8,15.1,68.0,1.1793487771860827,1.171353706064278,0.886878611641919,1.5011037527593818
Корриентес,-27.4386,-59.0458,1972-09-01,1972,9,19.7,32.0,0.549705623059362,0.6135673593846462,0.6716094465405978,0.5414551607445008
Корриентес,-27.4386,-59.0458,1972-10-01,1972,10,19.9,110.0,-0.047012298418471495,-0.0658837724224164,0.608080000758003,1.8425460636515913
Корриентес,-27.4386,-59.0458,1972-11-01,1972,11,22.1,243.0,0.5734323063410627,0.5902885110658387,0.9452537445561342,3.665158371040724
Корриентес,-27.4386,-59.0458,1972-12-01,1972,12,24.7,158.0,0.7449433015558287,0.7751303553980385,0.8083972940248572,2.1322537112010798
Корриентес,-27.4386,-59.0458,1973-01-01,1973,1,26.9,441.0,1.7203578189426358,1.628449416058713,1.4968614483339422,5.4646840148698885
Корриентес,-27.4386,-59.0458,1973-02-01,1973,2,26.7,143.0,1.7555219052622069,1.7067915683558144,1.4958143151743903,1.7852684144818975
Корриентес,-27.4386,-59.0458,1973-03-01,1973,3,25.1,256.0,2.0709759863513177,1.866263752262395,1.724630373285331,3.399734395750332
Корриентес,-27.4386,-59.0458,1973-04-01,1973,4,22.4,189.0,0.6968585704188522,0.7585545582885111,1.5844824695379978,2.8125
Корриентес,-27.4386,-59.0458,1973-05-01,1973,5,18.3,153.0,1.0224646144818217,1.0668059685973585,1.6466767766935964,2.7868852459016393
Корриентес,-27.4386,-59.0458,1973-06-01,1973,6,16.3,125.5,0.9693993330005165,0.995842615310003,1.7712011631441507,2.5664621676891617
Корриентес,-27.4386,-59.0458,1973-07-01,1973,7,13.8,98.0,1.8215965331527768,1.7097653816089569,1.2835789513176517,2.367149758454106
Корриентес,-27.4386,-59.0458,1973-08-01,1973,8,14.0,76.0,1.7192110691089646,1.5423254312490875,1.3649230009112274,1.8095238095238095
Корриентес,-27.4386,-59.0458,1973-09-01,1973,9,17.0,39.0,1.049510644572605,1.0604213625087537,1.1495038268262159,0.7647058823529411
Корриентес,-27.4386,-59.0458,1973-10-01,1973,10,21.2,81.0,-0.19965840089742362,-0.23462219170006549,1.2489576235473985,1.2735849056603774
Корриентес,-27.4386,-59.0458,1973-11-01,1973,11,21.8,64.0,-1.2057729536445634,-1.2412480401519952,0.28050182247975197,0.9785932721712538
Корриентес,-27.4386,-59.0458,1973-12-01,1973,12,24.3,188.0,-0.27837847107189495,-0.32960878441857255,0.08968145788476924,2.578875171467764
Корриентес,-27.4386,-59.0458,1974-01-01,1974,1,27.3,126.0,-0.20873160607848404,-0.23261263247858482,-0.40417351470656354,1.5384615384615385
Корриентес,-27.4386,-59.0458,1974-02-01,1974,2,24.7,192.0,0.4734059120899345,0.5481679833798778,-0.26288220591832595,2.591093117408907
Корриентес,-27.4386,-59.0458,1974-03-01,1974,3,23.7,51.0,-0.43990519872306466,-0.48054939594363666,-0.6311160199946602,0.7172995780590717
Корриентес,-27.4386,-59.0458,1974-04-01,1974,4,20.3,83.0,-0.5282493171506051,-0.5571414550364502,-0.7242457178096863,1.3628899835796386
Корриентес,-27.4386,-59.0458,1974-05-01,1974,5,18.2,119.0,-0.7394222233018328,-0.8015386355019275,-0.29149454189510804,2.1794871794871793
Корриентес,-27.4386,-59.0458,1974-06-01,1974,6,14.1,11.0,-0.14982541085969228,-0.4275588615727622,-0.7014993502621202,0.26004728132387706
Корриентес,-27.4386,-59.0458,1974-07-01,1974,7,17.0,62.0,0.3402345580907313,0.36509501632253366,-0.40173804878566355,1.2156862745098038
Корриентес,-27.4386,-59.0458,1974-08-01,1974,8,15.6,61.0,0.19083495154596233,0.2764217978945031,-0.6440736851237006,1.3034188034188035
Корриентес,-27.4386,-59.0458,1974-09-01,1974,9,16.8,27.0,0.3213400482312944,0.38511398565208815,-0.30024398599410373,0.5357142857142857
Корриентес,-27.4386,-59.0458,1974-10-01,1974,10,20.4,31.0,-1.1628130519518076,-1.211705099137872,-0.6185420512366372,0.5065359477124183
Корриентес,-27.4386,-59.0458,1974-11-01,1974,11,23.1,53.0,-2.41124727089212,-2.049498542902136,-1.504835109686819,0.7647907647907648
Корриентес,-27.4386,-59.0458,1974-12-01,1974,12,24.7,137.0,-1.2810618018467523,-1.3091229144746663,-1.0432662832443325,1.8488529014844803
Корриентес,-27.4386,-59.0458,1975-01-01,1975,1,26.5,44.0,-1.4274207769208889,-1.505503385566494,-1.6260811289317445,0.5534591194968553
Корриентес,-27.4386,-59.0458,1975-02-01,1975,2,26.6,158.0,-0.6146623356897071,-0.6652964856715796,-1.6114521564685933,1.9799498746867168
Корриентес,-27.4386,-59.0458,1975-03-01,1975,3,24.1,376.0,0.7916303371321834,0.8179043222322585,-0.12891194895503072,5.200553250345782
Корриентес,-27.4386,-59.0458,1975-04-01,1975,4,21.5,180.0,1.1594422992284756,1.174089698479822,0.2811607161463438,2.7906976744186047
Корриентес,-27.4386,-59.0458,1975-05-01,1975,5,18.3,59.0,1.087431450810443,1.123122271922804,0.49019269664003357,1.0746812386156648
Корриентес,-27.4386,-59.0458,1975-06-01,1975,6,17.1,68.0,0.37636732444044413,0.2966893775511799,0.5793495557212393,1.3255360623781676
Корриентес,-27.4386,-59.0458,1975-07-01,1975,7,13.8,34.0,0.021512721240774375,0.015184934655358537,1.0374524572760604,0.821256038647343
Корриентес,-27.4386,-59.0458,1975-08-01,1975,8,15.4,109.0,1.0023814952314691,1.0328809432307162,1.2004473704200809,2.3593073593073592
Корриентес,-27.4386,-59.0458,1975-09-01,1975,9,17.8,89.0,1.2376233379252508,1.209634805050341,0.659156198960867,1.6666666666666667
Корриентес,-27.4386,-59.0458,1975-10-01,1975,10,20.3,71.0,0.5431027161260708,0.5791976395615405,0.35835137526119704,1.1658456486042692
Корриентес,-27.4386,-59.0458,1975-11-01,1975,11,21.9,203.0,0.4231005402873225,0.4311081419444063,0.7586103855492198,3.0898021308980215
Корриентес,-27.4386,-59.0458,1975-12-01,1975,12,24.8,128.0,0.16764564398335866,0.1643899164973974,0.584264974471108,1.7204301075268817
Корриентес,-27.4386,-59.0458,1976-01-01,1976,1,26.5,271.0,0.8885800044536278,0.9526357032100405,0.9395507280227489,3.408805031446541
Корриентес,-27.4386,-59.0458,1976-02-01,1976,2,24.9,104.0,0.45543778354798653,0.5290328582490165,0.5946313456867472,1.392235609103079
Корриентес,-27.4386,-59.0458,1976-03-01,1976,3,22.4,222.0,0.892724002413759,0.9144723369433402,0.7390185468750864,3.3035714285714284
Корриентес,-27.4386,-59.0458,1976-04-01,1976,4,19.1,65.0,-0.1769344338096622,-0.16566643213999688,0.44180922533676276,1.1343804537521816
Корриентес,-27.4386,-59.0458,1976-05-01,1976,5,16.0,30.0,-0.3140268587073032,-0.32703223058081515,-0.037071296614402664,0.625
Корриентес,-27.4386,-59.0458,1976-06-01,1976,6,14.2,16.0,-2.303081492586607,-1.9399556556522115,-0.13767982379036825,0.3755868544600939
Корриентес,-27.4386,-59.0458,1976-07-01,1976,7,15.2,30.0,-1.0680021995379296,-1.1284777821021246,-0.668754310945923,0.6578947368421053
Корриентес,-27.4386,-59.0458,1976-08-01,1976,8,15.5,18.0,-0.9204980377333156,-0.9737919199098485,-0.6842318562185126,0.3870967741935484
Корриентес,-27.4386,-59.0458,1976-09-01,1976,9,18.3,35.0,-0.7985524537131689,-0.851105113085936,-1.8102818252722854,0.6375227686703097
Корриентес,-27.4386,-59.0458,1976-10-01,1976,10,21.3,21.0,-1.8719507711531165,-1.7849082288580886,-2.0130085138474545,0.3286384976525822
Корриентес,-27.4386,-59.0458,1976-11-01,1976,11,23.4,96.0,-1.650390007844793,-1.5880548288316576,-1.7647881662321283,1.3675213675213675
Корриентес,-27.4386,-59.0458,1976-12-01,1976,12,25.2,122.0,-1.0809196391979115,-1.137731845166233,-1.3682951026038155,1.6137566137566137
Корриентес,-27.4386,-59.0458,1977-01-01,1977,1,25.8,655.0,1.8137487604809626,1.6926194139649664,1.1942391234228702,8.462532299741602
Корриентес,-27.4386,-59.0458,1977-02-01,1977,2,26.3,40.0,2.1190347376954017,1.9651929191693318,0.9992946449630629,0.5069708491761724
Корриентес,-27.4386,-59.0458,1977-03-01,1977,3,25.2,177.0,2.2128620736920297,1.9616322485847906,1.1159335213312125,2.3412698412698414
Корриентес,-27.4386,-59.0458,1977-04-01,1977,4,20.6,83.0,-0.6817931880078881,-0.7250526230738723,0.9962485117945564,1.343042071197411
Корриентес,-27.4386,-59.0458,1977-05-01,1977,5,16.9,101.0,-0.05873510849480443,-0.037385762392294186,1.2259302469573718,1.9921104536489154
Корриентес,-27.4386,-59.0458,1977-06-01,1977,6,16.4,26.0,-0.17144437248740005,-0.45745245589171574,1.2187206933698724,0.5284552845528456
Корриентес,-27.4386,-59.0458,1977-07-01,1977,7,17.7,53.0,0.22038633669116736,0.23470715997545893,-0.5996238120654225,0.9981167608286252
Корриентес,-27.4386,-59.0458,1977-08-01,1977,8,16.1,66.0,0.3235874740017094,0.41368462679666546,0.0537071297179255,1.3664596273291925
Корриентес,-27.4386,-59.0458,1977-09-01,1977,9,20.4,13.0,0.07046576011274773,0.11903419959033373,-0.45109041593525806,0.21241830065359477
Корриентес,-27.4386,-59.0458,1977-10-01,1977,10,22.9,85.0,-0.5714358556740216,-0.6348015672932803,-0.3333009627582505,1.2372634643377
Корриентес,-27.4386,-59.0458,1977-11-01,1977,11,23.6,154.0,-0.4702228468368297,-0.539886871409581,-0.2852910574667366,2.175141242937853
Корриентес,-27.4386,-59.0458,1977-12-01,1977,12,26.0,245.0,0.6127604913606275,0.6413718704020243,0.48907006533014014,3.141025641025641
Корриентес,-27.4386,-59.0458,1978-01-01,1978,1,26.5,142.0,0.633782549352186,0.7037262010289254,0.25648624273930876,1.7861635220125787
Корриентес,-27.4386,-59.0458,1978-02-01,1978,2,25.1,88.0,0.2852771442558658,0.3446777564269917,-0.0669948486302751,1.1686586985391767
Корриентес,-27.4386,-59.0458,1978-03-01,1978,3,25.3,36.0,-1.1544077227741414,-1.2000905423365218,-0.37767204592942377,0.4743083003952569
Корриентес,-27.4386,-59.0458,1978-04-01,1978,4,19.1,221.0,-0.42110872281558626,-0.4384102351658984,0.04545871656471036,3.856893542757417
Корриентес,-27.4386,-59.0458,1978-05-01,1978,5,16.2,97.0,-0.09771998202906401,-0.0814592804541803,-9.405977034800101e-05,1.9958847736625513
Корриентес,-27.4386,-59.0458,1978-06-01,1978,6,15.2,69.0,0.7003896544015757,0.7003394749379058,-0.38101391039824667,1.513157894736842
Корриентес,-27.4386,-59.0458,1978-07-01,1978,7,17.1,68.0,0.7303794007470459,0.7718218430230983,-0.09942660556663524,1.3255360623781676
Корриентес,-27.4386,-59.0458,1978-08-01,1978,8,14.6,72.0,0.9840873338040033,1.018045583459783,0.32571170557967555,1.643835616438356
Корриентес,-27.4386,-59.0458,1978-09-01,1978,9,19.6,33.0,0.6098132822525881,0.6712417088341733,0.7441622345108786,0.5612244897959183
Корриентес,-27.4386,-59.0458,1978-10-01,1978,10,22.3,118.0,0.08997932620438623,0.08607699545893012,0.5528245927372674,1.7638266068759343
Корриентес,-27.4386,-59.0458,1978-11-01,1978,11,23.6,195.0,0.3020390389613299,0.30037796273163725,0.6672765055441867,2.7542372881355934
Корриентес,-27.4386,-59.0458,1978-12-01,1978,12,25.5,84.0,0.13791373577337637,0.13153353218531455,0.23163761926606152,1.0980392156862746
Корриентес,-27.4386,-59.0458,1979-01-01,1979,1,27.7,87.0,-0.2850442640647651,-0.32110102704925797,-0.324293583416326,1.0469314079422383
Корриентес,-27.4386,-59.0458,1979-02-01,1979,2,25.5,65.0,-1.4022876185360995,-1.4647129017897258,-0.8626703400201513,0.8496732026143791
Корриентес,-27.4386,-59.0458,1979-03-01,1979,3,22.3,89.0,-1.342566894642209,-1.3722621534976798,-0.9792000752410223,1.3303437967115097
Корриентес,-27.4386,-59.0458,1979-04-01,1979,4,18.8,70.0,-1.1889659486234274,-1.2494629124846035,-1.2391918607832175,1.2411347517730495
Корриентес,-27.4386,-59.0458,1979-05-01,1979,5,15.9,5.0,-1.5114914183036063,-1.5665445224132335,-1.7587786273695658,0.10482180293501048
Корриентес,-27.4386,-59.0458,1979-06-01,1979,6,14.1,59.0,-1.0398603749708561,-1.4625554364441695,-1.6251767472384575,1.3947990543735225
Корриентес,-27.4386,-59.0458,1979-07-01,1979,7,15.9,37.0,-0.7033626105790417,-0.7706507684271551,-1.4587786270320868,0.7756813417190775
Корриентес,-27.4386,-59.0458,1979-08-01,1979,8,19.0,47.0,0.2999835826405389,0.38963604261413987,-1.221762996477743,0.8245614035087719
Корриентес,-27.4386,-59.0458,1979-09-01,1979,9,17.1,58.0,0.21296537256861636,0.2719103641998066,-0.9860183901361116,1.1306042884990253
Корриентес,-27.4386,-59.0458,1979-10-01,1979,10,22.0,178.0,0.6725133694502832,0.7142799658971721,0.00033344306336811295,2.696969696969697
Корриентес,-27.4386,-59.0458,1979-11-01,1979,11,22.9,49.0,-0.17550622845755448,-0.22387270452125252,-0.07015633406244098,0.7132459970887919
Корриентес,-27.4386,-59.0458,1979-12-01,1979,12,25.2,275.0,0.7015515162792989,0.7317036020571027,0.6357790508219171,3.6375661375661377
Корриентес,-27.4386,-59.0458,1980-01-01,1980,1,25.5,238.0,0.7242088381808577,0.7943662488857647,0.844533263765815,3.111111111111111
Корриентес,-27.4386,-59.0458,1980-02-01,1980,2,25.7,90.0,1.0295244653087432,1.1020775221908063,0.6871541682677816,1.1673151750972763
Корриентес,-27.4386,-59.0458,1980-03-01,1980,3,26.7,165.0,0.31936939931660063,0.3382725573992729,0.7241823395371726,2.059925093632959
Корриентес,-27.4386,-59.0458,1980-04-01,1980,4,23.4,97.0,-0.3826206856102522,-0.39554275603236655,0.15390821088360518,1.3817663817663817
Корриентес,-27.4386,-59.0458,1980-05-01,1980,5,20.1,135.0,0.1333420219855064,0.1774705844540341,0.6571216242694956,2.2388059701492535
Корриентес,-27.4386,-59.0458,1980-06-01,1980,6,14.9,86.0,0.42556264163098745,0.3610165895124955,0.29463286621631213,1.9239373601789709
Корриентес,-27.4386,-59.0458,1980-07-01,1980,7,13.7,8.0,0.6860664987547672,0.7272927056220516,-0.08987396898267531,0.19464720194647203
Корриентес,-27.4386,-59.0458,1980-08-01,1980,8,16.6,56.0,0.3816294780071161,0.47213681647453204,0.2530912004534004,1.1244979919678713
Корриентес,-27.4386,-59.0458,1980-09-01,1980,9,16.2,68.0,0.07046576011274773,0.11903419959033373,0.2358920989303228,1.3991769547325104
Корриентес,-27.4386,-59.0458,1980-10-01,1980,10,21.1,126.0,0.3614553385205307,0.38450686290512637,0.7021542744820127,1.990521327014218
Корриентес,-27.4386,-59.0458,1980-11-01,1980,11,21.7,121.0,0.06867388547395707,0.044487812344399934,0.16861765375802454,1.858678955453149
Корриентес,-27.4386,-59.0458,1980-12-01,1980,12,25.4,85.0,-0.28550231978039264,-0.3374092403527451,-0.42690950588341675,1.1154855643044619
Корриентес,-27.4386,-59.0458,1981-01-01,1981,1,26.2,148.0,-0.364264586657699,-0.41259528716148025,-0.2453081743772929,1.8829516539440203
Корриентес,-27.4386,-59.0458,1981-02-01,1981,2,26.6,180.0,-0.1086255637138032,-0.09720884853135574,-0.06179774822580902,2.255639097744361
Корриентес,-27.4386,-59.0458,1981-03-01,1981,3,23.7,185.0,0.4336181311631712,0.45809217090109405,0.09305617465208552,2.60196905766526
Корриентес,-27.4386,-59.0458,1981-04-01,1981,4,21.2,91.0,0.1378256874239912,0.18243641573860306,-0.26402601784043367,1.430817610062893
Корриентес,-27.4386,-59.0458,1981-05-01,1981,5,21.7,136.0,0.20960276490009486,0.26129022978865135,-0.016506772406159036,2.089093701996928
Корриентес,-27.4386,-59.0458,1981-06-01,1981,6,13.7,22.0,0.08036180617318978,-0.10654612214218655,0.09357816630878141,0.5352798053527981
Корриентес,-27.4386,-59.0458,1981-07-01,1981,7,15.2,48.0,0.475041292336509,0.509108172126094,0.2757822019218182,1.0526315789473684
Корриентес,-27.4386,-59.0458,1981-08-01,1981,8,18.1,20.0,-0.4343459511408296,-0.41935001400474886,0.033189105336799425,0.3683241252302026
Корриентес,-27.4386,-59.0458,1981-09-01,1981,9,16.8,27.0,-0.5502315016264134,-0.5754290441487203,-0.43633925638975635,0.5357142857142857
Корриентес,-27.4386,-59.0458,1981-10-01,1981,10,20.5,8.0,-2.22462956235391,-2.025045539271316,-1.056884800442105,0.13008130081300814
Корриентес,-27.4386,-59.0458,1981-11-01,1981,11,23.1,119.0,-1.6197832775278762,-1.5660828115203262,-1.513638709420325,1.7171717171717171
Корриентес,-27.4386,-59.0458,1981-12-01,1981,12,25.0,28.0,-2.349991045310416,-1.9923687574041327,-1.8394187893116285,0.37333333333333335
Корриентес,-27.4386,-59.0458,1982-01-01,1982,1,25.6,82.0,-1.4908549783892904,-1.5592337326643375,-2.010425053487032,1.0677083333333333
Корриентес,-27.4386,-59.0458,1982-02-01,1982,2,24.8,135.0,-1.3288086695172163,-1.3959876404346483,-1.8994888316846614,1.814516129032258
Корриентес,-27.4386,-59.0458,1982-03-01,1982,3,23.7,72.0,-0.9868372063597637,-1.0402713755319664,-2.067552548239204,1.0126582278481013
Корриентес,-27.4386,-59.0458,1982-04-01,1982,4,21.4,83.0,-0.7432032851473012,-0.791244938781845,-1.5641144527207425,1.2928348909657321
Корриентес,-27.4386,-59.0458,1982-05-01,1982,5,18.7,95.0,-0.7613790229580569,-0.8253011449389238,-1.3897747283374837,1.6934046345811051
Корриентес,-27.4386,-59.0458,1982-06-01,1982,6,16.4,267.0,0.898498477005008,0.9215568012075555,-0.025207393957926087,5.426829268292684
Корриентес,-27.4386,-59.0458,1982-07-01,1982,7,16.9,22.0,1.8719401144889982,1.746045328285089,0.3263075023938256,0.43392504930966475
Корриентес,-27.4386,-59.0458,1982-08-01,1982,8,18.7,116.0,2.414613713729091,1.9279180992583824,0.6930365007766859,2.0677361853832443
Корриентес,-27.4386,-59.0458,1982-09-01,1982,9,20.4,167.0,1.873996253079619,1.6466318944745821,1.3343035786582873,2.7287581699346406
Корриентес,-27.4386,-59.0458,1982-10-01,1982,10,21.1,29.0,0.9298271628909858,0.9720016887266941,1.7950719061252662,0.45813586097946285
Корриентес,-27.4386,-59.0458,1982-11-01,1982,11,22.6,368.0,1.606506489286534,1.5417676852773148,1.9673054782051878,5.427728613569322
Корриентес,-27.4386,-59.0458,1982-12-01,1982,12,25.3,126.0,0.8018166403746557,0.8313079056415256,1.4210833043380764,1.6600790513833992
Корриентес,-27.4386,-59.0458,1983-01-01,1983,1,27.1,393.0,1.8551168111055818,1.7203872926158044,1.8456673753244695,4.833948339483395
Корриентес,-27.4386,-59.0458,1983-02-01,1983,2,26.2,142.0,1.3415516994023577,1.3778484646872533,1.7453430665854879,1.806615776081425
Корриентес,-27.4386,-59.0458,1983-03-01,1983,3,24.4,5.0,0.5847130844353633,0.61311620108269,0.963162542903457,0.06830601092896176
Корриентес,-27.4386,-59.0458,1983-04-01,1983,4,21.0,422.0,0.6217607019552027,0.6855391879386177,1.6338426457589412,6.698412698412699
Корриентес,-27.4386,-59.0458,1983-05-01,1983,5,18.4,203.0,1.1437478516601087,1.1709581611266393,1.527924246876692,3.677536231884058
Корриентес,-27.4386,-59.0458,1983-06-01,1983,6,13.1,7.0,1.41808294691575,1.4101688484318298,1.4587319565768988,0.178117048346056
Корриентес,-27.4386,-59.0458,1983-07-01,1983,7,13.4,75.0,1.1552410619566293,1.1733353061477754,0.9741237887393197,1.8656716417910448
Корриентес,-27.4386,-59.0458,1983-08-01,1983,8,16.4,2.0,-0.5359984125792449,-0.5362661590487425,0.8900016617242884,0.04065040650406505
Корриентес,-27.4386,-59.0458,1983-09-01,1983,9,16.8,1.0,-0.9123191739664733,-0.9743783491505865,1.2315354018923532,0.01984126984126984
Корриентес,-27.4386,-59.0458,1983-10-01,1983,10,22.2,70.0,-1.8895591705829338,-1.7975613348269261,-0.21464219954001104,1.0510510510510511
Корриентес,-27.4386,-59.0458,1983-11-01,1983,11,22.8,80.0,-1.665861814866168,-1.5990567598905696,-1.5933624991026152,1.1695906432748537
Корриентес,-27.4386,-59.0458,1983-12-01,1983,12,27.1,44.0,-1.6332094152064107,-1.577023172990985,-1.6962847665384546,0.5412054120541205
Корриентес,-27.4386,-59.0458,1984-01-01,1984,1,27.6,204.0,-0.5474058195109639,-0.6213207475418925,-1.3587792236304026,2.463768115942029
Корриентес,-27.4386,-59.0458,1984-02-01,1984,2,27.3,177.0,-0.030416629795226215,-0.008507515640756956,-0.8966623637675556,2.161172161172161
Корриентес,-27.4386,-59.0458,1984-03-01,1984,3,24.6,189.0,0.7486030336479342,0.7760911792912026,-0.30544379535444444,2.5609756097560976
Корриентес,-27.4386,-59.0458,1984-04-01,1984,4,19.2,301.0,0.9934774974522474,1.0318215341492998,0.4487404510873472,5.225694444444445
Корриентес,-27.4386,-59.0458,1984-05-01,1984,5,20.1,175.0,1.2717109866290865,1.276324281134221,0.9599305970210678,2.902155887230514
Корриентес,-27.4386,-59.0458,1984-06-01,1984,6,13.2,110.0,1.3027458743485916,1.3123200781113522,1.418139691470718,2.7777777777777777
Корриентес,-27.4386,-59.0458,1984-07-01,1984,7,16.1,7.0,1.2101362271239828,1.2217514939059149,1.2694797078357332,0.14492753623188404
Корриентес,-27.4386,-59.0458,1984-08-01,1984,8,13.9,213.0,1.9341832540742643,1.6712639197669694,1.5574628036884646,5.107913669064748
Корриентес,-27.4386,-59.0458,1984-09-01,1984,9,18.2,81.0,1.8419914934043584,1.6268871834067429,1.6280121442721167,1.4835164835164836
Корриентес,-27.4386,-59.0458,1984-10-01,1984,10,23.6,85.0,1.4775748595351026,1.4667874432025703,1.6973548603271758,1.2005649717514124
Корриентес,-27.4386,-59.0458,1984-11-01,1984,11,23.5,139.0,-0.010526027282778676,-0.0427834476009371,1.0233244103690302,1.9716312056737588
Корриентес,-27.4386,-59.0458,1984-12-01,1984,12,23.4,50.0,-0.7442202090838413,-0.819674176244449,0.26057606831922386,0.7122507122507122
Корриентес,-27.4386,-59.0458,1985-01-01,1985,1,26.5,72.0,-1.124178154867801,-1.2286577497915325,-0.059971652676538714,0.9056603773584906
Корриентес,-27.4386,-59.0458,1985-02-01,1985,2,26.4,276.0,-0.207812308038946,-0.20981623982766667,-0.19329679935537109,3.484848484848485
Корриентес,-27.4386,-59.0458,1985-03-01,1985,3,25.0,235.0,0.8183821383511066,0.8436888098086853,0.14889418837973348,3.1333333333333333
Корриентес,-27.4386,-59.0458,1985-04-01,1985,4,21.4,371.0,1.701870314875578,1.5890423587735414,0.91317906745107,5.778816199376947
Корриентес,-27.4386,-59.0458,1985-05-01,1985,5,19.9,107.0,1.4400427983555368,1.408125247161084,1.0260443750847754,1.7922948073701843
Корриентес,-27.4386,-59.0458,1985-06-01,1985,6,16.6,39.0,1.1159883836280342,1.1414882438389449,1.269072394514526,0.7831325301204818
Корриентес,-27.4386,-59.0458,1985-07-01,1985,7,15.2,65.0,0.5219726030708234,0.5584549048796129,1.580705671711549,1.4254385964912282
Корриентес,-27.4386,-59.0458,1985-08-01,1985,8,15.5,52.0,0.44954909522727854,0.5392732996963258,1.3020279162024533,1.118279569892473
Корриентес,-27.4386,-59.0458,1985-09-01,1985,9,17.9,108.0,1.1696354170909151,1.156855208133307,1.314472312197253,2.011173184357542
Корриентес,-27.4386,-59.0458,1985-10-01,1985,10,22.3,50.0,-0.047012298418471495,-0.0658837724224164,0.29084796004350716,0.7473841554559043
Корриентес,-27.4386,-59.0458,1985-11-01,1985,11,26.1,20.0,-1.2826879676498275,-1.3055286226932816,-0.7608994864884577,0.2554278416347382
Корриентес,-27.4386,-59.0458,1985-12-01,1985,12,27.8,83.0,-2.399147425692263,-2.014812496013538,-0.9966431715963204,0.9952038369304557
Корриентес,-27.4386,-59.0458,1986-01-01,1986,1,28.9,72.0,-2.4877318773012385,-2.2083818467027005,-1.4479251292825261,0.8304498269896193
Корриентес,-27.4386,-59.0458,1986-02-01,1986,2,27.1,122.0,-1.0753136895812483,-1.1493891185258518,-1.5831800719516527,1.5006150061500616
Корриентес,-27.4386,-59.0458,1986-03-01,1986,3,23.5,485.0,1.312585141737392,1.289543642690841,0.03157334550412479,6.879432624113475
Корриентес,-27.4386,-59.0458,1986-04-01,1986,4,23.1,511.0,2.3642242420906383,2.0078955492009665,1.296003035203905,7.373737373737374
Корриентес,-27.4386,-59.0458,1986-05-01,1986,5,19.1,124.0,2.634720664650956,2.160887391914636,1.7766367133897154,2.1640488656195465
Корриентес,-27.4386,-59.0458,1986-06-01,1986,6,18.9,166.0,1.7953885810283867,1.694546750123992,2.103047620659928,2.927689594356261
Корриентес,-27.4386,-59.0458,1986-07-01,1986,7,16.4,46.0,1.539402832409116,1.4958398896298752,2.1836285216080293,0.934959349593496
Корриентес,-27.4386,-59.0458,1986-08-01,1986,8,17.9,29.0,1.264088587400444,1.2345290103385356,2.073506611158451,0.5400372439478585
Корриентес,-27.4386,-59.0458,1986-09-01,1986,9,18.9,176.0,1.4151872249250828,1.3415874013367395,1.8980536919325612,3.1040564373897706
Корриентес,-27.4386,-59.0458,1986-10-01,1986,10,21.0,181.0,1.5315697404072404,1.511587475383715,1.8910023218718859,2.873015873015873
Корриентес,-27.4386,-59.0458,1986-11-01,1986,11,24.1,217.0,1.6568079884683182,1.5812603275326143,1.6115177595002845,3.0013831258644537
Корриентес,-27.4386,-59.0458,1986-12-01,1986,12,25.8,89.0,0.6277517272176637,0.6567578611464108,1.0732848767416965,1.1498708010335916
Корриентес,-27.4386,-59.0458,1987-01-01,1987,1,26.7,177.0,0.36645012748785494,0.421923211498475,0.9323909610095645,2.209737827715356
Корриентес,-27.4386,-59.0458,1987-02-01,1987,2,25.0,269.0,0.6445946872173441,0.7268632616283329,1.4456588885513848,3.5866666666666664
Корриентес,-27.4386,-59.0458,1987-03-01,1987,3,24.8,42.0,0.2904851273279131,0.3076761397262239,0.6484833581641863,0.5645161290322581
Корриентес,-27.4386,-59.0458,1987-04-01,1987,4,21.5,242.0,0.5572613338618951,0.6216382712538548,0.5869076495464798,3.751937984496124
Корриентес,-27.4386,-59.0458,1987-05-01,1987,5,14.5,66.0,-0.12025678468677048,-0.10698394931751194,0.22548171601985997,1.5172413793103448
Корриентес,-27.4386,-59.0458,1987-06-01,1987,6,14.5,45.0,0.5714200917949823,0.5455902671643357,0.4129401175096796,1.0344827586206897
Корриентес,-27.4386,-59.0458,1987-07-01,1987,7,18.6,132.0,0.8088446019075913,0.8494876326966331,0.7868174820222841,2.3655913978494625
Корриентес,-27.4386,-59.0458,1987-08-01,1987,8,15.6,41.0,1.0655254358317716,1.0833281330198261,0.3478348410962385,0.8760683760683761
Корриентес,-27.4386,-59.0458,1987-09-01,1987,9,17.5,26.0,0.9030712066142503,0.9372044396193522,0.7123676238307706,0.49523809523809526
Корриентес,-27.4386,-59.0458,1987-10-01,1987,10,20.8,68.0,-0.9416937895281726,-1.006252997139878,-0.04857089678459851,1.0897435897435896
Корриентес,-27.4386,-59.0458,1987-11-01,1987,11,24.0,206.0,-0.0509193085877186,-0.08725284280537855,0.47595678894374815,2.861111111111111
Корриентес,-27.4386,-59.0458,1987-12-01,1987,12,24.1,84.0,-0.10706091391425414,-0.1405045215516712,0.15535840860123992,1.161825726141079
Корриентес,-27.4386,-59.0458,1988-01-01,1988,1,26.7,189.0,0.3469298826631518,0.4006069419259325,-0.19319710072529087,2.359550561797753
Корриентес,-27.4386,-59.0458,1988-02-01,1988,2,24.8,75.0,-0.5507627913899915,-0.5950121721209849,-0.49236927548808174,1.0080645161290323
Корриентес,-27.4386,-59.0458,1988-03-01,1988,3,27.2,93.0,-0.518714637155839,-0.5642094662559842,-0.5616840719278557,1.1397058823529411
Корриентес,-27.4386,-59.0458,1988-04-01,1988,4,20.1,148.0,-0.5863077007261739,-0.6209939433704381,-0.32741712043783017,2.4543946932006633
Корриентес,-27.4386,-59.0458,1988-05-01,1988,5,13.7,5.0,-0.7909896252483462,-0.8571945103760342,-0.9871030729299697,0.12165450121654502
Корриентес,-27.4386,-59.0458,1988-06-01,1988,6,13.3,41.0,-0.2953379576671836,-0.6264980995798497,-0.8420761196171813,1.0275689223057645
Корриентес,-27.4386,-59.0458,1988-07-01,1988,7,13.2,2.0,-1.5472127253567218,-1.5432890677765954,-1.2364174529675966,0.050505050505050504
Корриентес,-27.4386,-59.0458,1988-08-01,1988,8,18.0,43.0,-0.5015298623523662,-0.49661572766203466,-1.031094439680273,0.7962962962962963
Корриентес,-27.4386,-59.0458,1988-09-01,1988,9,18.2,41.0,-0.7334468344142323,-0.7795881468075506,-0.9507964306328953,0.7509157509157509
Корриентес,-27.4386,-59.0458,1988-10-01,1988,10,20.8,117.0,-0.14450260174208912,-0.17380835430336525,-1.161921875714536,1.875
Корриентес,-27.4386,-59.0458,1988-11-01,1988,11,24.4,92.0,-0.48912641574902394,-0.5596493301859496,-0.7450891407873278,1.2568306010928962
Корриентес,-27.4386,-59.0458,1988-12-01,1988,12,26.7,65.0,-0.7442202090838413,-0.819674176244449,-1.1164663420669467,0.8114856429463171
Корриентес,-27.4386,-59.0458,1989-01-01,1989,1,27.9,70.0,-1.517018809083619,-1.580964891028641,-1.2082703120111802,0.8363201911589009
Корриентес,-27.4386,-59.0458,1989-02-01,1989,2,27.6,108.0,-1.345050858661812,-1.4112850178039797,-1.3679629763939665,1.3043478260869565
Корриентес,-27.4386,-59.0458,1989-03-01,1989,3,23.9,272.0,0.06653519096231762,0.0673264383506898,-0.5139375763834815,3.793584379358438
Корриентес,-27.4386,-59.0458,1989-04-01,1989,4,21.3,293.0,1.0150692941750006,1.0507594012768806,0.1000857347589621,4.58528951486698
Корриентес,-27.4386,-59.0458,1989-05-01,1989,5,17.6,4.0,0.9086600840460635,0.9651948409314922,-0.07008198509600051,0.07575757575757576
Корриентес,-27.4386,-59.0458,1989-06-01,1989,6,15.9,46.0,0.531250099830441,0.49572883087901803,0.22185690129530275,0.9643605870020965
Корриентес,-27.4386,-59.0458,1989-07-01,1989,7,14.1,67.0,-0.49251089537993215,-0.5494229169594402,0.7663442769278558,1.5839243498817968
Корриентес,-27.4386,-59.0458,1989-08-01,1989,8,17.5,99.0,1.0114856974555195,1.0402268706658273,1.0844275543862996,1.8857142857142857
Корриентес,-27.4386,-59.0458,1989-09-01,1989,9,16.8,107.0,1.609520074610899,1.4767746841739855,0.9483134076751019,2.123015873015873
Корриентес,-27.4386,-59.0458,1989-10-01,1989,10,21.0,134.0,1.1660014758707302,1.1944773617387099,0.5528245927372674,2.126984126984127
Корриентес,-27.4386,-59.0458,1989-11-01,1989,11,22.9,118.0,0.39501836879708835,0.40095988678567696,0.7444873930657149,1.717612809315866
Корриентес,-27.4386,-59.0458,1989-12-01,1989,12,26.6,191.0,0.39938503200123193,0.4170091495906905,0.9782085638798316,2.393483709273183
Корриентес,-27.4386,-59.0458,1990-01-01,1990,1,26.9,130.0,0.14257271994285747,0.17252223803230507,0.5836942937114034,1.61090458488228
Корриентес,-27.4386,-59.0458,1990-02-01,1990,2,25.2,184.0,0.4674220612638518,0.5418030675355066,0.5860511838450833,2.433862433862434
Корриентес,-27.4386,-59.0458,1990-03-01,1990,3,25.1,135.0,0.0605321645520846,0.060827093089653075,0.30655814636802836,1.792828685258964
Корриентес,-27.4386,-59.0458,1990-04-01,1990,4,22.1,516.0,1.5571760164655675,1.4854103911927916,1.2517577303288407,7.782805429864253
Корриентес,-27.4386,-59.0458,1990-05-01,1990,5,16.9,56.0,1.419423923838206,1.39238411990257,1.3212164567003037,1.1045364891518739
Корриентес,-27.4386,-59.0458,1990-06-01,1990,6,12.9,71.0,1.4447295343684663,1.4319944016819615,1.246845641737944,1.834625322997416
Корриентес,-27.4386,-59.0458,1990-07-01,1990,7,12.8,8.0,-0.271896953281061,-0.3098075676286595,1.2975535148115172,0.20833333333333334
Корриентес,-27.4386,-59.0458,1990-08-01,1990,8,18.1,69.0,0.35857515448344623,0.4490370616055389,1.2698766132232944,1.270718232044199
Корриентес,-27.4386,-59.0458,1990-09-01,1990,9,17.2,35.0,-0.243278833376329,-0.22918129760070577,1.3465244040297346,0.6782945736434108
Корриентес,-27.4386,-59.0458,1990-10-01,1990,10,23.0,173.0,0.617490495380432,0.6572559645839212,0.22205620564192136,2.5072463768115942
Корриентес,-27.4386,-59.0458,1990-11-01,1990,11,25.4,124.0,0.19879405933051783,0.1875990340646594,0.25971758350842633,1.627296587926509
Корриентес,-27.4386,-59.0458,1990-12-01,1990,12,25.3,181.0,0.5825380036539627,0.6101927442470149,0.3460163606531977,2.3847167325428194
Корриентес,-27.4386,-59.0458,1991-01-01,1991,1,26.2,122.0,0.0776578921445089,0.09851573484228353,0.25181512171285475,1.5521628498727735
Корриентес,-27.4386,-59.0458,1991-02-01,1991,2,25.4,167.0,0.25440985542479355,0.3106879112939754,0.3060843741807984,2.1916010498687664
Корриентес,-27.4386,-59.0458,1991-03-01,1991,3,25.8,100.0,-0.3108474636752982,-0.3420726586526753,0.19473932225436497,1.2919896640826873
Корриентес,-27.4386,-59.0458,1991-04-01,1991,4,21.8,175.0,0.07263825222099016,0.11120568747853346,-0.02192356669207392,2.675840978593272
Корриентес,-27.4386,-59.0458,1991-05-01,1991,5,19.5,248.0,0.7196374090915044,0.7880428362151811,0.6322411976232885,4.239316239316239
Корриентес,-27.4386,-59.0458,1991-06-01,1991,6,15.9,127.0,1.2075809678231004,1.2272574453650038,0.7716235551468421,2.6624737945492662
Корриентес,-27.4386,-59.0458,1991-07-01,1991,7,14.7,18.0,1.9316229464486874,1.7883544306921786,0.9148229926050134,0.40816326530612246
Корриентес,-27.4386,-59.0458,1991-08-01,1991,8,17.6,12.0,0.460694070928354,0.5501573111767245,0.7797618017056714,0.22727272727272727
Корриентес,-27.4386,-59.0458,1991-09-01,1991,9,20.2,56.0,-0.7334468344142323,-0.7795881468075506,1.0142128095128988,0.9240924092409241
Корриентес,-27.4386,-59.0458,1991-10-01,1991,10,20.7,83.0,-0.7330014552253098,-0.8008534181739366,1.09649075659757,1.3365539452495974
Корриентес,-27.4386,-59.0458,1991-11-01,1991,11,22.4,37.0,-1.3089095845101189,-1.3270306374943301,-0.7688207392417707,0.5505952380952381
Корриентес,-27.4386,-59.0458,1991-12-01,1991,12,25.7,208.0,-0.3142231895604707,-0.3687906913202871,-0.7568611469785613,2.6977950713359276
Корриентес,-27.4386,-59.0458,1992-01-01,1992,1,26.0,107.0,-0.37777127712108055,-0.42813923772027007,-0.7912902548003496,1.3717948717948718
Корриентес,-27.4386,-59.0458,1992-02-01,1992,2,26.3,116.0,0.00831918099420994,0.035329524245590466,-0.7214706537525891,1.4702154626108999
Корриентес,-27.4386,-59.0458,1992-03-01,1992,3,24.0,119.0,-0.6187439202166773,-0.6691614283391691,-0.8040366130493616,1.6527777777777777
Корриентес,-27.4386,-59.0458,1992-04-01,1992,4,20.9,202.0,0.049031087875684325,0.08526862603943851,-0.3529598888657672,3.221690590111643
Корриентес,-27.4386,-59.0458,1992-05-01,1992,5,18.4,26.0,-0.13728658563744456,-0.12628998986925918,-0.21165847446225028,0.47101449275362317
Корриентес,-27.4386,-59.0458,1992-06-01,1992,6,18.7,99.0,0.464536037305198,0.4112671753809078,-0.30959986994467076,1.7647058823529411
Корриентес,-27.4386,-59.0458,1992-07-01,1992,7,12.0,25.0,-0.09935331293990504,-0.11900430700105438,-0.06136144090445867,0.6944444444444444
Корриентес,-27.4386,-59.0458,1992-08-01,1992,8,15.6,53.0,0.6741014181013187,0.7511906420377842,0.14365992175173298,1.1324786324786325
Корриентес,-27.4386,-59.0458,1992-09-01,1992,9,18.1,69.0,0.2812436510758052,0.34356524661770055,0.3611264521940049,1.270718232044199
Корриентес,-27.4386,-59.0458,1992-10-01,1992,10,20.9,234.0,1.2961221750568206,1.3111051008771337,0.874253446672534,3.7320574162679425
Корриентес,-27.4386,-59.0458,1992-11-01,1992,11,22.3,119.0,0.8121735140495183,0.8337292441523944,0.8721297602490529,1.7787742899850523
Корриентес,-27.4386,-59.0458,1992-12-01,1992,12,25.5,165.0,0.7782527177300154,0.8081356736356262,0.7407749370159089,2.156862745098039
Корриентес,-27.4386,-59.0458,1993-01-01,1993,1,27.0,232.0,0.5219451864047169,0.5882502586352084,0.9431214143499512,2.8641975308641974
Корриентес,-27.4386,-59.0458,1993-02-01,1993,2,24.8,14.0,-0.12175774399380344,-0.11211757305746267,0.44944262109927696,0.1881720430107527
Корриентес,-27.4386,-59.0458,1993-03-01,1993,3,25.1,164.0,-0.17826956539860772,-0.19852058495457875,0.4604164606075193,2.1779548472775563
Корриентес,-27.4386,-59.0458,1993-04-01,1993,4,22.9,64.0,-1.059508950187115,-1.120862849572453,-0.48648268643981213,0.9315866084425036
Корриентес,-27.4386,-59.0458,1993-05-01,1993,5,18.0,37.0,-0.6536401814385747,-0.7078391057016784,-0.6428085386827727,0.6851851851851852
Корриентес,-27.4386,-59.0458,1993-06-01,1993,6,15.7,60.0,-0.6193130575862783,-1.0371681385539426,-0.7513899207787625,1.2738853503184713
Корриентес,-27.4386,-59.0458,1993-07-01,1993,7,13.8,17.0,-0.5309052164494442,-0.5903612120762121,-1.2817280806509763,0.4106280193236715
Корриентес,-27.4386,-59.0458,1993-08-01,1993,8,16.2,25.0,-0.24518313772366987,-0.20294723378720023,-0.7798662071206381,0.51440329218107
Корриентес,-27.4386,-59.0458,1993-09-01,1993,9,17.6,32.0,-1.0086910341952489,-1.0768590176538022,-1.3709929935803455,0.6060606060606061
Корриентес,-27.4386,-59.0458,1993-10-01,1993,10,22.5,109.0,-0.5471623724602103,-0.6093748479008124,-0.8901722531326977,1.614814814814815
Корриентес,-27.4386,-59.0458,1993-11-01,1993,11,23.2,298.0,0.9166460303839693,0.9360741259274951,0.5970319422409445,4.281609195402299
Корриентес,-27.4386,-59.0458,1993-12-01,1993,12,25.4,44.0,0.4423381875021529,0.4629202833485253,-0.038401513908003816,0.5774278215223098
Корриентес,-27.4386,-59.0458,1994-01-01,1994,1,27.0,184.0,0.5672559185979645,0.6354737025176981,0.1952605158746051,2.271604938271605
Корриентес,-27.4386,-59.0458,1994-02-01,1994,2,24.7,149.0,-0.3494592402794718,-0.3701224959308578,0.37165403871329045,2.010796221322537
Корриентес,-27.4386,-59.0458,1994-03-01,1994,3,23.5,361.0,1.3867144280603,1.3514164672008284,1.2169092586571688,5.120567375886525
Корриентес,-27.4386,-59.0458,1994-04-01,1994,4,21.4,121.0,0.861257909910109,0.913026915166023,0.9523796634657143,1.884735202492212
Корриентес,-27.4386,-59.0458,1994-05-01,1994,5,20.4,122.0,1.0455362084572994,1.086945283776401,0.5891491985512513,1.9934640522875817
Корриентес,-27.4386,-59.0458,1994-06-01,1994,6,17.1,97.0,0.5189777196651911,0.48034411697408,1.078249895357663,1.8908382066276803
Корриентес,-27.4386,-59.0458,1994-07-01,1994,7,15.5,33.0,0.8857176455543935,0.9240676960267998,1.0609862550536358,0.7096774193548387
Корриентес,-27.4386,-59.0458,1994-08-01,1994,8,16.3,64.0,0.8430409629108305,0.9002857536239395,1.129513245776704,1.30879345603272
Корриентес,-27.4386,-59.0458,1994-09-01,1994,9,21.1,59.0,0.39969660191957274,0.46511085299430455,0.4683759827032677,0.9320695102685624
Корриентес,-27.4386,-59.0458,1994-10-01,1994,10,22.3,155.0,0.6267059696972446,0.666850148283757,1.0172329009073675,2.3168908819133036
Корриентес,-27.4386,-59.0458,1994-11-01,1994,11,23.0,208.0,0.8121735140495183,0.8337292441523944,0.9452537445561342,3.0144927536231885
Корриентес,-27.4386,-59.0458,1994-12-01,1994,12,27.5,64.0,0.31136340574216337,0.32193163281208576,0.3064036778599797,0.7757575757575758
Корриентес,-27.4386,-59.0458,1995-01-01,1995,1,26.6,163.0,0.12113569120520046,0.14815080377105075,0.2936211465760664,2.0426065162907268
Корриентес,-27.4386,-59.0458,1995-02-01,1995,2,24.3,308.0,0.6445946872173441,0.7268632616283329,0.9557785495343931,4.224965706447188
Корриентес,-27.4386,-59.0458,1995-03-01,1995,3,23.9,256.0,1.5471189214983714,1.4809916396814857,1.2426970437543565,3.5704323570432357
Корриентес,-27.4386,-59.0458,1995-04-01,1995,4,19.9,57.0,0.8236804172588613,0.8783769323352586,0.6516085352049876,0.9547738693467337
Корриентес,-27.4386,-59.0458,1995-05-01,1995,5,15.9,68.0,0.049634000345290245,0.08439801352089583,0.34641013490274014,1.4255765199161425
Корриентес,-27.4386,-59.0458,1995-06-01,1995,6,16.2,5.0,-1.1316284652752704,-1.5357091782956764,0.4744494774787448,0.102880658436214
Корриентес,-27.4386,-59.0458,1995-07-01,1995,7,16.6,27.0,-0.7170660385682002,-0.7846999818091183,0.5150235588566922,0.5421686746987951
Корриентес,-27.4386,-59.0458,1995-08-01,1995,8,17.0,32.0,-0.9204980377333156,-0.9737919199098485,-0.2809248548158339,0.6274509803921569
Корриентес,-27.4386,-59.0458,1995-09-01,1995,9,19.2,20.0,-0.8890019801653084,-0.9493043507866511,-1.641819822180675,0.3472222222222222
Корриентес,-27.4386,-59.0458,1995-10-01,1995,10,21.0,61.0,-1.2493469731597349,-1.2885931264458614,-1.474787047858542,0.9682539682539683
Корриентес,-27.4386,-59.0458,1995-11-01,1995,11,25.4,79.0,-1.530518942890025,-1.5004150837678227,-1.692064937332768,1.036745406824147
Корриентес,-27.4386,-59.0458,1995-12-01,1995,12,25.5,85.0,-1.2346029581884186,-1.2705619857772992,-1.4868365596968374,1.1111111111111112
Корриентес,-27.4386,-59.0458,1996-01-01,1996,1,27.1,83.0,-1.274040299640756,-1.3695485755015446,-1.5871226289746798,1.020910209102091
Корриентес,-27.4386,-59.0458,1996-02-01,1996,2,25.2,342.0,0.4972863740616476,0.5734927851950307,-0.37135101972025647,4.523809523809524
Корриентес,-27.4386,-59.0458,1996-03-01,1996,3,23.9,132.0,0.6780834945127371,0.7066698024343419,-0.21389696152521492,1.8410041841004183
Корриентес,-27.4386,-59.0458,1996-04-01,1996,4,21.7,411.0,1.71094093684701,1.5953796467496615,0.8818341347430632,6.313364055299539
Корриентес,-27.4386,-59.0458,1996-05-01,1996,5,18.6,20.0,0.8846192610873357,0.9432445414838765,0.9051629153597197,0.35842293906810035
Корриентес,-27.4386,-59.0458,1996-06-01,1996,6,12.3,7.0,0.8758232833670828,0.8972590206062413,0.9571290735362522,0.1897018970189702
Корриентес,-27.4386,-59.0458,1996-07-01,1996,7,12.8,0.5,-1.9705298333431713,-1.8566752342952577,1.1450637321021357,0.013020833333333334
Корриентес,-27.4386,-59.0458,1996-08-01,1996,8,18.5,45.0,-1.1865699351193348,-1.26487019731392,0.5451889173971008,0.8108108108108109
Корриентес,-27.4386,-59.0458,1996-09-01,1996,9,17.9,94.0,0.17811111861812765,0.23491538063796363,0.8113075768897275,1.7504655493482308
Корриентес,-27.4386,-59.0458,1996-10-01,1996,10,20.8,196.0,1.124641973800438,1.156521511066638,-0.17689582894742353,3.141025641025641
Корриентес,-27.4386,-59.0458,1996-11-01,1996,11,23.6,127.0,0.7808527834740719,0.8025281715332967,0.19629313288993228,1.7937853107344632
Корриентес,-27.4386,-59.0458,1996-12-01,1996,12,25.1,251.0,1.0321869249085713,1.0498839400433209,0.9671321610500615,3.3333333333333335
Корриентес,-27.4386,-59.0458,1997-01-01,1997,1,27.8,139.0,0.5265120914417931,0.5930364487558546,0.8705320824375092,1.6666666666666667
Корриентес,-27.4386,-59.0458,1997-02-01,1997,2,25.9,429.0,2.1284914838655995,1.971576887703589,1.7711139017601405,5.521235521235521
Корриентес,-27.4386,-59.0458,1997-03-01,1997,3,23.8,75.0,1.1314011822763232,1.1328620791154373,1.413023372712656,1.050420168067227
Корриентес,-27.4386,-59.0458,1997-04-01,1997,4,21.0,69.0,0.637702996425142,0.7011653980144423,0.7576143002971629,1.0952380952380953
Корриентес,-27.4386,-59.0458,1997-05-01,1997,5,19.3,85.0,-0.9214078283887068,-0.995427000550913,0.8225725817297699,1.468048359240069
Корриентес,-27.4386,-59.0458,1997-06-01,1997,6,15.2,22.0,-0.45720144656547523,-0.8386965557937461,0.32655317904189635,0.4824561403508772
Корриентес,-27.4386,-59.0458,1997-07-01,1997,7,18.5,26.0,-0.2956375792635982,-0.33588688916286047,0.45637496060537064,0.46846846846846846
Корриентес,-27.4386,-59.0458,1997-08-01,1997,8,18.4,8.0,-1.1010130950766772,-1.1727068241996101,-1.3980892362972068,0.14492753623188406
Корриентес,-27.4386,-59.0458,1997-09-01,1997,9,20.7,27.0,-1.364750024368826,-1.43683548110503,-1.3511097820751865,0.43478260869565216
Корриентес,-27.4386,-59.0458,1997-10-01,1997,10,22.1,251.0,0.6997851522139109,0.7423068650305296,0.2756708275932315,3.7858220211161386
Корриентес,-27.4386,-59.0458,1997-11-01,1997,11,24.4,275.0,1.5504502328468648,1.4970431334515675,0.9155285489629463,3.7568306010928962
Корриентес,-27.4386,-59.0458,1997-12-01,1997,12,26.6,323.0,2.0558482110233167,1.849792000537457,1.6892409244830835,4.0476190476190474
Корриентес,-27.4386,-59.0458,1998-01-01,1998,1,26.8,232.0,1.6835134906794837,1.6025524352282012,1.6580583592353428,2.8855721393034828
Корриентес,-27.4386,-59.0458,1998-02-01,1998,2,25.2,300.0,2.2967388872872525,2.0825207736902946,2.1270514144466626,3.9682539682539684
Корриентес,-27.4386,-59.0458,1998-03-01,1998,3,22.9,222.0,1.6757396262257784,1.5807784580204556,2.17716859917329,3.2314410480349345
Корриентес,-27.4386,-59.0458,1998-04-01,1998,4,20.4,401.0,1.8242139799515957,1.672996447116605,2.1062011287833764,6.552287581699346
Корриентес,-27.4386,-59.0458,1998-05-01,1998,5,17.4,40.0,1.2645228339063537,1.2705260971438332,2.0270582695826427,0.7662835249042146
Корриентес,-27.4386,-59.0458,1998-06-01,1998,6,15.7,2.0,0.8920509972036405,0.9146747141998197,1.5204830312307593,0.04246284501061571
Корриентес,-27.4386,-59.0458,1998-07-01,1998,7,16.8,8.0,-1.509745571819702,-1.5131887105260977,1.3051240279350087,0.15873015873015872
Корриентес,-27.4386,-59.0458,1998-08-01,1998,8,15.7,36.0,-1.3587376068366237,-1.4456101459658743,0.8743162992914904,0.7643312101910829
Корриентес,-27.4386,-59.0458,1998-09-01,1998,9,17.1,33.0,-0.9359364872613211,-0.999667620537197,0.5777665774776203,0.6432748538011696
Корриентес,-27.4386,-59.0458,1998-10-01,1998,10,21.4,78.0,-0.7841062803895688,-0.8521406755177574,-1.612533220724647,1.2149532710280373
Корриентес,-27.4386,-59.0458,1998-11-01,1998,11,23.4,161.0,-0.2879689175919515,-0.345971689139678,-0.8888974550783668,2.2934472934472936
Корриентес,-27.4386,-59.0458,1998-12-01,1998,12,24.5,176.0,0.24337064481011528,0.24770158942369402,-0.2459724000640069,2.3945578231292517
Корриентес,-27.4386,-59.0458,1999-01-01,1999,1,25.3,130.0,0.2874212673244452,0.3350763546520856,-0.19319710072529087,1.7127799736495388
Корриентес,-27.4386,-59.0458,1999-02-01,1999,2,25.8,153.0,0.18596886757198464,0.23481671323662784,-0.046239401036779954,1.9767441860465116
Корриентес,-27.4386,-59.0458,1999-03-01,1999,3,25.8,296.0,0.7969892739030776,0.8230826169396906,0.7204575898587319,3.8242894056847545
Корриентес,-27.4386,-59.0458,1999-04-01,1999,4,19.5,106.0,0.5653888182097015,0.6297497520747511,0.5405681629713492,1.811965811965812
Корриентес,-27.4386,-59.0458,1999-05-01,1999,5,16.3,108.0,0.664131465022451,0.7340518666401932,0.5455070419316074,2.208588957055215
Корриентес,-27.4386,-59.0458,1999-06-01,1999,6,14.8,34.0,0.0745695567993328,-0.1146182033755163,0.35820553029317537,0.7657657657657657
Корриентес,-27.4386,-59.0458,1999-07-01,1999,7,13.4,39.0,0.23053498151243915,0.2458187194082985,0.5722110855693818,0.9701492537313433
Корриентес,-27.4386,-59.0458,1999-08-01,1999,8,16.8,0.0,-0.737502053737588,-0.7671984157915658,0.4126197624672832,0.0
Корриентес,-27.4386,-59.0458,1999-09-01,1999,9,21.0,17.0,-1.5252660025098703,-1.5882770905769918,-0.7473244868225257,0.2698412698412698
Корриентес,-27.4386,-59.0458,1999-10-01,1999,10,21.8,66.0,-1.7176481316004326,-1.6708981077636453,-1.0305858358310804,1.0091743119266054
Корриентес,-27.4386,-59.0458,1999-11-01,1999,11,22.5,80.0,-1.4872362565586443,-1.467717066353753,-1.5844597449682136,1.1851851851851851
Корриентес,-27.4386,-59.0458,1999-12-01,1999,12,26.2,72.0,-1.3167368837033813,-1.338226202026212,-1.6832405095356031,0.916030534351145
Корриентес,-27.4386,-59.0458,2000-01-01,2000,1,26.3,72.0,-1.5571750351379607,-1.6138269819853246,-1.8821326314632807,0.9125475285171103
Корриентес,-27.4386,-59.0458,2000-02-01,2000,2,25.6,240.0,-0.30187230757164,-0.31638977815821423,-1.0612729741135822,3.125
Корриентес,-27.4386,-59.0458,2000-03-01,2000,3,23.4,72.0,-0.34285022424854894,-0.37655485947982625,-1.1781413017533326,1.0256410256410255
Корриентес,-27.4386,-59.0458,2000-04-01,2000,4,21.9,129.0,0.06793080827954338,0.10603926535457858,-0.8989708155281371,1.9634703196347032
Корриентес,-27.4386,-59.0458,2000-05-01,2000,5,16.9,93.0,-0.45841956324905486,-0.49036995921841636,-0.6343418259815391,1.8343195266272192
Корриентес,-27.4386,-59.0458,2000-06-01,2000,6,16.3,60.0,0.25724782093067267,0.1372505487681381,-0.3229563748124137,1.2269938650306749
Корриентес,-27.4386,-59.0458,2000-07-01,2000,7,11.1,5.0,-0.011007648139741793,-0.020909728631006808,-0.004999732125665239,0.15015015015015015
Корриентес,-27.4386,-59.0458,2000-08-01,2000,8,17.1,0.0,-0.8992111287222342,-0.9499836635094611,-0.8357422957836225,0.0
Корриентес,-27.4386,-59.0458,2000-09-01,2000,9,18.8,27.0,-2.754526170196302,-2.4899394659326317,-0.6663695226053489,0.4787234042553192
Корриентес,-27.4386,-59.0458,2000-10-01,2000,10,22.9,216.0,0.2926529238243516,0.30951984542480365,0.13629310629602487,3.1441048034934496
Корриентес,-27.4386,-59.0458,2000-11-01,2000,11,22.1,166.0,0.7301515103541166,0.751530660684218,0.22367223614018214,2.5037707390648567
Корриентес,-27.4386,-59.0458,2000-12-01,2000,12,24.9,308.0,1.5012165742106258,1.4494812878900478,1.004562825589917,4.123159303882195
Корриентес,-27.4386,-59.0458,2001-01-01,2001,1,26.6,182.0,1.0963677391737137,1.1405765812186752,1.037251372115563,2.280701754385965
Корриентес,-27.4386,-59.0458,2001-02-01,2001,2,27.6,59.0,0.7256716040600832,0.8090593267768162,0.9594398439010021,0.7125603864734299
Корриентес,-27.4386,-59.0458,2001-03-01,2001,3,26.3,177.0,-0.12851905081757817,-0.14447062800910612,1.1067447912864021,2.2433460076045626
Корриентес,-27.4386,-59.0458,2001-04-01,2001,4,22.0,154.0,-0.18203563964963482,-0.17136698050362606,0.619477487815754,2.3333333333333335
Корриентес,-27.4386,-59.0458,2001-05-01,2001,5,16.2,10.0,-0.17168134594526957,-0.1653206627160464,0.2451931648651474,0.205761316872428
Корриентес,-27.4386,-59.0458,2001-06-01,2001,6,16.5,175.0,0.5148634155830464,0.47517078060661005,0.07255977308339867,3.5353535353535355
Корриентес,-27.4386,-59.0458,2001-07-01,2001,7,16.5,20.0,0.46558070350038405,0.4991081937650228,-0.02368779256683884,0.40404040404040403
Корриентес,-27.4386,-59.0458,2001-08-01,2001,8,19.8,46.0,1.264088587400444,1.2345290103385356,0.40837355329039815,0.7744107744107744
Корриентес,-27.4386,-59.0458,2001-09-01,2001,9,18.1,70.0,0.12846973130626557,0.18176837150574068,0.3661537937751679,1.289134438305709
Корриентес,-27.4386,-59.0458,2001-10-01,2001,10,22.1,156.0,0.5711379299713388,0.6087417513698239,0.6889191021387917,2.3529411764705883
Корриентес,-27.4386,-59.0458,2001-11-01,2001,11,23.8,197.0,0.818404478618351,0.8399083516215958,1.135557301379221,2.7591036414565826
Корриентес,-27.4386,-59.0458,2001-12-01,2001,12,24.6,49.0,0.16764564398335866,0.1643899164973974,0.04129255566553116,0.6639566395663956
Корриентес,-27.4386,-59.0458,2002-01-01,2002,1,26.1,274.0,0.5401645859907757,0.607309265655209,0.6373621500526816,3.499361430395913
Корриентес,-27.4386,-59.0458,2002-02-01,2002,2,25.2,123.0,0.10411527593882901,0.14328692277373847,0.6074486385957206,1.626984126984127
Корриентес,-27.4386,-59.0458,2002-03-01,2002,3,26.5,382.0,1.7928338281691367,1.668579862340147,1.3178172646636497,4.80503144654088
Корриентес,-27.4386,-59.0458,2002-04-01,2002,4,21.4,367.0,1.6714951846708264,1.5676858667081766,1.5094476274574382,5.716510903426792
Корриентес,-27.4386,-59.0458,2002-05-01,2002,5,20.0,87.0,1.8395704613943602,1.692504715117331,1.5053564373787693,1.45
Корриентес,-27.4386,-59.0458,2002-06-01,2002,6,14.5,44.0,1.0611268308842325,1.0882112455201787,1.7053783571611527,1.0114942528735633
Корриентес,-27.4386,-59.0458,2002-07-01,2002,7,13.7,87.0,0.5866663786486779,0.6257322159406652,1.5744051242952715,2.116788321167883
Корриентес,-27.4386,-59.0458,2002-08-01,2002,8,18.5,31.0,0.515703174577261,0.603323774079184,1.5628971218742505,0.5585585585585585
Корриентес,-27.4386,-59.0458,2002-09-01,2002,9,18.6,65.0,0.7262277066587225,0.7799028366486878,1.1509421865809484,1.1648745519713262
Корриентес,-27.4386,-59.0458,2002-10-01,2002,10,23.2,151.0,0.33209772882010075,0.3525809344405431,0.608080000758003,2.1695402298850577
Корриентес,-27.4386,-59.0458,2002-11-01,2002,11,23.9,176.0,0.6198874727862543,0.6386257816937585,0.6623433396402303,2.4546722454672247
Корриентес,-27.4386,-59.0458,2002-12-01,2002,12,25.6,303.0,1.2669818075024382,1.2574525266706371,1.3673514022803135,3.9453125
Корриентес,-27.4386,-59.0458,2003-01-01,2003,1,27.1,68.0,0.6599315498025647,0.7301926281379717,0.6455177379001915,0.8364083640836408
Корриентес,-27.4386,-59.0458,2003-02-01,2003,2,26.4,106.0,0.2975823135131236,0.3581849297000043,0.6074486385957206,1.3383838383838385
Корриентес,-27.4386,-59.0458,2003-03-01,2003,3,24.1,118.0,-0.9653488929893639,-1.019343017097717,0.4353654524134604,1.632088520055325
Корриентес,-27.4386,-59.0458,2003-04-01,2003,4,21.3,114.0,-0.46011634271705404,-0.4817528218298192,0.04152656656773636,1.784037558685446
Корриентес,-27.4386,-59.0458,2003-05-01,2003,5,18.1,2.0,-0.8822446756433873,-0.9543174872948187,-0.49449290311428074,0.03683241252302026
Корриентес,-27.4386,-59.0458,2003-06-01,2003,6,19.7,11.0,-1.2106593805705819,-1.592832758663728,-1.4329805300276375,0.18612521150592218
Корриентес,-27.4386,-59.0458,2003-07-01,2003,7,15.4,6.0,-2.1727678917543254,-1.9897101490864588,-1.2760557251201818,0.12987012987012986
Корриентес,-27.4386,-59.0458,2003-08-01,2003,8,14.9,63.0,-0.6068252683561977,-0.6176706528486565,-1.1673806431631009,1.4093959731543624
Корриентес,-27.4386,-59.0458,2003-09-01,2003,9,20.1,22.0,-0.629577130959295,-0.6642881581263217,-1.5453096409344678,0.3648424543946932
Корриентес,-27.4386,-59.0458,2003-10-01,2003,10,23.0,137.0,0.07959493010746106,0.07456543732596639,-1.2317690171584743,1.9855072463768115
Корриентес,-27.4386,-59.0458,2003-11-01,2003,11,23.7,164.0,0.1305880501112697,0.11266839626968142,-0.24261373133298772,2.3066104078762306
Корриентес,-27.4386,-59.0458,2003-12-01,2003,12,24.3,282.0,1.0711088676071625,1.0853575066879013,0.7844626595353247,3.8683127572016462
Корриентес,-27.4386,-59.0458,2004-01-01,2004,1,27.1,35.0,0.3567092698676555,0.4112975403311099,0.2471375335897884,0.43050430504305043
Корриентес,-27.4386,-59.0458,2004-02-01,2004,2,25.3,42.0,-0.47359765332287207,-0.5093598503152154,-0.30607481635373934,0.5533596837944664
Корриентес,-27.4386,-59.0458,2004-03-01,2004,3,25.2,81.0,-2.0202811390410513,-1.930636412624683,-0.4245430080915789,1.0714285714285714
Корриентес,-27.4386,-59.0458,2004-04-01,2004,4,23.0,146.0,-0.8769155169913506,-0.9330610044001078,-0.5213275692696341,2.1159420289855073
Корриентес,-27.4386,-59.0458,2004-05-01,2004,5,14.2,2.0,-0.9214078283887068,-0.995427000550913,-1.0119808510947035,0.046948356807511735
Корриентес,-27.4386,-59.0458,2004-06-01,2004,6,16.8,55.0,-0.22375299873026464,-0.5293528952417152,-1.685775777761481,1.0912698412698412
Корриентес,-27.4386,-59.0458,2004-07-01,2004,7,15.7,22.0,-1.021579534254406,-1.0848702256732008,-1.327194311461162,0.46709129511677283
Корриентес,-27.4386,-59.0458,2004-08-01,2004,8,16.2,21.0,-0.30633466101157847,-0.272609095357231,-1.0684509966609474,0.43209876543209874
Корриентес,-27.4386,-59.0458,2004-09-01,2004,9,19.8,170.0,1.049510644572605,1.0604213625087537,0.04249246354345698,2.861952861952862
Корриентес,-27.4386,-59.0458,2004-10-01,2004,10,21.5,197.0,1.5468958544928273,1.5241788602406068,0.6217234660664802,3.054263565891473
Корриентес,-27.4386,-59.0458,2004-11-01,2004,11,22.5,204.0,1.6417820964060983,1.569526054541292,1.1541112218889666,3.022222222222222
Корриентес,-27.4386,-59.0458,2004-12-01,2004,12,25.4,145.0,0.907875208627368,0.9337525394640334,1.1601507385695258,1.9028871391076116
Корриентес,-27.4386,-59.0458,2005-01-01,2005,1,27.5,69.0,0.02774044951288427,0.0412307988394133,0.6938886140263508,0.8363636363636363
Корриентес,-27.4386,-59.0458,2005-02-01,2005,2,26.1,86.0,-0.9000323069726768,-0.9703556121720963,0.6159582274979695,1.0983397190293742
Корриентес,-27.4386,-59.0458,2005-03-01,2005,3,24.8,142.0,-0.9297176474826615,-0.9844275545729452,0.08366373921583191,1.9086021505376345
Корриентес,-27.4386,-59.0458,2005-04-01,2005,4,20.5,347.0,0.645647360683469,0.7089270530846199,0.44180922533676276,5.642276422764228
Корриентес,-27.4386,-59.0458,2005-05-01,2005,5,19.1,91.0,0.9522856751414189,1.0045939359431766,0.20569419329493008,1.588132635253054
Корриентес,-27.4386,-59.0458,2005-06-01,2005,6,18.7,67.0,1.08153142575006,1.1081961247437868,0.25840794607597917,1.1942959001782532
Корриентес,-27.4386,-59.0458,2005-07-01,2005,7,15.3,4.0,0.032281548207496534,0.027131255348737372,0.575972119544279,0.08714596949891068
Корриентес,-27.4386,-59.0458,2005-08-01,2005,8,17.6,19.0,-0.4343459511408296,-0.41935001400474886,0.7456743991460724,0.35984848484848486
Корриентес,-27.4386,-59.0458,2005-09-01,2005,9,16.5,48.0,-1.0845375893736249,-1.156111706437478,0.8056777069904424,0.9696969696969697
Корриентес,-27.4386,-59.0458,2005-10-01,2005,10,20.5,67.0,-0.9551304375555283,-1.0191023113978772,-0.7497711251923332,1.089430894308943
Корриентес,-27.4386,-59.0458,2005-11-01,2005,11,24.0,189.0,-0.01856129046841773,-0.05163339846122441,-0.30681167887321953,2.625
Корриентес,-27.4386,-59.0458,2005-12-01,2005,12,25.3,95.0,-0.1537786121457605,-0.1923014637859968,-0.7037027234325404,1.251646903820817
Корриентес,-27.4386,-59.0458,2006-01-01,2006,1,28.3,116.0,-0.07553613531040627,-0.07804661435321798,-0.6207795207280896,1.3663133097762072
Корриентес,-27.4386,-59.0458,2006-02-01,2006,2,27.0,61.0,-1.114158877919332,-1.1881337413886124,-0.8966623637675556,0.7530864197530864
Корриентес,-27.4386,-59.0458,2006-03-01,2006,3,25.1,145.0,-0.754865303199691,-0.8093786864731501,-0.7877186979574112,1.9256308100929616
Корриентес,-27.4386,-59.0458,2006-04-01,2006,4,21.1,101.0,-0.6396119963867938,-0.6792437563341467,-0.7108949897081348,1.5955766192733016
Корриентес,-27.4386,-59.0458,2006-05-01,2006,5,15.6,31.0,-0.5709082841806227,-0.6163061806216723,-1.1722877999360581,0.6623931623931624
Корриентес,-27.4386,-59.0458,2006-06-01,2006,6,17.9,72.0,-0.21611148429350296,-0.518891915940139,-0.9552300518895481,1.3407821229050279
Корриентес,-27.4386,-59.0458,2006-07-01,2006,7,18.7,0.0,-0.6761515580089564,-0.7426261153993504,-0.9790278127959694,0.0
Корриентес,-27.4386,-59.0458,2006-08-01,2006,8,17.0,12.0,-0.5359984125792449,-0.5362661590487425,-0.821688792801028,0.23529411764705882
Корриентес,-27.4386,-59.0458,2006-09-01,2006,9,18.9,58.0,-1.11056591941324,-1.1830064449677913,-1.003774935407612,1.0229276895943562
Корриентес,-27.4386,-59.0458,2006-10-01,2006,10,23.8,172.0,0.2827370768436082,0.2986672916243829,-0.3247688426894025,2.4089635854341735
Корриентес,-27.4386,-59.0458,2006-11-01,2006,11,23.6,60.0,-0.13338851062970317,-0.17780915466571737,-0.4532967703682934,0.847457627118644
Корриентес,-27.4386,-59.0458,2006-12-01,2006,12,27.1,154.0,0.07124429049366951,0.057641966289369025,-0.4792287749327081,1.894218942189422
Корриентес,-27.4386,-59.0458,2007-01-01,2007,1,27.1,161.0,-0.22755208973794297,-0.2544551318035539,-0.17765408826211815,1.980319803198032
Корриентес,-27.4386,-59.0458,2007-02-01,2007,2,27.1,155.0,0.25440985542479355,0.3106879112939754,0.10148447985383138,1.9065190651906518
Корриентес,-27.4386,-59.0458,2007-03-01,2007,3,25.8,216.0,0.5403092886146208,0.5680033072239937,0.41853301891003064,2.7906976744186047
Корриентес,-27.4386,-59.0458,2007-04-01,2007,4,23.0,121.0,0.29968091931016566,0.3562912479625649,-0.02992466965420177,1.7536231884057971
Корриентес,-27.4386,-59.0458,2007-05-01,2007,5,14.8,10.0,-0.13728658563744456,-0.12628998986925918,-0.04943514612892601,0.22522522522522523
Корриентес,-27.4386,-59.0458,2007-06-01,2007,6,15.1,5.0,-0.9984689489193208,-1.4271632980823517,-0.31405021211783546,0.11037527593818984
Корриентес,-27.4386,-59.0458,2007-07-01,2007,7,12.3,3.0,-2.1978783964986546,-2.005505368541068,-0.4428432448273151,0.08130081300813008
Корриентес,-27.4386,-59.0458,2007-08-01,2007,8,13.5,6.0,-2.8499359409170184,-2.6777096406285295,-0.821688792801028,0.14814814814814814
Корриентес,-27.4386,-59.0458,2007-09-01,2007,9,20.8,140.0,0.30804477340017195,0.3713819810175692,-0.9073069333443434,2.2435897435897436
Корриентес,-27.4386,-59.0458,2007-10-01,2007,10,23.5,214.0,1.3281401158225017,1.339159107358065,-0.04857089678459851,3.0354609929078014
Корриентес,-27.4386,-59.0458,2007-11-01,2007,11,22.2,41.0,0.6396044533411499,0.65900791866509,-0.2004278825398179,0.6156156156156156
Корриентес,-27.4386,-59.0458,2007-12-01,2007,12,26.0,166.0,0.27758757682877855,0.28513409700484665,0.23163761926606152,2.128205128205128
Корриентес,-27.4386,-59.0458,2008-01-01,2008,1,27.1,63.0,-1.034676547295603,-1.1408597874417477,-0.11080709803816756,0.7749077490774908
Корриентес,-27.4386,-59.0458,2008-02-01,2008,2,25.9,78.0,-0.8477519340854007,-0.915665163510393,-0.19862178155145532,1.0038610038610039
Корриентес,-27.4386,-59.0458,2008-03-01,2008,3,25.1,43.0,-1.7982419018446836,-1.757826778064448,-1.1615031290602462,0.5710491367861886
Корриентес,-27.4386,-59.0458,2008-04-01,2008,4,20.4,37.0,-1.7345705916468765,-1.746430637612498,-1.9845911082598648,0.6045751633986928
Корриентес,-27.4386,-59.0458,2008-05-01,2008,5,17.8,10.0,-2.554785395800679,-2.333925640226224,-1.7701529637573772,0.18726591760299627
Корриентес,-27.4386,-59.0458,2008-06-01,2008,6,13.6,97.0,-0.8544348618786956,-1.2925956925972284,-1.8276162698035237,2.377450980392157
Корриентес,-27.4386,-59.0458,2008-07-01,2008,7,19.0,1.0,-0.609229853037202,-0.6730103210663156,-1.8027544564583509,0.017543859649122806
Корриентес,-27.4386,-59.0458,2008-08-01,2008,8,17.2,33.0,0.15331816527754677,0.23677666990722568,-1.9695480722552907,0.6395348837209303
Корриентес,-27.4386,-59.0458,2008-09-01,2008,9,17.6,86.0,-0.11258787901489165,-0.08268411764647522,-1.0940480159219563,1.628787878787879
Корриентес,-27.4386,-59.0458,2008-10-01,2008,10,22.2,137.0,0.41960366848055847,0.4473961547705464,-0.16436018709992894,2.057057057057057
Корриентес,-27.4386,-59.0458,2008-11-01,2008,11,24.5,55.0,-0.23551585338373648,-0.2892090912239232,-0.2004278825398179,0.7482993197278912
Корриентес,-27.4386,-59.0458,2008-12-01,2008,12,26.9,94.0,-0.6408307091370898,-0.7152129875888763,-0.8100932164143019,1.164807930607187
Корриентес,-27.4386,-59.0458,2009-01-01,2009,1,25.3,158.0,-0.7091251631722161,-0.8006020950245907,-0.4632615955506911,2.0816864295125166
Корриентес,-27.4386,-59.0458,2009-02-01,2009,2,25.8,156.0,-0.14150900201435102,-0.13454391326958473,-0.2844446361078014,2.0155038759689923
Корриентес,-27.4386,-59.0458,2009-03-01,2009,3,26.2,33.0,-0.5852093880555347,-0.6341436824334608,-1.006727542917427,0.4198473282442748
Корриентес,-27.4386,-59.0458,2009-04-01,2009,4,22.6,53.0,-1.059508950187115,-1.120862849572453,-1.426561854413829,0.7817109144542773
Корриентес,-27.4386,-59.0458,2009-05-01,2009,5,19.2,59.0,-1.724263894968978,-1.7484555615202564,-1.1559642255226543,1.0243055555555556
Корриентес,-27.4386,-59.0458,2009-06-01,2009,6,13.2,10.0,-1.372058731518488,-1.6929035549569884,-1.2113835894915113,0.25252525252525254
Корриентес,-27.4386,-59.0458,2009-07-01,2009,7,12.5,42.0,-0.5698056742999468,-0.63156022166641,-1.298759721193254,1.12
Корриентес,-27.4386,-59.0458,2009-08-01,2009,8,18.4,22.0,-0.7182647376716775,-0.7452652750176181,-1.9892424840666276,0.39855072463768115
Корриентес,-27.4386,-59.0458,2009-09-01,2009,9,18.3,17.0,-0.8432306810674546,-0.8997906624588223,-1.7079892520259987,0.30965391621129323
Корриентес,-27.4386,-59.0458,2009-10-01,2009,10,23.4,34.0,-1.8895591705829338,-1.7975613348269261,-1.7238622340035745,0.4843304843304843
Корриентес,-27.4386,-59.0458,2009-11-01,2009,11,27.0,612.0,2.0798616718772225,1.8908814312048887,1.3857531238231624,7.555555555555555
Корриентес,-27.4386,-59.0458,2009-12-01,2009,12,26.6,160.0,1.9138880061308807,1.7540344559564054,1.6180897220402308,2.0050125313283207
Корриентес,-27.4386,-59.0458,2010-01-01,2010,1,27.2,299.0,2.3591351855866343,2.029510499987027,1.723858761496586,3.6642156862745097
Корриентес,-27.4386,-59.0458,2010-02-01,2010,2,27.9,122.0,0.9073759110954563,0.9871901240096701,1.789598929027813,1.4575866188769415
Корриентес,-27.4386,-59.0458,2010-03-01,2010,3,25.5,135.0,0.6726276452346813,0.7012537199593051,1.747615066662588,1.7647058823529411
Корриентес,-27.4386,-59.0458,2010-04-01,2010,4,20.8,57.0,-0.5980651210931925,-0.6338748086902527,1.4952330402388858,0.9134615384615384
Корриентес,-27.4386,-59.0458,2010-05-01,2010,5,15.9,205.0,0.1333420219855064,0.1774705844540341,0.5782899614246811,4.29769392033543
Корриентес,-27.4386,-59.0458,2010-06-01,2010,6,15.5,8.0,0.19586125215683142,0.05339249866501508,0.35426378662152397,0.17204301075268819
Корриентес,-27.4386,-59.0458,2010-07-01,2010,7,14.2,37.0,0.8687679590587024,0.9077541340363582,-0.17183007775505307,0.8685446009389671
Корриентес,-27.4386,-59.0458,2010-08-01,2010,8,15.1,54.0,-0.2908786636740926,-0.25496813997243695,0.0020460133024073116,1.1920529801324504
Корриентес,-27.4386,-59.0458,2010-09-01,2010,9,18.4,108.0,0.9030712066142503,0.9372044396193522,0.3357654828282934,1.9565217391304348
Корриентес,-27.4386,-59.0458,2010-10-01,2010,10,19.8,43.0,-0.10089518528143944,-0.12558664982205628,0.538840514966951,0.7239057239057239
Корриентес,-27.4386,-59.0458,2010-11-01,2010,11,22.4,40.0,-1.1191351389402067,-1.1666844042785747,-1.119064063515801,0.5952380952380952
Корриентес,-27.4386,-59.0458,2010-12-01,2010,12,25.5,181.0,-0.8346135107902397,-0.9085238142282365,-0.4334362617232401,2.366013071895425
Корриентес,-27.4386,-59.0458,2011-01-01,2011,1,27.3,134.0,-0.35754474391006585,-0.4048550244442584,-0.4794451197393593,1.636141636141636
Корриентес,-27.4386,-59.0458,2011-02-01,2011,2,25.5,222.0,0.656238028051126,0.7387671370679854,-0.06179774822580902,2.9019607843137254
Корриентес,-27.4386,-59.0458,2011-03-01,2011,3,24.2,35.0,-0.29809420374895185,-0.3283091568947765,-0.8859085968872427,0.4820936639118457
Корриентес,-27.4386,-59.0458,2011-04-01,2011,4,21.4,156.0,-0.06680949821642117,-0.0428866783288872,-0.44314066450658063,2.4299065420560746
Корриентес,-27.4386,-59.0458,2011-05-01,2011,5,17.9,39.0,-0.9135189512315518,-0.9871747528311269,-0.25782850032521226,0.7262569832402235
Корриентес,-27.4386,-59.0458,2011-06-01,2011,6,15.3,46.0,0.033185122334365116,-0.17237307586397171,-0.4753252278183269,1.0021786492374727
Корриентес,-27.4386,-59.0458,2011-07-01,2011,7,14.5,44.0,-0.34367405584926725,-0.3884703901694607,-0.2803617378813673,1.0114942528735633
Корриентес,-27.4386,-59.0458,2011-08-01,2011,8,15.9,2.0,-0.4015814106166092,-0.3817090766198187,-1.1061891583182188,0.041928721174004195
Корриентес,-27.4386,-59.0458,2011-09-01,2011,9,19.9,65.0,-0.2601676911061043,-0.24820587519758888,-0.3781500852784726,1.0887772194304857
Корриентес,-27.4386,-59.0458,2011-10-01,2011,10,21.5,158.0,0.11067381866819699,0.10900715731950066,-0.24836286089767334,2.449612403100775
Корриентес,-27.4386,-59.0458,2011-11-01,2011,11,24.1,287.0,1.323474124160113,1.308010272040129,0.8852665107300525,3.9695712309820195
Корриентес,-27.4386,-59.0458,2011-12-01,2011,12,25.1,48.0,0.6574997342859255,0.6871291201214237,0.4238525374106596,0.6374501992031872
Корриентес,-27.4386,-59.0458,2012-01-01,2012,1,27.4,93.0,0.08313763806616253,0.10478574817190119,0.00530997927317883,1.1313868613138687
Корриентес,-27.4386,-59.0458,2012-02-01,2012,2,28.6,67.0,-1.6375943155551087,-1.676662315897174,-0.11401073210696609,0.7808857808857809
Корриентес,-27.4386,-59.0458,2012-03-01,2012,3,25.3,94.0,-1.2439094717131445,-1.282953316883079,-0.39325886738879046,1.238471673254282
Корриентес,-27.4386,-59.0458,2012-04-01,2012,4,21.1,157.0,-0.5745995574460719,-0.6081496627885278,-0.5388044604304114,2.4802527646129544
Корриентес,-27.4386,-59.0458,2012-05-01,2012,5,19.4,45.0,-0.44552297524757095,-0.4758437432615034,-1.353910411687938,0.7731958762886598
Корриентес,-27.4386,-59.0458,2012-06-01,2012,6,16.0,31.0,-0.016043418594172805,-0.24117482120062297,-1.130845842172787,0.6458333333333334
Корриентес,-27.4386,-59.0458,2012-07-01,2012,7,13.1,13.0,-0.8723742886390742,-0.9407689445464374,-0.9956414964110898,0.33078880407124683
Корриентес,-27.4386,-59.0458,2012-08-01,2012,8,19.2,95.0,0.25208074849779105,0.3403490316556444,-0.34034177441802693,1.6493055555555556
Корриентес,-27.4386,-59.0458,2012-09-01,2012,9,20.8,23.0,0.055743365106913106,0.10300965268356972,-0.29328097565712885,0.3685897435897436
Корриентес,-27.4386,-59.0458,2012-10-01,2012,10,23.5,189.0,0.8864334034502729,0.9296278483600927,0.09672186664355138,2.6808510638297873
Корриентес,-27.4386,-59.0458,2012-11-01,2012,11,24.8,101.0,0.052998152971340085,0.027213831751292838,0.08699977493548662,1.35752688172043
Корриентес,-27.4386,-59.0458,2012-12-01,2012,12,27.3,120.0,0.2145084242737654,0.21601814443525538,0.059498422935809155,1.465201465201465
Корриентес,-27.4386,-59.0458,2013-01-01,2013,1,26.5,145.0,-0.2850442640647651,-0.32110102704925797,0.10386437966479406,1.8238993710691824
Корриентес,-27.4386,-59.0458,2013-02-01,2013,2,25.9,134.0,-0.2011493624538365,-0.20225486746417753,-0.14559006011118553,1.7245817245817245
Корриентес,-27.4386,-59.0458,2013-03-01,2013,3,22.5,274.0,0.6562329625832357,0.6849402044101024,0.6018344200437747,4.059259259259259
Корриентес,-27.4386,-59.0458,2013-04-01,2013,4,21.3,183.0,0.7085732282861599,0.7698074129393845,0.3140063573572482,2.863849765258216
Корриентес,-27.4386,-59.0458,2013-05-01,2013,5,17.9,76.0,0.7616824640000585,0.8283493331273143,0.4075729110860005,1.415270018621974
Корриентес,-27.4386,-59.0458,2013-06-01,2013,6,15.4,99.0,0.5910977027541733,0.5697331538200138,0.6735820631626701,2.142857142857143
Корриентес,-27.4386,-59.0458,2013-07-01,2013,7,15.9,24.0,0.4082820410950501,0.43818584098284064,0.7663442769278558,0.5031446540880503
Корриентес,-27.4386,-59.0458,2013-08-01,2013,8,14.6,15.0,0.23995580499272648,0.3277732548345667,0.7491187113944557,0.3424657534246575
Корриентес,-27.4386,-59.0458,2013-09-01,2013,9,18.8,24.0,-1.304808190527252,-1.378478202210841,0.07216960584808177,0.425531914893617
Корриентес,-27.4386,-59.0458,2013-10-01,2013,10,22.4,118.0,-0.6575966443726584,-0.7240696583899184,-0.2314832879796448,1.755952380952381
Корриентес,-27.4386,-59.0458,2013-11-01,2013,11,24.3,262.0,0.698084850743809,0.7189718344456734,0.6021345308184568,3.5939643347050754
Корриентес,-27.4386,-59.0458,2013-12-01,2013,12,27.8,58.0,0.37218830797516717,0.3877682756662348,-0.18867938027546421,0.6954436450839329
Корриентес,-27.4386,-59.0458,2014-01-01,2014,1,27.7,146.0,0.28239607008770745,0.3295064495582281,-0.1466977793208567,1.7569193742478941
Корриентес,-27.4386,-59.0458,2014-02-01,2014,2,27.8,165.0,-0.4043120954311729,-0.43183639182313716,0.16604205480771933,1.9784172661870503
Корриентес,-27.4386,-59.0458,2014-03-01,2014,3,23.4,5.0,-0.7963404943978805,-0.8514401498511852,-0.35694846672666836,0.07122507122507123
Корриентес,-27.4386,-59.0458,2014-04-01,2014,4,21.9,109.0,-0.8124061275845714,-0.8650596679792255,-0.5431791928415904,1.6590563165905632
Корриентес,-27.4386,-59.0458,2014-05-01,2014,5,18.7,65.0,-1.3590874361458134,-1.4282382731613281,-1.176364275433277,1.1586452762923352
Корриентес,-27.4386,-59.0458,2014-06-01,2014,6,16.4,47.0,-0.09428277031619409,-0.3503983708642863,-0.9054826252777705,0.9552845528455286
Корриентес,-27.4386,-59.0458,2014-07-01,2014,7,16.3,62.0,0.15884925332561584,0.16710216620673177,-0.7439335919241237,1.2678936605316973
Корриентес,-27.4386,-59.0458,2014-08-01,2014,8,19.1,0.5,-0.1350597473331871,-0.07861213141870069,-1.3694625793417656,0.008726003490401396
Корриентес,-27.4386,-59.0458,2014-09-01,2014,9,20.8,55.0,-0.15261905917790267,-0.1273930609649481,-0.4771027460922411,0.8814102564102564
Корриентес,-27.4386,-59.0458,2014-10-01,2014,10,25.8,81.0,-0.9216294316399842,-0.9869792343199504,-0.6229057907903233,1.0465116279069768
Корриентес,-27.4386,-59.0458,2014-11-01,2014,11,24.5,152.0,-0.15016284162130505,-0.1961729513985879,-0.28171602289359937,2.068027210884354
Корриентес,-27.4386,-59.0458,2014-12-01,2014,12,25.3,185.0,0.2605351975532162,0.26649762989405634,0.02606695238816987,2.437417654808959
Корриентес,-27.4386,-59.0458,2015-01-01,2015,1,27.1,70.0,-0.03480346186699393,-0.030905205823987175,-0.5689297038685946,0.8610086100861009
Корриентес,-27.4386,-59.0458,2015-02-01,2015,2,26.6,223.0,0.30372601301125035,0.3649193434382131,0.13141315556263117,2.7944862155388472
Корриентес,-27.4386,-59.0458,2015-03-01,2015,3,25.2,101.0,-0.2790151013800329,-0.3076972334571263,-0.06495854731680129,1.335978835978836
Корриентес,-27.4386,-59.0458,2015-04-01,2015,4,22.3,45.0,-0.2912070678986552,-0.2934504603124476,-0.40864765488909705,0.672645739910314
Корриентес,-27.4386,-59.0458,2015-05-01,2015,5,19.0,175.0,-0.2897451208689803,-0.29945955607221497,-0.12398611364993292,3.0701754385964914
Корриентес,-27.4386,-59.0458,2015-06-01,2015,6,17.8,181.0,0.7504925170896372,0.7581930104314244,0.2300071458524084,3.3895131086142323
Корриентес,-27.4386,-59.0458,2015-07-01,2015,7,16.1,6.0,1.7226312846621445,1.6368226704791367,0.5533097313531935,0.12422360248447203
Корриентес,-27.4386,-59.0458,2015-08-01,2015,8,20.4,57.0,1.289063435698814,1.2527749704670854,0.33459311634454264,0.9313725490196079
Корриентес,-27.4386,-59.0458,2015-09-01,2015,9,19.4,7.0,-1.11056591941324,-1.1830064449677913,0.345954918742603,0.12027491408934708
Корриентес,-27.4386,-59.0458,2015-10-01,2015,10,21.3,135.0,-0.16647753197804843,-0.19806453837181842,1.1888242657370356,2.112676056338028
Корриентес,-27.4386,-59.0458,2015-11-01,2015,11,23.6,237.0,0.5330993225518432,0.5479778267910488,0.9744540164586066,3.347457627118644
Корриентес,-27.4386,-59.0458,2015-12-01,2015,12,26.2,309.0,1.4670969830650287,1.4224159304778812,1.1274953863244916,3.931297709923664
Корриентес,-27.4386,-59.0458,2016-01-01,2016,1,28.6,211.0,1.4501846220284358,1.4304813212160181,1.2222794693847012,2.4592074592074593
Корриентес,-27.4386,-59.0458,2016-02-01,2016,2,27.8,117.0,1.2141280201855549,1.2682645426985393,1.1612272641636903,1.4028776978417266
Корриентес,-27.4386,-59.0458,2016-03-01,2016,3,22.8,128.0,0.10243215619748816,0.10614553216354358,1.1936623950823104,1.871345029239766
Корриентес,-27.4386,-59.0458,2016-04-01,2016,4,22.9,230.0,0.22424328508127203,0.275847571529359,1.1498103150739047,3.3478893740902476
Корриентес,-27.4386,-59.0458,2016-05-01,2016,5,15.2,13.0,-0.004008630955538149,0.02426930742197377,0.6853233342042376,0.2850877192982456
Корриентес,-27.4386,-59.0458,2016-06-01,2016,6,11.6,222.0,0.9616642452879566,0.9878618147940134,0.7090061040255503,6.379310344827586
Корриентес,-27.4386,-59.0458,2016-07-01,2016,7,15.3,38.0,1.0593522192428955,1.0868533434059067,0.6169228560808406,0.8278867102396514
Корриентес,-27.4386,-59.0458,2016-08-01,2016,8,17.8,82.0,2.015326951149583,1.7175137063561658,0.886878611641919,1.5355805243445693
Корриентес,-27.4386,-59.0458,2016-09-01,2016,9,17.7,13.0,0.08509818715003102,0.13492113995155963,0.8860039294463475,0.2448210922787194
Корриентес,-27.4386,-59.0458,2016-10-01,2016,10,21.0,214.0,0.9038374233765316,0.9466776036794385,1.2972737057576766,3.3968253968253967
Корриентес,-27.4386,-59.0458,2016-11-01,2016,11,23.1,121.0,0.31651900967540175,0.31611164135853337,1.2296369059298233,1.746031746031746
Корриентес,-27.4386,-59.0458,2016-12-01,2016,12,25.9,195.0,0.8344947333695626,0.8631975018875568,0.7309602911595721,2.5096525096525095
Корриентес,-27.4386,-59.0458,2017-01-01,2017,1,27.3,111.0,0.0776578921445089,0.09851573484228353,0.39803274778070674,1.3553113553113554
Корриентес,-27.4386,-59.0458,2017-02-01,2017,2,26.3,131.0,0.04681456089822805,0.07880083899644709,0.22466839372671246,1.6603295310519646
Корриентес,-27.4386,-59.0458,2017-03-01,2017,3,24.9,189.0,-0.048530412313807995,-0.05752237932247815,0.5939690241800789,2.5301204819277108
Корриентес,-27.4386,-59.0458,2017-04-01,2017,4,20.1,487.0,1.4685392882912816,1.4194871214845606,1.1547989908895766,8.076285240464346
Корриентес,-27.4386,-59.0458,2017-05-01,2017,5,18.7,219.0,2.0176108614382655,1.8076461132128985,1.6277500023125038,3.9037433155080214
Корриентес,-27.4386,-59.0458,2017-06-01,2017,6,16.3,56.0,1.7137568624130053,1.6372645111101507,1.510736891354315,1.1451942740286298
Корриентес,-27.4386,-59.0458,2017-07-01,2017,7,18.3,4.0,1.1075846652965513,1.1306584417389998,1.5659615147576147,0.07285974499089254
Корриентес,-27.4386,-59.0458,2017-08-01,2017,8,19.1,49.0,-0.14222902923731764,-0.08665469247826768,1.5736865246067129,0.8551483420593369
Корриентес,-27.4386,-59.0458,2017-09-01,2017,9,20.4,70.0,-0.06545835182181789,-0.03028423722601457,1.624256253998482,1.1437908496732025
Корриентес,-27.4386,-59.0458,2017-10-01,2017,10,21.5,88.0,-0.07925963016398264,-0.10162685445703139,0.747944288213456,1.3643410852713178
Корриентес,-27.4386,-59.0458,2017-11-01,2017,11,23.3,63.0,-0.7794150291049172,-0.85274888299356,-0.7926483257600024,0.9012875536480687
Корриентес,-27.4386,-59.0458,2017-12-01,2017,12,27.7,54.0,-1.4805901279158415,-1.4662120671732142,-1.3286663597458799,0.6498194945848376
Корриентес,-27.4386,-59.0458,2018-01-01,2018,1,26.4,362.0,0.3469298826631518,0.4006069419259325,0.16664047875460727,4.570707070707071
Корриентес,-27.4386,-59.0458,2018-02-01,2018,2,26.6,13.0,-0.004565847054289779,0.020756983018454314,-0.4813028309186815,0.16290726817042606
Корриентес,-27.4386,-59.0458,2018-03-01,2018,3,24.3,187.0,0.7052953470084501,0.7335872033534573,-0.290079912173315,2.5651577503429355
Корриентес,-27.4386,-59.0458,2018-04-01,2018,4,25.0,39.0,-1.08062540041207,-1.1421062414206682,-0.6620701455419573,0.52
Корриентес,-27.4386,-59.0458,2018-05-01,2018,5,19.6,236.0,0.4501224084366007,0.5178663053118467,0.24912619190065544,4.01360544217687
Корриентес,-27.4386,-59.0458,2018-06-01,2018,6,13.8,34.0,0.3854463591610633,0.3086333956662157,0.527339560750097,0.821256038647343
Корриентес,-27.4386,-59.0458,2018-07-01,2018,7,13.6,15.0,1.1552410619566293,1.1733353061477754,-0.371116217830438,0.36764705882352944
Корриентес,-27.4386,-59.0458,2018-08-01,2018,8,14.2,17.0,-0.8781792044475749,-0.926396449490435,0.1631290732698563,0.39906103286384975
Корриентес,-27.4386,-59.0458,2018-09-01,2018,9,21.6,71.0,-0.40022584631875335,-0.40633401972069055,0.018433444389584885,1.095679012345679
Корриентес,-27.4386,-59.0458,2018-10-01,2018,10,22.4,75.39285714285714,-0.5788343132340039,-0.6425279303191718,0.4921605192697565,1.1219175170068025
Корриентес,-27.4386,-59.0458,2018-11-01,2018,11,24.5,79.78571428571429,-0.7251655541051292,-0.7995812846576972,-1.100883656400935,1.0855199222546161
Корриентес,-27.4386,-59.0458,2018-12-01,2018,12,26.1,155.50981921091912,-0.4429532466383571,-0.5078829537325568,-0.7589333846874415,1.9860768737026706
Корриентес,-27.4386,-59.0458,2019-01-01,2019,1,27.2,131.94209618747223,-0.27704396979883106,-0.3118363555000362,-0.6392211648940154,1.616937453277846
Корриентес,-27.4386,-59.0458,2019-02-01,2019,2,25.8,159.39175458440408,0.1094598793834028,0.14928604239874493,-0.3548584114168808,2.059324994630544
Корриентес,-27.4386,-59.0458,2019-03-01,2019,3,23.4,230.45118538194447,0.4831674821319006,0.5093932787526328,0.03383016256606008,3.2827804185462175
Корриентес,-27.4386,-59.0458,2019-04-01,2019,4,21.6,107.00693678201591,0.3208916774239856,0.3787064628483813,-0.04160351613310286,1.6513416170064186
Корриентес,-27.4386,-59.0458,2019-05-01,2019,5,19.3,70.8750412315862,0.1911498358635729,0.24110258382934832,0.10638552075145459,1.22409397636591
Корриентес,-27.4386,-59.0458,2019-06-01,2019,6,18.3,97.48172364634641,0.22367437819047423,0.09150847493167173,0.2387458983318864,1.7756233815363645
Корриентес,-27.4386,-59.0458,2019-07-01,2019,7,14.7,38.74343285539145,0.48542092772294987,0.5200596623660443,0.44824551479838004,0.8785358924125045
Корриентес,-27.4386,-59.0458,2019-08-01,2019,8,16.5,29.983633286855035,0.561117557678325,0.6465158492323196,0.3763789748929892,0.6057299653910109
Корриентес,-27.4386,-59.0458,2019-09-01,2019,9,19.4,70.9861052430807,0.18110235223881804,0.2381009571222659,0.036965241104343745,1.2196925299498402
Корриентес,-27.4386,-59.0458,2019-10-01,2019,10,22.3,91.45924496720431,-0.23950350180785035,-0.278396705033271,0.1246899626457156,1.3671038111689733
Корриентес,-27.4386,-59.0458,2019-11-01,2019,11,25.6,92.92325508356913,-0.4386757110951412,-0.5067465548687914,-0.11362140489619293,1.209938217233973
Корриентес,-27.4386,-59.0458,2019-12-01,2019,12,25.3,141.91361648584598,-0.32656903440864843,-0.3822452859575994,-0.4138073296982789,1.869744617731831
Корриентес,-27.4386,-59.0458,2020-01-01,2020,1,26.8,15.658112934998883,-1.2352831607427803,-1.3338628591415183,-1.1250805854182224,0.19475264844525975
Корриентес,-27.4386,-59.0458,2020-02-01,2020,2,25.8,38.90299821939948,-1.7376007803085534,-1.763112588872573,-1.6010303010544469,0.5026227160129132
Корриентес,-27.4386,-59.0458,2020-03-01,2020,3,26.6,104.55253362456685,-2.0105668832265824,-1.9232682111402026,-1.831355360659584,1.3101821256211386
Корриентес,-27.4386,-59.0458,2020-04-01,2020,4,20.7,47.17095141656003,-1.448852232916075,-1.4954030416595914,-1.9235359132518548,0.7595966411684385
Корриентес,-27.4386,-59.0458,2020-05-01,2020,5,17.4,92.24707961690252,-0.8061628859529059,-0.873467720461956,-1.6037989212303063,1.7671854332739947
Корриентес,-27.4386,-59.0458,2020-06-01,2020,6,17.8,14.823783008990954,-0.7043332212167092,-1.1343344416872956,-1.8901413928987676,0.2775989327526396
Корриентес,-27.4386,-59.0458,2020-07-01,2020,7,14.6,2.5483672999099483,-0.5878847659212425,-0.6506072969801572,-1.601893568394413,0.05818190182442804
Корриентес,-27.4386,-59.0458,2020-08-01,2020,8,19.1,75.39191741835822,-0.3892030735459545,-0.3674998714128171,-0.9960669847401702,1.3157402690812952
Корриентес,-27.4386,-59.0458,2020-09-01,2020,9,20.5,48.347678761752924,-0.014884941881432035,0.02561341513473363,-0.9461603333773732,0.7861411180772833
Корриентес,-27.4386,-59.0458,2020-10-01,2020,10,24.2,111.5560001584029,0.215679607494997,0.2250198319248253,-0.32549523947510833,1.5365840242204254
Корриентес,-27.4386,-59.0458,2020-11-01,2020,11,25.1,35.1083620107851,-1.0708721080685368,-1.1241608281830469,-1.1376693215303175,0.4662465074473453
Корриентес,-27.4386,-59.0458,2020-12-01,2020,12,26.2,99.94609138631928,-1.0024972700857702,-1.0668838142010302,-1.0306245037167021,1.2715787708183115
Корриентес,-27.4386,-59.0458,2021-01-01,2021,1,26.9,194.0,-0.5396369046252502,-0.6125730667525938,-0.4559880419626088,2.4039653035935564
Корриентес,-27.4386,-59.0458,2021-02-01,2021,2,25.6,43.0,-0.6293436567040748,-0.6813541859680287,-1.1467456044001487,0.5598958333333334
Корриентес,-27.4386,-59.0458,2021-03-01,2021,3,24.7,102.0,-0.6389581951696851,-0.6901834369681206,-1.2692001846652006,1.3765182186234817
Корриентес,-27.4386,-59.0458,2021-04-01,2021,4,21.6,95.0,-1.0735669301689335,-1.135016719970921,-1.3348213073304234,1.4660493827160495
Корриентес,-27.4386,-59.0458,2021-05-01,2021,5,16.8,7.0,-1.1286908542219671,-1.2067509279138067,-1.2050685918714252,0.1388888888888889
Корриентес,-27.4386,-59.0458,2021-06-01,2021,6,14.7,38.0,-0.9226884784003152,-1.3585477177227825,-1.1666858323096667,0.8616780045351474
Корриентес,-27.4386,-59.0458,2021-07-01,2021,7,15.0,0.0,-1.604536397979916,-1.5885848500355852,-1.690870701321348,0.0
Корриентес,-27.4386,-59.0458,2021-08-01,2021,8,17.6,0.5,-1.5850743107883838,-1.672651951479445,-1.7659318159385378,0.00946969696969697
Корриентес,-27.4386,-59.0458,2021-09-01,2021,9,21.2,47.0,-1.8445571261741605,-1.8675471526888996,-1.8866657462157073,0.7389937106918238
Корриентес,-27.4386,-59.0458,2021-10-01,2021,10,21.7,24.0,-1.9161548986199346,-1.8165363875653164,-2.296562522317066,0.3686635944700461
Корриентес,-27.4386,-59.0458,2021-11-01,2021,11,24.2,123.0,-1.0829548345818967,-1.1348726321436136,-1.6156694494217412,1.6942148760330578
Корриентес,-27.4386,-59.0458,2021-12-01,2021,12,26.7,50.0,-1.590127630697463,-1.5465615016179992,-1.875113524453641,0.6242197253433208
Корриентес,-27.4386,-59.0458,2022-01-01,2022,1,30.2,7.0,-2.352203962105787,-2.1414064016258174,-2.192530853531813,0.0772626931567329
Корриентес,-27.4386,-59.0458,2022-02-01,2022,2,28.8,19.0,-2.9247447358646634,-2.6517309523894563,-2.6374846690904152,0.2199074074074074
Корриентес,-27.4386,-59.0458,2022-03-01,2022,3,23.6,173.0,-1.674415184594152,-1.6573054552744217,-2.346819338000402,2.443502824858757
Корриентес,-27.4386,-59.0458,2022-04-01,2022,4,20.8,84.0,-0.8315945788727205,-0.8853709526084049,-1.8545187632195166,1.3461538461538463
Корриентес,-27.4386,-59.0458,2022-05-01,2022,5,15.6,19.0,-0.5776927824024836,-0.6238508809989068,-1.9388615200119448,0.405982905982906
Корриентес,-27.4386,-59.0458,2022-06-01,2022,6,13.1,13.0,-1.6656781707107928,-1.8224095590611116,-1.8831320452894182,0.33078880407124683
Корриентес,-27.4386,-59.0458,2022-07-01,2022,7,18.8,8.0,-1.7032807789577709,-1.6644814318687446,-1.5106263277990521,0.14184397163120568
Корриентес,-27.4386,-59.0458,2022-08-01,2022,8,17.0,31.0,-1.199168750183635,-1.2783155297960016,-1.0609493539679131,0.6078431372549019
Корриентес,-27.4386,-59.0458,2022-09-01,2022,9,17.5,20.0,-1.427009171297391,-1.4964216354155209,-2.040380643999796,0.38095238095238093
Корриентес,-27.4386,-59.0458,2022-10-01,2022,10,21.1,97.0,-0.7712658328334289,-0.8393129901043347,-1.6896606500420517,1.5323854660347551
Корриентес,-27.4386,-59.0458,2022-11-01,2022,11,23.5,94.0,-0.8875579613969375,-0.9563181459114788,-1.3481420891703824,1.3333333333333333
Корриентес,-27.4386,-59.0458,2022-12-01,2022,12,27.4,44.0,-1.1235126521288268,-1.1753497970390656,-1.552464143806021,0.5352798053527981
Корриентес,-27.4386,-59.0458,2023-01-01,2023,1,28.4,98.0,-1.4027887289300973,-1.4842430482577762,-1.4534951901450834,1.1502347417840375
Корриентес,-27.4386,-59.0458,2023-02-01,2023,2,26.8,104.0,-1.3207058642357885,-1.3883336148912577,-1.5718684865562789,1.2935323383084578
Корриентес,-27.4386,-59.0458,2023-03-01,2023,3,26.7,101.0,-0.8872568678695143,-0.9424778394793729,-1.5350913516271025,1.260923845193508
Корриентес,-27.4386,-59.0458,2023-04-01,2023,4,21.1,87.0,-0.7308097672252889,-0.7779364593345087,-1.5228077422633601,1.3744075829383886
Корриентес,-27.4386,-59.0458,2023-05-01,2023,5,18.4,139.0,-0.2537524230016692,-0.25856576403492254,-1.0739334767636657,2.5181159420289854
Корриентес,-27.4386,-59.0458,2023-06-01,2023,6,18.1,6.0,-0.022352975396733896,-0.24999395875114602,-0.9145329622528094,0.11049723756906077
Корриентес,-27.4386,-59.0458,2023-07-01,2023,7,17.2,20.0,0.06437838182177587,0.06271225114162708,-0.7223795646723148,0.3875968992248062
Корриентес,-27.4386,-59.0458,2023-08-01,2023,8,20.3,35.0,-0.9859698627199998,-1.046581109205404,-0.6374286109048581,0.5747126436781609
Корриентес,-27.4386,-59.0458,2023-09-01,2023,9,20.5,88.0,0.22677099831034697,0.28648761233247766,-0.21798240079414258,1.4308943089430894
Корриентес,-27.4386,-59.0458,2023-10-01,2023,10,22.8,87.0,-0.047012298418471495,-0.06588377242241696,-0.07319064465770451,1.2719298245614035
Корриентес,-27.4386,-59.0458,2023-11-01,2023,11,25.5,152.0,0.1610861750642264,0.14620414689474104,-0.3502118209603908,1.9869281045751634
Корриентес,-27.4386,-59.0458,2023-12-01,2023,12,26.6,250.0,0.6377021965190532,0.6669406620782268,0.5738444633227733,3.1328320802005014
Корриентес,-27.4386,-59.0458,2024-01-01,2024,1,27.1,71.0,0.31735645844111027,0.3681413736641379,0.15224604839934971,0.8733087330873309
Корриентес,-27.4386,-59.0458,2024-02-01,2024,2,28.3,232.0,0.7486558959241597,0.8320615057370085,0.6539028419004229,2.7326266195524145
Корриентес,-27.4386,-59.0458,2024-03-01,2024,3,27.3,218.0,0.4787551439051841,0.5048425310580364,0.7793035287537253,2.6617826617826617
Корриентес,-27.4386,-59.0458,2024-04-01,2024,4,23.7,358.0,1.4717378038733413,1.4218992384983518,1.268190371616275,5.035161744022504
Корриентес,-27.4386,-59.0458,2024-05-01,2024,5,16.3,67.0,1.1918245663039695,1.211082210528867,1.2768727978320737,1.3701431492842535
Корриентес,-27.4386,-59.0458,2024-06-01,2024,6,19.4,1.0,0.8362196436212261,0.8541889618861364,0.7989822951482581,0.01718213058419244
Корриентес,-27.4386,-59.0458,2024-07-01,2024,7,14.5,9.0,-1.0524377875386963,-1.1139232917515196,1.0668198422415882,0.20689655172413793
Корриентес,-27.4386,-59.0458,2024-08-01,2024,8,16.4,118.0,0.11519450704921236,0.19612806117585152,1.057151873046499,2.3983739837398375
Корриентес,-27.4386,-59.0458,2024-09-01,2024,9,20.4,46.0,0.6098132822525881,0.6712417088341733,0.8895437448844986,0.7516339869281046
Корриентес,-27.4386,-59.0458,2024-10-01,2024,10,23.2,77.0,0.2727991150091163,0.287780088178356,-0.5575506378953542,1.1063218390804597
Корриентес,-27.4386,-59.0458,2024-11-01,2024,11,24.9,343.0,1.0766165698428105,1.0874434258537786,0.850008605638953,4.591700133868809
Корриентес,-27.4386,-59.0458,2024-12-01,2024,12,24.6,186.0,1.168452344810058,1.172219620354802,1.2395142325581676,2.5203252032520327
Корриентес,-27.4386,-59.0458,2025-01-01,2025,1,27.7,81.0,0.9203253514873618,0.9822248288240599,0.8668369722946022,0.9747292418772563
Корриентес,-27.4386,-59.0458,2025-02-01,2025,2,30.8,6.0,-1.1063679936436572,-1.1803905970897404,-0.004996634864435775,0.06493506493506493
Корриентес,-27.4386,-59.0458,2025-03-01,2025,3,26.9,86.0,-1.8909927289529493,-1.831146881448954,-0.22904655999809645,1.0656753407682775
Корриентес,-27.4386,-59.0458,2025-04-01,2025,4,20.2,15.0,-2.2750655108330213,-2.166677538977963,-0.6665001630294272,0.24752475247524752
Корриентес,-27.4386,-59.0458,2025-05-01,2025,5,19.9,251.0,-0.10896437946938932,-0.09419067672877794,-0.85777617030593,4.204355108877722
Корриентес,-27.4386,-59.0458,2025-06-01,2025,6,13.2,109.0,0.6561174269976322,0.6481542914602172,-0.8556702127143127,2.7525252525252526
Корриентес,-27.4386,-59.0458,2025-07-01,2025,7,15.4,28.0,1.8985625615244606,1.7650109216345318,-0.520731418235317,0.6060606060606061
Корриентес,-27.4386,-59.0458,2025-08-01,2025,8,16.6,72.0,0.9840873338040033,1.018045583459783,0.3167871796064976,1.4457831325301203
Корриентес,-27.4386,-59.0458,2025-09-01,2025,9,19.2,199.0,1.8258821863118162,1.6168673812498073,1.1306476753594903,3.454861111111111
Корриентес,-27.4386,-59.0458,2025-10-01,2025,10,21.3,284.0,2.6971391547709187,2.33305135772581,2.5343187546552324,4.444444444444445
Корриентес,-27.4386,-59.0458,2025-11-01,2025,11,23.3,63.0,1.5143701252086494,1.4678527324598236,1.4412670425112877,0.9012875536480687
Корриентес,-27.4386,-59.0458,2025-12-01,2025,12,25.5,412.0,1.7523190649632543,1.6396346564578341,2.0860044998236695,5.38562091503268
Корриентес,-27.4386,-59.0458,2026-01-01,2026,1,26.8,211.0,1.2057723168052927,1.2341661137139748,1.9326630434240104,2.6243781094527363
Корриентес,-27.4386,-59.0458,2026-02-01,2026,2,28.5,28.0,1.2887392342697321,1.332929043586621,1.677823163105272,0.32748538011695905
Корриентес,-27.4386,-59.0458,2026-03-01,2026,3,28.5,28.0,-1.1470150646026926,-1.1931679718131472,0.836571128505795,0.32748538011695905
Корриентес,-27.4386,-59.0458,2026-04-01,2026,4,28.5,28.0,-2.5776199428526936,-2.371855624106708,-0.4345020029681336,0.32748538011695905
Корриентес,-27.4386,-59.0458,2026-05-01,2026,5,18.2,84.3229572587633,-1.7807257248315862,-1.7945303432463278,-0.1559576641156312,1.5443765065707562
Корриентес,-27.4386,-59.0458,2026-06-01,2026,6,15.5,6.749216916284453,-1.4945952001768323,-1.7546891765347299,-1.577063579501385,0.14514444981256888
Корриентес,-27.4386,-59.0458,2026-07-01,2026,7,15.3,32.23855331120644,-0.41332433739063984,-0.4642004416749597,-2.15718450671324,0.7023649958868504
Корриентес,-27.4386,-59.0458,2026-08-01,2026,8,16.8,26.905820917000312,-0.8804052942382806,-0.9288959364058267,-2.1186538012804896,0.5338456531150856
Корриентес,-27.4386,-59.0458,2026-09-01,2026,9,18.9,46.40547292770677,-0.35458684217902403,-0.35477177244424946,-1.4762337729203723,0.8184386759736644
Корриентес,-27.4386,-59.0458,2026-10-01,2026,10,21.5,86.22489138756205,-0.6261594527182878,-0.6916819814593734,-0.8651780208874031,1.3368200215125898
Корриентес,-27.4386,-59.0458,2026-11-01,2026,11,23.6,232.6654920628382,0.43911077487478006,0.44824298559373355,-0.048790964576764885,3.28623576359941
Корриентес,-27.4386,-59.0458,2026-12-01,2026,12,25.6,128.2796480924036,0.4218593931237097,0.4410737850025984,0.1299240428170068,1.6703079178698383
