station,lat,lon,date,year,month,temp,precip,spi3,spei3,spei6,gtk
Ла-Риоха,-29.3817,-66.7933,1961-01-01,1961,1,27.5,74.0,,,,0.896969696969697
Ла-Риоха,-29.3817,-66.7933,1961-02-01,1961,2,26.0,31.0,,,,0.3974358974358974
Ла-Риоха,-29.3817,-66.7933,1961-03-01,1961,3,22.0,181.0,0.23034453227529128,0.6891490057506282,,2.742424242424242
Ла-Риоха,-29.3817,-66.7933,1961-04-01,1961,4,19.4,17.0,0.62029463137248,0.7052166059847476,,0.2920962199312715
Ла-Риоха,-29.3817,-66.7933,1961-05-01,1961,5,16.9,17.0,1.374985877488517,1.4368790911034794,,0.3353057199211046
Ла-Риоха,-29.3817,-66.7933,1961-06-01,1961,6,9.8,9.0,0.9969488876986937,0.44427798002134905,0.6822416777991724,
Ла-Риоха,-29.3817,-66.7933,1961-07-01,1961,7,11.5,0.2,0.6439669203969391,0.7582137204186215,0.7492696579523287,0.005797101449275362
Ла-Риоха,-29.3817,-66.7933,1961-08-01,1961,8,17.7,0.0,1.0131728374265185,0.12726277675893966,1.289185237733732,0.0
Ла-Риоха,-29.3817,-66.7933,1961-09-01,1961,9,18.0,0.7,0.3303678767384873,-1.1450580495236555,-0.00929627663481678,0.012962962962962963
Ла-Риоха,-29.3817,-66.7933,1961-10-01,1961,10,23.4,50.0,1.0308600202015752,0.9664473634268628,0.9624440352671115,0.7122507122507122
Ла-Риоха,-29.3817,-66.7933,1961-11-01,1961,11,25.8,71.0,0.750160465466201,1.1417928438797638,1.0060967135668384,0.917312661498708
Ла-Риоха,-29.3817,-66.7933,1961-12-01,1961,12,28.0,14.0,0.3780908370889026,0.4551252914563926,0.15318631663404347,0.16666666666666666
Ла-Риоха,-29.3817,-66.7933,1962-01-01,1962,1,27.0,58.0,-0.2940664432329571,-0.33243450906748573,-0.027000371709250622,0.7160493827160493
Ла-Риоха,-29.3817,-66.7933,1962-02-01,1962,2,27.5,25.0,-1.4200283426598195,-1.6539901133619754,-0.5314911155032243,0.30303030303030304
Ла-Риоха,-29.3817,-66.7933,1962-03-01,1962,3,26.9,7.0,-0.7896422637913091,-1.5383988187967208,-0.8495126091023472,0.08674101610904585
Ла-Риоха,-29.3817,-66.7933,1962-04-01,1962,4,19.9,8.0,-0.7464360105283745,-1.9895451817857066,-1.4103823914632265,0.13400335008375208
Ла-Риоха,-29.3817,-66.7933,1962-05-01,1962,5,15.9,3.0,-2.1623612502748113,-2.2612670919110966,-2.1477382808246706,0.06289308176100629
Ла-Риоха,-29.3817,-66.7933,1962-06-01,1962,6,11.3,3.0,0.4570631534311565,-0.8743148723819937,-1.765527700352858,0.08849557522123894
Ла-Риоха,-29.3817,-66.7933,1962-07-01,1962,7,8.4,11.0,0.479617367057583,0.40108200539611744,-1.9789831100029418,
Ла-Риоха,-29.3817,-66.7933,1962-08-01,1962,8,15.0,0.0,1.1427051231291625,0.28133474277243514,-2.277911423169261,0.0
Ла-Риоха,-29.3817,-66.7933,1962-09-01,1962,9,19.7,0.0,0.8938599739585339,0.23194339200572567,-0.8269073180472659,0.0
Ла-Риоха,-29.3817,-66.7933,1962-10-01,1962,10,22.6,2.0,-1.1152677276819551,-1.5929344593861678,-0.6181568435082114,0.029498525073746312
Ла-Риоха,-29.3817,-66.7933,1962-11-01,1962,11,27.2,56.0,0.054734450501188414,0.11214098172584547,0.16326475551675626,0.6862745098039216
Ла-Риоха,-29.3817,-66.7933,1962-12-01,1962,12,26.8,94.0,0.5988992060593352,0.7095847874374122,0.5472045200869481,1.1691542288557213
Ла-Риоха,-29.3817,-66.7933,1963-01-01,1963,1,27.7,31.0,0.20016203403403296,0.23850843337043778,-0.17304005341023007,0.3730445246690734
Ла-Риоха,-29.3817,-66.7933,1963-02-01,1963,2,25.4,133.0,0.36644060524532385,0.494875961090145,0.3796774018559172,1.7454068241469816
Ла-Риоха,-29.3817,-66.7933,1963-03-01,1963,3,23.4,13.0,-0.2067163750208939,-0.3351856184358298,0.06361436195652655,0.18518518518518517
Ла-Риоха,-29.3817,-66.7933,1963-04-01,1963,4,22.8,7.0,0.32176250992121874,-0.021711920500456776,0.035549422188751664,0.1023391812865497
Ла-Риоха,-29.3817,-66.7933,1963-05-01,1963,5,16.4,5.0,-1.6337121848989966,-1.8429985272313423,-0.09894838911378732,0.10162601626016261
Ла-Риоха,-29.3817,-66.7933,1963-06-01,1963,6,12.7,0.0,0.3920321902715509,-1.0337608697240308,-0.5703511549215541,0.0
Ла-Риоха,-29.3817,-66.7933,1963-07-01,1963,7,13.3,27.0,0.7274600280647413,0.9169338581856894,0.18165939333245187,0.6766917293233082
Ла-Риоха,-29.3817,-66.7933,1963-08-01,1963,8,15.1,0.0,1.3851471516350005,0.5184594539603605,-1.1071122280933756,0.0
Ла-Риоха,-29.3817,-66.7933,1963-09-01,1963,9,16.8,2.0,1.2376281395260786,0.7714775095678809,-0.1075275073398229,0.03968253968253968
Ла-Риоха,-29.3817,-66.7933,1963-10-01,1963,10,21.0,2.0,-0.8378673778466241,-1.2190740153423085,0.15472180393846127,0.031746031746031744
Ла-Риоха,-29.3817,-66.7933,1963-11-01,1963,11,22.3,30.0,-0.35184856180683616,-0.5853707636730879,-0.07284127465774483,0.4484304932735426
Ла-Риоха,-29.3817,-66.7933,1963-12-01,1963,12,26.4,92.0,0.22684799048066678,0.2746713002965339,0.40928908341789955,1.1616161616161615
Ла-Риоха,-29.3817,-66.7933,1964-01-01,1964,1,27.7,56.0,0.1645616028460378,0.19805848520044247,-0.18702850384395503,0.6738868832731648
Ла-Риоха,-29.3817,-66.7933,1964-02-01,1964,2,26.5,52.0,-0.05477049741296835,-0.052505804326945626,-0.3608891960739678,0.6540880503144654
Ла-Риоха,-29.3817,-66.7933,1964-03-01,1964,3,20.9,155.0,0.1509926743859177,0.512804665162449,0.4442341806281379,2.4720893141945774
Ла-Риоха,-29.3817,-66.7933,1964-04-01,1964,4,19.8,10.0,0.5790641327060316,0.6109329484214328,0.43548635470190206,0.16835016835016836
Ла-Риоха,-29.3817,-66.7933,1964-05-01,1964,5,18.2,0.0,0.9301936216026994,1.0803499650628527,0.49037880505336706,0.0
Ла-Риоха,-29.3817,-66.7933,1964-06-01,1964,6,10.5,11.0,0.6359475981113082,-0.42065672359583184,0.35956104055503757,0.3492063492063492
Ла-Риоха,-29.3817,-66.7933,1964-07-01,1964,7,10.5,0.0,0.33304682488930276,0.03187891105973014,0.5573728500930908,0.0
Ла-Риоха,-29.3817,-66.7933,1964-08-01,1964,8,14.0,0.0,1.0662500506045867,0.19299465037613192,0.9851570822801338,0.0
Ла-Риоха,-29.3817,-66.7933,1964-09-01,1964,9,18.5,0.0,-1.0968035620935135,-9.68053974620678,-1.078156526204729,0.0
Ла-Риоха,-29.3817,-66.7933,1964-10-01,1964,10,20.5,41.0,0.8021520496589215,0.7767063499164442,0.5646420990836806,0.6666666666666666
Ла-Риоха,-29.3817,-66.7933,1964-11-01,1964,11,25.2,45.0,0.40245096130232705,0.668178230608158,0.5909112819268162,0.5952380952380952
Ла-Риоха,-29.3817,-66.7933,1964-12-01,1964,12,26.0,36.0,0.19856178017074963,0.24050641112304072,-0.07398151990436362,0.46153846153846156
Ла-Риоха,-29.3817,-66.7933,1965-01-01,1965,1,27.4,85.0,0.01690774924081759,0.02847971041245295,0.14507088399216622,1.0340632603406326
Ла-Риоха,-29.3817,-66.7933,1965-02-01,1965,2,27.4,33.0,-0.49467378026567255,-0.6414651876700849,-0.29701766052809614,0.40145985401459855
Ла-Риоха,-29.3817,-66.7933,1965-03-01,1965,3,23.7,27.0,-0.37939148315737253,-0.735905261200704,-0.44126314836563296,0.379746835443038
Ла-Риоха,-29.3817,-66.7933,1965-04-01,1965,4,20.0,7.0,-0.266283091513477,-1.3705099577990734,-0.848143601658617,0.11666666666666667
Ла-Риоха,-29.3817,-66.7933,1965-05-01,1965,5,15.2,6.0,-1.0150157056810376,-1.1856508592318926,-0.9986793900206347,0.13157894736842105
Ла-Риоха,-29.3817,-66.7933,1965-06-01,1965,6,16.1,0.0,0.42564411349474823,-0.9519410880331256,-0.9602136747404739,0.0
Ла-Риоха,-29.3817,-66.7933,1965-07-01,1965,7,11.2,0.3,0.1674491656793423,-0.4311328133633194,-1.5398865573204263,0.008928571428571428
Ла-Риоха,-29.3817,-66.7933,1965-08-01,1965,8,15.2,26.0,1.3743244500367018,0.5090997825178114,-0.621684462980157,0.5701754385964912
Ла-Риоха,-29.3817,-66.7933,1965-09-01,1965,9,16.7,5.0,1.269808515164544,0.8120848838690815,0.003683326087697344,0.0998003992015968
Ла-Риоха,-29.3817,-66.7933,1965-10-01,1965,10,24.1,0.0,0.527390889819366,0.5181644579096194,0.1956310873605733,0.0
Ла-Риоха,-29.3817,-66.7933,1965-11-01,1965,11,25.2,65.0,0.215082425017465,0.3772956497482564,0.5806155997147973,0.8597883597883598
Ла-Риоха,-29.3817,-66.7933,1965-12-01,1965,12,26.1,28.0,-0.24401246336712995,-0.29965559141272535,-0.035237562653941866,0.35759897828863346
Ла-Риоха,-29.3817,-66.7933,1966-01-01,1966,1,27.0,64.0,-0.09995940815820178,-0.10706800110740894,-0.10396408761059427,0.7901234567901234
Ла-Риоха,-29.3817,-66.7933,1966-02-01,1966,2,25.1,23.0,-1.036109301678138,-1.2888273923264946,-0.9489567698784782,0.3054448871181939
Ла-Риоха,-29.3817,-66.7933,1966-03-01,1966,3,24.1,74.0,-0.2891685629760767,-0.5296313169594807,-0.5615817013758639,1.0235131396957122
Ла-Риоха,-29.3817,-66.7933,1966-04-01,1966,4,20.5,18.0,0.12029815063393945,-0.5317158725538567,-0.4705723241255965,0.2926829268292683
Ла-Риоха,-29.3817,-66.7933,1966-05-01,1966,5,16.4,8.0,0.17907568847214927,0.3078961166408639,-0.757492404426089,0.1626016260162602
Ла-Риоха,-29.3817,-66.7933,1966-06-01,1966,6,13.9,0.0,0.7364350352577431,-0.166367941658344,-0.594132399401022,0.0
Ла-Риоха,-29.3817,-66.7933,1966-07-01,1966,7,11.9,9.0,0.479617367057583,0.40108200539611744,-0.4568924435676942,0.25210084033613445
Ла-Риоха,-29.3817,-66.7933,1966-08-01,1966,8,13.4,0.3,1.0163036068368758,0.1312446155253081,0.2774296046693076,0.007462686567164179
Ла-Риоха,-29.3817,-66.7933,1966-09-01,1966,9,17.3,11.0,1.0982269111780023,0.5776047473456065,0.066651699066304,0.2119460500963391
Ла-Риоха,-29.3817,-66.7933,1966-10-01,1966,10,23.0,5.0,-0.00882276654566288,-0.09057949775737742,0.06390966286658935,0.07246376811594203
Ла-Риоха,-29.3817,-66.7933,1966-11-01,1966,11,25.2,46.0,0.1104794238366482,0.20570580034148137,0.14924287693885216,0.6084656084656085
Ла-Риоха,-29.3817,-66.7933,1966-12-01,1966,12,25.1,56.0,-0.02221978324935884,-0.0287839422675097,0.014616924564501636,0.7436918990703851
Ла-Риоха,-29.3817,-66.7933,1967-01-01,1967,1,28.2,21.0,-0.6041847505741433,-0.6849346705712289,-0.8339074380129176,0.24822695035460993
Ла-Риоха,-29.3817,-66.7933,1967-02-01,1967,2,27.4,21.0,-1.394168294445119,-1.6321761546433908,-1.3004702828660428,0.25547445255474455
Ла-Риоха,-29.3817,-66.7933,1967-03-01,1967,3,24.1,12.0,-1.2853281956364406,-2.1685555343009275,-1.5957016615992266,0.16597510373443983
Ла-Риоха,-29.3817,-66.7933,1967-04-01,1967,4,23.7,2.0,-0.9587529758727867,-2.1249915262916006,-1.7342025124331966,0.02812939521800281
Ла-Риоха,-29.3817,-66.7933,1967-05-01,1967,5,19.9,0.0,-2.806164841339127,-2.570529190166031,-2.2039815338717466,0.0
Ла-Риоха,-29.3817,-66.7933,1967-06-01,1967,6,8.6,18.0,0.6136723837228902,-0.4775343695253376,-2.325663459499347,
Ла-Риоха,-29.3817,-66.7933,1967-07-01,1967,7,11.4,1.0,0.5199364777772274,0.49435936226670857,-2.0733415467258633,0.029239766081871343
Ла-Риоха,-29.3817,-66.7933,1967-08-01,1967,8,14.9,0.4,1.256200531113561,0.39986262376142745,-2.148910172784505,0.008948545861297539
Ла-Риоха,-29.3817,-66.7933,1967-09-01,1967,9,17.7,2.0,0.5891211912404806,-0.44165020726528265,-0.9225062200577334,0.03766478342749529
Ла-Риоха,-29.3817,-66.7933,1967-10-01,1967,10,23.5,5.0,-0.5236338605723188,-0.7808976887964053,-0.2130610013190043,0.07092198581560284
Ла-Риоха,-29.3817,-66.7933,1967-11-01,1967,11,23.8,89.0,0.5080794855867433,0.8214147346054143,0.8344839778177116,1.246498599439776
Ла-Риоха,-29.3817,-66.7933,1967-12-01,1967,12,29.9,37.0,0.3239128462231578,0.3909644637257139,0.12948560570021414,0.4124860646599777
Ла-Риоха,-29.3817,-66.7933,1968-01-01,1968,1,27.4,142.0,1.0716376691188965,1.1315534965051326,0.8696860909811865,1.7274939172749393
Ла-Риоха,-29.3817,-66.7933,1968-02-01,1968,2,26.0,94.0,0.4607066714961971,0.6094804102756816,0.732164727955618,1.205128205128205
Ла-Риоха,-29.3817,-66.7933,1968-03-01,1968,3,23.6,51.0,0.23368114819864536,0.696405908899765,0.6172650822433269,0.7203389830508474
Ла-Риоха,-29.3817,-66.7933,1968-04-01,1968,4,18.2,11.0,0.3356739366677353,0.013744662523208072,0.5970458370627343,0.20146520146520147
Ла-Риоха,-29.3817,-66.7933,1968-05-01,1968,5,14.4,0.0,-0.46035371335397635,-0.4923808099584303,0.29697325035114597,0.0
Ла-Риоха,-29.3817,-66.7933,1968-06-01,1968,6,12.6,1.0,0.3920321902715509,-1.0337608697240308,0.4742892494974247,0.026455026455026454
Ла-Риоха,-29.3817,-66.7933,1968-07-01,1968,7,14.2,0.0,-0.2590556674295172,-1.6054719494081393,-0.12634268521358183,0.0
Ла-Риоха,-29.3817,-66.7933,1968-08-01,1968,8,15.9,2.0,0.7342683402416554,-0.28526066352300583,-0.660084690103322,0.041928721174004195
Ла-Риоха,-29.3817,-66.7933,1968-09-01,1968,9,18.9,0.0,0.47733401598910263,-0.734029875174472,-1.6569835190823095,0.0
Ла-Риоха,-29.3817,-66.7933,1968-10-01,1968,10,21.8,9.0,-0.2825173853748199,-0.44887564161825505,-1.2049655323514292,0.13761467889908258
Ла-Риоха,-29.3817,-66.7933,1968-11-01,1968,11,27.4,54.0,0.12403379350920551,0.2282524264789557,0.038779376213643,0.656934306569343
Ла-Риоха,-29.3817,-66.7933,1968-12-01,1968,12,27.2,50.0,0.06800550295620301,0.08165665723720031,-0.19462716396310922,0.6127450980392157
Ла-Риоха,-29.3817,-66.7933,1969-01-01,1969,1,29.4,8.0,-0.7963997687626632,-0.8938599190115417,-1.1032459935239973,0.09070294784580499
Ла-Риоха,-29.3817,-66.7933,1969-02-01,1969,2,27.2,22.0,-2.056821224844899,-2.063171451493005,-1.5646781304138955,0.2696078431372549
Ла-Риоха,-29.3817,-66.7933,1969-03-01,1969,3,25.3,2.0,-7.6649952959278345,-2.63400709961972,-1.81411778959467,0.026350461133069828
Ла-Риоха,-29.3817,-66.7933,1969-04-01,1969,4,22.7,29.0,-0.4554489081767623,-1.672129782146114,-1.6398919972992,0.42584434654919234
Ла-Риоха,-29.3817,-66.7933,1969-05-01,1969,5,17.9,16.0,-0.8119061966379522,-0.9392263051612683,-1.9365755968320195,0.297951582867784
Ла-Риоха,-29.3817,-66.7933,1969-06-01,1969,6,11.8,0.0,1.0224721781559951,0.498640702556558,-2.2635530363464933,0.0
Ла-Риоха,-29.3817,-66.7933,1969-07-01,1969,7,12.4,0.0,0.45816256011931383,0.34994455191174934,-1.6460568032486145,0.0
Ла-Риоха,-29.3817,-66.7933,1969-08-01,1969,8,13.9,0.0,-1.0299567622253682,-7.694592588742105,-1.3201907366112637,0.0
Ла-Риоха,-29.3817,-66.7933,1969-09-01,1969,9,20.2,0.0,-1.0968035620935135,-9.68053974620678,0.02608282290818838,0.0
Ла-Риоха,-29.3817,-66.7933,1969-10-01,1969,10,22.8,2.0,-1.1152677276819551,-1.5929344593861678,-0.685866848055707,0.029239766081871343
Ла-Риоха,-29.3817,-66.7933,1969-11-01,1969,11,26.3,20.0,-0.6380835405120103,-1.047293796266793,-1.2823459403597295,0.2534854245880862
Ла-Риоха,-29.3817,-66.7933,1969-12-01,1969,12,27.9,78.0,-0.13102578938982223,-0.16201027712730937,-0.46619029178753485,0.931899641577061
Ла-Риоха,-29.3817,-66.7933,1970-01-01,1970,1,27.3,51.0,-0.20888261951746362,-0.2336786520031023,-0.6476647912024134,0.6227106227106227
Ла-Риоха,-29.3817,-66.7933,1970-02-01,1970,2,28.5,41.0,-0.325897557392607,-0.418026239720277,-0.8572566873006556,0.47953216374269003
Ла-Риоха,-29.3817,-66.7933,1970-03-01,1970,3,24.5,36.0,-0.486160394471181,-0.9680323093906135,-0.8184320887264859,0.4897959183673469
Ла-Риоха,-29.3817,-66.7933,1970-04-01,1970,4,24.3,11.0,-0.06747081058132685,-0.9721981491795838,-0.8071452065384037,0.15089163237311384
Ла-Риоха,-29.3817,-66.7933,1970-05-01,1970,5,14.9,12.0,-0.5239222058577243,-0.5742341449972177,-0.6072769628934591,0.2684563758389262
Ла-Риоха,-29.3817,-66.7933,1970-06-01,1970,6,11.8,8.0,0.8233294982463866,0.047199662517417855,-0.9469090150028109,0.22598870056497175
Ла-Риоха,-29.3817,-66.7933,1970-07-01,1970,7,11.0,0.0,0.5389629790046024,0.5370901917566901,-0.8365393323840793,0.0
Ла-Риоха,-29.3817,-66.7933,1970-08-01,1970,8,14.5,0.0,0.9735815315608685,0.07574272267918669,-0.6013973326418852,0.0
Ла-Риоха,-29.3817,-66.7933,1970-09-01,1970,9,20.9,0.0,-1.0968035620935135,-9.68053974620678,-0.51404470527676,0.0
Ла-Риоха,-29.3817,-66.7933,1970-10-01,1970,10,21.5,8.0,-0.4787606600861822,-0.7184240174685164,-0.14204415813817522,0.12403100775193798
Ла-Риоха,-29.3817,-66.7933,1970-11-01,1970,11,24.7,60.0,0.18971717804099672,0.3362222565672474,0.24098932420724173,0.8097165991902834
Ла-Риоха,-29.3817,-66.7933,1970-12-01,1970,12,28.4,21.0,-0.3106217413615512,-0.38014801732313175,-0.6754601580477969,0.24647887323943662
Ла-Риоха,-29.3817,-66.7933,1971-01-01,1971,1,26.1,52.0,-0.4436101884157503,-0.5042312094698708,-0.8064649515664369,0.6641123882503193
Ла-Риоха,-29.3817,-66.7933,1971-02-01,1971,2,25.5,25.0,-1.394168294445119,-1.6321761546433908,-1.2124326646083918,0.32679738562091504
Ла-Риоха,-29.3817,-66.7933,1971-03-01,1971,3,23.7,42.0,-0.548463739068765,-1.0964225174076947,-1.0315916780373706,0.5907172995780591
Ла-Риоха,-29.3817,-66.7933,1971-04-01,1971,4,17.7,45.0,0.10181349327736774,-0.5771902418120678,-0.7267481702398713,0.847457627118644
Ла-Риоха,-29.3817,-66.7933,1971-05-01,1971,5,14.5,1.0,0.0022505014735453507,0.09529453570538021,-1.0959596188927652,0.022988505747126436
Ла-Риоха,-29.3817,-66.7933,1971-06-01,1971,6,9.4,2.0,1.059351997414625,0.5752448710741714,-0.8422632935445015,
Ла-Риоха,-29.3817,-66.7933,1971-07-01,1971,7,13.2,0.0,-0.023073682535724574,-0.9840009432166162,-0.7185585136687321,0.0
Ла-Риоха,-29.3817,-66.7933,1971-08-01,1971,8,14.8,0.0,0.6508885680864762,-0.43231927115496976,-0.05474537369576844,0.0
Ла-Риоха,-29.3817,-66.7933,1971-09-01,1971,9,20.7,0.0,-1.0968035620935135,-9.68053974620678,0.11777651055847752,0.0
Ла-Риоха,-29.3817,-66.7933,1971-10-01,1971,10,22.5,17.0,0.022684165966146454,-0.051128624539656053,-0.5541946584252417,0.2518518518518518
Ла-Риоха,-29.3817,-66.7933,1971-11-01,1971,11,27.3,7.0,-0.5837387909420183,-0.9636192806786184,-1.1213571835492087,0.08547008547008547
Ла-Риоха,-29.3817,-66.7933,1971-12-01,1971,12,30.6,0.0,-1.7390094767814666,-1.8103508135100608,-2.045397249610201,0.0
Ла-Риоха,-29.3817,-66.7933,1972-01-01,1972,1,29.6,49.0,-2.3529628667297953,-2.149066739696245,-2.002439332116032,0.5518018018018018
Ла-Риоха,-29.3817,-66.7933,1972-02-01,1972,2,28.1,48.0,-1.4200283426598195,-1.6539901133619754,-1.9482190673617272,0.5693950177935944
Ла-Риоха,-29.3817,-66.7933,1972-03-01,1972,3,23.7,26.0,-0.5202086644609373,-1.0388809314598095,-1.7858647948668414,0.3656821378340366
Ла-Риоха,-29.3817,-66.7933,1972-04-01,1972,4,19.9,11.0,-0.09211366551024966,-1.0257909762461581,-1.9779362326922474,0.18425460636515914
Ла-Риоха,-29.3817,-66.7933,1972-05-01,1972,5,17.0,3.0,-1.0150157056810376,-1.1856508592318926,-1.774327582873821,0.058823529411764705
Ла-Риоха,-29.3817,-66.7933,1972-06-01,1972,6,13.3,4.0,0.5663365627509076,-0.5984247771239628,-1.1943562509371382,0.10025062656641603
Ла-Риоха,-29.3817,-66.7933,1972-07-01,1972,7,10.8,3.0,0.30311329626599604,-0.04882332702751392,-1.074172483010465,0.09259259259259259
Ла-Риоха,-29.3817,-66.7933,1972-08-01,1972,8,13.7,4.0,1.0662500506045867,0.19299465037613192,-1.147426127783696,0.09732360097323602
Ла-Риоха,-29.3817,-66.7933,1972-09-01,1972,9,19.1,12.0,1.0741770475648205,0.5409486821198678,-0.2562095363632639,0.2094240837696335
Ла-Риоха,-29.3817,-66.7933,1972-10-01,1972,10,22.6,8.0,0.2992154998795613,0.27596154583944954,0.08825993861703198,0.11799410029498525
Ла-Риоха,-29.3817,-66.7933,1972-11-01,1972,11,24.1,51.0,0.22758343627761063,0.39740160744990827,0.3503648560275137,0.7053941908713693
Ла-Риоха,-29.3817,-66.7933,1972-12-01,1972,12,27.4,44.0,-0.08390628194695994,-0.1043522178491269,-0.07398151990436362,0.5352798053527981
Ла-Риоха,-29.3817,-66.7933,1973-01-01,1973,1,29.3,35.0,-0.4905305934326242,-0.5575130062068911,-0.6009320666186116,0.3981797497155859
Ла-Риоха,-29.3817,-66.7933,1973-02-01,1973,2,26.4,72.0,-0.5288186110097732,-0.6858093459658317,-0.493737699162909,0.9090909090909091
Ла-Риоха,-29.3817,-66.7933,1973-03-01,1973,3,24.0,63.0,-0.24193958148874117,-0.4187966856129914,-0.3874924206068575,0.875
Ла-Риоха,-29.3817,-66.7933,1973-04-01,1973,4,20.1,8.0,0.27359976932042873,-0.1447153635789275,-0.4615202893233666,0.13266998341625208
Ла-Риоха,-29.3817,-66.7933,1973-05-01,1973,5,15.3,5.0,-0.19481346419027942,-0.15140149398182884,-0.628242449006574,0.10893246187363835
Ла-Риоха,-29.3817,-66.7933,1973-06-01,1973,6,12.6,2.0,0.486611709914455,-0.8004690312933999,-0.6180988551496147,0.05291005291005291
Ла-Риоха,-29.3817,-66.7933,1973-07-01,1973,7,9.8,6.0,0.38730335691737816,0.17382384262727923,-0.13847356335655855,
Ла-Риоха,-29.3817,-66.7933,1973-08-01,1973,8,14.0,1.0,1.006838734410269,0.11916590463885732,-0.1569006617253326,0.023809523809523808
Ла-Риоха,-29.3817,-66.7933,1973-09-01,1973,9,16.9,2.0,0.8347694204649135,0.11654711185622948,-0.8859527541810839,0.03944773175542407
Ла-Риоха,-29.3817,-66.7933,1973-10-01,1973,10,22.7,6.0,-0.40865121980574937,-0.6213134730964871,-0.4360724852388606,0.0881057268722467
Ла-Риоха,-29.3817,-66.7933,1973-11-01,1973,11,24.5,41.0,-0.08101225772725255,-0.11992661124083387,-0.14353508857603997,0.5578231292517006
Ла-Риоха,-29.3817,-66.7933,1973-12-01,1973,12,25.2,84.0,0.3239128462231578,0.3909644637257139,0.21695143834405642,1.1111111111111112
Ла-Риоха,-29.3817,-66.7933,1974-01-01,1974,1,27.8,61.0,0.2584219817036121,0.30424134170268585,-0.009716017707344506,0.7314148681055156
Ла-Риоха,-29.3817,-66.7933,1974-02-01,1974,2,23.4,160.0,0.6474469387239825,0.8254801333735975,0.6405262450716696,2.2792022792022792
Ла-Риоха,-29.3817,-66.7933,1974-03-01,1974,3,22.2,117.0,0.3932448183068906,1.0270494405678858,0.8642705876012045,1.7567567567567568
Ла-Риоха,-29.3817,-66.7933,1974-04-01,1974,4,19.6,2.0,0.7762361858306548,1.0383095868124628,0.7993783924687085,0.034013605442176874
Ла-Риоха,-29.3817,-66.7933,1974-05-01,1974,5,15.7,2.0,0.452973718453555,0.6155223203266993,0.8204603455989371,0.04246284501061571
Ла-Риоха,-29.3817,-66.7933,1974-06-01,1974,6,11.3,0.0,-0.07821197281516537,-1.9443892752915546,0.7643182214117132,0.0
Ла-Риоха,-29.3817,-66.7933,1974-07-01,1974,7,12.7,4.0,0.15395958401880402,-0.47019109859464964,0.9290067286011944,0.10498687664041995
Ла-Риоха,-29.3817,-66.7933,1974-08-01,1974,8,13.8,6.0,1.037583294930151,0.15795808396394415,0.5645542278099288,0.14492753623188406
Ла-Риоха,-29.3817,-66.7933,1974-09-01,1974,9,15.9,0.0,0.8653686508476488,0.17721412870589057,-1.6569835190823095,0.0
Ла-Риоха,-29.3817,-66.7933,1974-10-01,1974,10,22.5,3.0,-0.40865121980574937,-0.6213134730964871,-0.9164770399517357,0.044444444444444446
Ла-Риоха,-29.3817,-66.7933,1974-11-01,1974,11,25.8,2.0,-1.3829510703048062,-1.9214095714783412,-1.5972388651385054,0.025839793281653745
Ла-Риоха,-29.3817,-66.7933,1974-12-01,1974,12,25.1,35.0,-1.3003569072221675,-1.4422586775544994,-1.4708976462649697,0.4648074369189907
Ла-Риоха,-29.3817,-66.7933,1975-01-01,1975,1,27.7,68.0,-0.9291216626541833,-1.0323427109734054,-1.2566254915281254,0.8182912154031288
Ла-Риоха,-29.3817,-66.7933,1975-02-01,1975,2,25.7,73.0,-0.2675326579441964,-0.33960174215380273,-1.0026085509119318,0.9468223086900129
Ла-Риоха,-29.3817,-66.7933,1975-03-01,1975,3,23.4,61.0,-0.09004677203876545,-0.05507681992606404,-0.6773859066555181,0.8689458689458689
Ла-Риоха,-29.3817,-66.7933,1975-04-01,1975,4,20.3,20.0,0.3264257374928074,-0.00982058464923038,-0.5910515173090359,0.3284072249589491
Ла-Риоха,-29.3817,-66.7933,1975-05-01,1975,5,15.2,3.0,-0.06089761283301103,0.01718638311971844,-0.3023119233754984,0.06578947368421052
Ла-Риоха,-29.3817,-66.7933,1975-06-01,1975,6,13.7,7.0,0.806819065091864,0.007244069960384202,-0.10264257930976957,0.170316301703163
Ла-Риоха,-29.3817,-66.7933,1975-07-01,1975,7,9.8,0.0,0.30311329626599604,-0.04882332702751392,-0.043742667975725125,
Ла-Риоха,-29.3817,-66.7933,1975-08-01,1975,8,12.3,54.0,1.782839623737503,0.8021999305887361,0.7157372100787373,1.4634146341463414
Ла-Риоха,-29.3817,-66.7933,1975-09-01,1975,9,17.3,45.0,1.892661774836295,1.3820449308253993,1.351114401201011,0.8670520231213873
Ла-Риоха,-29.3817,-66.7933,1975-10-01,1975,10,22.0,1.0,1.903598371860798,1.5244294289713118,1.2905406733837586,0.015151515151515152
Ла-Риоха,-29.3817,-66.7933,1975-11-01,1975,11,23.6,75.0,0.7440282517240387,1.1341994581221755,1.4289737922089336,1.0593220338983051
Ла-Риоха,-29.3817,-66.7933,1975-12-01,1975,12,28.7,3.0,-0.4843909137006713,-0.5866024183690358,0.7384474765199371,0.03484320557491289
Ла-Риоха,-29.3817,-66.7933,1976-01-01,1976,1,26.9,53.0,-0.47477720096264836,-0.5396635531712543,0.4289075596615353,0.6567534076827757
Ла-Риоха,-29.3817,-66.7933,1976-02-01,1976,2,25.6,85.0,-0.6496402380427942,-0.8396260575308037,-0.0767792657118573,1.1067708333333333
Ла-Риоха,-29.3817,-66.7933,1976-03-01,1976,3,21.1,59.0,-0.11235478136315093,-0.10879718281149284,-0.36101766094600135,0.9320695102685624
Ла-Риоха,-29.3817,-66.7933,1976-04-01,1976,4,18.5,0.0,0.2785477315287789,-0.1320738423451708,-0.4435075368243528,0.0
Ла-Риоха,-29.3817,-66.7933,1976-05-01,1976,5,15.0,45.0,0.23437603029186763,0.37226878276625497,-0.44527363877029286,1.0
Ла-Риоха,-29.3817,-66.7933,1976-06-01,1976,6,11.3,0.0,1.0224721781559951,0.498640702556558,-0.005394440652609988,0.0
Ла-Риоха,-29.3817,-66.7933,1976-07-01,1976,7,10.8,0.0,0.8827351800695145,1.1758414352941107,0.22112015289403056,0.0
Ла-Риоха,-29.3817,-66.7933,1976-08-01,1976,8,13.1,1.0,0.5238772001833124,-0.677713846684148,0.21079976863425498,0.02544529262086514
Ла-Риоха,-29.3817,-66.7933,1976-09-01,1976,9,17.0,29.0,1.2518124824552266,0.7895551936808243,0.719507019313339,0.5686274509803921
Ла-Риоха,-29.3817,-66.7933,1976-10-01,1976,10,22.2,3.0,0.5864062680591534,0.5766820629746447,0.9761043136965386,0.04504504504504504
Ла-Риоха,-29.3817,-66.7933,1976-11-01,1976,11,26.0,33.0,0.15071358535864993,0.27237525831372555,0.038779376213643,0.4230769230769231
Ла-Риоха,-29.3817,-66.7933,1976-12-01,1976,12,27.6,19.0,-0.9542194265884405,-1.10573003140408,-0.7534330851391322,0.22946859903381642
Ла-Риоха,-29.3817,-66.7933,1977-01-01,1977,1,27.0,108.0,-0.06037141690423596,-0.061078317551276434,-0.03634883001913851,1.3333333333333333
Ла-Риоха,-29.3817,-66.7933,1977-02-01,1977,2,24.4,102.0,0.16889230668515814,0.24411833785856493,0.20708934538694476,1.3934426229508197
Ла-Риоха,-29.3817,-66.7933,1977-03-01,1977,3,23.2,41.0,0.10741980286208715,0.4131611596678,-0.1109062578263144,0.5890804597701149
Ла-Риоха,-29.3817,-66.7933,1977-04-01,1977,4,19.9,27.0,0.39770900546555144,0.1708618121974401,0.006124890182992649,0.45226130653266333
Ла-Риоха,-29.3817,-66.7933,1977-05-01,1977,5,15.0,4.0,-0.2661532901437805,-0.2424497098907724,0.04761987508651522,0.08888888888888889
Ла-Риоха,-29.3817,-66.7933,1977-06-01,1977,6,12.9,6.0,0.9151082407923539,0.2627576777231161,0.3909052610790197,0.15503875968992248
Ла-Риоха,-29.3817,-66.7933,1977-07-01,1977,7,12.4,1.0,0.33304682488930276,0.03187891105973014,0.14114162787285142,0.026881720430107527
Ла-Риоха,-29.3817,-66.7933,1977-08-01,1977,8,15.4,7.0,1.1427051231291625,0.28133474277243514,-0.13584229458347022,0.15151515151515152
Ла-Риоха,-29.3817,-66.7933,1977-09-01,1977,9,21.1,2.0,0.8653686508476488,0.17721412870589057,0.08796082666801114,0.0315955766192733
Ла-Риоха,-29.3817,-66.7933,1977-10-01,1977,10,23.7,39.0,0.9701482519488887,0.918182884426193,0.6975665998946499,0.5485232067510548
Ла-Риоха,-29.3817,-66.7933,1977-11-01,1977,11,25.5,16.0,0.040393420668654284,0.0878734941803739,0.1431940973947246,0.20915032679738563
Ла-Риоха,-29.3817,-66.7933,1977-12-01,1977,12,26.7,82.0,0.4048452570903767,0.4865838364493935,0.32237252603411504,1.0237203495630463
Ла-Риоха,-29.3817,-66.7933,1978-01-01,1978,1,25.0,30.0,-0.522387933265818,-0.5934777933355465,-0.2721532513076443,0.4
Ла-Риоха,-29.3817,-66.7933,1978-02-01,1978,2,25.1,35.0,-0.5757837090302094,-0.7462066281448588,-0.7062721943240714,0.4648074369189907
Ла-Риоха,-29.3817,-66.7933,1978-03-01,1978,3,23.3,78.0,-0.3913122295231308,-0.7625192717974947,-0.326139894007589,1.1158798283261802
Ла-Риоха,-29.3817,-66.7933,1978-04-01,1978,4,20.5,17.0,0.20626351547386515,-0.3162582920183066,-0.6005371946089816,0.2764227642276423
Ла-Риоха,-29.3817,-66.7933,1978-05-01,1978,5,17.2,0.0,0.10751600218938667,0.22303920095344557,-0.4748872839809799,0.0
Ла-Риоха,-29.3817,-66.7933,1978-06-01,1978,6,11.3,0.0,0.5410632889301268,-0.6627942660981051,-0.9336546202255417,0.0
Ла-Риоха,-29.3817,-66.7933,1978-07-01,1978,7,13.8,0.0,-1.5497059007365892,-2.29153665270413,-0.48599095818161986,0.0
Ла-Риоха,-29.3817,-66.7933,1978-08-01,1978,8,12.2,0.0,-1.0299567622253682,-7.694592588742105,0.04008898176155242,0.0
Ла-Риоха,-29.3817,-66.7933,1978-09-01,1978,9,19.3,12.0,0.9205764810401186,0.2817444755529042,-0.6112715203681798,0.20725388601036268
Ла-Риоха,-29.3817,-66.7933,1978-10-01,1978,10,23.6,1.0,-0.17073334988237246,-0.29946512207470877,-1.1004723614931953,0.014124293785310734
Ла-Риоха,-29.3817,-66.7933,1978-11-01,1978,11,26.2,0.0,-0.9394330570610394,-1.4661750781915945,-1.6970517669317295,0.0
Ла-Риоха,-29.3817,-66.7933,1978-12-01,1978,12,27.3,99.0,-0.13102578938982223,-0.16201027712730937,-0.2475572526199971,1.2087912087912087
Ла-Риоха,-29.3817,-66.7933,1979-01-01,1979,1,27.2,33.0,-0.45913776376873533,-0.5219029086799802,-0.7423988364063253,0.40441176470588236
Ла-Риоха,-29.3817,-66.7933,1979-02-01,1979,2,24.8,108.0,0.24646281362370867,0.34413664740501376,-0.1642808717479138,1.4516129032258065
Ла-Риоха,-29.3817,-66.7933,1979-03-01,1979,3,21.7,42.0,-0.17748224973334054,-0.2653269165634555,-0.30029574832215694,0.6451612903225806
Ла-Риоха,-29.3817,-66.7933,1979-04-01,1979,4,17.4,73.0,0.599894080982313,0.658874051918664,0.18327169177496158,1.3984674329501916
Ла-Риоха,-29.3817,-66.7933,1979-05-01,1979,5,15.8,0.0,0.3785940950194336,0.5348346931284176,0.4284600412925745,0.0
Ла-Риоха,-29.3817,-66.7933,1979-06-01,1979,6,10.3,0.0,1.3196907708781014,1.0510135450836273,0.12384673144581688,0.0
Ла-Риоха,-29.3817,-66.7933,1979-07-01,1979,7,12.8,0.0,-1.5497059007365892,-2.29153665270413,0.5186618409915588,0.0
Ла-Риоха,-29.3817,-66.7933,1979-08-01,1979,8,16.7,0.0,-1.0299567622253682,-7.694592588742105,0.3602774091839217,0.0
Ла-Риоха,-29.3817,-66.7933,1979-09-01,1979,9,16.2,5.0,0.6792836085280584,-0.22234192921546958,0.7690536966541153,0.102880658436214
Ла-Риоха,-29.3817,-66.7933,1979-10-01,1979,10,22.4,8.0,-0.17073334988237246,-0.29946512207470877,-1.1004723614931953,0.11904761904761904
Ла-Риоха,-29.3817,-66.7933,1979-11-01,1979,11,23.3,32.0,-0.14687135166443246,-0.23367393310667195,-0.4862847736456447,0.45779685264663805
Ла-Риоха,-29.3817,-66.7933,1979-12-01,1979,12,23.8,94.0,0.3646308990031946,0.4392408529885665,0.20153643973275145,1.3165266106442577
Ла-Риоха,-29.3817,-66.7933,1980-01-01,1980,1,26.5,70.0,0.37118585903853996,0.4295746498472003,0.1700304102506291,0.8805031446540881
Ла-Риоха,-29.3817,-66.7933,1980-02-01,1980,2,26.3,56.0,0.10268521500564393,0.15740818058947273,-0.04838787879989279,0.7097591888466414
Ла-Риоха,-29.3817,-66.7933,1980-03-01,1980,3,25.7,99.0,0.007001655826127121,0.17754730382883735,0.27048112093109816,1.284046692607004
Ла-Риоха,-29.3817,-66.7933,1980-04-01,1980,4,19.4,35.0,0.47929522918049966,0.37329413294288255,0.38186204368973037,0.6013745704467354
Ла-Риоха,-29.3817,-66.7933,1980-05-01,1980,5,16.0,0.0,0.6053302109466531,0.7738533270922463,0.42213216120410074,0.0
Ла-Риоха,-29.3817,-66.7933,1980-06-01,1980,6,10.6,4.0,0.9433489859312651,0.3266058254704068,0.1942052570604256,0.12578616352201258
Ла-Риоха,-29.3817,-66.7933,1980-07-01,1980,7,10.4,0.0,0.04728615422503243,-0.7809583355897951,0.26901460959501994,0.0
Ла-Риоха,-29.3817,-66.7933,1980-08-01,1980,8,14.6,9.0,1.1185846495223672,0.2542428628972919,0.7355990188371215,0.2054794520547945
Ла-Риоха,-29.3817,-66.7933,1980-09-01,1980,9,17.9,0.0,0.8347694204649135,0.11654711185622948,0.11777651055847752,0.0
Ла-Риоха,-29.3817,-66.7933,1980-10-01,1980,10,21.7,22.0,0.527390889819366,0.5181644579096194,0.12204818569812668,0.3379416282642089
Ла-Риоха,-29.3817,-66.7933,1980-11-01,1980,11,24.0,20.0,-0.19896559096539482,-0.32369228213011864,-0.2171985996019268,0.2777777777777778
Ла-Риоха,-29.3817,-66.7933,1980-12-01,1980,12,26.3,60.0,-0.0995295246702674,-0.12347959694971321,-0.2653594608102115,0.7604562737642585
Ла-Риоха,-29.3817,-66.7933,1981-01-01,1981,1,25.6,31.0,-0.8148179758794539,-0.913378606368748,-0.7903816351975571,0.4036458333333333
Ла-Риоха,-29.3817,-66.7933,1981-02-01,1981,2,25.2,111.0,-0.03830879073197642,-0.030379971786121052,-0.2553606610205034,1.4682539682539681
Ла-Риоха,-29.3817,-66.7933,1981-03-01,1981,3,23.6,84.0,0.011032708707663747,0.18713293259497166,0.056323256247289864,1.1864406779661016
Ла-Риоха,-29.3817,-66.7933,1981-04-01,1981,4,20.0,34.0,0.62029463137248,0.7052166059847476,0.07890180593472985,0.5666666666666667
Ла-Риоха,-29.3817,-66.7933,1981-05-01,1981,5,17.3,8.0,0.5129165572064297,0.6789370203408743,0.24840020921273467,0.15414258188824662
Ла-Риоха,-29.3817,-66.7933,1981-06-01,1981,6,11.4,0.0,0.9838821107701716,0.41602531794131065,0.22846147467079753,0.0
Ла-Риоха,-29.3817,-66.7933,1981-07-01,1981,7,10.9,5.0,0.38730335691737816,0.17382384262727923,0.6598753209131637,0.1529051987767584
Ла-Риоха,-29.3817,-66.7933,1981-08-01,1981,8,16.1,16.0,1.2857383765095745,0.4284482294213975,0.7355990188371215,0.3312629399585921
Ла-Риоха,-29.3817,-66.7933,1981-09-01,1981,9,16.3,1.0,1.1281781288832642,0.6218759907984881,0.5132274220919961,0.02044989775051125
Ла-Риоха,-29.3817,-66.7933,1981-10-01,1981,10,21.7,16.0,0.5864062680591534,0.5766820629746447,0.43161300277379816,0.2457757296466974
Ла-Риоха,-29.3817,-66.7933,1981-11-01,1981,11,24.7,18.0,-0.33144986466951964,-0.5508285150493457,-0.19230467825398528,0.242914979757085
Ла-Риоха,-29.3817,-66.7933,1981-12-01,1981,12,27.4,58.0,-0.260519765093826,-0.31965823211268285,-0.21219045351805887,0.7055961070559611
Ла-Риоха,-29.3817,-66.7933,1982-01-01,1982,1,26.5,82.0,-0.08669047899525649,-0.09164807494029711,-0.06321834427754588,1.0314465408805031
Ла-Риоха,-29.3817,-66.7933,1982-02-01,1982,2,24.8,84.0,0.13243347949802403,0.19650829199513312,-0.10555575290627355,1.1290322580645162
Ла-Риоха,-29.3817,-66.7933,1982-03-01,1982,3,22.0,32.0,-0.10785528813047127,-0.09796167834630848,-0.2410293804716726,0.48484848484848486
Ла-Риоха,-29.3817,-66.7933,1982-04-01,1982,4,21.0,21.0,0.24324387286873297,-0.22220537950103192,-0.2699669436269571,0.3333333333333333
Ла-Риоха,-29.3817,-66.7933,1982-05-01,1982,5,17.8,0.0,-0.6602989081561444,-0.7486978663874009,-0.15021271969435263,0.0
Ла-Риоха,-29.3817,-66.7933,1982-06-01,1982,6,11.2,3.0,0.6981744449299112,-0.26254012473577865,-0.20413466770072566,0.08928571428571429
Ла-Риоха,-29.3817,-66.7933,1982-07-01,1982,7,12.2,0.0,-0.023073682535724574,-0.9840009432166162,-0.34463485912606673,0.0
Ла-Риоха,-29.3817,-66.7933,1982-08-01,1982,8,15.2,0.0,0.7342683402416554,-0.28526066352300583,-0.9555343086343937,0.0
Ла-Риоха,-29.3817,-66.7933,1982-09-01,1982,9,18.9,17.0,1.0349200264119822,0.4789179763814715,-0.1075275073398229,0.2998236331569665
Ла-Риоха,-29.3817,-66.7933,1982-10-01,1982,10,22.9,2.0,0.10826891025645348,0.05387115473394694,-0.4360724852388606,0.02911208151382824
Ла-Риоха,-29.3817,-66.7933,1982-11-01,1982,11,24.8,47.0,0.16384666842132564,0.29396339741735983,0.10225433420393493,0.6317204301075269
Ла-Риоха,-29.3817,-66.7933,1982-12-01,1982,12,25.9,110.0,0.6857804046645055,0.8061152487937373,0.7139907555204494,1.4157014157014156
Ла-Риоха,-29.3817,-66.7933,1983-01-01,1983,1,27.1,59.0,0.5834802603995551,0.657313229471665,0.4729463766144631,0.7257072570725708
Ла-Риоха,-29.3817,-66.7933,1983-02-01,1983,2,24.5,54.0,0.1250459624024574,0.18681876906922612,0.16540460623334824,0.7346938775510204
Ла-Риоха,-29.3817,-66.7933,1983-03-01,1983,3,24.2,9.0,-0.5271843141611744,-1.0531938837063337,-0.317495364665841,0.12396694214876033
Ла-Риоха,-29.3817,-66.7933,1983-04-01,1983,4,20.1,22.0,-0.09211366551024966,-1.0257909762461581,-0.22019289533994316,0.3648424543946932
Ла-Риоха,-29.3817,-66.7933,1983-05-01,1983,5,15.8,3.0,-1.2217996988262212,-1.4227499030735018,-0.3302338441926983,0.06329113924050633
Ла-Риоха,-29.3817,-66.7933,1983-06-01,1983,6,9.4,5.0,0.806819065091864,0.007244069960384202,-1.041111170653063,
Ла-Риоха,-29.3817,-66.7933,1983-07-01,1983,7,9.7,2.0,0.30311329626599604,-0.04882332702751392,-1.074172483010465,
Ла-Риоха,-29.3817,-66.7933,1983-08-01,1983,8,13.0,0.0,0.9372145799342451,0.026467591633839646,-1.6243850970159348,0.0
Ла-Риоха,-29.3817,-66.7933,1983-09-01,1983,9,16.9,7.0,0.8347694204649135,0.11654711185622948,-0.17982185133574533,0.13806706114398423
Ла-Риоха,-29.3817,-66.7933,1983-10-01,1983,10,24.5,12.0,0.10826891025645348,0.05387115473394694,-0.09994279747542802,0.16326530612244897
Ла-Риоха,-29.3817,-66.7933,1983-11-01,1983,11,25.8,10.0,-0.4606992698898152,-0.7666707143123556,-0.7639579881594598,0.12919896640826872
Ла-Риоха,-29.3817,-66.7933,1983-12-01,1983,12,29.3,42.0,-0.7679015152673384,-0.9078377476811159,-0.992669851046882,0.4778156996587031
Ла-Риоха,-29.3817,-66.7933,1984-01-01,1984,1,27.4,154.0,0.4793857828109271,0.5471039620226766,0.361125646714425,1.8734793187347931
Ла-Риоха,-29.3817,-66.7933,1984-02-01,1984,2,26.1,29.0,0.1397885948166404,0.2061414614646815,-0.15438379290221602,0.37037037037037035
Ла-Риоха,-29.3817,-66.7933,1984-03-01,1984,3,22.8,205.0,0.533176845868941,1.2895530855601458,0.7866372245609506,2.997076023391813
Ла-Риоха,-29.3817,-66.7933,1984-04-01,1984,4,17.8,24.0,0.7135175136234873,0.9089318714386394,0.7947703909879232,0.449438202247191
Ла-Риоха,-29.3817,-66.7933,1984-05-01,1984,5,14.3,0.0,1.4868737650282209,1.516503451586622,0.948825004893864,0.0
Ла-Риоха,-29.3817,-66.7933,1984-06-01,1984,6,9.6,2.0,0.7364350352577431,-0.166367941658344,1.1478027074584412,
Ла-Риоха,-29.3817,-66.7933,1984-07-01,1984,7,10.7,0.0,-0.11571711659867387,-1.2424071797919347,0.7801843458104724,0.0
Ла-Риоха,-29.3817,-66.7933,1984-08-01,1984,8,12.8,9.0,1.0662500506045867,0.19299465037613192,1.3688258213050877,0.234375
Ла-Риоха,-29.3817,-66.7933,1984-09-01,1984,9,18.1,6.0,0.99239380714167,0.4085295655631804,-0.1075275073398229,0.11049723756906077
Ла-Риоха,-29.3817,-66.7933,1984-10-01,1984,10,23.2,10.0,0.3342251508926909,0.3147796784815038,-0.18587728077311744,0.14367816091954022
Ла-Риоха,-29.3817,-66.7933,1984-11-01,1984,11,24.4,4.0,-0.6960731860650298,-1.1340563532375956,-0.9354052476540287,0.0546448087431694
Ла-Риоха,-29.3817,-66.7933,1984-12-01,1984,12,24.8,39.0,-0.9975843619164191,-1.15013928724982,-1.0945143666401982,0.5241935483870968
Ла-Риоха,-29.3817,-66.7933,1985-01-01,1985,1,26.0,101.0,-0.2796468422403308,-0.31574934695208645,-0.373996678245888,1.294871794871795
Ла-Риоха,-29.3817,-66.7933,1985-02-01,1985,2,24.5,117.0,0.3599812959955906,0.48689468008034326,0.06141312352994484,1.5918367346938775
Ла-Риоха,-29.3817,-66.7933,1985-03-01,1985,3,23.6,46.0,0.15455275485737055,0.5208632588918957,-0.025640313542749697,0.6497175141242938
Ла-Риоха,-29.3817,-66.7933,1985-04-01,1985,4,20.3,27.0,0.47929522918049966,0.37329413294288255,0.035549422188751664,0.4433497536945813
Ла-Риоха,-29.3817,-66.7933,1985-05-01,1985,5,17.4,0.0,-0.248015743386492,-0.21923928401933618,0.2624184580458191,0.0
Ла-Риоха,-29.3817,-66.7933,1985-06-01,1985,6,12.8,0.0,0.7547430004309581,-0.12074942416308711,0.4140508748141116,0.0
Ла-Риоха,-29.3817,-66.7933,1985-07-01,1985,7,10.6,6.0,0.15395958401880402,-0.47019109859464964,0.2877410548057779,0.18867924528301888
Ла-Риоха,-29.3817,-66.7933,1985-08-01,1985,8,14.7,26.0,1.457787055332205,0.5787016135200955,0.21079976863425498,0.5895691609977324
Ла-Риоха,-29.3817,-66.7933,1985-09-01,1985,9,18.2,1.0,1.2926401274340575,0.8400312155611152,0.42671616669820756,0.018315018315018316
Ла-Риоха,-29.3817,-66.7933,1985-10-01,1985,10,23.1,3.0,0.49697116471459424,0.48734475349284634,0.15472180393846127,0.04329004329004329
Ла-Риоха,-29.3817,-66.7933,1985-11-01,1985,11,24.9,219.0,1.4726575334814933,1.8752344344154677,1.820354560243186,2.931726907630522
Ла-Риоха,-29.3817,-66.7933,1985-12-01,1985,12,26.1,56.0,1.917087092914059,1.9268439284038463,1.8558276610579443,0.7151979565772669
Ла-Риоха,-29.3817,-66.7933,1986-01-01,1986,1,28.7,15.0,1.25690230042785,1.2925087266294577,1.221529938929845,0.17421602787456447
Ла-Риоха,-29.3817,-66.7933,1986-02-01,1986,2,25.4,183.0,0.340464380452463,0.4626828380787784,1.251940448746823,2.4015748031496065
Ла-Риоха,-29.3817,-66.7933,1986-03-01,1986,3,22.2,43.0,0.06983122803116505,0.3258305709688359,1.0693344771710613,0.6456456456456456
Ла-Риоха,-29.3817,-66.7933,1986-04-01,1986,4,20.5,2.0,0.6169233747430896,0.6976007018541017,1.0233829979453903,0.032520325203252036
Ла-Риоха,-29.3817,-66.7933,1986-05-01,1986,5,16.6,1.0,-0.8389773128169842,-0.9727239251627218,0.039753737504889,0.02008032128514056
Ла-Риоха,-29.3817,-66.7933,1986-06-01,1986,6,12.6,0.0,-0.24047367505991468,-2.122752192985338,0.013555864214160338,0.0
Ла-Риоха,-29.3817,-66.7933,1986-07-01,1986,7,13.3,11.0,0.36101412871946237,0.10577520753397049,0.6457379017191582,0.2756892230576441
Ла-Риоха,-29.3817,-66.7933,1986-08-01,1986,8,15.0,0.0,1.0662500506045867,0.19299465037613192,-0.9198229020310622,0.0
Ла-Риоха,-29.3817,-66.7933,1986-09-01,1986,9,17.6,10.0,1.1107537996487937,0.5963043848942796,-0.8859527541810839,0.1893939393939394
Ла-Риоха,-29.3817,-66.7933,1986-10-01,1986,10,22.4,33.0,0.8518648414935642,0.8198221513669861,0.6242005191677745,0.49107142857142855
Ла-Риоха,-29.3817,-66.7933,1986-11-01,1986,11,25.0,25.0,0.18971717804099672,0.3362222565672474,0.2967160232699103,0.3333333333333333
Ла-Риоха,-29.3817,-66.7933,1986-12-01,1986,12,28.8,59.0,0.12670963013165062,0.15328127773258715,0.18603271184867787,0.6828703703703703
Ла-Риоха,-29.3817,-66.7933,1987-01-01,1987,1,26.9,132.0,0.5834802603995551,0.657313229471665,0.7187028274497247,1.6356877323420074
Ла-Риоха,-29.3817,-66.7933,1987-02-01,1987,2,27.7,5.0,-0.0882237220784712,-0.09755342937313337,-0.05780914863546519,0.06016847172081829
Ла-Риоха,-29.3817,-66.7933,1987-03-01,1987,3,25.7,2.0,-0.4156340525522552,-0.8163012803378432,-0.5427271667508795,0.02594033722438392
Ла-Риоха,-29.3817,-66.7933,1987-04-01,1987,4,20.6,23.0,-5.31029776629386,-2.270418290593377,-0.7168464161756122,0.37216828478964403
Ла-Риоха,-29.3817,-66.7933,1987-05-01,1987,5,13.0,18.0,-0.9238543845291105,-1.0765119071324059,-0.5048488375634007,0.46153846153846156
Ла-Риоха,-29.3817,-66.7933,1987-06-01,1987,6,12.0,0.0,0.9705998823994499,0.3870178083136192,-0.6788300386129776,0.0
Ла-Риоха,-29.3817,-66.7933,1987-07-01,1987,7,13.6,2.0,0.5389629790046024,0.5370901917566901,-2.208652421795148,0.049019607843137254
Ла-Риоха,-29.3817,-66.7933,1987-08-01,1987,8,13.6,0.0,0.6508885680864762,-0.43231927115496976,-1.4146363625778646,0.0
Ла-Риоха,-29.3817,-66.7933,1987-09-01,1987,9,17.7,6.0,0.8016194186074668,0.04859129728345293,0.1468804590752565,0.11299435028248588
Ла-Риоха,-29.3817,-66.7933,1987-10-01,1987,10,23.3,16.0,0.22625941324679472,0.19315450680247476,0.33047746865381056,0.22889842632331903
Ла-Риоха,-29.3817,-66.7933,1987-11-01,1987,11,25.8,40.0,0.1104794238366482,0.20570580034148137,-0.0049697154720184725,0.5167958656330749
Ла-Риоха,-29.3817,-66.7933,1987-12-01,1987,12,26.2,80.0,0.39149542400267945,0.4709062077416025,0.277723938911077,1.0178117048346056
Ла-Риоха,-29.3817,-66.7933,1988-01-01,1988,1,27.4,74.0,0.34901427506147403,0.4051471807036038,0.2555046697359183,0.9002433090024331
Ла-Риоха,-29.3817,-66.7933,1988-02-01,1988,2,25.3,130.0,0.5269466299326793,0.6878237554509661,0.5891787231539872,1.7127799736495388
Ла-Риоха,-29.3817,-66.7933,1988-03-01,1988,3,24.7,40.0,0.08123619957973464,0.35245101239002674,0.402433301365202,0.5398110661268556
Ла-Риоха,-29.3817,-66.7933,1988-04-01,1988,4,20.1,2.0,0.40621507259268747,0.19222917022591998,0.25629602923249045,0.03316749585406302
Ла-Риоха,-29.3817,-66.7933,1988-05-01,1988,5,13.7,17.0,-0.5239222058577243,-0.5742341449972177,0.3508348409734324,0.41362530413625304
Ла-Риоха,-29.3817,-66.7933,1988-06-01,1988,6,10.2,0.0,0.5905011967366898,-0.5367345877491246,0.1855459188722274,0.0
Ла-Риоха,-29.3817,-66.7933,1988-07-01,1988,7,9.6,0.0,0.479617367057583,0.40108200539611744,0.22112015289403056,
Ла-Риоха,-29.3817,-66.7933,1988-08-01,1988,8,14.6,0.0,-1.0299567622253682,-7.694592588742105,-0.8507441665686079,0.0
Ла-Риоха,-29.3817,-66.7933,1988-09-01,1988,9,17.1,0.0,-1.0968035620935135,-9.68053974620678,-1.2213331177240876,0.0
Ла-Риоха,-29.3817,-66.7933,1988-10-01,1988,10,23.0,0.0,-1.6906216295848977,-2.2129335824234455,-0.7577727602574181,0.0
Ла-Риоха,-29.3817,-66.7933,1988-11-01,1988,11,27.7,0.0,-2.166106752892329,-2.2759954929146633,-2.5479025539381914,0.0
Ла-Риоха,-29.3817,-66.7933,1988-12-01,1988,12,30.0,2.0,-2.5600967090896325,-2.3397530849362465,-2.579462344314884,0.022222222222222223
Ла-Риоха,-29.3817,-66.7933,1989-01-01,1989,1,28.6,93.0,-1.1363953754731475,-1.237828474400072,-1.5916045868313555,1.083916083916084
Ла-Риоха,-29.3817,-66.7933,1989-02-01,1989,2,28.3,67.66666666666667,-0.40067988283105027,-0.5177774694365811,-1.2610343365718977,0.7970160973694543
Ла-Риоха,-29.3817,-66.7933,1989-03-01,1989,3,24.3,42.333333333333336,-0.0856410061552482,-0.04446957670842414,-1.0648121487064899,0.5807041609510746
Ла-Риоха,-29.3817,-66.7933,1989-04-01,1989,4,20.9,17.0,0.18984918508409238,-0.3578044697235682,-0.9637180143393593,0.2711323763955343
Ла-Риоха,-29.3817,-66.7933,1989-05-01,1989,5,15.4,8.0,-0.3537026696690138,-0.3549165376916095,-0.5968548203169437,0.17316017316017315
Ла-Риоха,-29.3817,-66.7933,1989-06-01,1989,6,14.2,2.0,0.7547430004309581,-0.12074942416308711,-0.12259802989213844,0.046948356807511735
Ла-Риоха,-29.3817,-66.7933,1989-07-01,1989,7,11.9,0.0,0.30311329626599604,-0.04882332702751392,-0.3859727856110376,0.0
Ла-Риоха,-29.3817,-66.7933,1989-08-01,1989,8,15.8,0.0,0.6508885680864762,-0.43231927115496976,-0.5356535142019129,0.0
Ла-Риоха,-29.3817,-66.7933,1989-09-01,1989,9,17.3,1.0,0.3485126874987814,-1.0930479557329875,-0.6623679644329235,0.019267822736030827
Ла-Риоха,-29.3817,-66.7933,1989-10-01,1989,10,22.9,1.0,-1.1152677276819551,-1.5929344593861678,-1.2049655323514292,0.01455604075691412
Ла-Риоха,-29.3817,-66.7933,1989-11-01,1989,11,25.5,34.0,-0.31145482064477764,-0.5168306141740343,-0.6990039736410222,0.4444444444444444
Ла-Риоха,-29.3817,-66.7933,1989-12-01,1989,12,28.7,39.0,-0.5755777750650248,-0.692306348895293,-0.9522752731273456,0.4529616724738676
Ла-Риоха,-29.3817,-66.7933,1990-01-01,1990,1,28.0,228.0,1.3457197354614103,1.3660798897738893,1.0965945034793558,2.7142857142857144
Ла-Риоха,-29.3817,-66.7933,1990-02-01,1990,2,24.6,135.5,1.1306498864109205,1.3133069357110245,1.0904766050390347,1.8360433604336044
Ла-Риоха,-29.3817,-66.7933,1990-03-01,1990,3,22.5,43.0,0.5816364536941013,1.374562888948712,0.9143724136223638,0.6370370370370371
Ла-Риоха,-29.3817,-66.7933,1990-04-01,1990,4,20.3,26.0,0.5341785691846931,0.505583191435668,0.9739019704171219,0.4269293924466338
Ла-Риоха,-29.3817,-66.7933,1990-05-01,1990,5,15.2,1.0,-0.30307008631915006,-0.2897980936820363,1.0270333678935504,0.021929824561403508
Ла-Риоха,-29.3817,-66.7933,1990-06-01,1990,6,11.5,0.0,0.7547430004309581,-0.12074942416308711,1.2347115146273095,0.0
Ла-Риоха,-29.3817,-66.7933,1990-07-01,1990,7,11.5,7.0,0.23572924429570535,-0.23583431845903513,0.43344591922981185,0.2028985507246377
Ла-Риоха,-29.3817,-66.7933,1990-08-01,1990,8,17.5,0.0,0.9372145799342451,0.026467591633839646,-0.337922595919557,0.0
Ла-Риоха,-29.3817,-66.7933,1990-09-01,1990,9,17.2,2.0,0.8347694204649135,0.11654711185622948,-0.29605538637237777,0.03875968992248062
Ла-Риоха,-29.3817,-66.7933,1990-10-01,1990,10,23.0,45.0,0.947126726777348,0.8994939660705266,0.6242005191677745,0.6521739130434783
Ла-Риоха,-29.3817,-66.7933,1990-11-01,1990,11,25.4,80.0,0.7958739303228901,1.197570896275459,1.0374089524574788,1.0498687664041995
Ла-Риоха,-29.3817,-66.7933,1990-12-01,1990,12,27.8,13.0,0.41814092350637067,0.5021584379893198,0.32237252603411504,0.15587529976019185
Ла-Риоха,-29.3817,-66.7933,1991-01-01,1991,1,27.1,106.0,0.4041026835808298,0.4656314670368943,0.5894310202488787,1.3038130381303814
Ла-Риоха,-29.3817,-66.7933,1991-02-01,1991,2,26.2,124.0,0.2670302202168274,0.3703366869888483,0.7380686199941555,1.5776081424936388
Ла-Риоха,-29.3817,-66.7933,1991-03-01,1991,3,24.9,84.0,0.3205933432766062,0.8805771259130816,0.7866372245609506,1.1244979919678715
Ла-Риоха,-29.3817,-66.7933,1991-04-01,1991,4,20.4,55.0,0.7287837135557428,0.9409977054203829,0.7855081950104413,0.8986928104575164
Ла-Риоха,-29.3817,-66.7933,1991-05-01,1991,5,16.7,1.0,0.6720696731086905,0.840246668401219,0.5958888531026744,0.01996007984031936
Ла-Риоха,-29.3817,-66.7933,1991-06-01,1991,6,12.1,8.0,1.2338183756911292,0.9063278628535553,0.9697274600780761,0.22038567493112948
Ла-Риоха,-29.3817,-66.7933,1991-07-01,1991,7,11.7,0.0,0.2708399409338877,-0.13754099783342483,0.8540551686606688,0.0
Ла-Риоха,-29.3817,-66.7933,1991-08-01,1991,8,14.0,0.0,0.9735815315608685,0.07574272267918669,0.7453821648429476,0.0
Ла-Риоха,-29.3817,-66.7933,1991-09-01,1991,9,19.2,0.0,-1.0968035620935135,-9.68053974620678,0.5132274220919961,0.0
Ла-Риоха,-29.3817,-66.7933,1991-10-01,1991,10,21.1,5.0,-0.7317511278189811,-1.071697522478622,-1.004796085167912,0.07898894154818326
Ла-Риоха,-29.3817,-66.7933,1991-11-01,1991,11,25.1,20.0,-0.5577680081095614,-0.9228742790595055,-0.8652043851544449,0.2656042496679947
Ла-Риоха,-29.3817,-66.7933,1991-12-01,1991,12,26.7,119.0,0.4968090765003472,0.5934600906386032,0.277723938911077,1.4856429463171037
Ла-Риоха,-29.3817,-66.7933,1992-01-01,1992,1,26.4,77.0,0.5834802603995551,0.657313229471665,0.3147726013512098,0.9722222222222222
Ла-Риоха,-29.3817,-66.7933,1992-02-01,1992,2,24.6,292.0,1.4845592865898674,1.6106283583610344,1.3848357185262048,3.956639566395664
Ла-Риоха,-29.3817,-66.7933,1992-03-01,1992,3,23.8,193.5,0.9389403991916706,1.9183212170720405,1.6240485433860337,2.7100840336134455
Ла-Риоха,-29.3817,-66.7933,1992-04-01,1992,4,18.5,95.0,1.441119471644769,2.0740165310064764,1.7859290889691186,1.7117117117117118
Ла-Риоха,-29.3817,-66.7933,1992-05-01,1992,5,14.3,0.0,1.9182564180475228,1.7919160381469477,1.8616482189130796,0.0
Ла-Риоха,-29.3817,-66.7933,1992-06-01,1992,6,12.6,0.0,1.504802411731775,1.3264704119565183,1.9308730257618159,0.0
Ла-Риоха,-29.3817,-66.7933,1992-07-01,1992,7,8.9,6.0,0.15395958401880402,-0.47019109859464964,1.9076672887438042,
Ла-Риоха,-29.3817,-66.7933,1992-08-01,1992,8,14.3,12.0,1.2290223166997003,0.3727648064860439,1.6361785292735056,0.27972027972027974
Ла-Риоха,-29.3817,-66.7933,1992-09-01,1992,9,17.4,4.0,1.1281781288832642,0.6218759907984881,1.2458013737009346,0.07662835249042145
Ла-Риоха,-29.3817,-66.7933,1992-10-01,1992,10,22.8,0.0,-0.022597371986619697,-0.10795668411350669,-0.4360724852388606,0.0
Ла-Риоха,-29.3817,-66.7933,1992-11-01,1992,11,23.6,46.0,-0.06512843508752425,-0.09255838139618733,0.08137607716374001,0.6497175141242938
Ла-Риоха,-29.3817,-66.7933,1992-12-01,1992,12,26.4,137.0,0.9682920886185934,1.1040547837923587,1.0399311832180675,1.72979797979798
Ла-Риоха,-29.3817,-66.7933,1993-01-01,1993,1,27.5,119.0,1.3536773577950338,1.3725609469958995,1.2073623253979575,1.4424242424242424
Ла-Риоха,-29.3817,-66.7933,1993-02-01,1993,2,24.5,42.0,0.6080927065835077,0.781224539943139,0.602183492902098,0.5714285714285714
Ла-Риоха,-29.3817,-66.7933,1993-03-01,1993,3,24.9,91.0,0.111112870090893,0.42167601979691843,0.7044282397976148,1.2182061579651942
Ла-Риоха,-29.3817,-66.7933,1993-04-01,1993,4,19.8,0.0,0.22233052947016727,-0.27546009975861036,0.654150018717804,0.0
Ла-Риоха,-29.3817,-66.7933,1993-05-01,1993,5,15.0,2.0,0.07807579235282947,0.1876463716092813,0.6404725745680138,0.044444444444444446
Ла-Риоха,-29.3817,-66.7933,1993-06-01,1993,6,11.2,0.0,-3.523563498137241,-2.337149097895141,0.10586566839855156,0.0
Ла-Риоха,-29.3817,-66.7933,1993-07-01,1993,7,10.1,0.0,-0.11571711659867387,-1.2424071797919347,-0.41403244847234133,0.0
Ла-Риоха,-29.3817,-66.7933,1993-08-01,1993,8,14.0,0.0,-1.0299567622253682,-7.694592588742105,0.0029812774073987016,0.0
Ла-Риоха,-29.3817,-66.7933,1993-09-01,1993,9,17.1,10.0,0.8653686508476488,0.17721412870589057,-1.8806009883962578,0.1949317738791423
Ла-Риоха,-29.3817,-66.7933,1993-10-01,1993,10,22.4,0.0,-0.34350147924686847,-0.5318166056047926,-1.2049655323514292,0.0
Ла-Риоха,-29.3817,-66.7933,1993-11-01,1993,11,26.3,9.0,-0.7266339368355402,-1.178671331807058,-1.4115019505119892,0.11406844106463879
Ла-Риоха,-29.3817,-66.7933,1993-12-01,1993,12,28.4,9.0,-1.9303147125300129,-1.9514272834138242,-1.9539835943643327,0.1056338028169014
Ла-Риоха,-29.3817,-66.7933,1994-01-01,1994,1,28.0,40.0,-2.25853087327949,-2.096405229383417,-2.100346624544407,0.47619047619047616
Ла-Риоха,-29.3817,-66.7933,1994-02-01,1994,2,24.8,103.0,-0.5173380185710466,-0.6709382931211635,-1.1409185344752002,1.3844086021505377
Ла-Риоха,-29.3817,-66.7933,1994-03-01,1994,3,24.0,10.0,-0.3331946341750829,-0.6312929728279519,-1.4670158257079797,0.1388888888888889
Ла-Риоха,-29.3817,-66.7933,1994-04-01,1994,4,19.6,18.0,0.2116568568229725,-0.30257637883910404,-1.337515282302386,0.30612244897959184
Ла-Риоха,-29.3817,-66.7933,1994-05-01,1994,5,18.5,14.0,-0.9534873188059605,-1.1122684713813837,-0.9986793900206347,0.25225225225225223
Ла-Риоха,-29.3817,-66.7933,1994-06-01,1994,6,14.1,0.0,0.8394590016371928,0.0859108387006393,-0.6180988551496147,0.0
Ла-Риоха,-29.3817,-66.7933,1994-07-01,1994,7,11.3,7.0,0.5573234324556812,0.5775433892474873,-0.18785337979512987,0.20648967551622419
Ла-Риоха,-29.3817,-66.7933,1994-08-01,1994,8,15.4,0.0,0.9372145799342451,0.026467591633839646,-1.2313604464397827,0.0
Ла-Риоха,-29.3817,-66.7933,1994-09-01,1994,9,20.7,9.0,1.0141102183482398,0.44489733057496167,0.11777651055847752,0.14492753623188406
Ла-Риоха,-29.3817,-66.7933,1994-10-01,1994,10,22.3,73.0,1.6236789161130576,1.3694718626624802,1.2327487690000836,1.0911808669656202
Ла-Риоха,-29.3817,-66.7933,1994-11-01,1994,11,25.4,48.0,0.8212113797288659,1.2278654438216137,1.0668579624226784,0.6299212598425197
Ла-Риоха,-29.3817,-66.7933,1994-12-01,1994,12,29.7,68.0,1.0355876343802115,1.1712886993189575,1.0399311832180675,0.7631874298540965
Ла-Риоха,-29.3817,-66.7933,1995-01-01,1995,1,27.1,57.0,0.10409510488231653,0.12892746540568079,0.6798642090930408,0.7011070110701108
Ла-Риоха,-29.3817,-66.7933,1995-02-01,1995,2,25.8,40.0,-0.37644612695284446,-0.4855622925725107,0.21531327947846302,0.5167958656330749
Ла-Риоха,-29.3817,-66.7933,1995-03-01,1995,3,24.6,70.0,-0.2574290642557608,-0.45532507327063587,0.25079536435985333,0.948509485094851
Ла-Риоха,-29.3817,-66.7933,1995-04-01,1995,4,20.9,0.0,0.08921626921009361,-0.6079647105044776,-0.37266450284178293,0.0
Ла-Риоха,-29.3817,-66.7933,1995-05-01,1995,5,17.1,2.0,-0.2661532901437805,-0.2424497098907724,-0.5250181329370502,0.03898635477582846
Ла-Риоха,-29.3817,-66.7933,1995-06-01,1995,6,12.2,0.0,-3.523563498137241,-2.337149097895141,-0.8165923438627819,0.0
Ла-Риоха,-29.3817,-66.7933,1995-07-01,1995,7,10.8,0.0,-0.11571711659867387,-1.2424071797919347,-0.7683324951190631,0.0
Ла-Риоха,-29.3817,-66.7933,1995-08-01,1995,8,14.1,0.0,-1.0299567622253682,-7.694592588742105,-0.46385424955784865,0.0
Ла-Риоха,-29.3817,-66.7933,1995-09-01,1995,9,18.6,12.0,0.9205764810401186,0.2817444755529042,-1.6569835190823095,0.21505376344086022
Ла-Риоха,-29.3817,-66.7933,1995-10-01,1995,10,22.7,10.0,0.22625941324679472,0.19315450680247476,-0.32912257780625753,0.14684287812041116
Ла-Риоха,-29.3817,-66.7933,1995-11-01,1995,11,26.6,39.0,0.09677667912627996,0.18282758968467128,-0.07284127465774483,0.48872180451127817
Ла-Риоха,-29.3817,-66.7933,1995-12-01,1995,12,29.9,60.0,0.008154518332878774,0.00842370598089478,-0.09096666265054408,0.6688963210702341
Ла-Риоха,-29.3817,-66.7933,1996-01-01,1996,1,26.9,58.0,-0.09995940815820178,-0.10706800110740894,-0.22933646906784896,0.7187112763320942
Ла-Риоха,-29.3817,-66.7933,1996-02-01,1996,2,26.0,63.0,-0.22063714868909545,-0.2763591309446398,-0.27609753579946505,0.8076923076923077
Ла-Риоха,-29.3817,-66.7933,1996-03-01,1996,3,24.9,42.0,-0.2784724600999867,-0.504677600862084,-0.3963779563656591,0.5622489959839357
Ла-Риоха,-29.3817,-66.7933,1996-04-01,1996,4,19.8,57.0,0.3628184264626007,0.08273248843672432,-0.07699510982032404,0.9595959595959596
Ла-Риоха,-29.3817,-66.7933,1996-05-01,1996,5,17.3,10.0,0.3012799747042888,0.44866479806228315,-0.040681637531972646,0.1926782273603083
Ла-Риоха,-29.3817,-66.7933,1996-06-01,1996,6,10.2,20.0,1.4409023992342866,1.236623155951356,0.06942589811859719,0.6535947712418301
Ла-Риоха,-29.3817,-66.7933,1996-07-01,1996,7,10.6,3.0,0.740778770784016,0.9409261053661346,0.27840810724787535,0.09433962264150944
Ла-Риоха,-29.3817,-66.7933,1996-08-01,1996,8,16.3,0.0,1.3206828111880133,0.4611472900823426,0.5761207088503876,0.0
Ла-Риоха,-29.3817,-66.7933,1996-09-01,1996,9,17.1,11.0,0.9696600870611038,0.3694919309945455,1.0803611535592141,0.21442495126705652
Ла-Риоха,-29.3817,-66.7933,1996-10-01,1996,10,22.7,10.0,0.18816122531433938,0.14889553776572553,0.6048080547237512,0.14684287812041116
Ла-Риоха,-29.3817,-66.7933,1996-11-01,1996,11,26.6,35.0,0.025880534468229563,0.06324248076005991,0.2967160232699103,0.43859649122807015
Ла-Риоха,-29.3817,-66.7933,1996-12-01,1996,12,28.0,124.0,0.8062376825279837,0.9362110658377798,0.7982413293217627,1.4761904761904763
Ла-Риоха,-29.3817,-66.7933,1997-01-01,1997,1,27.2,166.0,1.531718622577871,1.5129613387839602,1.3940681797403545,2.034313725490196
Ла-Риоха,-29.3817,-66.7933,1997-02-01,1997,2,24.7,33.0,0.7452585891181852,0.9324886284628139,0.7901036031273433,0.44534412955465585
Ла-Риоха,-29.3817,-66.7933,1997-03-01,1997,3,24.3,103.0,0.2826953362063109,0.8014397678659493,0.8731197592515423,1.412894375857339
Ла-Риоха,-29.3817,-66.7933,1997-04-01,1997,4,22.4,0.0,0.23806824157029585,-0.23539792781665544,0.7808538560134807,0.0
Ла-Риоха,-29.3817,-66.7933,1997-05-01,1997,5,17.1,9.0,0.3403229783163049,0.49246845995646626,0.8631206400397282,0.17543859649122806
Ла-Риоха,-29.3817,-66.7933,1997-06-01,1997,6,12.0,0.5,0.29530261242789285,-1.2602741513930111,0.5642572088339562,0.013888888888888888
Ла-Риоха,-29.3817,-66.7933,1997-07-01,1997,7,13.7,0.0,0.28729670438344695,-0.09209241946725283,-0.2711174986143061,0.0
Ла-Риоха,-29.3817,-66.7933,1997-08-01,1997,8,15.6,0.0,0.4124176931095478,-0.9131462598670012,0.32467145784774726,0.0
Ла-Риоха,-29.3817,-66.7933,1997-09-01,1997,9,20.2,120.0,2.029777650743344,1.469283117639656,1.3552145644859028,1.9801980198019802
Ла-Риоха,-29.3817,-66.7933,1997-10-01,1997,10,22.6,2.0,2.2080201036211466,1.6731558294036075,1.4421618946761023,0.029498525073746312
Ла-Риоха,-29.3817,-66.7933,1997-11-01,1997,11,26.1,12.0,0.8544220264565965,1.2669140389631335,1.0423743374350443,0.1532567049808429
Ла-Риоха,-29.3817,-66.7933,1997-12-01,1997,12,27.7,21.5,-1.4151152104936742,-1.544759242785637,0.44457493437703527,0.25872442839951865
Ла-Риоха,-29.3817,-66.7933,1998-01-01,1998,1,27.2,31.0,-1.990908655181142,-1.9309831821719072,-0.12453449115489398,0.3799019607843137
Ла-Риоха,-29.3817,-66.7933,1998-02-01,1998,2,23.2,52.0,-1.2415445833042655,-1.4951327777721524,-0.31282871422935365,0.7471264367816092
Ла-Риоха,-29.3817,-66.7933,1998-03-01,1998,3,22.3,4.0,-0.8195464415866175,-1.5869012980660056,-2.155732456526732,0.059790732436472344
Ла-Риоха,-29.3817,-66.7933,1998-04-01,1998,4,19.0,23.0,-0.14459630855257058,-1.1361047849141903,-1.940610418460976,0.40350877192982454
Ла-Риоха,-29.3817,-66.7933,1998-05-01,1998,5,16.0,18.0,-0.8666367300098384,-1.0067589939044757,-1.5851541912727034,0.375
Ла-Риоха,-29.3817,-66.7933,1998-06-01,1998,6,12.8,18.0,1.1827187932977696,0.8146429021938365,-1.123887191277912,0.46875
Ла-Риоха,-29.3817,-66.7933,1998-07-01,1998,7,13.8,0.0,0.7791578141586838,1.008113070328203,-0.7185585136687321,0.0
Ла-Риоха,-29.3817,-66.7933,1998-08-01,1998,8,14.7,43.0,1.782839623737503,0.8021999305887361,0.22663153424455088,0.9750566893424036
Ла-Риоха,-29.3817,-66.7933,1998-09-01,1998,9,16.4,5.0,1.4681084406668283,1.0332758203445636,1.1462820311745294,0.10162601626016261
Ла-Риоха,-29.3817,-66.7933,1998-10-01,1998,10,23.5,43.0,1.7677428348056357,1.4516156317773614,1.4131810706877457,0.6099290780141844
Ла-Риоха,-29.3817,-66.7933,1998-11-01,1998,11,25.4,32.0,0.33513934655153343,0.5663691770387721,1.1048824749045214,0.4199475065616798
Ла-Риоха,-29.3817,-66.7933,1998-12-01,1998,12,28.9,36.0,0.03822703890447041,0.04523898995414431,0.4930670111492954,0.41522491349480967
Ла-Риоха,-29.3817,-66.7933,1999-01-01,1999,1,25.4,60.0,-0.522387933265818,-0.5934777933355465,0.29124303581996414,0.7874015748031497
Ла-Риоха,-29.3817,-66.7933,1999-02-01,1999,2,28.2,56.0,-0.5173380185710466,-0.6709382931211635,-0.3825539759303799,0.6619385342789598
Ла-Риоха,-29.3817,-66.7933,1999-03-01,1999,3,23.8,114.0,0.027013388912572423,0.2250463267485745,0.1490772008422906,1.596638655462185
Ла-Риоха,-29.3817,-66.7933,1999-04-01,1999,4,17.5,17.0,0.46752101504162397,0.3444671590692679,-0.10803598465976517,0.3238095238095238
Ла-Риоха,-29.3817,-66.7933,1999-05-01,1999,5,15.8,23.0,0.8202551771451292,0.9812760242818366,0.08647646380220943,0.48523206751054854
Ла-Риоха,-29.3817,-66.7933,1999-06-01,1999,6,11.8,1.0,0.9705998823994499,0.3870178083136192,0.2537577006934912,0.02824858757062147
Ла-Риоха,-29.3817,-66.7933,1999-07-01,1999,7,10.2,25.0,0.9243598230695975,1.2380730252137755,0.6169688994758107,0.8169934640522876
Ла-Риоха,-29.3817,-66.7933,1999-08-01,1999,8,14.4,0.0,1.3696306323840997,0.505008285592275,1.0148487367348678,0.0
Ла-Риоха,-29.3817,-66.7933,1999-09-01,1999,9,20.6,2.0,1.2082892982130784,0.7331653723569659,0.5931686127776159,0.032362459546925564
Ла-Риоха,-29.3817,-66.7933,1999-10-01,1999,10,21.6,86.0,1.7207018864906456,1.4253740970092923,1.4759088721825764,1.3271604938271604
Ла-Риоха,-29.3817,-66.7933,1999-11-01,1999,11,23.2,35.0,0.7614892161780319,1.1557515319171547,1.1769789449472494,0.5028735632183908
Ла-Риоха,-29.3817,-66.7933,1999-12-01,1999,12,26.2,16.0,0.4048452570903767,0.4865838364493935,0.560527655044066,0.2035623409669211
Ла-Риоха,-29.3817,-66.7933,2000-01-01,2000,1,26.9,142.0,0.33785886856267755,0.39281517069507466,0.9183542637741251,1.7596034696406444
Ла-Риоха,-29.3817,-66.7933,2000-02-01,2000,2,24.8,61.0,0.09516427002903101,0.14748933789218052,0.562825694366775,0.8198924731182796
Ла-Риоха,-29.3817,-66.7933,2000-03-01,2000,3,22.0,141.0,0.41080588468606366,1.0614076712541896,0.9165085384865554,2.1363636363636362
Ла-Риоха,-29.3817,-66.7933,2000-04-01,2000,4,20.0,73.0,0.7645647677327746,1.0147058969859968,0.8131108715776069,1.2166666666666666
Ла-Риоха,-29.3817,-66.7933,2000-05-01,2000,5,14.1,24.0,1.5564486312573442,1.5641961013791899,0.9618453450227381,0.5673758865248227
Ла-Риоха,-29.3817,-66.7933,2000-06-01,2000,6,11.3,15.0,1.6304939746000542,1.4888750335357817,1.32781058597171,0.4424778761061947
Ла-Риоха,-29.3817,-66.7933,2000-07-01,2000,7,9.4,10.0,0.9243598230695975,1.2380730252137755,1.1270943078554,
Ла-Риоха,-29.3817,-66.7933,2000-08-01,2000,8,14.4,0.0,1.3537329855528775,0.4910039232714977,1.4721431877071327,0.0
Ла-Риоха,-29.3817,-66.7933,2000-09-01,2000,9,17.6,0.0,0.8653686508476488,0.17721412870589057,1.291371460178926,0.0
Ла-Риоха,-29.3817,-66.7933,2000-10-01,2000,10,22.5,70.0,1.4160478369096312,1.241134505338028,1.3582680288069309,1.037037037037037
Ла-Риоха,-29.3817,-66.7933,2000-11-01,2000,11,23.7,55.0,0.7787694584142554,1.176870633716991,1.1856431841197663,0.7735583684950773
Ла-Риоха,-29.3817,-66.7933,2000-12-01,2000,12,27.1,27.0,0.5988992060593352,0.7095847874374122,0.5337972507238811,0.33210332103321033
Ла-Риоха,-29.3817,-66.7933,2001-01-01,2001,1,27.4,169.0,0.9206256518902254,0.9926326486451172,1.2285629003143583,2.0559610705596105
Ла-Риоха,-29.3817,-66.7933,2001-02-01,2001,2,27.8,29.0,0.1397885948166404,0.2061414614646815,0.6150754863407428,0.34772182254196643
Ла-Риоха,-29.3817,-66.7933,2001-03-01,2001,3,24.3,55.0,0.11479436386744307,0.43015188906779084,0.5470189343677498,0.7544581618655692
Ла-Риоха,-29.3817,-66.7933,2001-04-01,2001,4,18.2,54.0,0.2483853506904491,-0.2090928565465851,0.3999293854848053,0.989010989010989
Ла-Риоха,-29.3817,-66.7933,2001-05-01,2001,5,13.8,20.0,0.5480555635868041,0.7154359101043586,0.42213216120410074,0.4830917874396135
Ла-Риоха,-29.3817,-66.7933,2001-06-01,2001,6,11.8,11.0,1.4243683535796268,1.2125098724389203,0.7395450272368751,0.3107344632768362
Ла-Риоха,-29.3817,-66.7933,2001-07-01,2001,7,11.7,0.0,0.7138539431616713,0.8920556598848818,0.012866713890378509,0.0
Ла-Риоха,-29.3817,-66.7933,2001-08-01,2001,8,15.8,0.0,1.0662500506045867,0.19299465037613192,0.6642807635585547,0.0
Ла-Риоха,-29.3817,-66.7933,2001-09-01,2001,9,17.2,13.0,0.9457754613126634,0.32739169897897774,1.0453977324535106,0.25193798449612403
Ла-Риоха,-29.3817,-66.7933,2001-10-01,2001,10,22.8,14.0,0.40162805431781745,0.3878242667590095,0.6798240779512463,0.2046783625730994
Ла-Риоха,-29.3817,-66.7933,2001-11-01,2001,11,24.8,195.0,1.4666585288045786,1.8702562198895951,1.719647377495079,2.620967741935484
Ла-Риоха,-29.3817,-66.7933,2001-12-01,2001,12,26.8,80.0,2.0140426406220944,1.997449832387842,1.8024863905275512,0.9950248756218906
Ла-Риоха,-29.3817,-66.7933,2002-01-01,2002,1,26.7,69.0,1.672187557167162,1.617770609529526,1.5419519092224014,0.8614232209737828
Ла-Риоха,-29.3817,-66.7933,2002-02-01,2002,2,25.2,63.0,0.04153230212862533,0.07640239639560767,1.0700952106076296,0.8333333333333334
Ла-Риоха,-29.3817,-66.7933,2002-03-01,2002,3,25.1,27.0,-0.2999852974625717,-0.5547698323172847,0.7677191989072687,0.35856573705179284
Ла-Риоха,-29.3817,-66.7933,2002-04-01,2002,4,19.1,32.0,0.16166608480382802,-0.42874335176281175,0.8039710921112142,0.5584642233856894
Ла-Риоха,-29.3817,-66.7933,2002-05-01,2002,5,16.7,6.0,-0.3994295302299186,-0.41383571874937625,-0.15021271969435263,0.11976047904191617
Ла-Риоха,-29.3817,-66.7933,2002-06-01,2002,6,10.4,1.0,0.9433489859312651,0.3266058254704068,-0.4656098201714528,0.03205128205128205
Ла-Риоха,-29.3817,-66.7933,2002-07-01,2002,7,11.5,2.0,0.2708399409338877,-0.13754099783342483,-0.4713885066639141,0.057971014492753624
Ла-Риоха,-29.3817,-66.7933,2002-08-01,2002,8,15.7,0.0,0.7342683402416554,-0.28526066352300583,-0.5728737153214226,0.0
Ла-Риоха,-29.3817,-66.7933,2002-09-01,2002,9,19.5,0.0,0.47733401598910263,-0.734029875174472,-0.1075275073398229,0.0
Ла-Риоха,-29.3817,-66.7933,2002-10-01,2002,10,24.4,39.0,0.7508967624125794,0.731112822552494,0.4782268596049449,0.5327868852459017
Ла-Риоха,-29.3817,-66.7933,2002-11-01,2002,11,25.7,50.0,0.4349494679367929,0.7161862310726472,0.5154872102345237,0.648508430609598
Ла-Риоха,-29.3817,-66.7933,2002-12-01,2002,12,24.8,218.0,2.1682310333710695,2.1054672387405047,1.8441621132031434,2.9301075268817205
Ла-Риоха,-29.3817,-66.7933,2003-01-01,2003,1,27.9,36.0,1.3695360155603267,1.3854234189798578,1.3751996149309562,0.43010752688172044
Ла-Риоха,-29.3817,-66.7933,2003-02-01,2003,2,26.9,73.0,0.7663769043970641,0.9550323035420091,0.9850234014448095,0.9045848822800495
Ла-Риоха,-29.3817,-66.7933,2003-03-01,2003,3,24.0,124.0,0.038851796160526045,0.25303467444803057,1.1464429757789039,1.7222222222222223
Ла-Риоха,-29.3817,-66.7933,2003-04-01,2003,4,19.3,193.0,1.060890631376108,1.5499671015844156,1.5626794148528318,3.3333333333333335
Ла-Риоха,-29.3817,-66.7933,2003-05-01,2003,5,16.0,5.0,2.136425222309523,1.9147211992714683,1.587395209857937,0.10416666666666667
Ла-Риоха,-29.3817,-66.7933,2003-06-01,2003,6,14.4,7.0,2.173308862414767,2.0259865220862014,1.2539192065976592,0.16203703703703703
Ла-Риоха,-29.3817,-66.7933,2003-07-01,2003,7,11.5,0.0,0.36101412871946237,0.10577520753397049,1.4351338371747142,0.0
Ла-Риоха,-29.3817,-66.7933,2003-08-01,2003,8,13.4,0.0,0.9372145799342451,0.026467591633839646,1.7086798640644567,0.0
Ла-Риоха,-29.3817,-66.7933,2003-09-01,2003,9,19.3,0.0,-1.0968035620935135,-9.68053974620678,1.8061056009021748,0.0
Ла-Риоха,-29.3817,-66.7933,2003-10-01,2003,10,25.2,0.5,-1.4641455075922454,-2.011954242755727,-1.1515069455690203,0.006613756613756613
Ла-Риоха,-29.3817,-66.7933,2003-11-01,2003,11,27.4,0.0,-1.988115278726201,-2.236859758972052,-2.0033220302364683,0.0
Ла-Риоха,-29.3817,-66.7933,2003-12-01,2003,12,27.9,50.0,-1.0528964656202167,-1.205856236849754,-1.4602352743576226,0.5973715651135006
Ла-Риоха,-29.3817,-66.7933,2004-01-01,2004,1,29.2,93.0,-0.2940664432329571,-0.33243450906748573,-0.7663398502249938,1.0616438356164384
Ла-Риоха,-29.3817,-66.7933,2004-02-01,2004,2,25.8,29.0,-0.30617604324551134,-0.39157194602772316,-1.1197787044738567,0.37467700258397935
Ла-Риоха,-29.3817,-66.7933,2004-03-01,2004,3,25.6,26.0,-0.3617962865965534,-0.6963300347510323,-1.1379657061462767,0.3385416666666667
Ла-Риоха,-29.3817,-66.7933,2004-04-01,2004,4,20.7,26.0,-0.1265895028549898,-1.0988568194385706,-0.942390296829921,0.41867954911433175
Ла-Риоха,-29.3817,-66.7933,2004-05-01,2004,5,12.6,0.0,-0.684398348384231,-0.7792735801128822,-0.6599958562979312,0.0
Ла-Риоха,-29.3817,-66.7933,2004-06-01,2004,6,12.3,0.0,0.7364350352577431,-0.166367941658344,-0.753258725304266,0.0
Ла-Риоха,-29.3817,-66.7933,2004-07-01,2004,7,12.1,0.0,-1.5497059007365892,-2.29153665270413,-1.3627040538569797,0.0
Ла-Риоха,-29.3817,-66.7933,2004-08-01,2004,8,14.7,0.0,-1.0299567622253682,-7.694592588742105,-1.1071122280933756,0.0
Ла-Риоха,-29.3817,-66.7933,2004-09-01,2004,9,20.4,8.0,0.8016194186074668,0.04859129728345293,-0.3793149338008215,0.13071895424836602
Ла-Риоха,-29.3817,-66.7933,2004-10-01,2004,10,23.8,0.0,-0.4787606600861822,-0.7184240174685164,-1.76942330972595,0.0
Ла-Риоха,-29.3817,-66.7933,2004-11-01,2004,11,24.9,37.0,-0.14687135166443246,-0.23367393310667195,-0.4862847736456447,0.49531459170013387
Ла-Риоха,-29.3817,-66.7933,2004-12-01,2004,12,27.9,20.0,-0.911603492040662,-1.061471550727631,-1.1561937696599123,0.23894862604540024
Ла-Риоха,-29.3817,-66.7933,2005-01-01,2005,1,29.4,42.0,-1.050691254856941,-1.1545286067343579,-1.3782153910559805,0.47619047619047616
Ла-Риоха,-29.3817,-66.7933,2005-02-01,2005,2,27.2,70.0,-0.7694215111722046,-0.9864886357687456,-1.0572012828933,0.8578431372549019
Ла-Риоха,-29.3817,-66.7933,2005-03-01,2005,3,24.0,51.0,-0.2784724600999867,-0.504677600862084,-0.9020023991616263,0.7083333333333334
Ла-Риоха,-29.3817,-66.7933,2005-04-01,2005,4,17.6,77.0,0.5099745139616773,0.4476852799474648,-0.25326017576487736,1.4583333333333333
Ла-Риоха,-29.3817,-66.7933,2005-05-01,2005,5,14.4,6.0,0.6053302109466531,0.7738533270922463,-0.24745213314274925,0.1388888888888889
Ла-Риоха,-29.3817,-66.7933,2005-06-01,2005,6,13.2,0.0,1.4075922107220002,1.1876664946663777,0.03234200450888481,0.0
Ла-Риоха,-29.3817,-66.7933,2005-07-01,2005,7,12.3,0.0,0.15395958401880402,-0.47019109859464964,0.3602870116367372,0.0
Ла-Риоха,-29.3817,-66.7933,2005-08-01,2005,8,14.7,1.0,0.5238772001833124,-0.677713846684148,0.6100703970009227,0.022675736961451247
Ла-Риоха,-29.3817,-66.7933,2005-09-01,2005,9,16.4,0.0,0.3485126874987814,-1.0930479557329875,0.8610328292961718,0.0
Ла-Риоха,-29.3817,-66.7933,2005-10-01,2005,10,21.5,9.0,-0.34350147924686847,-0.5318166056047926,-0.834418686683994,0.13953488372093023
Ла-Риоха,-29.3817,-66.7933,2005-11-01,2005,11,26.6,38.0,-0.11345984322033642,-0.17593007818049838,-0.40152765839224747,0.47619047619047616
Ла-Риоха,-29.3817,-66.7933,2005-12-01,2005,12,27.1,46.0,-0.24401246336712995,-0.29965559141272535,-0.5793622342103336,0.5658056580565806
Ла-Риоха,-29.3817,-66.7933,2006-01-01,2006,1,27.9,93.0,0.15258342229969074,0.1844046152602548,-0.1176631143318813,1.1111111111111112
Ла-Риоха,-29.3817,-66.7933,2006-02-01,2006,2,27.6,34.0,-0.2964169787184252,-0.37846282536394044,-0.5165547985672465,0.4106280193236715
Ла-Риоха,-29.3817,-66.7933,2006-03-01,2006,3,25.3,13.0,-0.40949188575279477,-0.802786456730812,-0.7673093694101042,0.1712779973649539
Ла-Риоха,-29.3817,-66.7933,2006-04-01,2006,4,20.3,41.0,-0.06747081058132685,-0.9721981491795838,-0.5347950936902844,0.6732348111658456
Ла-Риоха,-29.3817,-66.7933,2006-05-01,2006,5,15.0,3.0,-0.567921593317681,-0.6307392131713205,-0.5968548203169437,0.06666666666666667
Ла-Риоха,-29.3817,-66.7933,2006-06-01,2006,6,13.8,0.0,1.009809387100717,0.4718066876720194,-0.6301517576557109,0.0
Ла-Риоха,-29.3817,-66.7933,2006-07-01,2006,7,13.6,0.0,-0.023073682535724574,-0.9840009432166162,-1.1527778021901933,0.0
Ла-Риоха,-29.3817,-66.7933,2006-08-01,2006,8,15.0,0.0,-1.0299567622253682,-7.694592588742105,-0.9198229020310622,0.0
Ла-Риоха,-29.3817,-66.7933,2006-09-01,2006,9,19.0,0.0,-1.0968035620935135,-9.68053974620678,-0.006038948074831583,0.0
Ла-Риоха,-29.3817,-66.7933,2006-10-01,2006,10,25.5,2.0,-1.1152677276819551,-1.5929344593861678,-2.720139974637278,0.026143790849673203
Ла-Риоха,-29.3817,-66.7933,2006-11-01,2006,11,25.9,25.0,-0.507960062947006,-0.8434561994626708,-1.0828923703914004,0.32175032175032175
Ла-Риоха,-29.3817,-66.7933,2006-12-01,2006,12,28.0,41.0,-0.6892706872780823,-0.8210203688981694,-1.0945143666401982,0.4880952380952381
Ла-Риоха,-29.3817,-66.7933,2007-01-01,2007,1,27.1,55.0,-0.6378176627675479,-0.7221329445503354,-1.1032459935239973,0.6765067650676507
Ла-Риоха,-29.3817,-66.7933,2007-02-01,2007,2,27.4,24.0,-0.9508493045529589,-1.1961911637728586,-1.5003677029761155,0.291970802919708
Ла-Риоха,-29.3817,-66.7933,2007-03-01,2007,3,23.3,48.0,-0.49286294876227177,-0.9821070857044569,-1.1780415519435947,0.6866952789699571
Ла-Риоха,-29.3817,-66.7933,2007-04-01,2007,4,21.0,26.0,0.008372033499030714,-0.8005920484833637,-0.9959770750074787,0.4126984126984127
Ла-Риоха,-29.3817,-66.7933,2007-05-01,2007,5,13.2,27.0,0.1930565976523204,0.32427253313113125,-0.6921190924074362,0.6818181818181818
Ла-Риоха,-29.3817,-66.7933,2007-06-01,2007,6,10.9,1.0,1.1287145771270133,0.7130278902623223,-0.6665902738735723,0.03058103975535168
Ла-Риоха,-29.3817,-66.7933,2007-07-01,2007,7,9.4,4.0,0.7274600280647413,0.9169338581856894,-0.48599095818161986,
Ла-Риоха,-29.3817,-66.7933,2007-08-01,2007,8,10.5,2.0,0.9372145799342451,0.026467591633839646,0.25767798652545204,0.06349206349206349
Ла-Риоха,-29.3817,-66.7933,2007-09-01,2007,9,19.5,1.0,0.7653102052533144,-0.028520178421703405,0.4490069789558622,0.017094017094017096
Ла-Риоха,-29.3817,-66.7933,2007-10-01,2007,10,24.2,13.0,-0.022597371986619697,-0.10795668411350669,0.4782268596049449,0.1790633608815427
Ла-Риоха,-29.3817,-66.7933,2007-11-01,2007,11,26.1,35.0,-0.08101225772725255,-0.11992661124083387,-0.19230467825398528,0.44699872286079184
Ла-Риоха,-29.3817,-66.7933,2007-12-01,2007,12,27.9,78.0,0.2548835077122264,0.30841959095046084,0.10718566640661661,0.931899641577061
Ла-Риоха,-29.3817,-66.7933,2008-01-01,2008,1,27.6,164.0,1.1487267497634979,1.1997788178476183,1.0180376598797425,1.9806763285024154
Ла-Риоха,-29.3817,-66.7933,2008-02-01,2008,2,25.7,116.0,0.9232779357980777,1.1163383896864467,0.9402250448376082,1.5045395590142672
Ла-Риоха,-29.3817,-66.7933,2008-03-01,2008,3,23.4,92.0,0.4899059754414069,1.2111152916299424,0.9871372163519622,1.3105413105413106
Ла-Риоха,-29.3817,-66.7933,2008-04-01,2008,4,19.8,20.0,0.6169233747430896,0.6976007018541017,0.9718823804231033,0.3367003367003367
Ла-Риоха,-29.3817,-66.7933,2008-05-01,2008,5,15.1,1.0,0.3531637888944085,0.5067468331629376,1.0208730231135952,0.02207505518763797
Ла-Риоха,-29.3817,-66.7933,2008-06-01,2008,6,10.4,0.0,0.6359475981113082,-0.42065672359583184,1.0469262338471392,0.0
Ла-Риоха,-29.3817,-66.7933,2008-07-01,2008,7,13.8,0.0,-0.2590556674295172,-1.6054719494081393,0.5649772312083915,0.0
Ла-Риоха,-29.3817,-66.7933,2008-08-01,2008,8,15.0,2.0,0.6508885680864762,-0.43231927115496976,0.3602774091839217,0.044444444444444446
Ла-Риоха,-29.3817,-66.7933,2008-09-01,2008,9,17.6,8.0,0.8653686508476488,0.17721412870589057,-0.51404470527676,0.15151515151515152
Ла-Риоха,-29.3817,-66.7933,2008-10-01,2008,10,23.2,10.0,0.14886543026841156,0.10252697539446227,-0.4936056568127534,0.14367816091954022
Ла-Риоха,-29.3817,-66.7933,2008-11-01,2008,11,26.8,46.0,0.1374438763479536,0.25047357469874154,0.038779376213643,0.572139303482587
Ла-Риоха,-29.3817,-66.7933,2008-12-01,2008,12,27.8,62.0,0.14121311258866936,0.17093246025216624,0.026137741451080516,0.7434052757793765
Ла-Риоха,-29.3817,-66.7933,2009-01-01,2009,1,26.7,113.0,0.6341119146956927,0.7098300443882429,0.5373126880288273,1.410736579275905
Ла-Риоха,-29.3817,-66.7933,2009-02-01,2009,2,27.6,10.0,-0.18417009106584523,-0.22710509458710645,-0.20431248778313962,0.12077294685990338
Ла-Риоха,-29.3817,-66.7933,2009-03-01,2009,3,25.6,74.0,-0.11235478136315093,-0.10879718281149284,-0.040894561416694834,0.9635416666666666
Ла-Риоха,-29.3817,-66.7933,2009-04-01,2009,4,23.7,0.0,-0.10055139456247406,-1.0438823788361895,-0.18758370571457358,0.0
Ла-Риоха,-29.3817,-66.7933,2009-05-01,2009,5,16.8,7.0,-0.10985447178044269,-0.04402650039916098,-0.24745213314274925,0.1388888888888889
Ла-Риоха,-29.3817,-66.7933,2009-06-01,2009,6,11.9,0.0,0.16961855704469503,-1.528793789757707,-0.39782987837124784,0.0
Ла-Риоха,-29.3817,-66.7933,2009-07-01,2009,7,10.7,0.0,0.1970965261556473,-0.3457714602425287,-1.1527778021901933,0.0
Ла-Риоха,-29.3817,-66.7933,2009-08-01,2009,8,16.3,0.0,-1.0299567622253682,-7.694592588742105,-0.24450465710464078,0.0
Ла-Риоха,-29.3817,-66.7933,2009-09-01,2009,9,16.4,0.0,-1.0968035620935135,-9.68053974620678,-2.7981958178835287,0.0
Ла-Риоха,-29.3817,-66.7933,2009-10-01,2009,10,23.9,0.0,-1.6906216295848977,-2.2129335824234455,-1.981562181191042,0.0
Ла-Риоха,-29.3817,-66.7933,2009-11-01,2009,11,27.8,22.0,-0.6380835405120103,-1.047293796266793,-1.2823459403597295,0.2637889688249401
Ла-Риоха,-29.3817,-66.7933,2009-12-01,2009,12,27.1,148.0,0.8180595098714797,0.9487368113200484,0.6387216238126551,1.8204182041820418
Ла-Риоха,-29.3817,-66.7933,2010-01-01,2010,1,28.6,39.0,0.5110262826824629,0.5809126132471747,0.1700304102506291,0.45454545454545453
Ла-Риоха,-29.3817,-66.7933,2010-02-01,2010,2,26.5,122.0,0.6695928395923408,0.85008189500504,0.4879166991088977,1.5345911949685536
Ла-Риоха,-29.3817,-66.7933,2010-03-01,2010,3,25.9,38.0,-0.10337494417324686,-0.08717195053508363,0.3345704562980201,0.48906048906048905
Ла-Риоха,-29.3817,-66.7933,2010-04-01,2010,4,19.4,51.0,0.5577800962184919,0.5613167460089643,0.575732063719824,0.8762886597938144
Ла-Риоха,-29.3817,-66.7933,2010-05-01,2010,5,14.3,16.0,0.2479480410599645,0.38789997443176893,0.7613676181923285,0.372960372960373
Ла-Риоха,-29.3817,-66.7933,2010-06-01,2010,6,12.3,0.0,1.2632522804375257,0.9572204024198012,0.2114092910848015,0.0
Ла-Риоха,-29.3817,-66.7933,2010-07-01,2010,7,9.9,28.0,0.8719506666592366,1.1592536343825377,0.747963786935436,
Ла-Риоха,-29.3817,-66.7933,2010-08-01,2010,8,13.4,0.0,1.4003068706171533,0.5313980741073511,0.5875607661844483,0.0
Ла-Риоха,-29.3817,-66.7933,2010-09-01,2010,9,19.0,1.0,1.2376281395260786,0.7714775095678809,1.0212825691587843,0.017543859649122806
Ла-Риоха,-29.3817,-66.7933,2010-10-01,2010,10,22.2,7.0,-0.4787606600861822,-0.7184240174685164,0.5646420990836806,0.10510510510510511
Ла-Риоха,-29.3817,-66.7933,2010-11-01,2010,11,25.4,41.0,-0.08101225772725255,-0.11992661124083387,0.2598024138270743,0.5380577427821522
Ла-Риоха,-29.3817,-66.7933,2010-12-01,2010,12,27.7,51.0,-0.1469011503305174,-0.1814115945449581,0.026137741451080516,0.6137184115523465
Ла-Риоха,-29.3817,-66.7933,2011-01-01,2011,1,27.8,98.0,0.30410793219019844,0.3553405778223847,0.029787468320660204,1.1750599520383693
Ла-Риоха,-29.3817,-66.7933,2011-02-01,2011,2,24.9,203.0,0.8937887353605175,1.086846228634785,0.9094660141922105,2.717536813922356
Ла-Риоха,-29.3817,-66.7933,2011-03-01,2011,3,22.8,50.0,0.43101069006790677,1.1004328358030877,0.7772101617034846,0.7309941520467836
Ла-Риоха,-29.3817,-66.7933,2011-04-01,2011,4,20.7,21.0,0.7616274723622755,1.0087316551351166,0.7947703909879232,0.33816425120772947
Ла-Риоха,-29.3817,-66.7933,2011-05-01,2011,5,16.4,0.0,-0.28450258864978467,-0.26596755299025654,0.8059291804726042,0.0
Ла-Риоха,-29.3817,-66.7933,2011-06-01,2011,6,11.8,0.0,0.6359475981113082,-0.42065672359583184,0.9375465496522717,0.0
Ла-Риоха,-29.3817,-66.7933,2011-07-01,2011,7,10.7,5.0,0.10483103374943889,-0.6131726051497299,0.8950360500902945,0.1557632398753894
Ла-Риоха,-29.3817,-66.7933,2011-08-01,2011,8,13.6,0.0,0.8512969599679172,-0.09770024380430009,-0.36225795160056423,0.0
Ла-Риоха,-29.3817,-66.7933,2011-09-01,2011,9,20.5,2.0,0.7653102052533144,-0.028520178421703405,-0.6623679644329235,0.032520325203252036
Ла-Риоха,-29.3817,-66.7933,2011-10-01,2011,10,22.3,17.0,0.10826891025645348,0.05387115473394694,-0.32912257780625753,0.25411061285500747
Ла-Риоха,-29.3817,-66.7933,2011-11-01,2011,11,27.2,32.0,-0.04946073693933118,-0.06560254477926657,-0.19230467825398528,0.39215686274509803
Ла-Риоха,-29.3817,-66.7933,2011-12-01,2011,12,28.0,16.0,-0.7480187665619614,-0.8860630097484247,-1.0129416004260277,0.19047619047619047
Ла-Риоха,-29.3817,-66.7933,2012-01-01,2012,1,29.7,21.0,-1.831594075968347,-1.8209347897944683,-1.7192699879565665,0.2356902356902357
Ла-Риоха,-29.3817,-66.7933,2012-02-01,2012,2,27.5,169.0,-0.005891779744908133,0.013092431761538712,-0.12495611096488123,2.0484848484848484
Ла-Риоха,-29.3817,-66.7933,2012-03-01,2012,3,25.0,14.0,-0.08125339665572731,-0.03390778422856077,-0.4232173110521933,0.18666666666666668
Ла-Риоха,-29.3817,-66.7933,2012-04-01,2012,4,20.5,17.0,0.5174885270084226,0.46573700706921506,-0.4979118589926021,0.2764227642276423
Ла-Риоха,-29.3817,-66.7933,2012-05-01,2012,5,17.3,0.0,-1.3416531837242422,-1.552658661044642,-0.5250181329370502,0.0
Ла-Риоха,-29.3817,-66.7933,2012-06-01,2012,6,12.1,0.0,0.5410632889301268,-0.6627942660981051,-0.21452131729826876,0.0
Ла-Риоха,-29.3817,-66.7933,2012-07-01,2012,7,10.3,0.0,-1.5497059007365892,-2.29153665270413,0.32447779494880924,0.0
Ла-Риоха,-29.3817,-66.7933,2012-08-01,2012,8,14.9,0.0,-1.0299567622253682,-7.694592588742105,-2.3809658063126946,0.0
Ла-Риоха,-29.3817,-66.7933,2012-09-01,2012,9,20.6,7.0,0.7653102052533144,-0.028520178421703405,-0.8859527541810839,0.11326860841423948
Ла-Риоха,-29.3817,-66.7933,2012-10-01,2012,10,23.6,0.0,-0.5548914339372121,-0.8245176259262256,-1.981562181191042,0.0
Ла-Риоха,-29.3817,-66.7933,2012-11-01,2012,11,27.1,4.0,-1.0261033860181676,-1.5708723585738609,-1.8024313253616142,0.04920049200492005
Ла-Риоха,-29.3817,-66.7933,2012-12-01,2012,12,29.9,3.0,-2.338980979459132,-2.2161106181032832,-2.280594449366358,0.033444816053511704
Ла-Риоха,-29.3817,-66.7933,2013-01-01,2013,1,28.6,62.0,-1.831594075968347,-1.8209347897944683,-1.944616222026971,0.7226107226107226
Ла-Риоха,-29.3817,-66.7933,2013-02-01,2013,2,28.3,20.0,-1.811567768416133,-1.9341506840673448,-2.478520537487311,0.23557126030624265
Ла-Риоха,-29.3817,-66.7933,2013-03-01,2013,3,23.8,46.0,-0.486160394471181,-0.9680323093906135,-1.9601210464472358,0.6442577030812325
Ла-Риоха,-29.3817,-66.7933,2013-04-01,2013,4,21.9,0.0,-0.2777308007503067,-1.3909609556616171,-2.069942890937889,0.0
Ла-Риоха,-29.3817,-66.7933,2013-05-01,2013,5,16.8,0.0,-0.8389773128169842,-0.9727239251627218,-1.8703609196284527,0.0
Ла-Риоха,-29.3817,-66.7933,2013-06-01,2013,6,13.5,14.0,0.4570631534311565,-0.8743148723819937,-1.180151441787872,0.345679012345679
Ла-Риоха,-29.3817,-66.7933,2013-07-01,2013,7,11.2,0.0,0.41214172839037316,0.23679775217895602,-1.384876660959068,0.0
Ла-Риоха,-29.3817,-66.7933,2013-08-01,2013,8,13.7,8.0,1.3034660188430958,0.4451852632866758,-0.5728737153214226,0.19464720194647203
Ла-Риоха,-29.3817,-66.7933,2013-09-01,2013,9,17.3,2.0,0.8653686508476488,0.17721412870589057,-0.8859527541810839,0.038535645472061654
Ла-Риоха,-29.3817,-66.7933,2013-10-01,2013,10,24.8,14.0,0.2992154998795613,0.27596154583944954,0.21696501829659742,0.1881720430107527
Ла-Риоха,-29.3817,-66.7933,2013-11-01,2013,11,26.4,2.0,-0.7583678223186999,-1.2241554726874684,-0.6359738152500148,0.025252525252525252
Ла-Риоха,-29.3817,-66.7933,2013-12-01,2013,12,30.6,24.0,-1.3003569072221675,-1.4422586775544994,-1.4708976462649697,0.26143790849673204
Ла-Риоха,-29.3817,-66.7933,2014-01-01,2014,1,29.5,64.0,-1.2495905860075904,-1.3441151565150289,-1.2566254915281254,0.7231638418079096
Ла-Риоха,-29.3817,-66.7933,2014-02-01,2014,2,24.6,156.0,0.27383287454087313,0.37897104027966666,-0.0767792657118573,2.113821138211382
Ла-Риоха,-29.3817,-66.7933,2014-03-01,2014,3,21.7,31.0,0.10741980286208715,0.4131611596678,-0.2326802632124893,0.47619047619047616
Ла-Риоха,-29.3817,-66.7933,2014-04-01,2014,4,19.8,15.0,0.524942819563617,0.48357676001815547,-0.29524499632917733,0.25252525252525254
Ла-Риоха,-29.3817,-66.7933,2014-05-01,2014,5,15.8,2.0,-0.7853932646383817,-0.9062500690417713,-0.02433363146620182,0.04219409282700422
Ла-Риоха,-29.3817,-66.7933,2014-06-01,2014,6,12.4,0.0,0.5410632889301268,-0.6627942660981051,0.22846147467079753,0.0
Ла-Риоха,-29.3817,-66.7933,2014-07-01,2014,7,12.3,4.0,0.15395958401880402,-0.47019109859464964,0.39520054932255905,0.10840108401084012
Ла-Риоха,-29.3817,-66.7933,2014-08-01,2014,8,16.7,0.0,0.7983570408780007,-0.17985283310607986,-1.1071122280933756,0.0
Ла-Риоха,-29.3817,-66.7933,2014-09-01,2014,9,20.2,0.0,0.6261074124542243,-0.34976519488860885,-1.078156526204729,0.0
Ла-Риоха,-29.3817,-66.7933,2014-10-01,2014,10,25.8,6.0,-0.6385129645916,-0.9414254660039117,-1.2049655323514292,0.07751937984496124
Ла-Риоха,-29.3817,-66.7933,2014-11-01,2014,11,24.7,45.0,-0.04946073693933118,-0.06560254477926657,-0.2171985996019268,0.6072874493927125
Ла-Риоха,-29.3817,-66.7933,2014-12-01,2014,12,26.1,118.0,0.8062376825279837,0.9362110658377798,0.6767157746474559,1.5070242656449553
Ла-Риоха,-29.3817,-66.7933,2015-01-01,2015,1,27.9,104.0,1.0629549377291958,1.1237558490137212,0.8483912728591381,1.2425328554360813
Ла-Риоха,-29.3817,-66.7933,2015-02-01,2015,2,25.9,81.0,0.6362818139778581,0.8129941899710736,0.6405262450716696,1.0424710424710424
Ла-Риоха,-29.3817,-66.7933,2015-03-01,2015,3,24.4,114.0,0.2730432533937473,0.7809920320302884,0.8598241315072939,1.5573770491803278
Ла-Риоха,-29.3817,-66.7933,2015-04-01,2015,4,22.5,8.0,0.528647955732764,0.4924181385899346,0.8221902977621462,0.11851851851851852
Ла-Риоха,-29.3817,-66.7933,2015-05-01,2015,5,18.1,0.0,0.4651051317534445,0.6284731970713524,0.8156342085156104,0.0
Ла-Риоха,-29.3817,-66.7933,2015-06-01,2015,6,13.5,0.0,0.22471221815278394,-1.4151754781074803,0.5324366711287187,0.0
Ла-Риоха,-29.3817,-66.7933,2015-07-01,2015,7,12.5,11.0,0.33304682488930276,0.03187891105973014,0.44595845033642145,0.29333333333333333
Ла-Риоха,-29.3817,-66.7933,2015-08-01,2015,8,16.3,2.0,1.1185846495223672,0.2542428628972919,0.6100703970009227,0.0408997955010225
Ла-Риоха,-29.3817,-66.7933,2015-09-01,2015,9,19.1,1.0,0.9696600870611038,0.3694919309945455,-1.0113595697045499,0.017452006980802792
Ла-Риоха,-29.3817,-66.7933,2015-10-01,2015,10,19.9,36.0,0.7508967624125794,0.731112822552494,0.5225055420848829,0.6030150753768844
Ла-Риоха,-29.3817,-66.7933,2015-11-01,2015,11,22.7,69.0,0.6067453154147928,0.9571577116997577,0.8767602826317703,1.013215859030837
Ла-Риоха,-29.3817,-66.7933,2015-12-01,2015,12,26.9,102.0,1.2304718757897222,1.357872689800611,1.196065865148817,1.2639405204460967
Ла-Риоха,-29.3817,-66.7933,2016-01-01,2016,1,27.8,203.0,1.8833618668807381,1.7661656765037177,1.7582775999680078,2.434052757793765
Ла-Риоха,-29.3817,-66.7933,2016-02-01,2016,2,27.2,124.0,1.2458836932255588,1.4152192897001512,1.4588342132665053,1.5196078431372548
Ла-Риоха,-29.3817,-66.7933,2016-03-01,2016,3,23.0,19.0,0.4166093304743386,1.0726722562561677,1.1918361067713135,0.2753623188405797
Ла-Риоха,-29.3817,-66.7933,2016-04-01,2016,4,17.8,31.0,0.41463886228339364,0.21333751606990048,1.1347297368560332,0.5805243445692884
Ла-Риоха,-29.3817,-66.7933,2016-05-01,2016,5,14.3,18.0,-0.34088706583873984,-0.33841904900556213,1.123454701153649,0.4195804195804196
Ла-Риоха,-29.3817,-66.7933,2016-06-01,2016,6,10.2,32.0,1.3905636239697743,1.1620537533174589,1.2064193713785456,1.0457516339869282
Ла-Риоха,-29.3817,-66.7933,2016-07-01,2016,7,11.2,0.0,0.9344149542087656,1.2526911715257985,0.5264972603310929,0.0
Ла-Риоха,-29.3817,-66.7933,2016-08-01,2016,8,16.7,7.0,1.5485840411811413,0.6481597466933542,0.24225621620379764,0.13972055888223553
Ла-Риоха,-29.3817,-66.7933,2016-09-01,2016,9,18.9,2.0,0.8347694204649135,0.11654711185622948,0.9447137312124586,0.03527336860670194
Ла-Риоха,-29.3817,-66.7933,2016-10-01,2016,10,22.2,12.0,0.18816122531433938,0.14889553776572553,0.8846532479140932,0.18018018018018017
Ла-Риоха,-29.3817,-66.7933,2016-11-01,2016,11,24.1,58.0,0.23996732166287554,0.41722758589195913,0.7806053949439182,0.8022130013831259
Ла-Риоха,-29.3817,-66.7933,2016-12-01,2016,12,27.9,30.0,-0.13102578938982223,-0.16201027712730937,-0.30119809590223445,0.35842293906810035
Ла-Риоха,-29.3817,-66.7933,2017-01-01,2017,1,30.0,64.0,-0.16744155291182042,-0.18552155691769745,-0.31547173308663917,0.7111111111111111
Ла-Риоха,-29.3817,-66.7933,2017-02-01,2017,2,26.8,119.0,0.049302607805557855,0.08673779460427235,0.13136833215329588,1.4800995024875623
Ла-Риоха,-29.3817,-66.7933,2017-03-01,2017,3,24.4,39.0,-0.005179764861841536,0.14853082170366388,0.012018988469345971,0.5327868852459017
Ла-Риоха,-29.3817,-66.7933,2017-04-01,2017,4,19.4,53.0,0.5577800962184919,0.5613167460089643,0.2366672623509607,0.9106529209621993
Ла-Риоха,-29.3817,-66.7933,2017-05-01,2017,5,15.8,4.0,0.12205627534931379,0.24041812795406078,0.10941554985381564,0.08438818565400844
Ла-Риоха,-29.3817,-66.7933,2017-06-01,2017,6,11.7,0.0,1.1614911444615896,0.7752859599350393,0.31958923918598475,0.0
Ла-Риоха,-29.3817,-66.7933,2017-07-01,2017,7,12.4,0.0,0.04728615422503243,-0.7809583355897951,0.45423592776970484,0.0
Ла-Риоха,-29.3817,-66.7933,2017-08-01,2017,8,15.7,5.0,0.8512969599679172,-0.09770024380430009,0.14531441879563825,0.10615711252653928
Ла-Риоха,-29.3817,-66.7933,2017-09-01,2017,9,17.5,11.0,1.0141102183482398,0.44489733057496167,0.6850175490086338,0.20952380952380953
Ла-Риоха,-29.3817,-66.7933,2017-10-01,2017,10,22.8,5.0,0.18816122531433938,0.14889553776572553,-0.2792650907202496,0.07309941520467836
Ла-Риоха,-29.3817,-66.7933,2017-11-01,2017,11,26.7,28.0,-0.16396205695550012,-0.26321820102239957,-0.37407087302365816,0.3495630461922597
Ла-Риоха,-29.3817,-66.7933,2017-12-01,2017,12,27.5,96.0,0.2964792892045646,0.3582595320455952,0.2926953308811285,1.1636363636363636
Ла-Риоха,-29.3817,-66.7933,2018-01-01,2018,1,27.3,126.0,0.9115070950866409,0.9840189913260449,0.8304410544324737,1.5384615384615385
Ла-Риоха,-29.3817,-66.7933,2018-02-01,2018,2,26.1,45.0,0.4235729109192429,0.564761018921919,0.3419472327447633,0.5747126436781609
Ла-Риоха,-29.3817,-66.7933,2018-03-01,2018,3,24.3,41.0,-0.046784115221411585,0.04895983543028815,0.1490772008422906,0.5624142661179699
Ла-Риоха,-29.3817,-66.7933,2018-04-01,2018,4,22.9,19.0,0.05668869978039556,-0.6865377688944077,0.18327169177496158,0.2765647743813683
Ла-Риоха,-29.3817,-66.7933,2018-05-01,2018,5,17.2,7.0,-0.36015110544205353,-0.3632207121906894,0.2901178877124989,0.13565891472868216
Ла-Риоха,-29.3817,-66.7933,2018-06-01,2018,6,10.7,0.0,0.7364350352577431,-0.166367941658344,-0.043791516254941557,0.0
Ла-Риоха,-29.3817,-66.7933,2018-07-01,2018,7,9.9,17.0,0.6089337589981109,0.6871736587134744,-0.5007008402644726,
Ла-Риоха,-29.3817,-66.7933,2018-08-01,2018,8,14.2,0.5,1.2189800878111894,0.3625538511736294,-0.1675526631428131,0.011737089201877934
Ла-Риоха,-29.3817,-66.7933,2018-09-01,2018,9,21.3,10.0,1.2157516392094383,0.7430296471481246,0.26971276353974677,0.1564945226917058
Ла-Риоха,-29.3817,-66.7933,2018-10-01,2018,10,21.8,12.107142857142858,0.24884509222425105,0.21906473707498364,0.44602299413756236,0.18512450851900394
Ла-Риоха,-29.3817,-66.7933,2018-11-01,2018,11,25.9,14.214285714285715,-0.30511033175906044,-0.5060165121994502,-0.24698412569442652,0.18293804008089726
Ла-Риоха,-29.3817,-66.7933,2018-12-01,2018,12,26.5,66.44482851806453,-0.24786243298516644,-0.30432373355120235,-0.10348295126324096,0.835784006516535
Ла-Риоха,-29.3817,-66.7933,2019-01-01,2019,1,26.5,62.14230940716521,-0.29694077550472353,-0.33575852433161113,-0.4272756375074989,0.7816642692725183
Ла-Риоха,-29.3817,-66.7933,2019-02-01,2019,2,26.1,133.73795908276594,0.3941178074209066,0.5288918926994394,0.24498766802727964,1.7080199116572916
Ла-Риоха,-29.3817,-66.7933,2019-03-01,2019,3,21.6,92.24238103429802,0.23741639372324574,0.7045139517769766,0.4078001794157207,1.4234935344799078
Ла-Риоха,-29.3817,-66.7933,2019-04-01,2019,4,19.9,15.757310344148532,0.662281152722435,0.7986306376070862,0.37299297242966506,0.263941546803158
Ла-Риоха,-29.3817,-66.7933,2019-05-01,2019,5,15.5,0.0,0.2880827958439778,0.4337272827532887,0.522366776011962,0.0
Ла-Риоха,-29.3817,-66.7933,2019-06-01,2019,6,11.8,5.918824810571412,0.65054353830847,-0.38343972987920183,0.5523012381849258,0.16719844097659356
Ла-Риоха,-29.3817,-66.7933,2019-07-01,2019,7,11.9,29.288419516147446,0.7692334903897557,0.9910124527761702,0.883158496414209,0.8204039080153346
Ла-Риоха,-29.3817,-66.7933,2019-08-01,2019,8,14.6,0.0,1.5007480661861525,0.6123337295994867,0.6975865510468133,0.0
Ла-Риоха,-29.3817,-66.7933,2019-09-01,2019,9,18.2,9.936095721809792,1.3704432647147216,0.9301972249130657,0.44681283889453405,0.18197977512472147
Ла-Риоха,-29.3817,-66.7933,2019-10-01,2019,10,22.1,1.455808565871619,-0.2596160779602325,-0.4179706499574685,0.44583475772764275,0.02195789692114056
Ла-Риоха,-29.3817,-66.7933,2019-11-01,2019,11,26.9,20.574260331363828,-0.3946706042849277,-0.6573515749077766,0.0639082768623915,0.2549474638335047
Ла-Риоха,-29.3817,-66.7933,2019-12-01,2019,12,27.2,59.80575974989954,-0.43399791608828225,-0.5273483251527457,-0.08993932224612779,0.7329137224252394
Ла-Риоха,-29.3817,-66.7933,2020-01-01,2020,1,28.8,12.617867817269548,-1.1808618685492351,-1.280093760077771,-1.4240838690502093,0.1460401367739531
Ла-Риоха,-29.3817,-66.7933,2020-02-01,2020,2,26.0,0.0,-2.803256723641613,-2.2776088167986543,-2.284704491413598,0.0
Ла-Риоха,-29.3817,-66.7933,2020-03-01,2020,3,26.4,30.296961289550183,-1.5909603227104776,-2.3919577136097807,-2.1192734715391266,0.382537390019573
Ла-Риоха,-29.3817,-66.7933,2020-04-01,2020,4,21.5,1.6482332469280578,-1.215871275157424,-2.2125087229484808,-2.2329840017580933,0.02555400382834198
Ла-Риоха,-29.3817,-66.7933,2020-05-01,2020,5,15.7,16.14883549331636,-0.7829279487182697,-0.9031755843835582,-2.048105285597945,0.3428627493273112
Ла-Риоха,-29.3817,-66.7933,2020-06-01,2020,6,11.8,0.0,0.5613015874691302,-0.6112640870776236,-2.6255809819009217,0.0
Ла-Риоха,-29.3817,-66.7933,2020-07-01,2020,7,10.4,0.0,0.4614161752123201,0.35776616392533844,-2.277694320476792,0.0
Ла-Риоха,-29.3817,-66.7933,2020-08-01,2020,8,14.6,9.48686066686069,1.0220909669536895,0.13857017144147676,-0.8994447951903585,0.21659499239407967
Ла-Риоха,-29.3817,-66.7933,2020-09-01,2020,9,19.6,0.0,0.8499551024374801,0.14690070893514856,-0.7000518332522178,0.0
Ла-Риоха,-29.3817,-66.7933,2020-10-01,2020,10,23.2,8.953605150461133,0.08494305106913184,0.025575190940068857,0.10830993207804569,0.12864375216179788
Ла-Риоха,-29.3817,-66.7933,2020-11-01,2020,11,25.6,0.0,-1.1273766946398827,-1.6836369655281143,-1.436491425815207,0.0
Ла-Риоха,-29.3817,-66.7933,2020-12-01,2020,12,27.5,39.312884584716286,-1.1034072954442846,-1.2558220022209186,-1.3069137015793335,0.47651981314807623
Ла-Риоха,-29.3817,-66.7933,2021-01-01,2021,1,26.7,69.0,-0.8651806595979254,-0.966263303802275,-1.0402517012256023,0.8614232209737828
Ла-Риоха,-29.3817,-66.7933,2021-02-01,2021,2,24.9,1095.0,3.461144598176454,2.6916428496940332,2.6063042641009586,14.65863453815261
Ла-Риоха,-29.3817,-66.7933,2021-03-01,2021,3,22.6,21.0,1.9237479521227718,2.915151211059517,2.4172101314502252,0.30973451327433627
Ла-Риоха,-29.3817,-66.7933,2021-04-01,2021,4,21.6,0.0,2.201974377911614,2.787733506967504,2.3865596313919157,0.0
Ла-Риоха,-29.3817,-66.7933,2021-05-01,2021,5,15.0,488.0,3.1512868221979917,2.3792414944264006,2.8280816484464233,10.844444444444445
Ла-Риоха,-29.3817,-66.7933,2021-06-01,2021,6,11.3,4.0,3.2732877375357825,2.67383525285765,3.0884334027326483,0.11799410029498525
Ла-Риоха,-29.3817,-66.7933,2021-07-01,2021,7,11.9,0.0,2.8005485180952334,2.596310167382052,2.8882108042031023,0.0
Ла-Риоха,-29.3817,-66.7933,2021-08-01,2021,8,15.2,0.0,0.7983570408780007,-0.17985283310607986,2.12206559718165,0.0
Ла-Риоха,-29.3817,-66.7933,2021-09-01,2021,9,20.1,136.0,2.1256622258522224,1.5248550610618978,2.6823978973515996,2.255389718076285
Ла-Риоха,-29.3817,-66.7933,2021-10-01,2021,10,23.3,0.0,2.385365333326783,1.751741782438419,2.515744504583173,0.0
Ла-Риоха,-29.3817,-66.7933,2021-11-01,2021,11,25.2,0.0,0.870791377402277,1.285889299302799,1.095505360727407,0.0
Ла-Риоха,-29.3817,-66.7933,2021-12-01,2021,12,27.6,84.0,-0.3961502552162693,-0.4824927216099923,1.1867448662826021,1.0144927536231885
Ла-Риоха,-29.3817,-66.7933,2022-01-01,2022,1,29.6,68.0,-0.16744155291182042,-0.18552155691769745,0.9772452248496069,0.7657657657657657
Ла-Риоха,-29.3817,-66.7933,2022-02-01,2022,2,24.7,970.0,3.283890888079733,2.6209603459111497,2.648673169059209,13.090418353576249
Ла-Риоха,-29.3817,-66.7933,2022-03-01,2022,3,22.4,211.0,2.004153223783502,2.9760540274531335,2.512464424823297,3.1398809523809526
Ла-Риоха,-29.3817,-66.7933,2022-04-01,2022,4,19.8,0.6,2.278488538208554,2.843572100265332,2.4923196615446703,0.010101010101010102
Ла-Риоха,-29.3817,-66.7933,2022-05-01,2022,5,14.7,175.0,2.5201059107285775,2.1087239346855813,2.6930467601784547,3.9682539682539684
Ла-Риоха,-29.3817,-66.7933,2022-06-01,2022,6,10.8,0.0,2.0206181265687455,1.8966394499641657,2.914018179658922,0.0
Ла-Риоха,-29.3817,-66.7933,2022-07-01,2022,7,13.1,506.0,3.2575120837380194,2.7493486058301135,3.0085659526321074,12.87531806615776
Ла-Риоха,-29.3817,-66.7933,2022-08-01,2022,8,14.4,40.0,4.001363772338387,1.4864603083237502,2.593907491983416,0.9259259259259259
Ла-Риоха,-29.3817,-66.7933,2022-09-01,2022,9,16.9,73.0,3.8940161340788984,2.131098796468693,2.8389520752531903,1.4398422090729786
Ла-Риоха,-29.3817,-66.7933,2022-10-01,2022,10,21.5,2.0,2.1149103784071106,1.6296298581392423,2.649833758832291,0.031007751937984496
Ла-Риоха,-29.3817,-66.7933,2022-11-01,2022,11,27.0,321.0,2.335296641175815,2.461482883748955,3.0261665326277702,3.962962962962963
Ла-Риоха,-29.3817,-66.7933,2022-12-01,2022,12,27.9,157.0,3.4409402192414995,2.839536631536099,3.702105992997067,1.875746714456392
Ла-Риоха,-29.3817,-66.7933,2023-01-01,2023,1,28.5,54.0,2.8392239159148933,2.3254091415497418,2.5418168882102257,0.631578947368421
Ла-Риоха,-29.3817,-66.7933,2023-02-01,2023,2,27.3,72.0,0.5210187750163351,0.6808887039218039,1.8452034291013508,0.8791208791208791
Ла-Риоха,-29.3817,-66.7933,2023-03-01,2023,3,27.5,85.0,-0.051033023015832985,0.038758736006276946,1.5874035015283725,1.0303030303030303
Ла-Риоха,-29.3817,-66.7933,2023-04-01,2023,4,20.4,51.0,0.546959451551722,0.5358557297961967,1.6688913769277818,0.8333333333333334
Ла-Риоха,-29.3817,-66.7933,2023-05-01,2023,5,17.0,11.0,0.7474074525747832,0.9130377329619244,0.8395911833224127,0.21568627450980393
Ла-Риоха,-29.3817,-66.7933,2023-06-01,2023,6,13.3,0.5,1.2187681521055427,0.8797677481191076,0.2745819980749616,0.012531328320802004
Ла-Риоха,-29.3817,-66.7933,2023-07-01,2023,7,13.0,5.0,0.46900758769276535,0.37592326667716447,0.5303973143859023,0.1282051282051282
Ла-Риоха,-29.3817,-66.7933,2023-08-01,2023,8,16.6,0.0,0.8748527081981524,-0.06254713061159585,0.7882357001313688,0.0
Ла-Риоха,-29.3817,-66.7933,2023-09-01,2023,9,19.3,0.0,0.6792836085280584,-0.22234192921546958,0.5835077652530661,0.0
Ла-Риоха,-29.3817,-66.7933,2023-10-01,2023,10,22.8,10.0,-0.34350147924686847,-0.5318166056047926,-0.20848265802241472,0.14619883040935672
Ла-Риоха,-29.3817,-66.7933,2023-11-01,2023,11,26.2,46.0,0.025880534468229563,0.06324248076005991,-0.06133722236240271,0.5852417302798982
Ла-Риоха,-29.3817,-66.7933,2023-12-01,2023,12,27.2,64.0,0.17001889241001789,0.2059261833127314,-0.023535571510091394,0.7843137254901961
Ла-Риоха,-29.3817,-66.7933,2024-01-01,2024,1,29.0,18.0,-0.522387933265818,-0.5934777933355465,-0.8549777983535866,0.20689655172413793
Ла-Риоха,-29.3817,-66.7933,2024-02-01,2024,2,28.8,58.0,-0.6623839851146469,-0.8555360768662253,-0.8060723006002004,0.6712962962962963
Ла-Риоха,-29.3817,-66.7933,2024-03-01,2024,3,27.3,82.0,-0.3054399750733342,-0.5674083503694701,-0.34351871860218586,1.0012210012210012
Ла-Риоха,-29.3817,-66.7933,2024-04-01,2024,4,19.6,23.0,0.3672585724682573,0.09398598286730572,-0.3037293835433508,0.391156462585034
Ла-Риоха,-29.3817,-66.7933,2024-05-01,2024,5,12.3,2.0,0.2748016777711918,0.41862868449794766,-0.4257228796145913,0.05420054200542006
Ла-Риоха,-29.3817,-66.7933,2024-06-01,2024,6,13.6,0.3,0.7233040837801776,-0.19925597398046965,-0.6386164938947014,0.007352941176470588
Ла-Риоха,-29.3817,-66.7933,2024-07-01,2024,7,10.4,0.0,-0.08458812718533747,-1.1571225865076222,-0.02883713720692619,0.0
Ла-Риоха,-29.3817,-66.7933,2024-08-01,2024,8,13.5,6.0,0.9094645877305068,-0.012426069675790878,0.33618636149340975,0.14814814814814814
Ла-Риоха,-29.3817,-66.7933,2024-09-01,2024,9,21.4,0.0,0.7249705296255331,-0.11747332664166076,-0.4999966699308292,0.0
Ла-Риоха,-29.3817,-66.7933,2024-10-01,2024,10,23.6,125.0,2.3232932231386716,1.7248523855388749,1.4534016805035292,1.765536723163842
Ла-Риоха,-29.3817,-66.7933,2024-11-01,2024,11,25.9,23.0,0.9659415927692095,1.392734189761216,1.2220729638202732,0.296010296010296
Ла-Риоха,-29.3817,-66.7933,2024-12-01,2024,12,27.5,31.0,0.9227298780278322,1.0577107832372767,0.8216302197488192,0.37575757575757573
Ла-Риоха,-29.3817,-66.7933,2025-01-01,2025,1,29.0,98.0,-0.16744155291182042,-0.18552155691769745,0.9353970642719326,1.1264367816091954
Ла-Риоха,-29.3817,-66.7933,2025-02-01,2025,2,31.0,96.0,0.1397885948166404,0.2061414614646815,0.7556319053312015,1.032258064516129
Ла-Риоха,-29.3817,-66.7933,2025-03-01,2025,3,23.5,74.0,0.1686885761074764,0.5527308367285255,0.7629495666132351,1.049645390070922
Ла-Риоха,-29.3817,-66.7933,2025-04-01,2025,4,19.1,14.0,0.45559200380208015,0.3151152730190862,0.050104164451738605,0.2443280977312391
Ла-Риоха,-29.3817,-66.7933,2025-05-01,2025,5,17.4,5.0,0.07807579235282947,0.1876463716092813,0.17658366214373186,0.09578544061302682
Ла-Риоха,-29.3817,-66.7933,2025-06-01,2025,6,10.9,0.0,0.5905011967366898,-0.5367345877491246,0.38312132526611864,0.0
Ла-Риоха,-29.3817,-66.7933,2025-07-01,2025,7,11.6,6.0,0.33304682488930276,0.03187891105973014,0.27840810724787535,0.1724137931034483
Ла-Риоха,-29.3817,-66.7933,2025-08-01,2025,8,15.1,4.0,1.037583294930151,0.15795808396394415,0.17849773359405713,0.08830022075055188
Ла-Риоха,-29.3817,-66.7933,2025-09-01,2025,9,19.8,5.0,0.99239380714167,0.4085295655631804,-0.3793149338008215,0.08417508417508418
Ла-Риоха,-29.3817,-66.7933,2025-10-01,2025,10,23.0,5.0,-0.11906717468576634,-0.23175498021653046,-0.2792650907202496,0.07246376811594203
Ла-Риоха,-29.3817,-66.7933,2025-11-01,2025,11,26.4,4.0,-0.8996523382038496,-1.4156494864744373,-1.2003670635231796,0.050505050505050504
Ла-Риоха,-29.3817,-66.7933,2025-12-01,2025,12,26.9,107.0,0.1121379835900469,0.1355276853133374,0.07502926241111006,1.325898389095415
Ла-Риоха,-29.3817,-66.7933,2026-01-01,2026,1,26.8,127.0,0.7998735796920622,0.8764878921349246,0.65019412228428,1.5796019900497513
Ла-Риоха,-29.3817,-66.7933,2026-02-01,2026,2,26.3,60.0,0.5852492114987953,0.7552222444825207,0.3188970083823507,0.7604562737642585
Ла-Риоха,-29.3817,-66.7933,2026-03-01,2026,3,26.3,60.0,0.09252989535290158,0.3787083708942922,0.2963967814967316,0.7604562737642585
Ла-Риоха,-29.3817,-66.7933,2026-04-01,2026,4,26.3,60.0,0.43943646579633255,0.27514317465373245,0.5649626409070725,0.7604562737642585
Ла-Риоха,-29.3817,-66.7933,2026-05-01,2026,5,15.8,8.288279183624343,0.5397732101434753,0.7068781190028594,0.802458465806663,0.17485821062498613
Ла-Риоха,-29.3817,-66.7933,2026-06-01,2026,6,11.8,0.0,1.2756332320997892,0.9782177495664269,0.5905635557507026,0.0
Ла-Риоха,-29.3817,-66.7933,2026-07-01,2026,7,11.5,14.338159005182145,0.5859044987162924,0.6389947713260133,0.34809302910525186,0.41559881174441005
Ла-Риоха,-29.3817,-66.7933,2026-08-01,2026,8,14.7,0.0,1.150597290306544,0.29004830473382776,0.6916389749333269,0.0
Ла-Риоха,-29.3817,-66.7933,2026-09-01,2026,9,18.2,0.0,0.9774692799195329,0.3830143127440486,0.8407567426028293,0.0
Ла-Риоха,-29.3817,-66.7933,2026-10-01,2026,10,22.8,0.0,-1.6906216295848977,-2.2129335824234455,-0.4014653639204414,0.0
Ла-Риоха,-29.3817,-66.7933,2026-11-01,2026,11,25.6,92.37336444318261,0.4706443803222905,0.7680366166569251,0.725593519461253,1.2027781828539401
Ла-Риоха,-29.3817,-66.7933,2026-12-01,2026,12,27.5,53.1482498864928,0.5164669947230015,0.6160356073287913,0.5048182371745742,0.6442212107453672
