station,lat,lon,date,year,month,temp,precip,spi3,spei3,spei6,gtk
Ла-Плата,-34.9661,-57.8958,1961-01-01,1961,1,22.3,133.0,,,,1.9880418535127056
Ла-Плата,-34.9661,-57.8958,1961-02-01,1961,2,22.0,27.0,,,,0.4090909090909091
Ла-Плата,-34.9661,-57.8958,1961-03-01,1961,3,20.8,48.0,-0.6505196868867972,-0.7067499518992613,,0.7692307692307693
Ла-Плата,-34.9661,-57.8958,1961-04-01,1961,4,14.8,85.0,-1.0575240822442407,-1.1260705076640036,,1.9144144144144144
Ла-Плата,-34.9661,-57.8958,1961-05-01,1961,5,14.3,97.0,-0.09114716830728067,-0.06787123584808007,,2.261072261072261
Ла-Плата,-34.9661,-57.8958,1961-06-01,1961,6,9.6,22.0,0.12146107455455685,0.12672918354595208,-0.5509321623360075,
Ла-Плата,-34.9661,-57.8958,1961-07-01,1961,7,8.8,60.0,0.10383385832657825,0.09029801244996209,-0.8380345141485026,
Ла-Плата,-34.9661,-57.8958,1961-08-01,1961,8,12.5,25.0,-1.0470140697144625,-1.0843384628573116,-0.7187380329673594,0.6666666666666666
Ла-Плата,-34.9661,-57.8958,1961-09-01,1961,9,12.4,23.0,-1.3848914052756065,-1.3551504989280165,-0.7536299625823228,0.6182795698924731
Ла-Плата,-34.9661,-57.8958,1961-10-01,1961,10,16.7,114.0,-0.8841073756978969,-0.9658497431771983,-0.5591426136962343,2.2754491017964074
Ла-Плата,-34.9661,-57.8958,1961-11-01,1961,11,19.4,91.0,-0.3339423118016221,-0.37947677423943177,-0.9102489028486792,1.563573883161512
Ла-Плата,-34.9661,-57.8958,1961-12-01,1961,12,20.6,87.0,0.2414023912549943,0.2938878798711187,-0.5814773411389234,1.4077669902912622
Ла-Плата,-34.9661,-57.8958,1962-01-01,1962,1,21.9,59.0,-0.0759309235268941,-0.17852776947640536,-0.774700897125943,0.898021308980213
Ла-Плата,-34.9661,-57.8958,1962-02-01,1962,2,21.7,31.0,-0.8308999414927737,-0.9254668324429658,-0.9273083257615933,0.47619047619047616
Ла-Плата,-34.9661,-57.8958,1962-03-01,1962,3,22.6,50.0,-1.4129388279833173,-1.4533063300192333,-0.8348234170608965,0.7374631268436578
Ла-Плата,-34.9661,-57.8958,1962-04-01,1962,4,14.8,180.0,-0.10224744444505254,-0.12490535847319827,-0.2700150872576718,4.054054054054054
Ла-Плата,-34.9661,-57.8958,1962-05-01,1962,5,11.2,11.0,0.0061331195593030945,0.040720640260902344,-0.598259866920724,0.3273809523809524
Ла-Плата,-34.9661,-57.8958,1962-06-01,1962,6,9.5,3.0,0.02357904600274342,0.01849086048288442,-1.0287089653845876,
Ла-Плата,-34.9661,-57.8958,1962-07-01,1962,7,7.1,71.0,-1.1157403423020642,-1.1644883548636147,-0.7958203152613539,
Ла-Плата,-34.9661,-57.8958,1962-08-01,1962,8,10.6,83.0,-0.2578155434773999,-0.2638231978575614,-0.2374675083408568,2.610062893081761
Ла-Плата,-34.9661,-57.8958,1962-09-01,1962,9,12.6,135.0,1.0790412057237526,1.0927505592337323,0.6305705859774581,3.5714285714285716
Ла-Плата,-34.9661,-57.8958,1962-10-01,1962,10,14.4,14.0,-0.07069000231556927,-0.09711584696126105,-0.743496282773361,0.32407407407407407
Ла-Плата,-34.9661,-57.8958,1962-11-01,1962,11,19.7,64.0,-0.49232177610783684,-0.5517237946704269,-0.6148222947028642,1.0829103214890017
Ла-Плата,-34.9661,-57.8958,1962-12-01,1962,12,21.4,61.0,-1.34566156792415,-1.4112835898602885,-0.3552140596273939,0.9501557632398754
Ла-Плата,-34.9661,-57.8958,1963-01-01,1963,1,22.3,165.0,0.40451399497402823,0.3875898150182146,0.1391996528129912,2.4663677130044843
Ла-Плата,-34.9661,-57.8958,1963-02-01,1963,2,22.5,89.0,0.4651695692724254,0.48846834309765425,-0.040963431250957826,1.3185185185185184
Ла-Плата,-34.9661,-57.8958,1963-03-01,1963,3,19.2,265.0,1.5199702739396574,1.4759497437782931,0.5728994172149404,4.600694444444445
Ла-Плата,-34.9661,-57.8958,1963-04-01,1963,4,17.9,34.0,0.9016177661079302,0.9597382584564805,0.7772215090195556,0.633147113594041
Ла-Плата,-34.9661,-57.8958,1963-05-01,1963,5,12.6,27.0,0.6876093409877027,0.7596655103950156,0.6709585857728666,0.7142857142857143
Ла-Плата,-34.9661,-57.8958,1963-06-01,1963,6,10.7,132.0,0.01366100192940164,0.007505456410345789,1.201876084417644,4.11214953271028
Ла-Плата,-34.9661,-57.8958,1963-07-01,1963,7,11.3,51.0,0.4095910085131143,0.4201040676640452,0.8146164269068816,1.5044247787610618
Ла-Плата,-34.9661,-57.8958,1963-08-01,1963,8,9.9,212.0,2.3812585250995437,2.042327978514045,1.7500373733246442,
Ла-Плата,-34.9661,-57.8958,1963-09-01,1963,9,12.0,189.0,2.5184774054972823,2.2761195202704982,1.632390674880393,5.25
Ла-Плата,-34.9661,-57.8958,1963-10-01,1963,10,14.1,85.0,2.277519277031339,2.1372635321348885,1.53102265793229,2.0094562647754137
Ла-Плата,-34.9661,-57.8958,1963-11-01,1963,11,16.4,134.0,1.2661298683193332,1.3015954157106155,2.0554545008319716,2.723577235772358
Ла-Плата,-34.9661,-57.8958,1963-12-01,1963,12,20.0,192.0,1.2235690955772782,1.2752941304160983,2.2072544250089705,3.2
Ла-Плата,-34.9661,-57.8958,1964-01-01,1964,1,22.9,22.0,0.8298396853949198,0.8621581859296576,1.7658189853835353,0.32023289665211063
Ла-Плата,-34.9661,-57.8958,1964-02-01,1964,2,21.4,197.0,1.1382102106224181,1.1814683522864189,1.5324397163724917,3.068535825545171
Ла-Плата,-34.9661,-57.8958,1964-03-01,1964,3,18.4,158.0,0.6843687671938041,0.7392422450956108,1.1912647729313308,2.86231884057971
Ла-Плата,-34.9661,-57.8958,1964-04-01,1964,4,15.6,79.0,1.2271013946291336,1.2694554508898228,1.250524303366646,1.688034188034188
Ла-Плата,-34.9661,-57.8958,1964-05-01,1964,5,13.5,77.0,0.597902041533912,0.6708517491090995,1.057168483094073,1.9012345679012346
Ла-Плата,-34.9661,-57.8958,1964-06-01,1964,6,7.7,48.0,0.12146107455455685,0.12672918354595208,0.5007075449740436,
Ла-Плата,-34.9661,-57.8958,1964-07-01,1964,7,8.8,28.0,-0.18015652841065033,-0.22074397020251646,0.7478069997235225,
Ла-Плата,-34.9661,-57.8958,1964-08-01,1964,8,10.3,49.0,-0.7462039998969361,-0.7828618751490425,0.08028854815107693,1.5857605177993528
Ла-Плата,-34.9661,-57.8958,1964-09-01,1964,9,12.2,63.0,-0.8134387190387853,-0.8793488414438126,-0.488242441022978,1.721311475409836
Ла-Плата,-34.9661,-57.8958,1964-10-01,1964,10,13.7,124.0,-0.02712093127969406,-0.04798987773122776,-0.19727699759963283,3.017031630170316
Ла-Плата,-34.9661,-57.8958,1964-11-01,1964,11,16.5,58.0,-0.16038673992965433,-0.18710041750816211,-0.6148222947028642,1.1717171717171717
Ла-Плата,-34.9661,-57.8958,1964-12-01,1964,12,20.7,36.0,-0.46640960274211923,-0.5038413563749367,-0.9162461130933724,0.5797101449275363
Ла-Плата,-34.9661,-57.8958,1965-01-01,1965,1,24.1,50.0,-1.5453470063952837,-1.5218026909713571,-0.9189054571604568,0.6915629322268326
Ла-Плата,-34.9661,-57.8958,1965-02-01,1965,2,23.5,86.0,-0.8907173466763071,-0.9829467052572015,-0.8399365114274808,1.2198581560283688
Ла-Плата,-34.9661,-57.8958,1965-03-01,1965,3,17.4,17.0,-1.2493889113463212,-1.3055196170472663,-1.2387088374889332,0.32567049808429116
Ла-Плата,-34.9661,-57.8958,1965-04-01,1965,4,15.6,111.0,-0.5249571633965578,-0.5892190707058795,-1.1839636917637093,2.371794871794872
Ла-Плата,-34.9661,-57.8958,1965-05-01,1965,5,12.4,11.0,-1.0134585380429348,-1.0758224253840567,-1.2477208186260418,0.2956989247311828
Ла-Плата,-34.9661,-57.8958,1965-06-01,1965,6,13.4,12.0,-0.6205966070904297,-0.6819729337368081,-1.3009066230109332,0.29850746268656714
Ла-Плата,-34.9661,-57.8958,1965-07-01,1965,7,9.7,45.0,-1.4241659090097636,-1.424633075672946,-1.1676014566727844,
Ла-Плата,-34.9661,-57.8958,1965-08-01,1965,8,10.9,50.0,-1.0470140697144625,-1.0843384628573116,-1.4111729291470065,1.529051987767584
Ла-Плата,-34.9661,-57.8958,1965-09-01,1965,9,13.1,35.0,-0.981693313474662,-1.0292848136038364,-1.13959813273794,0.8905852417302799
Ла-Плата,-34.9661,-57.8958,1965-10-01,1965,10,16.3,32.0,-1.4689205797870586,-1.4961162215862953,-1.7496680966907774,0.65439672801636
Ла-Плата,-34.9661,-57.8958,1965-11-01,1965,11,19.0,83.0,-1.2224772590777762,-1.2773532905218767,-1.5466711714933414,1.456140350877193
Ла-Плата,-34.9661,-57.8958,1965-12-01,1965,12,20.0,81.0,-0.6962479585248682,-0.7561399941984509,-1.1639931628075972,1.35
Ла-Плата,-34.9661,-57.8958,1966-01-01,1966,1,22.7,81.0,0.004581132249928687,-0.08395690125062297,-1.0548066433919687,1.1894273127753303
Ла-Плата,-34.9661,-57.8958,1966-02-01,1966,2,20.5,94.0,-0.02386060866811596,-0.06272508854498314,-0.9200359862728719,1.5284552845528456
Ла-Плата,-34.9661,-57.8958,1966-03-01,1966,3,19.4,239.0,0.9195038658177066,0.9654439486779208,0.3035833502315415,4.106529209621993
Ла-Плата,-34.9661,-57.8958,1966-04-01,1966,4,16.7,155.0,1.5889412650753267,1.5833429419697373,1.03952156881595,3.093812375249501
Ла-Плата,-34.9661,-57.8958,1966-05-01,1966,5,15.0,37.0,1.4040807672452091,1.3916891264497064,0.8895733376882582,0.8222222222222222
Ла-Плата,-34.9661,-57.8958,1966-06-01,1966,6,11.3,74.0,0.6825360957722717,0.7259303514582333,1.043690691467969,2.1828908554572273
Ла-Плата,-34.9661,-57.8958,1966-07-01,1966,7,10.5,43.0,-0.1686786667375405,-0.20821330424431989,1.0726479818135561,1.3650793650793651
Ла-Плата,-34.9661,-57.8958,1966-08-01,1966,8,9.3,11.0,-0.6980627911279162,-0.73306605503584,0.9129388158805339,
Ла-Плата,-34.9661,-57.8958,1966-09-01,1966,9,10.9,23.0,-2.060275346627289,-1.8019204794045005,-0.4965917602023915,0.7033639143730887
Ла-Плата,-34.9661,-57.8958,1966-10-01,1966,10,14.0,62.0,-1.7628916188229729,-1.7306910869083876,-1.2587949063270354,1.4761904761904763
Ла-Плата,-34.9661,-57.8958,1966-11-01,1966,11,17.8,86.0,-0.9659840897798927,-1.03716644005615,-1.2087991896504806,1.6104868913857677
Ла-Плата,-34.9661,-57.8958,1966-12-01,1966,12,20.3,103.0,-0.13939888226087532,-0.13483782766013652,-1.1487381826732599,1.6912972085385878
Ла-Плата,-34.9661,-57.8958,1967-01-01,1967,1,23.1,76.0,0.19219188512276492,0.13803177133442993,-1.062329429593142,1.0966810966810967
Ла-Плата,-34.9661,-57.8958,1967-02-01,1967,2,22.0,52.0,-0.256051249625942,-0.32361506686901936,-0.9491142595323602,0.7878787878787878
Ла-Плата,-34.9661,-57.8958,1967-03-01,1967,3,18.8,77.0,-0.6800931405324604,-0.7382126313544953,-0.6750103188599482,1.3652482269503545
Ла-Плата,-34.9661,-57.8958,1967-04-01,1967,4,16.1,88.0,-0.49694163867706437,-0.5592482085193896,-0.37356031858223704,1.8219461697722565
Ла-Плата,-34.9661,-57.8958,1967-05-01,1967,5,15.7,75.0,-0.002610287295772159,0.030991809191150032,-0.2752136301092278,1.5923566878980893
Ла-Плата,-34.9661,-57.8958,1967-06-01,1967,6,6.4,97.0,0.6312822079067344,0.6735101533569332,-0.2154918788418965,
Ла-Плата,-34.9661,-57.8958,1967-07-01,1967,7,8.8,89.0,0.8551863997443069,0.8711193098864437,0.04969792535132424,
Ла-Плата,-34.9661,-57.8958,1967-08-01,1967,8,10.0,109.0,1.42036710732871,1.375120760609779,0.7611318227123968,
Ла-Плата,-34.9661,-57.8958,1967-09-01,1967,9,13.2,100.0,1.1703179271702102,1.1811757920422603,1.140391376558582,2.525252525252525
Ла-Плата,-34.9661,-57.8958,1967-10-01,1967,10,15.9,326.0,2.6592804813443958,2.3973307375549213,1.8853261660754037,6.834381551362683
Ла-Плата,-34.9661,-57.8958,1967-11-01,1967,11,19.7,120.0,2.250403766300686,2.072334984128374,2.1907406472123836,2.030456852791878
Ла-Плата,-34.9661,-57.8958,1967-12-01,1967,12,23.2,15.0,1.5939096116681966,1.5820331978625974,1.7840243748470577,0.21551724137931033
Ла-Плата,-34.9661,-57.8958,1968-01-01,1968,1,23.0,29.0,-1.0756780450646846,-1.1942495766259391,1.1950151626700725,0.42028985507246375
Ла-Плата,-34.9661,-57.8958,1968-02-01,1968,2,22.1,120.0,-0.9893563975083982,-1.0753143429413088,1.050479115082826,1.8099547511312217
Ла-Плата,-34.9661,-57.8958,1968-03-01,1968,3,19.5,59.0,-0.6505196868867972,-0.7067499518992613,0.6314888041909834,1.0085470085470085
Ла-Плата,-34.9661,-57.8958,1968-04-01,1968,4,14.1,4.0,-0.8237613059856527,-0.8986972375688149,-1.2547588208625915,0.09456264775413711
Ла-Плата,-34.9661,-57.8958,1968-05-01,1968,5,11.8,19.0,-1.7561615168712035,-1.7737338241983998,-1.6279547059067934,0.536723163841808
Ла-Плата,-34.9661,-57.8958,1968-06-01,1968,6,10.0,55.0,-1.3445723540528445,-1.3748776464597599,-1.3065513232375339,
Ла-Плата,-34.9661,-57.8958,1968-07-01,1968,7,11.7,65.0,-0.3462272723565384,-0.40071659805352183,-0.9390135834578116,1.8518518518518519
Ла-Плата,-34.9661,-57.8958,1968-08-01,1968,8,12.2,75.0,0.2622327042953756,0.2961903040203007,-1.1812501101316395,2.0491803278688523
Ла-Плата,-34.9661,-57.8958,1968-09-01,1968,9,12.7,5.0,-0.7322956348159129,-0.8041359705169128,-1.453099672031384,0.13123359580052493
Ла-Плата,-34.9661,-57.8958,1968-10-01,1968,10,15.3,94.0,-0.7371334491200678,-0.8188377690298531,-0.7743168245542359,2.047930283224401
Ла-Плата,-34.9661,-57.8958,1968-11-01,1968,11,20.4,144.0,-0.1804948424659563,-0.2095263406810887,-0.04450009818722547,2.3529411764705883
Ла-Плата,-34.9661,-57.8958,1968-12-01,1968,12,20.6,164.0,1.1545701552308087,1.2143311013032456,0.5664896657030529,2.6537216828478964
Ла-Плата,-34.9661,-57.8958,1969-01-01,1969,1,22.7,53.0,0.9154608810582612,0.9516726017044095,0.22963805069698662,0.7782672540381792
Ла-Плата,-34.9661,-57.8958,1969-02-01,1969,2,22.4,88.0,0.3871832213986645,0.40197117275909644,0.09619294271320891,1.3095238095238095
Ла-Плата,-34.9661,-57.8958,1969-03-01,1969,3,20.3,98.0,-0.36098560953713515,-0.39138157481150393,0.480029239586201,1.6091954022988506
Ла-Плата,-34.9661,-57.8958,1969-04-01,1969,4,16.7,84.0,-0.02495853745576803,-0.038263803008404255,0.5304610034561145,1.6766467065868262
Ла-Плата,-34.9661,-57.8958,1969-05-01,1969,5,13.3,203.0,1.1038880081521438,1.1435969374777544,0.9032261262363629,5.087719298245614
Ла-Плата,-34.9661,-57.8958,1969-06-01,1969,6,11.0,61.0,1.3314716792098145,1.3346104859984447,0.5358095751444719,1.8484848484848484
Ла-Плата,-34.9661,-57.8958,1969-07-01,1969,7,10.9,78.0,1.4613940782570543,1.404729030744399,0.8983511393209402,2.385321100917431
Ла-Плата,-34.9661,-57.8958,1969-08-01,1969,8,9.2,0.0,-0.5259380471526098,-0.5521358997772701,0.6889436460571585,
Ла-Плата,-34.9661,-57.8958,1969-09-01,1969,9,13.0,46.0,-1.0868214163085936,-1.1187843482506366,0.5488885455297009,1.1794871794871795
Ла-Плата,-34.9661,-57.8958,1969-10-01,1969,10,14.3,43.0,-1.8643206428398824,-1.8070906279768306,0.10534494990629335,1.0023310023310024
Ла-Плата,-34.9661,-57.8958,1969-11-01,1969,11,18.8,47.0,-1.4021330994743473,-1.4355721258466394,-1.403368930548207,0.8333333333333334
Ла-Плата,-34.9661,-57.8958,1969-12-01,1969,12,23.6,34.0,-1.5321375286907282,-1.58144126278728,-1.732636842042618,0.480225988700565
Ла-Плата,-34.9661,-57.8958,1970-01-01,1970,1,23.0,77.0,-1.1987197316317315,-1.2900472121085147,-1.8933993956997202,1.1159420289855073
Ла-Плата,-34.9661,-57.8958,1970-02-01,1970,2,23.8,56.0,-0.9519269983262606,-1.0406223829167742,-1.6533195118538386,0.7843137254901961
Ла-Плата,-34.9661,-57.8958,1970-03-01,1970,3,20.6,92.0,-0.48831138793203926,-0.5315030395158167,-1.3825023768541957,1.4886731391585761
Ла-Плата,-34.9661,-57.8958,1970-04-01,1970,4,18.4,120.0,-0.04203989503047716,-0.05742696327201326,-0.7403089617104835,2.1739130434782608
Ла-Плата,-34.9661,-57.8958,1970-05-01,1970,5,12.6,23.0,-0.04662508882217649,-0.01808417545600889,-0.6963179234388704,0.6084656084656085
Ла-Плата,-34.9661,-57.8958,1970-06-01,1970,6,9.5,10.0,-0.40474978907580633,-0.4526048346732936,-0.7625528327936378,
Ла-Плата,-34.9661,-57.8958,1970-07-01,1970,7,9.6,40.0,-1.328651260270379,-1.3471699585502912,-0.8260103424094796,
Ла-Плата,-34.9661,-57.8958,1970-08-01,1970,8,10.8,62.0,-0.9612860960089541,-1.000232251718306,-0.6400574044840853,1.9135802469135803
Ла-Плата,-34.9661,-57.8958,1970-09-01,1970,9,14.2,67.0,-0.36662600195749445,-0.4434369921407412,-0.6711864776899201,1.5727699530516432
Ла-Плата,-34.9661,-57.8958,1970-10-01,1970,10,14.6,140.0,0.3220649171579314,0.3452651172582311,-0.551492746468393,3.1963470319634704
Ла-Плата,-34.9661,-57.8958,1970-11-01,1970,11,16.7,28.0,-0.26174411321972496,-0.2998118666835551,-0.809339102294324,0.5588822355289421
Ла-Плата,-34.9661,-57.8958,1970-12-01,1970,12,20.9,27.0,-0.7069422752730604,-0.767663879543872,-0.8689916151018849,0.430622009569378
Ла-Плата,-34.9661,-57.8958,1971-01-01,1971,1,22.1,149.0,-0.4526835574926134,-0.6038330590283623,-0.2155843075487001,2.2473604826546003
Ла-Плата,-34.9661,-57.8958,1971-02-01,1971,2,19.8,121.0,0.32347948357727846,0.3307000620351244,-0.013268634510427675,2.037037037037037
Ла-Плата,-34.9661,-57.8958,1971-03-01,1971,3,19.5,84.0,0.530449406124313,0.5834842514047796,-0.06779420515000656,1.435897435897436
Ла-Плата,-34.9661,-57.8958,1971-04-01,1971,4,14.3,38.0,-0.26020271375397525,-0.30090013086589823,-0.6023677713405109,0.8857808857808858
Ла-Плата,-34.9661,-57.8958,1971-05-01,1971,5,11.3,45.0,-0.7031825305000708,-0.748667172489325,-0.31755452048638594,1.3274336283185841
Ла-Плата,-34.9661,-57.8958,1971-06-01,1971,6,7.6,57.0,-0.5510814524730698,-0.6090075804991512,-0.031904320601039475,
Ла-Плата,-34.9661,-57.8958,1971-07-01,1971,7,11.0,73.0,0.061961738339245405,0.04447649759320797,-0.34320535826043896,2.212121212121212
Ла-Плата,-34.9661,-57.8958,1971-08-01,1971,8,12.1,44.0,-0.018139106217802983,-0.00384299125845682,-0.6873001577894075,1.2121212121212122
Ла-Плата,-34.9661,-57.8958,1971-09-01,1971,9,14.2,148.0,0.8264137452360693,0.8385690038132745,0.019798554408269015,3.4741784037558685
Ла-Плата,-34.9661,-57.8958,1971-10-01,1971,10,15.9,71.0,0.2598813158447045,0.2756901030385068,0.15405897201818117,1.4884696016771488
Ла-Плата,-34.9661,-57.8958,1971-11-01,1971,11,20.5,23.0,-0.19057914964372383,-0.22076226555251227,-0.22663152542338164,0.37398373983739835
Ла-Плата,-34.9661,-57.8958,1971-12-01,1971,12,22.9,66.0,-1.096307439459466,-1.171067205288035,-0.37947892371696984,0.9606986899563319
Ла-Плата,-34.9661,-57.8958,1972-01-01,1972,1,23.9,57.5,-1.4754339813639334,-1.4795192259263408,-0.6948422836258606,0.8019525801952581
Ла-Плата,-34.9661,-57.8958,1972-02-01,1972,2,22.2,49.0,-0.8846743011447574,-0.9771895959716855,-0.8581557111916875,0.7357357357357357
Ла-Плата,-34.9661,-57.8958,1972-03-01,1972,3,18.9,146.0,-0.24297765312951397,-0.26020407011449687,-0.964529841881509,2.5749559082892417
Ла-Плата,-34.9661,-57.8958,1972-04-01,1972,4,16.5,23.0,-0.48763652777534194,-0.5492616995494012,-1.1419705564966036,0.46464646464646464
Ла-Плата,-34.9661,-57.8958,1972-05-01,1972,5,14.5,48.0,-0.20939271050777208,-0.20054465024859233,-0.7728665581695029,1.103448275862069
Ла-Плата,-34.9661,-57.8958,1972-06-01,1972,6,11.5,139.0,0.17909628606906097,0.19021264837395196,-0.23136073188848374,4.028985507246377
Ла-Плата,-34.9661,-57.8958,1972-07-01,1972,7,9.4,47.0,0.6269677757084281,0.6456475650855138,-0.12127342491583167,
Ла-Плата,-34.9661,-57.8958,1972-08-01,1972,8,10.0,99.0,1.3150731609640114,1.2902015388212145,0.5397305450009128,
Ла-Плата,-34.9661,-57.8958,1972-09-01,1972,9,13.7,110.0,0.7279083327280925,0.7360191334313193,0.5036361576350307,2.67639902676399
Ла-Плата,-34.9661,-57.8958,1972-10-01,1972,10,14.2,106.0,0.7814071265764829,0.8419398880631392,0.8452685960854889,2.488262910798122
Ла-Плата,-34.9661,-57.8958,1972-11-01,1972,11,17.6,93.0,0.4448636585044717,0.4852598460904902,1.072525615097295,1.7613636363636365
Ла-Плата,-34.9661,-57.8958,1972-12-01,1972,12,21.0,101.0,0.3127930733080231,0.372499167574959,0.6302941314965679,1.6031746031746033
Ла-Плата,-34.9661,-57.8958,1973-01-01,1973,1,22.0,187.0,1.041703213200895,1.0794188020116866,1.18029458721397,2.8333333333333335
Ла-Плата,-34.9661,-57.8958,1973-02-01,1973,2,21.6,107.0,1.0341600594185834,1.0817406045536542,1.020481275609709,1.6512345679012346
Ла-Плата,-34.9661,-57.8958,1973-03-01,1973,3,20.8,95.0,0.7622254443809237,0.8157609294655668,0.734972221244937,1.5224358974358974
Ла-Плата,-34.9661,-57.8958,1973-04-01,1973,4,16.5,142.0,0.5731144259290252,0.6216937136827894,1.003095514823368,2.8686868686868685
Ла-Плата,-34.9661,-57.8958,1973-05-01,1973,5,12.4,12.0,0.07538501297057264,0.11750153249847005,0.6857498222346986,0.3225806451612903
Ла-Плата,-34.9661,-57.8958,1973-06-01,1973,6,11.0,101.0,0.5881168567480926,0.6289232487007052,0.8555014646347265,3.0606060606060606
Ла-Плата,-34.9661,-57.8958,1973-07-01,1973,7,9.6,96.0,0.4001971364668342,0.4101564035931336,0.5361257557360241,
Ла-Плата,-34.9661,-57.8958,1973-08-01,1973,8,10.7,9.0,0.40294876986673717,0.442938250449947,0.20094872812990905,0.2803738317757009
Ла-Плата,-34.9661,-57.8958,1973-09-01,1973,9,12.5,4.0,-1.3654264278032575,-1.3404872792094955,-0.3209763344523773,0.10666666666666667
Ла-Плата,-34.9661,-57.8958,1973-10-01,1973,10,15.7,94.0,-1.6070492103414105,-1.6088443861602058,-0.7511999033088075,1.9957537154989384
Ла-Плата,-34.9661,-57.8958,1973-11-01,1973,11,18.9,27.0,-1.5487395643554935,-1.5586947363999775,-0.9437564555287107,0.47619047619047616
Ла-Плата,-34.9661,-57.8958,1973-12-01,1973,12,20.0,35.0,-1.1428209252793349,-1.2169840591010894,-1.613096066422043,0.5833333333333334
Ла-Плата,-34.9661,-57.8958,1974-01-01,1974,1,22.9,173.0,-0.09661635412015153,-0.20269149596733604,-1.204607584030305,2.518195050946143
Ла-Плата,-34.9661,-57.8958,1974-02-01,1974,2,20.4,45.0,-0.05081798160964088,-0.09326262435897394,-1.1228173040183316,0.7352941176470589
Ла-Плата,-34.9661,-57.8958,1974-03-01,1974,3,20.0,144.0,0.5847165136116647,0.6390567456941305,-0.2663834701682161,2.4
Ла-Плата,-34.9661,-57.8958,1974-04-01,1974,4,16.5,12.0,-0.6481416464053449,-0.7191679219606858,-0.6746100967764619,0.24242424242424243
Ла-Плата,-34.9661,-57.8958,1974-05-01,1974,5,14.8,42.0,-0.3892078351903233,-0.40230650447074456,-0.39652528155307754,0.9459459459459459
Ла-Плата,-34.9661,-57.8958,1974-06-01,1974,6,9.5,16.0,-1.461868541650688,-1.4745256568578982,-0.42480607103017054,
Ла-Плата,-34.9661,-57.8958,1974-07-01,1974,7,12.1,76.0,-0.40816957550788774,-0.4669795588929813,-0.8619928699157463,2.09366391184573
Ла-Плата,-34.9661,-57.8958,1974-08-01,1974,8,10.5,80.0,-0.04571178382692264,-0.033694028942456905,-0.45837669492441496,2.5396825396825395
Ла-Плата,-34.9661,-57.8958,1974-09-01,1974,9,11.1,44.0,0.058225812570272165,0.009737642674700914,-1.0923910840589501,1.3213213213213213
Ла-Плата,-34.9661,-57.8958,1974-10-01,1974,10,15.1,44.0,-0.8101894756239416,-0.8925818038837541,-0.8591272834003743,0.9713024282560706
Ла-Плата,-34.9661,-57.8958,1974-11-01,1974,11,18.6,41.0,-1.494842477428003,-1.51404586442799,-1.1924115549041576,0.7347670250896058
Ла-Плата,-34.9661,-57.8958,1974-12-01,1974,12,20.9,41.0,-1.5068401152702955,-1.5588251154443657,-1.1639931628075972,0.6539074960127592
Ла-Плата,-34.9661,-57.8958,1975-01-01,1975,1,23.1,64.0,-1.4890746938512054,-1.4879430952795467,-1.4116819721398302,0.9235209235209235
Ла-Плата,-34.9661,-57.8958,1975-02-01,1975,2,21.8,153.0,-0.006016941667108913,-0.042491179929376954,-1.057851902307435,2.3394495412844036
Ла-Плата,-34.9661,-57.8958,1975-03-01,1975,3,19.4,80.0,0.11793092867516465,0.14169244197617342,-0.8947277180417322,1.3745704467353952
Ла-Плата,-34.9661,-57.8958,1975-04-01,1975,4,16.6,38.0,-0.016437718780830106,-0.028702634014883197,-0.7994121127708081,0.7630522088353413
Ла-Плата,-34.9661,-57.8958,1975-05-01,1975,5,14.4,140.0,0.15186571836729507,0.20162094917412499,-0.0073775095307393726,3.240740740740741
Ла-Плата,-34.9661,-57.8958,1975-06-01,1975,6,11.5,60.0,0.43811523369660715,0.4711042778691327,0.22380475744424302,1.7391304347826086
Ла-Плата,-34.9661,-57.8958,1975-07-01,1975,7,8.6,29.0,0.5828956635905163,0.60070036906015,0.19411198311911407,
Ла-Плата,-34.9661,-57.8958,1975-08-01,1975,8,10.6,134.0,0.6129844144791246,0.6551414083975101,0.3915291979035915,4.213836477987422
Ла-Плата,-34.9661,-57.8958,1975-09-01,1975,9,13.4,44.0,0.14809862976467386,0.10811451158039136,0.34160501417142447,1.0945273631840795
Ла-Плата,-34.9661,-57.8958,1975-10-01,1975,10,15.7,13.0,-0.5346022192459711,-0.6078891771610098,0.027728076567443295,0.2760084925690021
Ла-Плата,-34.9661,-57.8958,1975-11-01,1975,11,19.0,14.0,-2.355906740368928,-2.1492500136638006,-1.2496547071360076,0.24561403508771928
Ла-Плата,-34.9661,-57.8958,1975-12-01,1975,12,22.9,48.0,-2.200805390455894,-2.130107688600681,-1.4911305624006985,0.6986899563318777
Ла-Плата,-34.9661,-57.8958,1976-01-01,1976,1,22.6,114.0,-0.8592345325016729,-1.0084885205425749,-1.017146341227977,1.6814159292035398
Ла-Плата,-34.9661,-57.8958,1976-02-01,1976,2,21.6,164.0,0.5489645888035428,0.5803007883806416,-0.9854174355906413,2.5308641975308643
Ла-Плата,-34.9661,-57.8958,1976-03-01,1976,3,17.5,71.0,0.4961187768055323,0.5479748113534431,-0.8880743993299772,1.3523809523809525
Ла-Плата,-34.9661,-57.8958,1976-04-01,1976,4,15.6,72.0,0.28193378402409824,0.30487706631531863,-0.36706374292764693,1.5384615384615385
Ла-Плата,-34.9661,-57.8958,1976-05-01,1976,5,13.4,50.0,-0.4380246296362532,-0.45682906591730954,0.010144424380719249,1.243781094527363
Ла-Плата,-34.9661,-57.8958,1976-06-01,1976,6,8.5,60.0,-0.09707031847257792,-0.11516902597878156,0.1991594341900029,
Ла-Плата,-34.9661,-57.8958,1976-07-01,1976,7,8.8,63.0,0.04079395135091107,0.02128557084017454,0.06285053454753704,
Ла-Плата,-34.9661,-57.8958,1976-08-01,1976,8,11.1,62.0,0.13073875445483443,0.15646661106529447,-0.39513319263161556,1.8618618618618619
Ла-Плата,-34.9661,-57.8958,1976-09-01,1976,9,12.7,97.0,0.3342353626913925,0.31226669142525815,0.011580517087133563,2.545931758530184
Ла-Плата,-34.9661,-57.8958,1976-10-01,1976,10,14.8,222.0,1.3936802728380728,1.433178412203242,0.8726528844218421,5.0
Ла-Плата,-34.9661,-57.8958,1976-11-01,1976,11,17.9,109.0,1.4188137446873328,1.4353277265653772,1.1835413095457192,2.0297951582867784
Ла-Плата,-34.9661,-57.8958,1976-12-01,1976,12,20.3,149.0,1.7293069888693766,1.6860684185545884,1.510909192965617,2.4466338259441707
Ла-Плата,-34.9661,-57.8958,1977-01-01,1977,1,24.7,81.0,0.7687468942345089,0.7969195381374413,1.2952985964714425,1.0931174089068827
Ла-Плата,-34.9661,-57.8958,1977-02-01,1977,2,23.1,295.0,1.810636834683895,1.7573733075484101,1.9951014571633752,4.256854256854257
Ла-Плата,-34.9661,-57.8958,1977-03-01,1977,3,20.9,71.0,1.1178904736619923,1.1447021351255375,1.6984161528333388,1.1323763955342903
Ла-Плата,-34.9661,-57.8958,1977-04-01,1977,4,16.8,37.0,1.0096467417492423,1.0654338783660258,1.0798205063279274,0.7341269841269841
Ла-Плата,-34.9661,-57.8958,1977-05-01,1977,5,11.5,123.0,-0.0822014329318367,-0.05785754920504352,1.185565372386092,3.5652173913043477
Ла-Плата,-34.9661,-57.8958,1977-06-01,1977,6,10.9,55.0,0.22652511662164326,0.24224946928934596,0.9509558320864927,1.6819571865443426
Ла-Плата,-34.9661,-57.8958,1977-07-01,1977,7,10.0,47.0,0.5471949781318102,0.5639839984486479,0.9921982739946867,
Ла-Плата,-34.9661,-57.8958,1977-08-01,1977,8,10.3,44.0,-0.4197756904881383,-0.43868878917227844,-0.4030360344192253,1.4239482200647249
Ла-Плата,-34.9661,-57.8958,1977-09-01,1977,9,13.7,105.0,0.005946619482220957,-0.04726311364352971,0.0689607040017639,2.5547445255474455
Ла-Плата,-34.9661,-57.8958,1977-10-01,1977,10,16.8,149.0,0.6150813728417294,0.6664196223469013,0.6976833781697557,2.9563492063492065
Ла-Плата,-34.9661,-57.8958,1977-11-01,1977,11,18.5,102.0,0.8495873963490498,0.9072921896970316,0.4566691938187646,1.837837837837838
Ла-Плата,-34.9661,-57.8958,1977-12-01,1977,12,21.0,88.0,0.6487588536310781,0.729235370029336,0.4797676711638369,1.3968253968253967
Ла-Плата,-34.9661,-57.8958,1978-01-01,1978,1,22.2,75.0,0.19219188512276492,0.13803177133442993,0.4180456435085327,1.1261261261261262
Ла-Плата,-34.9661,-57.8958,1978-02-01,1978,2,20.9,172.0,0.616061229714805,0.6528826346526367,0.954117870311657,2.7432216905901115
Ла-Плата,-34.9661,-57.8958,1978-03-01,1978,3,20.2,146.0,0.787826445312798,0.8405758254392376,0.9443015170196303,2.4092409240924093
Ла-Плата,-34.9661,-57.8958,1978-04-01,1978,4,15.6,29.0,0.5960974190679339,0.6460940391013433,0.42479297321638226,0.6196581196581197
Ла-Плата,-34.9661,-57.8958,1978-05-01,1978,5,12.5,28.0,-0.341034486430437,-0.3483577293016941,0.11993283658316006,0.7466666666666667
Ла-Плата,-34.9661,-57.8958,1978-06-01,1978,6,8.8,153.0,0.17909628606906097,0.19021264837395196,0.6281222920165817,
Ла-Плата,-34.9661,-57.8958,1978-07-01,1978,7,11.9,186.0,1.6300267183836494,1.5363809777193254,1.4613832323815663,5.2100840336134455
Ла-Плата,-34.9661,-57.8958,1978-08-01,1978,8,10.6,24.0,2.0899798924959687,1.858595502453559,0.955745022021386,0.7547169811320755
Ла-Плата,-34.9661,-57.8958,1978-09-01,1978,9,13.4,100.0,1.28933439158908,1.29361756124848,0.8925104010558007,2.487562189054726
Ла-Плата,-34.9661,-57.8958,1978-10-01,1978,10,16.2,139.0,0.2598813158447045,0.2756901030385068,1.251735532268174,2.860082304526749
Ла-Плата,-34.9661,-57.8958,1978-11-01,1978,11,18.4,114.0,0.8246122377048459,0.8822911600156954,1.7028874604446897,2.0652173913043477
Ла-Плата,-34.9661,-57.8958,1978-12-01,1978,12,21.5,33.0,0.1872661785246636,0.2337696167166223,0.9004070827825952,0.5116279069767442
Ла-Плата,-34.9661,-57.8958,1979-01-01,1979,1,23.5,29.0,-0.8592345325016729,-1.0084885205425749,-0.4707857959050873,0.41134751773049644
Ла-Плата,-34.9661,-57.8958,1979-02-01,1979,2,23.8,21.0,-2.324253764504427,-2.0322260052450805,-0.7013139777763361,0.29411764705882354
Ла-Плата,-34.9661,-57.8958,1979-03-01,1979,3,19.6,49.0,-2.0150974317581833,-1.9370123597487061,-1.1465935345793337,0.8333333333333334
Ла-Плата,-34.9661,-57.8958,1979-04-01,1979,4,15.8,18.0,-1.8735571984374155,-1.8125828314363295,-1.7767145411068992,0.379746835443038
Ла-Плата,-34.9661,-57.8958,1979-05-01,1979,5,12.6,35.0,-1.4746702524309947,-1.5240172325569883,-1.9728741812742845,0.9259259259259259
Ла-Плата,-34.9661,-57.8958,1979-06-01,1979,6,10.0,6.0,-1.6304921818801703,-1.6116212629494444,-1.9793249109805144,
Ла-Плата,-34.9661,-57.8958,1979-07-01,1979,7,11.8,22.0,-1.5244003385062614,-1.5029240560915245,-1.8280506614981762,0.6214689265536724
Ла-Плата,-34.9661,-57.8958,1979-08-01,1979,8,11.9,107.0,-0.5877546388926169,-0.6175929870218284,-1.4766017548549428,2.9971988795518207
Ла-Плата,-34.9661,-57.8958,1979-09-01,1979,9,11.9,33.0,-0.4695299748638675,-0.5483004607056253,-1.4679770400603358,0.9243697478991597
Ла-Плата,-34.9661,-57.8958,1979-10-01,1979,10,16.2,65.0,-0.37247700854649546,-0.43293275105582174,-1.1209284741360355,1.337448559670782
Ла-Плата,-34.9661,-57.8958,1979-11-01,1979,11,17.7,64.0,-1.0741178563032072,-1.1404782397284297,-1.2251610075759685,1.2052730696798493
Ла-Плата,-34.9661,-57.8958,1979-12-01,1979,12,20.3,26.0,-1.1545191349363033,-1.2284525094949523,-1.2322370034959778,0.4269293924466338
Ла-Плата,-34.9661,-57.8958,1980-01-01,1980,1,23.8,35.0,-2.332907993626224,-1.8581721188980207,-1.2937575733663782,0.49019607843137253
Ла-Плата,-34.9661,-57.8958,1980-02-01,1980,2,22.1,49.0,-1.784838561542159,-1.7085346719095844,-1.866518818583892,0.7390648567119156
Ла-Плата,-34.9661,-57.8958,1980-03-01,1980,3,23.3,171.0,-0.22160165909497956,-0.2363597517957547,-0.9811308177735572,2.4463519313304722
Ла-Плата,-34.9661,-57.8958,1980-04-01,1980,4,18.7,136.0,0.664514283790932,0.718105386643051,-0.38005986911074324,2.4242424242424243
Ла-Плата,-34.9661,-57.8958,1980-05-01,1980,5,15.0,134.0,1.4669070893288647,1.4407113451561133,0.19377470371118566,2.977777777777778
Ла-Плата,-34.9661,-57.8958,1980-06-01,1980,6,10.0,100.0,1.4916798334860286,1.4686863289710037,0.7518217050414017,
Ла-Плата,-34.9661,-57.8958,1980-07-01,1980,7,9.2,35.0,0.9199150593499165,0.9327022680044851,0.9747553014356578,
Ла-Плата,-34.9661,-57.8958,1980-08-01,1980,8,10.7,53.0,0.17055905514504102,0.1990017445654475,1.3121367492828462,1.6510903426791277
Ла-Плата,-34.9661,-57.8958,1980-09-01,1980,9,13.0,52.0,-0.8134387190387853,-0.8793488414438126,0.8237089288728092,1.3333333333333333
Ла-Плата,-34.9661,-57.8958,1980-10-01,1980,10,15.5,134.0,0.0053720703019749785,-0.011307854440605941,0.6085224573609149,2.881720430107527
Ла-Плата,-34.9661,-57.8958,1980-11-01,1980,11,17.8,141.0,0.6033796126026416,0.6545980198099562,0.5516834190218033,2.640449438202247
Ла-Плата,-34.9661,-57.8958,1980-12-01,1980,12,22.1,34.0,0.39206053945064534,0.458764641719089,-0.18574394742816108,0.5128205128205128
Ла-Плата,-34.9661,-57.8958,1981-01-01,1981,1,22.3,76.0,0.06279033000943625,-0.01520834080355213,-0.09033086386968682,1.1360239162929746
Ла-Плата,-34.9661,-57.8958,1981-02-01,1981,2,22.4,109.0,-0.3741819762081786,-0.45351745869901755,0.08263122707155779,1.6220238095238095
Ла-Плата,-34.9661,-57.8958,1981-03-01,1981,3,18.9,78.0,-0.1541456842310377,-0.16103331461617043,0.07564101157068794,1.3756613756613756
Ла-Плата,-34.9661,-57.8958,1981-04-01,1981,4,16.5,17.0,-0.6194518222510424,-0.6891819080097275,-0.5498865823862736,0.3434343434343434
Ла-Плата,-34.9661,-57.8958,1981-05-01,1981,5,16.3,24.0,-1.2543862764530096,-1.3159930093581025,-1.0859816378978104,0.49079754601226994
Ла-Плата,-34.9661,-57.8958,1981-06-01,1981,6,9.1,28.0,-1.476834194784853,-1.486984783488214,-1.040559893891875,
Ла-Плата,-34.9661,-57.8958,1981-07-01,1981,7,9.4,61.0,-0.6862280737963933,-0.7558129538265772,-0.9682869634411058,
Ла-Плата,-34.9661,-57.8958,1981-08-01,1981,8,11.8,84.0,-0.031905476172707475,-0.018742426928129656,-1.0675734794564284,2.3728813559322033
Ла-Плата,-34.9661,-57.8958,1981-09-01,1981,9,12.1,87.0,0.4538381240580556,0.4427621488626243,-0.843624234719512,2.396694214876033
Ла-Плата,-34.9661,-57.8958,1981-10-01,1981,10,15.1,46.0,-0.23664827462286367,-0.28304951849706406,-0.643482740749707,1.0154525386313467
Ла-Плата,-34.9661,-57.8958,1981-11-01,1981,11,18.3,74.5,-0.551714179262157,-0.615234475932743,-0.5258403651531396,1.3570127504553735
Ла-Плата,-34.9661,-57.8958,1981-12-01,1981,12,21.1,103.0,-0.4104966269940983,-0.4413420543471779,-0.13354672037812482,1.6271721958925751
Ла-Плата,-34.9661,-57.8958,1982-01-01,1982,1,22.3,37.0,-0.32365660874508195,-0.4623898717378775,-0.5276267184736496,0.5530642750373692
Ла-Плата,-34.9661,-57.8958,1982-02-01,1982,2,20.6,184.0,0.5338784982984829,0.5638607448744258,-0.016723614675872696,2.9773462783171523
Ла-Плата,-34.9661,-57.8958,1982-03-01,1982,3,20.8,80.0,0.14852962209109832,0.1753904527221831,-0.2243148690167046,1.2820512820512822
Ла-Плата,-34.9661,-57.8958,1982-04-01,1982,4,17.7,35.0,0.21698550801760985,0.2327109076938196,-0.1706752618323531,0.6591337099811676
Ла-Плата,-34.9661,-57.8958,1982-05-01,1982,5,14.1,65.0,-0.5681270606206468,-0.6011017876438766,-0.07793010619739021,1.5366430260047281
Ла-Плата,-34.9661,-57.8958,1982-06-01,1982,6,9.7,136.0,0.42012458946155906,0.4519015082091362,0.2360978704912778,
Ла-Плата,-34.9661,-57.8958,1982-07-01,1982,7,9.3,75.0,0.9755636901194057,0.9847747292459269,0.6739520180898565,
Ла-Плата,-34.9661,-57.8958,1982-08-01,1982,8,10.8,19.0,0.6970357881790187,0.7374196173303659,-0.1434831258468404,0.5864197530864198
Ла-Плата,-34.9661,-57.8958,1982-09-01,1982,9,13.5,205.0,1.180350979794748,1.190780110707679,0.9929134854358181,5.061728395061729
Ла-Плата,-34.9661,-57.8958,1982-10-01,1982,10,15.6,97.0,0.8392089892133837,0.901552457430719,1.0953960622466996,2.072649572649573
Ла-Плата,-34.9661,-57.8958,1982-11-01,1982,11,17.5,20.0,0.5598059114325075,0.6085191542742452,0.8077830762867106,0.38095238095238093
Ла-Плата,-34.9661,-57.8958,1982-12-01,1982,12,23.2,47.0,-1.050232773590061,-1.1250867391674837,-0.07355256656863338,0.6752873563218391
Ла-Плата,-34.9661,-57.8958,1983-01-01,1983,1,24.3,58.0,-2.332907993626224,-1.8581721188980207,-0.4178678052193902,0.7956104252400549
Ла-Плата,-34.9661,-57.8958,1983-02-01,1983,2,21.9,28.0,-1.4128712572738167,-1.436921942515581,-0.5627542877343285,0.426179604261796
Ла-Плата,-34.9661,-57.8958,1983-03-01,1983,3,20.0,37.5,-1.6372283663821263,-1.6444574094242457,-1.777653030967217,0.625
Ла-Плата,-34.9661,-57.8958,1983-04-01,1983,4,16.7,47.0,-1.5794279656682932,-1.5836960353460063,-1.9389213257947715,0.93812375249501
Ла-Плата,-34.9661,-57.8958,1983-05-01,1983,5,12.5,42.0,-1.1619134659114632,-1.2253488165123942,-1.5500963856910361,1.12
Ла-Плата,-34.9661,-57.8958,1983-06-01,1983,6,8.2,34.0,-0.751557152018979,-0.8167303482317808,-1.5245468314069592,
Ла-Плата,-34.9661,-57.8958,1983-07-01,1983,7,8.2,16.0,-1.0005534809871903,-1.0599852011526067,-1.5739292265332598,
Ла-Плата,-34.9661,-57.8958,1983-08-01,1983,8,10.4,61.0,-0.978291694458748,-1.0170360461150627,-1.4729826300419153,1.955128205128205
Ла-Плата,-34.9661,-57.8958,1983-09-01,1983,9,11.3,130.0,0.14809862976467386,0.10811451158039136,-0.6048715503235127,3.8348082595870205
Ла-Плата,-34.9661,-57.8958,1983-10-01,1983,10,16.6,97.0,0.5154078734556437,0.558669821158077,-0.2640898525984996,1.9477911646586343
Ла-Плата,-34.9661,-57.8958,1983-11-01,1983,11,19.0,43.0,0.08447241105838768,0.08708740972891899,-0.5216042143922242,0.7543859649122807
Ла-Плата,-34.9661,-57.8958,1983-12-01,1983,12,21.6,96.0,-0.2855716803363575,-0.3006113330211772,-0.23405935337623593,1.4814814814814814
Ла-Плата,-34.9661,-57.8958,1984-01-01,1984,1,23.5,197.0,0.7480311951636474,0.7745478376554396,0.795137929851836,2.7943262411347516
Ла-Плата,-34.9661,-57.8958,1984-02-01,1984,2,22.5,260.0,1.9606858271097394,1.8708635593873928,1.5480861614901873,3.8518518518518516
Ла-Плата,-34.9661,-57.8958,1984-03-01,1984,3,19.7,125.0,1.843387262587715,1.713655371629219,1.3125726379487146,2.1150592216582065
Ла-Плата,-34.9661,-57.8958,1984-04-01,1984,4,15.5,51.0,1.2408747317327466,1.2819831488406572,1.2090997993089925,1.096774193548387
Ла-Плата,-34.9661,-57.8958,1984-05-01,1984,5,12.4,85.0,0.17703582126977221,0.2291237137426766,1.407199071695282,2.28494623655914
Ла-Плата,-34.9661,-57.8958,1984-06-01,1984,6,8.0,47.0,-0.08687714893970391,-0.10388214305934139,1.4457343022545937,
Ла-Плата,-34.9661,-57.8958,1984-07-01,1984,7,7.8,43.0,0.061961738339245405,0.04447649759320797,0.8924194680500693,
Ла-Плата,-34.9661,-57.8958,1984-08-01,1984,8,9.2,18.0,-1.0297269911498887,-1.0675006734068335,-0.46628405918770555,
Ла-Плата,-34.9661,-57.8958,1984-09-01,1984,9,12.6,47.0,-1.3848914052756065,-1.3551504989280165,-0.9247081672736074,1.2433862433862435
Ла-Плата,-34.9661,-57.8958,1984-10-01,1984,10,16.6,245.0,0.7328847938685782,0.7913299483064056,0.46607019239320147,4.919678714859437
Ла-Плата,-34.9661,-57.8958,1984-11-01,1984,11,17.7,54.0,0.7659041710228421,0.8229426495041102,0.08534672180762425,1.0169491525423728
Ла-Плата,-34.9661,-57.8958,1984-12-01,1984,12,18.5,44.0,0.6821575921369376,0.7633046689917391,-0.169665650905157,0.7927927927927928
Ла-Плата,-34.9661,-57.8958,1985-01-01,1985,1,23.2,36.0,-1.8816331793573833,-1.695293539243588,-0.4329720563516242,0.5172413793103449
Ла-Плата,-34.9661,-57.8958,1985-02-01,1985,2,23.0,24.0,-1.8931262245085365,-1.7799299190656608,-0.5991826137750723,0.34782608695652173
Ла-Плата,-34.9661,-57.8958,1985-03-01,1985,3,20.3,134.0,-0.7911897541351426,-0.8548555064897508,-0.14402513409682746,2.200328407224959
Ла-Плата,-34.9661,-57.8958,1985-04-01,1985,4,15.7,60.0,-0.48763652777534194,-0.5492616995494012,-1.2226225121285967,1.2738853503184713
Ла-Плата,-34.9661,-57.8958,1985-05-01,1985,5,13.4,246.0,1.4606610352677074,1.4358809385429283,0.15414927551585372,6.119402985074627
Ла-Плата,-34.9661,-57.8958,1985-06-01,1985,6,11.4,21.0,1.1735346036234118,1.1962131670802327,0.13722257764653453,0.6140350877192983
Ла-Плата,-34.9661,-57.8958,1985-07-01,1985,7,10.7,68.0,1.4128125694645781,1.3654946550033495,0.5361257557360241,2.1183800623052957
Ла-Плата,-34.9661,-57.8958,1985-08-01,1985,8,10.8,24.0,-0.9443490387614615,-0.9834381260265648,0.8757203033997872,0.7407407407407407
Ла-Плата,-34.9661,-57.8958,1985-09-01,1985,9,13.2,94.0,-0.12787342677909325,-0.19195414635977118,0.844505965695024,2.3737373737373737
Ла-Плата,-34.9661,-57.8958,1985-10-01,1985,10,15.4,247.0,1.2497808374419932,1.3023433294636444,1.5466644457372785,5.346320346320346
Ла-Плата,-34.9661,-57.8958,1985-11-01,1985,11,19.2,235.0,2.4458446893669636,2.2028184923708216,1.5789052162827437,4.079861111111111
Ла-Плата,-34.9661,-57.8958,1985-12-01,1985,12,21.1,19.0,1.8758290513861744,1.794154687436975,1.433165594817979,0.3001579778830964
Ла-Плата,-34.9661,-57.8958,1986-01-01,1986,1,23.6,121.0,1.0044859976195284,1.0422915631944636,1.38649281673923,1.7090395480225988
Ла-Плата,-34.9661,-57.8958,1986-02-01,1986,2,22.6,17.0,-1.0788747168194153,-1.1564930145573271,1.1618787687149286,0.25073746312684364
Ла-Плата,-34.9661,-57.8958,1986-03-01,1986,3,18.7,68.0,-0.6702019807752753,-0.7277079776860574,0.8247630501891218,1.2121212121212122
Ла-Плата,-34.9661,-57.8958,1986-04-01,1986,4,17.1,138.0,-0.44135799311818774,-0.49936711541115575,0.3448290108447831,2.690058479532164
Ла-Плата,-34.9661,-57.8958,1986-05-01,1986,5,12.0,92.0,0.47527935944475214,0.5461772647090302,-0.3721848957620519,2.5555555555555554
Ла-Плата,-34.9661,-57.8958,1986-06-01,1986,6,11.6,57.0,0.8574879241697366,0.9003179944022971,-0.03821025812554213,1.6379310344827587
Ла-Плата,-34.9661,-57.8958,1986-07-01,1986,7,10.9,45.0,0.2556972288425766,0.25545598226713795,-0.3496784037093312,1.3761467889908257
Ла-Плата,-34.9661,-57.8958,1986-08-01,1986,8,11.1,121.0,0.6129844144791246,0.6551414083975101,0.6689734300656905,3.6336336336336337
Ла-Плата,-34.9661,-57.8958,1986-09-01,1986,9,13.9,60.0,0.38248654866808945,0.3650288181758534,0.844505965695024,1.4388489208633093
Ла-Плата,-34.9661,-57.8958,1986-10-01,1986,10,15.8,125.0,0.6938310046977624,0.750232104866279,0.5597600872672478,2.6371308016877637
Ла-Плата,-34.9661,-57.8958,1986-11-01,1986,11,18.3,161.0,0.7659041710228421,0.8229426495041102,0.9182290488888292,2.9326047358834244
Ла-Плата,-34.9661,-57.8958,1986-12-01,1986,12,21.4,54.0,0.6571260909101836,0.7377963397506194,0.6999052636534099,0.8411214953271028
Ла-Плата,-34.9661,-57.8958,1987-01-01,1987,1,23.6,90.0,0.5224084917889952,0.523413194990177,0.7187429506037779,1.271186440677966
Ла-Плата,-34.9661,-57.8958,1987-02-01,1987,2,23.4,126.0,0.09898335784793673,0.07675148132049621,0.533186215131226,1.794871794871795
Ла-Плата,-34.9661,-57.8958,1987-03-01,1987,3,20.8,205.0,0.9624237834959711,1.005132171762844,1.075669366828683,3.28525641025641
Ла-Плата,-34.9661,-57.8958,1987-04-01,1987,4,16.9,55.0,0.8870685434812715,0.9452869454178777,0.8417625712346886,1.084812623274162
Ла-Плата,-34.9661,-57.8958,1987-05-01,1987,5,10.6,23.0,0.35696991596842514,0.4225579248344388,0.20503655768235896,0.7232704402515723
Ла-Плата,-34.9661,-57.8958,1987-06-01,1987,6,10.6,0.7,-1.3345069053478726,-1.366160638456202,0.003991079433608008,0.0220125786163522
Ла-Плата,-34.9661,-57.8958,1987-07-01,1987,7,11.5,68.0,-1.005369728785451,-1.0644327685486314,0.04772481567172769,1.9710144927536233
Ла-Плата,-34.9661,-57.8958,1987-08-01,1987,8,10.5,54.0,-0.7834782013827704,-0.8211457726706505,-0.1770891706051051,1.7142857142857142
Ла-Плата,-34.9661,-57.8958,1987-09-01,1987,9,11.2,45.0,-0.39573611084536225,-0.47334351195149765,-1.2815187311945393,1.3392857142857142
Ла-Плата,-34.9661,-57.8958,1987-10-01,1987,10,15.5,167.0,0.2910427316353504,0.31060010605809163,-0.4318810203555009,3.5913978494623655
Ла-Плата,-34.9661,-57.8958,1987-11-01,1987,11,19.1,104.0,0.5070565431745403,0.5522476438917154,-0.038767992268414334,1.8150087260034904
Ла-Плата,-34.9661,-57.8958,1987-12-01,1987,12,20.3,140.0,1.2235690955772782,1.2752941304160983,0.7816181208329205,2.2988505747126435
Ла-Плата,-34.9661,-57.8958,1988-01-01,1988,1,23.2,136.0,1.0355377385482927,1.0732992713640648,0.9195395671199358,1.9540229885057472
Ла-Плата,-34.9661,-57.8958,1988-02-01,1988,2,21.1,32.0,0.4107665665829348,0.4282227220626695,0.5812267411136974,0.5055292259083728
Ла-Плата,-34.9661,-57.8958,1988-03-01,1988,3,21.3,300.0,1.239228675329911,1.2491024910494302,1.538252835103417,4.694835680751174
Ла-Плата,-34.9661,-57.8958,1988-04-01,1988,4,14.7,66.0,0.9738481795811591,1.0307244380729668,1.234051958746761,1.4965986394557824
Ла-Плата,-34.9661,-57.8958,1988-05-01,1988,5,10.6,3.0,0.9947586487408853,1.0474974112687918,0.8435331009142463,0.09433962264150944
Ла-Плата,-34.9661,-57.8958,1988-06-01,1988,6,9.2,9.0,-1.3445723540528445,-1.3748776464597599,0.29115964428676727,
Ла-Плата,-34.9661,-57.8958,1988-07-01,1988,7,8.5,33.0,-1.935602399259315,-1.7923706279078644,-0.18030018599039943,
Ла-Плата,-34.9661,-57.8958,1988-08-01,1988,8,11.1,31.0,-1.6837170940962962,-1.6596624322079905,0.10308583841048989,0.9309309309309309
Ла-Плата,-34.9661,-57.8958,1988-09-01,1988,9,12.2,27.0,-1.7361002794933709,-1.6020101837588858,-1.8414831244926735,0.7377049180327869
Ла-Плата,-34.9661,-57.8958,1988-10-01,1988,10,14.6,111.0,-0.7979543265462291,-0.8803226174197744,-1.5320874950306569,2.5342465753424657
Ла-Плата,-34.9661,-57.8958,1988-11-01,1988,11,19.0,64.0,-0.6118510948114771,-0.6788508443810694,-1.403368930548207,1.1228070175438596
Ла-Плата,-34.9661,-57.8958,1988-12-01,1988,12,22.1,128.0,0.33933691552531964,0.40151267443867655,-0.6297728057737525,1.9306184012066365
Ла-Плата,-34.9661,-57.8958,1989-01-01,1989,1,25.2,19.0,-0.3655679125056201,-0.5089078139751938,-0.9189054571604568,0.25132275132275134
Ла-Плата,-34.9661,-57.8958,1989-02-01,1989,2,23.8,47.0,-0.6369348727595291,-0.7317830270991117,-0.9926716150564029,0.6582633053221288
Ла-Плата,-34.9661,-57.8958,1989-03-01,1989,3,20.1,145.0,-0.6212420285847572,-0.6754429687965919,-0.29237009140554865,2.4046434494195688
Ла-Плата,-34.9661,-57.8958,1989-04-01,1989,4,16.6,100.0,0.15953709212376335,0.16859045563015665,-0.23785425630597173,2.008032128514056
Ла-Плата,-34.9661,-57.8958,1989-05-01,1989,5,13.2,0.0,0.040912096180401564,0.07934532290017525,-0.4697267568187508,0.0
Ла-Плата,-34.9661,-57.8958,1989-06-01,1989,6,10.7,35.0,-0.6089198165959052,-0.6697826157781303,-0.9571293555906039,1.0903426791277258
Ла-Плата,-34.9661,-57.8958,1989-07-01,1989,7,9.3,52.0,-1.0822134146731919,-1.13447572563851,-0.592181310429057,
Ла-Плата,-34.9661,-57.8958,1989-08-01,1989,8,12.8,170.0,1.0092339494966167,1.0283696762675203,0.5397305450009128,4.427083333333333
Ла-Плата,-34.9661,-57.8958,1989-09-01,1989,9,12.2,17.0,0.5355907730788748,0.5312518403833595,-0.23736651662437697,0.4644808743169399
Ла-Плата,-34.9661,-57.8958,1989-10-01,1989,10,14.8,29.0,-0.24786091561396253,-0.2955154427586588,-0.8514156971494851,0.6531531531531531
Ла-Плата,-34.9661,-57.8958,1989-11-01,1989,11,19.1,48.0,-1.99201318976478,-1.9001892944665015,-0.775593251492027,0.837696335078534
Ла-Плата,-34.9661,-57.8958,1989-12-01,1989,12,22.9,194.0,0.04960874499174489,0.07933975580762911,0.2934427080534789,2.8238719068413394
Ла-Плата,-34.9661,-57.8958,1990-01-01,1990,1,23.8,260.0,1.7005509252283062,1.6635710780279558,1.285951849913988,3.641456582633053
Ла-Плата,-34.9661,-57.8958,1990-02-01,1990,2,21.6,253.0,2.708754411665736,2.370100934893513,1.4603995219367816,3.904320987654321
Ла-Плата,-34.9661,-57.8958,1990-03-01,1990,3,19.1,108.0,2.032584904173988,1.8421376074267761,1.583040847080694,1.8848167539267016
Ла-Плата,-34.9661,-57.8958,1990-04-01,1990,4,16.2,133.0,1.6279256465413545,1.6153294224550667,1.9746616057066892,2.736625514403292
Ла-Плата,-34.9661,-57.8958,1990-05-01,1990,5,12.4,73.0,0.597902041533912,0.6708517491090995,2.0410076492419598,1.9623655913978495
Ла-Плата,-34.9661,-57.8958,1990-06-01,1990,6,9.6,8.0,0.21708215776488102,0.23190596435530514,1.736209475465645,
Ла-Плата,-34.9661,-57.8958,1990-07-01,1990,7,9.2,14.0,-0.9529484321636046,-1.0156639813132733,0.7600189164711113,
Ла-Плата,-34.9661,-57.8958,1990-08-01,1990,8,12.7,31.0,-2.114421996164668,-2.0008450503032704,-0.48209879115411747,0.8136482939632546
Ла-Плата,-34.9661,-57.8958,1990-09-01,1990,9,12.0,67.0,-1.3077405223089338,-1.2964058971454588,-0.6380648576893587,1.8611111111111112
Ла-Плата,-34.9661,-57.8958,1990-10-01,1990,10,17.0,103.0,-0.41838659461258537,-0.4829591820269066,-0.9053949384040575,2.019607843137255
Ла-Плата,-34.9661,-57.8958,1990-11-01,1990,11,19.3,336.0,1.9804904496495275,1.8810700348040905,0.8538099039186934,5.803108808290156
Ла-Плата,-34.9661,-57.8958,1990-12-01,1990,12,19.4,175.0,2.614966288786443,2.278026741144394,1.6300314224452759,3.006872852233677
Ла-Плата,-34.9661,-57.8958,1991-01-01,1991,1,22.8,129.0,2.3106914346070093,2.096205207510389,1.7912113654596054,1.8859649122807018
Ла-Плата,-34.9661,-57.8958,1991-02-01,1991,2,21.2,18.0,0.5187269180029828,0.5473069164198096,1.567463950716344,0.2830188679245283
Ла-Плата,-34.9661,-57.8958,1991-03-01,1991,3,21.6,14.0,-1.1536567125154942,-1.2157375078516188,1.1363920946264274,0.21604938271604937
Ла-Плата,-34.9661,-57.8958,1991-04-01,1991,4,16.4,67.0,-1.7391149514684743,-1.7104032358932244,1.0664669069668011,1.361788617886179
Ла-Плата,-34.9661,-57.8958,1991-05-01,1991,5,15.4,95.0,-0.6091325553866085,-0.6461755056770354,-0.11346767650737082,2.0562770562770565
Ла-Плата,-34.9661,-57.8958,1991-06-01,1991,6,9.1,129.0,0.8900679951729625,0.9319807117512477,-0.29801888952344363,
Ла-Плата,-34.9661,-57.8958,1991-07-01,1991,7,8.7,97.0,1.3137185084605525,1.2836014111209966,-0.33024773720601086,
Ла-Плата,-34.9661,-57.8958,1991-08-01,1991,8,11.3,58.0,1.3044350949610017,1.2814759713797792,0.2381581242191563,1.710914454277286
Ла-Плата,-34.9661,-57.8958,1991-09-01,1991,9,14.2,74.0,0.4183134317706371,0.40410977299089196,0.8925104010558007,1.7370892018779343
Ла-Плата,-34.9661,-57.8958,1991-10-01,1991,10,14.6,139.0,0.34266982813462726,0.36823517605525447,1.0706362460194592,3.17351598173516
Ла-Плата,-34.9661,-57.8958,1991-11-01,1991,11,17.4,74.0,0.24458930826222625,0.26561949083028763,0.930925735864955,1.417624521072797
Ла-Плата,-34.9661,-57.8958,1991-12-01,1991,12,22.6,46.0,-0.06301624823498096,-0.04812913706590342,0.12393881026054719,0.6784660766961652
Ла-Плата,-34.9661,-57.8958,1992-01-01,1992,1,21.7,210.0,0.7060475691643028,0.7288313128629764,0.658507249405174,3.225806451612903
Ла-Плата,-34.9661,-57.8958,1992-02-01,1992,2,22.1,24.0,0.18393316995819187,0.173180208488244,0.22316187691181763,0.36199095022624433
Ла-Плата,-34.9661,-57.8958,1992-03-01,1992,3,22.1,137.0,0.644827490753481,0.6997852441736264,0.4184521993106734,2.0663650075414783
Ла-Плата,-34.9661,-57.8958,1992-04-01,1992,4,15.1,103.0,-0.07636301306106914,-0.09591092701961508,0.32166388515485905,2.273730684326711
Ла-Плата,-34.9661,-57.8958,1992-05-01,1992,5,11.8,116.0,0.9041170543109879,0.9652189317558871,0.6461410235654879,3.2768361581920904
Ла-Плата,-34.9661,-57.8958,1992-06-01,1992,6,10.9,108.0,1.1735346036234118,1.1962131670802327,1.1337132131141794,3.302752293577982
Ла-Плата,-34.9661,-57.8958,1992-07-01,1992,7,6.9,47.0,0.9359068909659087,0.9477494414101143,0.42131077822035523,
Ла-Плата,-34.9661,-57.8958,1992-08-01,1992,8,11.0,104.0,1.0316526423038792,1.0483437816355117,1.237280544861288,3.1515151515151514
Ла-Плата,-34.9661,-57.8958,1992-09-01,1992,9,12.2,56.0,0.14809862976467386,0.10811451158039136,0.9863243024246385,1.530054644808743
Ла-Плата,-34.9661,-57.8958,1992-10-01,1992,10,16.2,140.0,0.6348500084757663,0.6875737478244094,0.9634081611462572,2.880658436213992
Ла-Плата,-34.9661,-57.8958,1992-11-01,1992,11,16.5,91.0,0.24458930826222625,0.26561949083028763,0.767716712102564,1.8383838383838385
Ла-Плата,-34.9661,-57.8958,1992-12-01,1992,12,20.8,44.0,0.08664891323158595,0.12107766053551611,0.07695296800910048,0.7051282051282052
Ла-Плата,-34.9661,-57.8958,1993-01-01,1993,1,24.0,68.0,-0.4655141554803459,-0.6175986300134091,0.004003684171497278,0.9444444444444444
Ла-Плата,-34.9661,-57.8958,1993-02-01,1993,2,21.2,231.0,0.6746540696045245,0.715502350955068,0.6167658538301916,3.6320754716981134
Ла-Плата,-34.9661,-57.8958,1993-03-01,1993,3,21.4,44.0,0.45448849544292863,0.5045620572708973,0.34997409388044115,0.6853582554517134
Ла-Плата,-34.9661,-57.8958,1993-04-01,1993,4,17.5,150.0,1.1647457261385692,1.2121517980982797,0.5139993080010153,2.857142857142857
Ла-Плата,-34.9661,-57.8958,1993-05-01,1993,5,12.2,104.0,0.47527935944475214,0.5461772647090302,0.6709585857728666,2.841530054644809
Ла-Плата,-34.9661,-57.8958,1993-06-01,1993,6,9.5,126.0,1.5628460324567648,1.5262662898529493,1.254311178827637,
Ла-Плата,-34.9661,-57.8958,1993-07-01,1993,7,7.8,25.0,0.8058126849675528,0.8234234312038132,1.283014139519524,
Ла-Плата,-34.9661,-57.8958,1993-08-01,1993,8,10.7,21.0,-0.04571178382692264,-0.033694028942456905,0.3117990580858462,0.6542056074766355
Ла-Плата,-34.9661,-57.8958,1993-09-01,1993,9,11.8,46.0,-1.7142718902037182,-1.5876161286079085,0.5488885455297009,1.2994350282485876
Ла-Плата,-34.9661,-57.8958,1993-10-01,1993,10,16.8,180.0,0.09126582776113414,0.08573114645622376,0.5720295448068432,3.5714285714285716
Ла-Плата,-34.9661,-57.8958,1993-11-01,1993,11,17.7,219.0,1.5456324774016639,1.5421386463486086,1.2062493513555013,4.124293785310734
Ла-Плата,-34.9661,-57.8958,1993-12-01,1993,12,20.6,170.0,2.3298380713311606,2.102411379302745,1.2920091985700688,2.750809061488673
Ла-Плата,-34.9661,-57.8958,1994-01-01,1994,1,21.6,165.20689655172413,1.9449290181145766,1.847838232974198,1.641945131887941,2.5494891443167305
Ла-Плата,-34.9661,-57.8958,1994-02-01,1994,2,22.2,160.41379310344828,1.6474451592744206,1.6280701543925802,1.9570555031523416,2.408615512063788
Ла-Плата,-34.9661,-57.8958,1994-03-01,1994,3,19.2,106.83801925174626,1.0316890273205221,1.0681256779164052,1.9213702776949348,1.8548267231205946
Ла-Плата,-34.9661,-57.8958,1994-04-01,1994,4,15.9,61.85486590046651,0.4576623824585447,0.4976513394944217,1.6282028494051959,1.29674771279804
Ла-Плата,-34.9661,-57.8958,1994-05-01,1994,5,12.5,82.81591963518153,0.09685341085074542,0.14119229633562635,1.1495643649939553,2.2084245236048408
Ла-Плата,-34.9661,-57.8958,1994-06-01,1994,6,10.7,86.90385240144381,0.38004901839971966,0.4089363176866809,0.961567882694311,2.707285121540306
Ла-Плата,-34.9661,-57.8958,1994-07-01,1994,7,9.2,50.43838135168947,0.5034354450076477,0.5186212551791651,0.512440459489765,
Ла-Плата,-34.9661,-57.8958,1994-08-01,1994,8,9.9,50.222541753228015,0.1648022600464563,0.1928634196651116,0.08084859312940902,
Ла-Плата,-34.9661,-57.8958,1994-09-01,1994,9,12.9,109.75242151437763,0.19120615218423379,0.15540201645890492,0.3179286161446342,2.835979884092445
Ла-Плата,-34.9661,-57.8958,1994-10-01,1994,10,15.4,124.38042779357522,0.4787299783370259,0.5185943894904143,0.5873749231661924,2.6922170518089876
Ла-Плата,-34.9661,-57.8958,1994-11-01,1994,11,19.3,74.22624236788563,0.439133605286086,0.47905513655377885,0.4113967686564568,1.2819730978909436
Ла-Плата,-34.9661,-57.8958,1994-12-01,1994,12,23.0,86.51864853434466,0.17933084196578536,0.22492442389711956,0.18253992423684012,1.253893457019488
Ла-Плата,-34.9661,-57.8958,1995-01-01,1995,1,22.3,66.90909089995166,-0.1746756616820932,-0.29323642702002634,0.06853293568937867,1.0001358878916542
Ла-Плата,-34.9661,-57.8958,1995-02-01,1995,2,20.9,67.71980531486517,-0.3526909430288215,-0.43007334067706093,-0.03051727822708141,1.0800606908271957
Ла-Плата,-34.9661,-57.8958,1995-03-01,1995,3,19.8,95.12498804940712,-0.44447855038238604,-0.4834770467896581,-0.286652067958894,1.6014307752425443
Ла-Плата,-34.9661,-57.8958,1995-04-01,1995,4,15.9,2.221345053339519,-1.0050744844572885,-1.0762532074232887,-0.9584575341728301,0.04656907868636308
Ла-Плата,-34.9661,-57.8958,1995-05-01,1995,5,12.6,0.0,-1.5378347838546698,-1.5816095583677647,-1.203035466058631,0.0
Ла-Плата,-34.9661,-57.8958,1995-06-01,1995,6,9.0,32.267893154162024,-2.0430964864277765,-1.9178621444250314,-1.427821950562317,
Ла-Плата,-34.9661,-57.8958,1995-07-01,1995,7,8.7,31.943201958558877,-1.4996568352401598,-1.483882577047515,-1.44916025707645,
Ла-Плата,-34.9661,-57.8958,1995-08-01,1995,8,9.2,68.43852939862754,-0.624484496059104,-0.6562429272848451,-1.5271034329969373,
Ла-Плата,-34.9661,-57.8958,1995-09-01,1995,9,13.0,40.05551035263264,-0.8062668885727916,-0.8727763990215617,-1.800166438052319,1.0270643680162215
Ла-Плата,-34.9661,-57.8958,1995-10-01,1995,10,14.9,38.09115330449569,-1.0781555502330482,-1.1515506074809694,-1.556235351354304,0.8521510806374875
Ла-Плата,-34.9661,-57.8958,1995-11-01,1995,11,19.2,143.3658754560962,-0.40181157165429,-0.45375764915617645,-0.7488843669681561,2.4889908933350036
Ла-Плата,-34.9661,-57.8958,1995-12-01,1995,12,22.2,63.12607074698681,-0.20144822921700842,-0.20528216641372446,-0.7018173909296024,0.947838900104907
Ла-Плата,-34.9661,-57.8958,1996-01-01,1996,1,22.9,85.91759070282237,0.4238886551767258,0.4100844642202709,-0.47082568890729837,1.250619952006148
Ла-Плата,-34.9661,-57.8958,1996-02-01,1996,2,21.2,25.959362973482754,-0.8546288966932885,-0.9483993052519106,-0.9889319044017117,0.4081660844887226
Ла-Плата,-34.9661,-57.8958,1996-03-01,1996,3,21.1,58.970265961511565,-1.0403778706377986,-1.106429274811783,-0.9450614983630228,0.9315997782229315
Ла-Плата,-34.9661,-57.8958,1996-04-01,1996,4,16.5,70.22656064873847,-1.1082047369419628,-1.1735390159238488,-0.5986544291014723,1.4187183969442116
Ла-Плата,-34.9661,-57.8958,1996-05-01,1996,5,13.0,31.0,-0.7760046380690754,-0.8270643223177765,-1.1028474562963981,0.7948717948717948
Ла-Плата,-34.9661,-57.8958,1996-06-01,1996,6,8.2,32.333333333333336,-0.625747361758321,-0.6873414859549773,-1.2016567918133518,
Ла-Плата,-34.9661,-57.8958,1996-07-01,1996,7,7.6,33.666666666666664,-0.9217574770170588,-0.9862733786388019,-1.3297146050595006,
Ла-Плата,-34.9661,-57.8958,1996-08-01,1996,8,12.7,35.0,-1.152281880712905,-1.1855077889958094,-1.299331740789528,0.9186351706036745
Ла-Плата,-34.9661,-57.8958,1996-09-01,1996,9,12.0,133.0,0.07980763707108962,0.03332435917984148,-0.5614044355928567,3.6944444444444446
Ла-Плата,-34.9661,-57.8958,1996-10-01,1996,10,16.5,72.0,0.01616845263495438,0.0008861081418987037,-0.5897732065845925,1.4545454545454546
Ла-Плата,-34.9661,-57.8958,1996-11-01,1996,11,19.5,110.0,0.4982152614238956,0.5427658455164793,-0.22663152542338164,1.8803418803418803
Ла-Плата,-34.9661,-57.8958,1996-12-01,1996,12,22.4,112.0,0.2593338706029609,0.3137082622095368,0.18353052747013665,1.6666666666666667
Ла-Плата,-34.9661,-57.8958,1997-01-01,1997,1,24.5,114.0,0.7480311951636474,0.7745478376554396,0.5023446956591073,1.5510204081632653
Ла-Плата,-34.9661,-57.8958,1997-02-01,1997,2,21.2,92.0,0.48822423812992327,0.5138567139854932,0.6343768392254358,1.4465408805031446
Ла-Плата,-34.9661,-57.8958,1997-03-01,1997,3,20.1,55.0,-0.17087698783850927,-0.17972396386709794,-0.030021258794394056,0.912106135986733
Ла-Плата,-34.9661,-57.8958,1997-04-01,1997,4,17.7,64.0,-0.5531246270407676,-0.6192025294765958,0.03969172153445024,1.2052730696798493
Ла-Плата,-34.9661,-57.8958,1997-05-01,1997,5,14.4,69.25,-0.4850173326334023,-0.509135407255732,-0.06464699242843623,1.6030092592592593
Ла-Плата,-34.9661,-57.8958,1997-06-01,1997,6,10.6,74.5,0.15757655061444314,0.16653779958658196,-0.19169453085321592,2.342767295597484
Ла-Плата,-34.9661,-57.8958,1997-07-01,1997,7,11.4,28.661562739204204,0.03453595237600546,0.014426891493787062,-0.5644242188894865,0.8380573900352106
Ла-Плата,-34.9661,-57.8958,1997-08-01,1997,8,12.4,85.0,0.17269434988736782,0.20127757606270907,-0.4076868258880256,2.28494623655914
Ла-Плата,-34.9661,-57.8958,1997-09-01,1997,9,12.2,77.5,-0.05822983226703809,-0.1169050538957568,-0.030335406455453046,2.1174863387978142
Ла-Плата,-34.9661,-57.8958,1997-10-01,1997,10,15.9,70.0,-0.06522841064668376,-0.09096244033876207,-0.08071099790827127,1.4675052410901468
Ла-Плата,-34.9661,-57.8958,1997-11-01,1997,11,18.3,122.0,0.07968792109537878,0.08173059037657505,0.1146894097402887,2.2222222222222223
Ла-Плата,-34.9661,-57.8958,1997-12-01,1997,12,19.8,122.6,0.44083975248072177,0.5112575588177745,0.26115717519364934,2.063973063973064
Ла-Плата,-34.9661,-57.8958,1998-01-01,1998,1,21.5,123.2,0.9590951066226829,0.9964049652410657,0.6542428422672544,1.910077519379845
Ла-Плата,-34.9661,-57.8958,1998-02-01,1998,2,20.4,104.35976421188687,0.7262921537337068,0.7700589949642733,0.5552559507718133,1.705224905422988
Ла-Плата,-34.9661,-57.8958,1998-03-01,1998,3,19.2,56.38371832058686,0.016076262835780245,0.028858504224239037,0.23614939046168426,0.9788839986212996
Ла-Плата,-34.9661,-57.8958,1998-04-01,1998,4,16.5,125.0,0.10768825662310602,0.11055152883657748,0.6514444964750639,2.525252525252525
Ла-Плата,-34.9661,-57.8958,1998-05-01,1998,5,13.7,115.83333333333333,0.4691864269003403,0.5398879956137775,0.7023097186171895,2.8183292781832927
Ла-Плата,-34.9661,-57.8958,1998-06-01,1998,6,10.4,106.66666666666667,1.3277698724498779,1.3314381279107574,0.7873155039401355,3.418803418803419
Ла-Плата,-34.9661,-57.8958,1998-07-01,1998,7,11.5,49.0716804728408,0.9404643170763078,0.9520254207555322,0.5633907855884682,1.4223675499374144
Ла-Плата,-34.9661,-57.8958,1998-08-01,1998,8,11.0,38.012774939940414,0.24600178222901498,0.2790649225584165,0.46255440833399897,1.1519022709072853
Ла-Плата,-34.9661,-57.8958,1998-09-01,1998,9,12.2,117.40421086878015,0.11608659829464554,0.07303119678376606,1.1025945517420928,3.207765324283611
Ла-Плата,-34.9661,-57.8958,1998-10-01,1998,10,16.3,70.0,-0.14301559381626902,-0.17843027103299947,0.5411873334610482,1.4314928425357873
Ла-Плата,-34.9661,-57.8958,1998-11-01,1998,11,18.8,65.0,-0.08663414889564532,-0.10464879463447502,0.02200025578553879,1.1524822695035462
Ла-Плата,-34.9661,-57.8958,1998-12-01,1998,12,20.9,81.5,-0.4817622173136726,-0.5209373349352647,-0.4119278178725812,1.2998405103668262
Ла-Плата,-34.9661,-57.8958,1999-01-01,1999,1,21.2,98.0,-0.00035091881008341547,-0.08977007929963775,-0.23849797729092712,1.5408805031446542
Ла-Плата,-34.9661,-57.8958,1999-02-01,1999,2,21.5,169.0,0.7143872352105097,0.7575352778738428,0.44051868523573,2.62015503875969
Ла-Плата,-34.9661,-57.8958,1999-03-01,1999,3,20.6,144.0,0.9009645533757903,0.9481459651616196,0.40429709041547857,2.3300970873786406
Ла-Плата,-34.9661,-57.8958,1999-04-01,1999,4,14.9,41.0,0.6493787335257966,0.7022573095039932,0.3477148329756924,0.9172259507829977
Ла-Плата,-34.9661,-57.8958,1999-05-01,1999,5,12.5,32.0,-0.20939271050777208,-0.20054465024859233,0.2748006359056011,0.8533333333333334
Ла-Плата,-34.9661,-57.8958,1999-06-01,1999,6,9.5,22.0,-1.108348875964527,-1.1633313935099217,0.04355827470163526,
Ла-Плата,-34.9661,-57.8958,1999-07-01,1999,7,9.1,109.0,-0.06748718839445071,-0.0974499902287806,0.30499884276529754,
Ла-Плата,-34.9661,-57.8958,1999-08-01,1999,8,11.7,95.0,0.649173116500743,0.6907625032540301,0.11066792717711998,2.7065527065527064
Ла-Плата,-34.9661,-57.8958,1999-09-01,1999,9,13.4,87.0,1.0994796140187417,1.1127136494895034,-0.13732991134890143,2.1641791044776117
Ла-Плата,-34.9661,-57.8958,1999-10-01,1999,10,15.6,15.0,-0.4646226276365582,-0.532968684949252,-0.41444806106397214,0.32051282051282054
Ла-Плата,-34.9661,-57.8958,1999-11-01,1999,11,18.3,90.0,-0.7231799234648529,-0.7946255870046565,-0.2099344827351587,1.639344262295082
Ла-Плата,-34.9661,-57.8958,1999-12-01,1999,12,22.3,58.0,-1.061710883153831,-1.1365874041108577,-0.1455770569851979,0.866965620328849
Ла-Плата,-34.9661,-57.8958,2000-01-01,2000,1,24.4,86.0,-0.10704716561307233,-0.21485162419355128,-0.531420415351907,1.174863387978142
Ла-Плата,-34.9661,-57.8958,2000-02-01,2000,2,22.8,86.0,-0.2657180233753688,-0.3343344652007767,-0.8034780533237851,1.2573099415204678
Ла-Плата,-34.9661,-57.8958,2000-03-01,2000,3,20.3,35.0,-0.6603442593415219,-0.7172203770435208,-1.2452711924500373,0.5747126436781609
Ла-Плата,-34.9661,-57.8958,2000-04-01,2000,4,17.3,128.0,-0.2070357120446017,-0.24188845957452199,-0.36706374292764693,2.466281310211946
Ла-Плата,-34.9661,-57.8958,2000-05-01,2000,5,12.7,330.0,1.781250143361753,1.6720397617587803,1.0486327162666118,8.661417322834646
Ла-Плата,-34.9661,-57.8958,2000-06-01,2000,6,11.5,114.0,2.772697653572855,2.348439474713115,1.5065706702716588,3.3043478260869565
Ла-Плата,-34.9661,-57.8958,2000-07-01,2000,7,8.1,37.0,2.3206283446335942,2.0095626073872324,1.542194801781625,
Ла-Плата,-34.9661,-57.8958,2000-08-01,2000,8,10.3,106.0,1.0092339494966167,1.0283696762675203,1.8711857360144957,3.43042071197411
Ла-Плата,-34.9661,-57.8958,2000-09-01,2000,9,12.6,91.0,0.4773566584708738,0.4682892384119886,2.331849079698478,2.4074074074074074
Ла-Плата,-34.9661,-57.8958,2000-10-01,2000,10,15.7,163.0,1.204246530628621,1.2599028862355595,2.0233589207534552,3.4607218683651806
Ла-Плата,-34.9661,-57.8958,2000-11-01,2000,11,17.8,96.0,0.7995263978946805,0.8570303989980772,1.1490510689758269,1.797752808988764
Ла-Плата,-34.9661,-57.8958,2000-12-01,2000,12,21.0,92.0,0.7484009046629452,0.83005487549874,0.8283550570167396,1.4603174603174602
Ла-Плата,-34.9661,-57.8958,2001-01-01,2001,1,23.8,131.0,0.6270594944206174,0.6415111413712118,1.0949493822029082,1.834733893557423
Ла-Плата,-34.9661,-57.8958,2001-02-01,2001,2,23.8,110.0,0.6012608121452129,0.6369500236436992,0.9123335499045738,1.5406162464985995
Ла-Плата,-34.9661,-57.8958,2001-03-01,2001,3,21.5,217.0,1.1818978370169972,1.2002649821644769,1.276938662600542,3.364341085271318
Ла-Плата,-34.9661,-57.8958,2001-04-01,2001,4,16.4,32.0,0.6871455236809777,0.7417119367087526,0.7772215090195556,0.6504065040650407
Ла-Плата,-34.9661,-57.8958,2001-05-01,2001,5,12.9,55.0,0.5216805393430611,0.5937856951902472,0.6511210710761096,1.421188630490956
Ла-Плата,-34.9661,-57.8958,2001-06-01,2001,6,11.2,76.0,-0.2958907685383782,-0.3342276655797505,0.7296179395776652,2.261904761904762
Ла-Плата,-34.9661,-57.8958,2001-07-01,2001,7,9.5,60.0,0.2259447748300334,0.22326658093890062,0.5171083640094598,
Ла-Плата,-34.9661,-57.8958,2001-08-01,2001,8,13.8,190.0,1.7350395937408012,1.61389401522565,1.3173931668059005,4.5893719806763285
Ла-Плата,-34.9661,-57.8958,2001-09-01,2001,9,13.1,44.0,1.1299702029936014,1.1423207394322206,0.4348688945342784,1.1195928753180662
Ла-Плата,-34.9661,-57.8958,2001-10-01,2001,10,17.0,176.0,1.6478200036158999,1.652396814280142,1.114995593446358,3.450980392156863
Ла-Плата,-34.9661,-57.8958,2001-11-01,2001,11,18.2,114.0,0.6638107067435774,0.7178621528044925,1.4366343557050354,2.087912087912088
Ла-Плата,-34.9661,-57.8958,2001-12-01,2001,12,21.3,100.0,1.0613762714770352,1.13001186022105,1.4172997317616152,1.5649452269170578
Ла-Плата,-34.9661,-57.8958,2002-01-01,2002,1,22.8,260.0,1.5610398940975574,1.550995999502931,1.9397940982475093,3.801169590643275
Ла-Плата,-34.9661,-57.8958,2002-02-01,2002,2,21.1,78.0,1.3077489122058958,1.3377212306917998,1.3384217820911544,1.2322274881516588
Ла-Плата,-34.9661,-57.8958,2002-03-01,2002,3,20.3,350.0,2.340885078049986,2.0366846189545678,2.1238001350402294,5.747126436781609
Ла-Плата,-34.9661,-57.8958,2002-04-01,2002,4,15.6,108.0,1.8945781246860163,1.8252247442464968,2.01335520880122,2.3076923076923075
Ла-Плата,-34.9661,-57.8958,2002-05-01,2002,5,14.9,140.0,2.3627591370451335,2.046352848282747,2.0794626667748153,3.131991051454139
Ла-Плата,-34.9661,-57.8958,2002-06-01,2002,6,8.9,34.0,0.8164365425424803,0.8600524866740522,2.2136354058883474,
Ла-Плата,-34.9661,-57.8958,2002-07-01,2002,7,9.5,93.0,0.9038480578050119,0.9175172597033527,1.8873445462999223,
Ла-Плата,-34.9661,-57.8958,2002-08-01,2002,8,12.2,76.0,0.3649631390747257,0.4036494299284255,2.0680704085582713,2.0765027322404372
Ла-Плата,-34.9661,-57.8958,2002-09-01,2002,9,12.8,92.0,0.7829027551859391,0.7934894058735635,1.0450928067025782,2.3958333333333335
Ла-Плата,-34.9661,-57.8958,2002-10-01,2002,10,17.5,51.0,-0.21427983945555737,-0.25813772649277644,0.47240740874579223,0.9714285714285714
Ла-Плата,-34.9661,-57.8958,2002-11-01,2002,11,19.7,98.0,-0.20068376900366433,-0.23201306638893154,0.0044865027348804055,1.6582064297800339
Ла-Плата,-34.9661,-57.8958,2002-12-01,2002,12,21.1,81.0,-0.34517030597339804,-0.36791027623154204,0.14731920689991082,1.2796208530805686
Ла-Плата,-34.9661,-57.8958,2003-01-01,2003,1,24.0,43.0,-0.23716190201923756,-0.364842078190111,-0.45565168232580183,0.5972222222222222
Ла-Плата,-34.9661,-57.8958,2003-02-01,2003,2,21.5,172.0,0.3154310865468132,0.32166184116812524,0.02117027182696871,2.6666666666666665
Ла-Плата,-34.9661,-57.8958,2003-03-01,2003,3,20.7,64.0,-0.023314054963717655,-0.014987032560915782,-0.32495138246490635,1.0305958132045088
Ла-Плата,-34.9661,-57.8958,2003-04-01,2003,4,15.4,46.0,0.07643370670034236,0.07551254227892207,-0.2314347291402566,0.9956709956709957
Ла-Плата,-34.9661,-57.8958,2003-05-01,2003,5,13.5,57.0,-0.7031825305000708,-0.748667172489325,-0.3236144535491567,1.4074074074074074
Ла-Плата,-34.9661,-57.8958,2003-06-01,2003,6,11.1,53.0,-0.3717673683743878,-0.4168969986049711,-0.4058181659291948,1.5915915915915917
Ла-Плата,-34.9661,-57.8958,2003-07-01,2003,7,9.1,49.0,-0.11200245027522358,-0.1462277516494033,-0.19339602109779924,
Ла-Плата,-34.9661,-57.8958,2003-08-01,2003,8,9.9,35.0,-0.5567387541333055,-0.5848118779980072,-0.9755965412499015,
Ла-Плата,-34.9661,-57.8958,2003-09-01,2003,9,12.4,84.0,-0.38115254869354104,-0.45838406779607815,-0.6546350904181545,2.2580645161290325
Ла-Плата,-34.9661,-57.8958,2003-10-01,2003,10,16.5,71.0,-0.5463397324621687,-0.6203595079563072,-0.4980410595174687,1.4343434343434343
Ла-Плата,-34.9661,-57.8958,2003-11-01,2003,11,18.3,177.0,0.6466118487295199,0.6999350331531313,0.20457328092490046,3.2240437158469946
Ла-Плата,-34.9661,-57.8958,2003-12-01,2003,12,19.9,74.0,0.5046776695654631,0.5792148975048631,0.13953437716959133,1.2395309882747068
Ла-Плата,-34.9661,-57.8958,2004-01-01,2004,1,23.2,90.0,0.7824579944714553,0.811657766995126,0.2020006498239084,1.293103448275862
Ла-Плата,-34.9661,-57.8958,2004-02-01,2004,2,20.9,24.0,-0.7038270431347515,-0.7998011607657002,-0.09671630199031357,0.3827751196172249
Ла-Плата,-34.9661,-57.8958,2004-03-01,2004,3,21.6,20.0,-1.4921512682518807,-1.5223330293739459,-0.6750103188599482,0.30864197530864196
Ла-Плата,-34.9661,-57.8958,2004-04-01,2004,4,18.3,223.0,-0.05060054211350286,-0.06702855378151613,0.4021251970537803,4.061930783242259
Ла-Плата,-34.9661,-57.8958,2004-05-01,2004,5,11.4,40.0,0.35696991596842514,0.4225579248344388,-0.2752136301092278,1.1695906432748537
Ла-Плата,-34.9661,-57.8958,2004-06-01,2004,6,11.4,47.0,1.0417883897540159,1.0759376695387879,-0.34878142069669177,1.3742690058479532
Ла-Плата,-34.9661,-57.8958,2004-07-01,2004,7,9.8,32.0,-0.6035610629635632,-0.6716302922190837,-0.5480846638343861,
Ла-Плата,-34.9661,-57.8958,2004-08-01,2004,8,11.7,26.5,-1.0730804209214642,-1.1096089316124325,-0.3122426130228159,0.7549857549857549
Ла-Плата,-34.9661,-57.8958,2004-09-01,2004,9,13.3,21.0,-1.9996239742260835,-1.766435162015672,-0.10824798742695245,0.5263157894736842
Ла-Плата,-34.9661,-57.8958,2004-10-01,2004,10,15.3,50.0,-1.7413898126143599,-1.7142059521704645,-1.5132239927657967,1.0893246187363834
Ла-Плата,-34.9661,-57.8958,2004-11-01,2004,11,17.8,129.0,-0.6339084464074284,-0.702000367329871,-1.1554466025757444,2.4157303370786516
Ла-Плата,-34.9661,-57.8958,2004-12-01,2004,12,21.6,104.0,0.1600028514164992,0.2033475364601309,-0.8808265002246196,1.6049382716049383
Ла-Плата,-34.9661,-57.8958,2005-01-01,2005,1,23.6,146.0,1.0293574362171816,1.067152640155346,-0.18964046448567626,2.062146892655367
Ла-Плата,-34.9661,-57.8958,2005-02-01,2005,2,22.0,49.0,0.33951861004607076,0.3486904021099113,-0.24511279773482098,0.7424242424242424
Ла-Плата,-34.9661,-57.8958,2005-03-01,2005,3,19.4,117.0,0.23129058805393868,0.2659445320895503,0.21505990365387365,2.0103092783505154
Ла-Плата,-34.9661,-57.8958,2005-04-01,2005,4,15.3,65.0,-0.3681505824372942,-0.41972042122674397,0.41347716980769467,1.4161220043572984
Ла-Плата,-34.9661,-57.8958,2005-05-01,2005,5,13.1,22.0,-0.3314751096649661,-0.3376388610306521,-0.08384145459345535,0.5597964376590331
Ла-Плата,-34.9661,-57.8958,2005-06-01,2005,6,12.2,67.0,-0.39372403263076383,-0.4406846545511693,-0.20914511525181942,1.830601092896175
Ла-Плата,-34.9661,-57.8958,2005-07-01,2005,7,10.6,61.63636363636364,-0.20748084043616324,-0.25053696290061794,-0.5756075377159188,1.9382504288164666
Ла-Плата,-34.9661,-57.8958,2005-08-01,2005,8,11.0,56.27272727272727,0.12952697958893547,0.15516953933714941,-0.30901747978564564,1.7052341597796143
Ла-Плата,-34.9661,-57.8958,2005-09-01,2005,9,12.0,65.12178316151429,-0.16850953850763822,-0.2354423697474541,-0.5463764886893645,1.8089384211531745
Ла-Плата,-34.9661,-57.8958,2005-10-01,2005,10,14.9,52.12841238096019,-0.7429114108838889,-0.8247173861022622,-0.6883820292617043,1.166183722169132
Ла-Плата,-34.9661,-57.8958,2005-11-01,2005,11,20.3,120.38854474386461,-0.2347983128561081,-0.2699346739057249,-0.17206008791017113,1.9768233948089429
Ла-Плата,-34.9661,-57.8958,2005-12-01,2005,12,19.6,32.83049699721842,-0.5973456531495005,-0.6485981962967355,-0.6749127710896428,0.5583417856669799
Ла-Плата,-34.9661,-57.8958,2006-01-01,2006,1,22.2,90.97756715545933,-0.0033498828697220654,-0.09330373754977041,-0.6323205724332429,1.3660295368687587
Ла-Плата,-34.9661,-57.8958,2006-02-01,2006,2,22.0,2.666195736345955,-1.512371703614206,-1.513687477307246,-1.222575949462589,0.040396905096150834
Ла-Плата,-34.9661,-57.8958,2006-03-01,2006,3,18.7,22.932405346708123,-1.7379203193828212,-1.7259823915070276,-1.5577157160296753,0.4087772789074532
Ла-Плата,-34.9661,-57.8958,2006-04-01,2006,4,16.6,73.11375953059495,-1.7425794605386593,-1.713087042053166,-1.2809977195050344,1.4681477817388542
Ла-Плата,-34.9661,-57.8958,2006-05-01,2006,5,11.4,8.0,-1.4473083598557035,-1.4987855120596907,-1.716521766717924,0.23391812865497075
Ла-Плата,-34.9661,-57.8958,2006-06-01,2006,6,11.1,10.270833333333334,-1.1572141137881258,-1.208286649979947,-1.728071173538465,0.30843343343343343
Ла-Плата,-34.9661,-57.8958,2006-07-01,2006,7,12.2,12.541666666666668,-2.342952594720735,-2.030669731074361,-1.9246085744266153,0.3426684881602915
Ла-Плата,-34.9661,-57.8958,2006-08-01,2006,8,10.0,82.53005739626748,-1.0758259261725234,-1.1122622774620798,-1.673592345312612,
Ла-Плата,-34.9661,-57.8958,2006-09-01,2006,9,12.7,70.30205159111279,-0.41957552062549175,-0.4976954252491839,-1.1961349308314864,1.8451982044911492
Ла-Плата,-34.9661,-57.8958,2006-10-01,2006,10,17.3,89.42183307702915,0.04043995059773554,0.028305973787749617,-1.0820063348632312,1.7229640284591357
Ла-Плата,-34.9661,-57.8958,2006-11-01,2006,11,18.4,80.24192551657448,-0.2111553433457766,-0.24366382994831884,-0.8235956725835087,1.4536580709524363
Ла-Плата,-34.9661,-57.8958,2006-12-01,2006,12,22.8,24.98528614868487,-0.7107008100162133,-0.7717088916700223,-0.9003404596566176,0.36528196123808293
Ла-Плата,-34.9661,-57.8958,2007-01-01,2007,1,22.9,57.72871415376463,-1.096264940108256,-1.210776051462275,-0.7274770868214699,0.8403015160664429
Ла-Плата,-34.9661,-57.8958,2007-02-01,2007,2,23.8,67.94149207137467,-1.162842604071035,-1.2303254935620553,-1.0316496599785654,0.9515615136046872
Ла-Плата,-34.9661,-57.8958,2007-03-01,2007,3,20.3,132.60456986674689,-0.19381658475423333,-0.2053439834909579,-0.6954835880358012,2.1774149403406717
Ла-Плата,-34.9661,-57.8958,2007-04-01,2007,4,16.9,78.04421655175938,0.04781213461623072,0.04340322445707768,-0.638177702123832,1.5393336597980156
Ла-Плата,-34.9661,-57.8958,2007-05-01,2007,5,10.7,0.0,-0.268537178392513,-0.2669913023168733,-0.944898786874288,0.0
Ла-Плата,-34.9661,-57.8958,2007-06-01,2007,6,8.7,55.491100043766544,-0.6260352139387156,-0.6876413512556123,-0.6771158382132387,
Ла-Плата,-34.9661,-57.8958,2007-07-01,2007,7,7.2,46.85351302569167,-0.8404245508596369,-0.9083568277057018,-0.5800214886304673,
Ла-Плата,-34.9661,-57.8958,2007-08-01,2007,8,8.3,35.51430332784381,-0.5434850025086648,-0.5707656666694668,-0.6281719568430654,
Ла-Плата,-34.9661,-57.8958,2007-09-01,2007,9,14.6,82.64028451285044,-0.42495731885973104,-0.5031751371532249,-0.8636109484653803,1.8867644865947588
Ла-Плата,-34.9661,-57.8958,2007-10-01,2007,10,16.7,134.81416354843896,0.154652557540474,0.1572917708589835,-0.44999722111278256,2.6909014680327137
Ла-Плата,-34.9661,-57.8958,2007-11-01,2007,11,17.1,124.27352348425262,0.7297719328013281,0.7860199868210097,0.2870640440265843,2.422485837899661
Ла-Плата,-34.9661,-57.8958,2007-12-01,2007,12,21.5,44.449391410479805,0.34407605582035805,0.40667971173327305,-0.029387293589740352,0.6891378513252683
Ла-Плата,-34.9661,-57.8958,2008-01-01,2008,1,23.6,72.42982615915453,-0.033705250022208796,-0.12902098954680666,-0.06027597053119542,1.0230201434908832
Ла-Плата,-34.9661,-57.8958,2008-02-01,2008,2,23.3,102.42486083276755,-0.3711293908495484,-0.45019296482041443,0.18365565647832344,1.4653055913128405
Ла-Плата,-34.9661,-57.8958,2008-03-01,2008,3,19.9,128.85380225045424,0.16909366098490264,0.19797531797045773,0.2874768050099327,2.158355146573773
Ла-Плата,-34.9661,-57.8958,2008-04-01,2008,4,16.2,50.40163930256056,0.0737563852395596,0.07250970692588693,-0.11141717140743045,1.0370707675423985
Ла-Плата,-34.9661,-57.8958,2008-05-01,2008,5,13.0,48.3132556701305,-0.11298444482714863,-0.092333757857264,-0.42167364382528694,1.2388014274392436
Ла-Плата,-34.9661,-57.8958,2008-06-01,2008,6,9.6,18.013682152357898,-0.8283958977158977,-0.8940105300213145,-0.49783693370788806,
Ла-Плата,-34.9661,-57.8958,2008-07-01,2008,7,12.0,27.587660969736973,-0.970056484061642,-1.0316669261145435,-0.6135252347510255,0.7663239158260271
Ла-Плата,-34.9661,-57.8958,2008-08-01,2008,8,10.7,84.9901246707779,-0.6569015115406733,-0.690191974306936,-0.5519771373739856,2.647667435226726
Ла-Плата,-34.9661,-57.8958,2008-09-01,2008,9,12.0,103.50431761295235,0.2618046900929118,0.2328755225350285,-0.5815087940754605,2.875119933693121
Ла-Плата,-34.9661,-57.8958,2008-10-01,2008,10,15.7,91.14933633314631,0.43103002698984855,0.4661673429202951,-0.31225432347269033,1.9352300707674377
Ла-Плата,-34.9661,-57.8958,2008-11-01,2008,11,21.8,126.8550287500168,0.5555055127516884,0.6039512970410942,0.07006430157461042,1.9396793386852722
Ла-Плата,-34.9661,-57.8958,2008-12-01,2008,12,21.9,81.0102807343439,0.3040478780338595,0.36291378530683843,0.33201171843993943,1.23303319230356
Ла-Плата,-34.9661,-57.8958,2009-01-01,2009,1,24.2,60.403939203653835,0.2212336104300403,0.17239217052499411,0.31765329441651147,0.8320101818685102
Ла-Плата,-34.9661,-57.8958,2009-02-01,2009,2,22.9,103.73696587318678,-0.12247095509923703,-0.17418653766179087,0.2209198457029167,1.5099995032487157
Ла-Плата,-34.9661,-57.8958,2009-03-01,2009,3,21.3,154.71614227598866,0.2818951038577995,0.3208236800832508,0.3492346785210777,2.421222883818289
Ла-Плата,-34.9661,-57.8958,2009-04-01,2009,4,16.9,65.29638667023083,0.41556729902668044,0.4518657192815793,0.310138511504657,1.2878971729828568
Ла-Плата,-34.9661,-57.8958,2009-05-01,2009,5,13.7,120.78014672768866,0.7956980926668845,0.8638650755772228,0.3864730926441984,2.938689701403617
Ла-Плата,-34.9661,-57.8958,2009-06-01,2009,6,9.2,0.0,-0.05567881243323604,-0.06932298837794021,0.03686915897888806,
Ла-Плата,-34.9661,-57.8958,2009-07-01,2009,7,8.5,75.52185528321925,0.2783276149950289,0.2798717419183921,0.3248067425782512,
Ла-Плата,-34.9661,-57.8958,2009-08-01,2009,8,12.7,60.891491149230376,-0.5658140680095892,-0.5944168378827814,0.36418615779876984,1.598201867433868
Ла-Плата,-34.9661,-57.8958,2009-09-01,2009,9,11.5,57.121269040638126,-0.026623038102283763,-0.08265784082590917,-0.1905356765737772,1.6556889576996558
Ла-Плата,-34.9661,-57.8958,2009-10-01,2009,10,14.9,97.63253256585912,-0.25184269592139125,-0.29993867188075696,-0.02987477152925808,2.18417298805054
Ла-Плата,-34.9661,-57.8958,2009-11-01,2009,11,18.9,19.98654271788267,-0.9217909938001806,-0.9940929963411573,-1.1088277219185696,0.35249634423073495
Ла-Плата,-34.9661,-57.8958,2009-12-01,2009,12,19.9,63.311924180629596,-0.8598349375325263,-0.9299622181684548,-0.7860499309093928,1.0605012425566096
Ла-Плата,-34.9661,-57.8958,2010-01-01,2010,1,24.0,96.28505828398221,-0.8006181861955338,-0.9544724297655998,-0.8033640814142629,1.3372924761664196
Ла-Плата,-34.9661,-57.8958,2010-02-01,2010,2,21.9,152.35487258779557,0.4415858429561976,0.46240776593002514,-0.33323239174495023,2.3189478323865385
Ла-Плата,-34.9661,-57.8958,2010-03-01,2010,3,20.5,60.17087181674763,0.2075003723047243,0.24000999437552342,-0.45132143750634524,0.9783881596219126
Ла-Плата,-34.9661,-57.8958,2010-04-01,2010,4,15.6,39.337810105414796,-0.18184526251836738,-0.2138382339690508,-0.7045229240305785,0.8405514979789487
Ла-Плата,-34.9661,-57.8958,2010-05-01,2010,5,13.7,117.0,-0.21393487959205543,-0.205647638441392,0.06507412402270207,2.846715328467153
Ла-Плата,-34.9661,-57.8958,2010-06-01,2010,6,10.9,108.1,0.6692476671869564,0.7123951428644505,0.4549849001793879,3.305810397553517
Ла-Плата,-34.9661,-57.8958,2010-07-01,2010,7,9.4,99.2,1.3373153691895339,1.303331561624933,0.6811560500638018,
Ла-Плата,-34.9661,-57.8958,2010-08-01,2010,8,9.6,41.33285566127223,0.9144234452127735,0.9425235805733055,0.27615385136468756,
Ла-Плата,-34.9661,-57.8958,2010-09-01,2010,9,13.1,91.15123583719836,0.45011130905506436,0.43871232351182776,0.7257651491049146,2.3193698686310014
Ла-Плата,-34.9661,-57.8958,2010-10-01,2010,10,14.8,107.01426553903553,0.010754676460558112,-0.005228755663440249,0.925401675933127,2.4102312058341333
Ла-Плата,-34.9661,-57.8958,2010-11-01,2010,11,18.0,72.07230228667036,0.08674640171160063,0.08963313869656178,0.5794764453702073,1.3346722645679698
Ла-Плата,-34.9661,-57.8958,2010-12-01,2010,12,22.8,85.62681298034332,-0.009108066248974152,0.01296894275940311,0.1891832282922765,1.2518539909406916
Ла-Плата,-34.9661,-57.8958,2011-01-01,2011,1,23.6,86.97549267511585,0.0013728932116277898,-0.08773855100134613,-0.13304036174849712,1.228467410665478
Ла-Плата,-34.9661,-57.8958,2011-02-01,2011,2,22.0,130.17963065102768,0.36964087768970294,0.3823952339875457,0.26264727224965284,1.972418646227692
Ла-Плата,-34.9661,-57.8958,2011-03-01,2011,3,20.3,28.0,-0.306629351986166,-0.3310752427773247,-0.3192844752690814,0.45977011494252873
Ла-Плата,-34.9661,-57.8958,2011-04-01,2011,4,16.9,77.0,-0.3303028818508159,-0.37823151927717236,-0.3875103786826648,1.5187376725838266
Ла-Плата,-34.9661,-57.8958,2011-05-01,2011,5,12.4,29.0,-1.0720303708230265,-1.1353964223492221,-0.48328184800816976,0.7795698924731183
Ла-Плата,-34.9661,-57.8958,2011-06-01,2011,6,10.0,129.0,0.41110116850493905,0.4422499111309335,-0.11939620320967997,
Ла-Плата,-34.9661,-57.8958,2011-07-01,2011,7,9.0,89.0,0.7388238187967477,0.7577354082174949,0.07718104502878999,
Ла-Плата,-34.9661,-57.8958,2011-08-01,2011,8,9.5,25.0,0.849640188241318,0.8825936834640478,-0.4030360344192253,
Ла-Плата,-34.9661,-57.8958,2011-09-01,2011,9,13.9,26.0,-0.8134387190387862,-0.8793488414438148,-0.22901479386117668,0.6235011990407674
Ла-Плата,-34.9661,-57.8958,2011-10-01,2011,10,15.2,61.0,-1.5375765072825593,-1.5527164572978063,-0.4220244437017057,1.337719298245614
Ла-Плата,-34.9661,-57.8958,2011-11-01,2011,11,20.1,68.0,-1.1600580762552082,-1.2204544234339414,-0.37782214198074976,1.1276948590381426
Ла-Плата,-34.9661,-57.8958,2011-12-01,2011,12,20.4,55.0,-0.8260867531495767,-0.894547671334653,-1.1792157975507747,0.8986928104575164
Ла-Плата,-34.9661,-57.8958,2012-01-01,2012,1,24.3,24.0,-1.4619544388177939,-1.471111547869323,-1.8084936198397352,0.3292181069958848
Ла-Плата,-34.9661,-57.8958,2012-02-01,2012,2,23.3,186.0,0.05565346017020374,0.027524436500364128,-0.8180643025798691,2.6609442060085837
Ла-Плата,-34.9661,-57.8958,2012-03-01,2012,3,19.8,77.0,0.04019936631858554,0.05566053278759878,-0.5753204185310236,1.2962962962962963
Ла-Плата,-34.9661,-57.8958,2012-04-01,2012,4,15.6,45.0,0.290000349598552,0.3138112216641425,-0.5498865823862736,0.9615384615384616
Ла-Плата,-34.9661,-57.8958,2012-05-01,2012,5,14.9,71.0,-0.438024629636254,-0.45682906591731004,-0.3539528180895376,1.5883668903803132
Ла-Плата,-34.9661,-57.8958,2012-06-01,2012,6,10.1,18.0,-0.6205966070904307,-0.6819729337368088,-0.4942880156605189,0.594059405940594
Ла-Плата,-34.9661,-57.8958,2012-07-01,2012,7,7.3,20.0,-0.7429482911014955,-0.8126306882789014,-0.3496784037093312,
Ла-Плата,-34.9661,-57.8958,2012-08-01,2012,8,11.7,226.0,1.0872991735111532,1.0973850803218925,0.21586251889381147,6.438746438746438
Ла-Плата,-34.9661,-57.8958,2012-09-01,2012,9,13.3,42.0,1.0687882033738627,1.0827008758956493,0.1583645565157396,1.0526315789473684
Ла-Плата,-34.9661,-57.8958,2012-10-01,2012,10,16.3,179.0,1.9605479026828065,1.9028233840438817,0.8835178354420659,3.660531697341513
Ла-Плата,-34.9661,-57.8958,2012-11-01,2012,11,20.4,53.0,0.1225904933238499,0.12973271339987763,0.7134107318197315,0.8660130718954249
Ла-Плата,-34.9661,-57.8958,2012-12-01,2012,12,22.6,170.0,1.154570155230808,1.2143311013032456,1.4489244896528983,2.5073746312684366
Ла-Плата,-34.9661,-57.8958,2013-01-01,2013,1,23.2,73.0,0.4524399481345553,0.44311672667589524,1.3998240819428993,1.0488505747126438
Ла-Плата,-34.9661,-57.8958,2013-02-01,2013,2,22.1,83.0,0.5489645888035435,0.5803007883806416,0.434885452539578,1.2518853695324283
Ла-Плата,-34.9661,-57.8958,2013-03-01,2013,3,17.9,99.0,-0.2216016590949804,-0.2363597517957558,0.5675143410531098,1.8435754189944134
Ла-Плата,-34.9661,-57.8958,2013-04-01,2013,4,16.9,237.0,1.122828030956359,1.1730880258450882,0.9567503040251417,4.674556213017752
Ла-Плата,-34.9661,-57.8958,2013-05-01,2013,5,13.1,102.0,1.448144739890442,1.426172813609767,1.2175376337888875,2.595419847328244
Ла-Плата,-34.9661,-57.8958,2013-06-01,2013,6,10.4,13.0,1.3609866757232139,1.3597827500403346,0.6508968834082908,0.4166666666666667
Ла-Плата,-34.9661,-57.8958,2013-07-01,2013,7,9.8,75.0,0.21596063292788484,0.2124434074025598,0.8805331150104548,
Ла-Плата,-34.9661,-57.8958,2013-08-01,2013,8,10.0,5.0,-1.2969959106225337,-1.3206923748657329,0.7350705797016795,
Ла-Плата,-34.9661,-57.8958,2013-09-01,2013,9,12.0,172.0,0.6834141917742458,0.6891416020387106,1.4127976050928668,4.777777777777778
Ла-Плата,-34.9661,-57.8958,2013-10-01,2013,10,16.1,30.0,-0.3496427669440573,-0.40792234735492083,-0.1384060742153852,0.6211180124223602
Ла-Плата,-34.9661,-57.8958,2013-11-01,2013,11,19.1,148.0,0.7995263978946805,0.8570303989980759,-0.0036545602401759697,2.5828970331588135
Ла-Плата,-34.9661,-57.8958,2013-12-01,2013,12,24.4,34.0,-0.5280917440562058,-0.5723398342480307,-0.06557504923777314,0.4644808743169399
Ла-Плата,-34.9661,-57.8958,2014-01-01,2014,1,24.0,181.0,0.9283737579417402,0.9649735069898189,0.4636960435655971,2.513888888888889
Ла-Плата,-34.9661,-57.8958,2014-02-01,2014,2,21.3,216.0,1.2644861929683324,1.2985821326410703,1.3770876146587399,3.380281690140845
Ла-Плата,-34.9661,-57.8958,2014-03-01,2014,3,19.1,131.0,1.5676508400711888,1.5125215476431007,0.9813100358385721,2.2862129144851657
Ла-Плата,-34.9661,-57.8958,2014-04-01,2014,4,16.3,65.0,1.073565207557214,1.126621292152808,1.2216126232848499,1.329243353783231
Ла-Плата,-34.9661,-57.8958,2014-05-01,2014,5,13.3,89.0,0.37294097237652946,0.4394244757739404,1.0185115041051673,2.230576441102757
Ла-Плата,-34.9661,-57.8958,2014-06-01,2014,6,10.0,37.0,-0.0062478701249060195,-0.014550825690011515,1.235357044295215,
Ла-Плата,-34.9661,-57.8958,2014-07-01,2014,7,10.5,147.0,0.951824487321735,0.9626603642845248,1.30982274361092,4.666666666666667
Ла-Плата,-34.9661,-57.8958,2014-08-01,2014,8,12.7,70.0,0.9754312340041458,0.9980177579362983,0.786976253593769,1.837270341207349
Ла-Плата,-34.9661,-57.8958,2014-09-01,2014,9,14.3,109.0,1.443564165105018,1.4344677063438647,0.8720266407870567,2.5407925407925407
Ла-Плата,-34.9661,-57.8958,2014-10-01,2014,10,18.2,175.0,1.149239417221607,1.207961002296508,1.2380147205649426,3.2051282051282053
Ла-Плата,-34.9661,-57.8958,2014-11-01,2014,11,18.9,175.0,1.6481385646510427,1.6257410198230104,1.6894904024933945,3.0864197530864197
Ла-Плата,-34.9661,-57.8958,2014-12-01,2014,12,21.4,58.0,1.2006531657220565,1.2551843286474993,1.6683683898226196,0.9034267912772586
Ла-Плата,-34.9661,-57.8958,2015-01-01,2015,1,22.2,131.0,0.9348052035235187,0.971578490210143,1.285951849913988,1.966966966966967
Ла-Плата,-34.9661,-57.8958,2015-02-01,2015,2,22.6,79.0,0.0817217275059521,0.05714035591470802,1.1333581872124796,1.1651917404129795
Ла-Плата,-34.9661,-57.8958,2015-03-01,2015,3,20.7,45.0,-0.2216016590949804,-0.2363597517957558,0.5996780061707618,0.7246376811594203
Ла-Плата,-34.9661,-57.8958,2015-04-01,2015,4,18.7,44.0,-0.9749547801628123,-1.0473284688591131,-0.05367869811626494,0.7843137254901961
Ла-Плата,-34.9661,-57.8958,2015-05-01,2015,5,14.6,36.0,-1.1801948092687975,-1.2434227170963779,-0.7514438765141241,0.821917808219178
Ла-Плата,-34.9661,-57.8958,2015-06-01,2015,6,11.5,40.0,-0.7881087337629124,-0.8536634641954656,-0.7810048025626471,1.1594202898550725
Ла-Плата,-34.9661,-57.8958,2015-07-01,2015,7,10.1,74.0,-0.2148848648456692,-0.25859995326728813,-0.9624480320712523,2.442244224422442
Ла-Плата,-34.9661,-57.8958,2015-08-01,2015,8,13.3,179.0,1.3994640367973101,1.3584696650820276,-0.08121289256247383,4.486215538847118
Ла-Плата,-34.9661,-57.8958,2015-09-01,2015,9,12.2,31.0,1.0275477391945846,1.042043131392432,0.011580517087133563,0.8469945355191257
Ла-Плата,-34.9661,-57.8958,2015-10-01,2015,10,13.6,65.0,0.38369807064984995,0.41382978153403255,0.06316590985159215,1.5931372549019607
Ла-Плата,-34.9661,-57.8958,2015-11-01,2015,11,18.2,131.0,-0.34434299281471387,-0.39090099388403804,0.5875420687748312,2.399267399267399
Ла-Плата,-34.9661,-57.8958,2015-12-01,2015,12,22.3,45.0,-0.23640700231888376,-0.24493335223847656,0.4061183802049536,0.672645739910314
Ла-Плата,-34.9661,-57.8958,2016-01-01,2016,1,23.2,78.0,0.09124714002026016,0.01846986442350956,0.18811782626352233,1.1206896551724137
Ла-Плата,-34.9661,-57.8958,2016-02-01,2016,2,24.0,97.0,-0.36415511774496806,-0.44259056914052836,-0.6210549571844652,1.3472222222222223
Ла-Плата,-34.9661,-57.8958,2016-03-01,2016,3,18.8,85.0,-0.17927543399704365,-0.18910475859197898,-0.3772894091292337,1.5070921985815602
Ла-Плата,-34.9661,-57.8958,2016-04-01,2016,4,15.8,174.0,0.664514283790932,0.71810538664305,0.41347716980769467,3.670886075949367
Ла-Плата,-34.9661,-57.8958,2016-05-01,2016,5,10.4,68.0,0.6950013929673087,0.7668905288321067,0.17117098466179967,2.1794871794871793
Ла-Плата,-34.9661,-57.8958,2016-06-01,2016,6,8.2,37.0,0.7916283574929835,0.8355216364380504,0.24837069707552303,
Ла-Плата,-34.9661,-57.8958,2016-07-01,2016,7,9.2,198.0,1.1822633459196337,1.1710259588881713,1.168208778661473,
Ла-Плата,-34.9661,-57.8958,2016-08-01,2016,8,11.4,54.0,1.3574258678368092,1.3246730572500343,1.242706739060551,1.5789473684210527
Ла-Плата,-34.9661,-57.8958,2016-09-01,2016,9,12.1,45.0,1.1602634466879163,1.1715279169856905,1.2504686178494517,1.2396694214876034
Ла-Плата,-34.9661,-57.8958,2016-10-01,2016,10,15.8,109.0,-0.3382554639102744,-0.39541948181607817,0.626591329300506,2.29957805907173
Ла-Плата,-34.9661,-57.8958,2016-11-01,2016,11,18.7,69.0,-0.3861671549967624,-0.4366931903130644,0.5299840370810637,1.2299465240641712
Ла-Плата,-34.9661,-57.8958,2016-12-01,2016,12,22.8,123.0,0.32165465008603644,0.3821988401315849,0.9133245119955838,1.7982456140350878
Ла-Плата,-34.9661,-57.8958,2017-01-01,2017,1,23.5,148.0,0.7756122787800152,0.8043061330287704,0.3182396950059909,2.099290780141844
Ла-Плата,-34.9661,-57.8958,2017-02-01,2017,2,23.4,110.0,0.9407353299087633,0.9897327069682076,0.45973526982769897,1.566951566951567
Ла-Плата,-34.9661,-57.8958,2017-03-01,2017,3,20.4,61.0,0.282942295725764,0.3219549833859999,0.3614802051616081,0.9967320261437909
Ла-Плата,-34.9661,-57.8958,2017-04-01,2017,4,17.1,77.0,-0.2158604344810343,-0.25170207764960933,0.286657315643819,1.5009746588693957
Ла-Плата,-34.9661,-57.8958,2017-05-01,2017,5,14.1,158.0,0.45969765157007725,0.5300762600138722,0.8435331009142463,3.735224586288416
Ла-Плата,-34.9661,-57.8958,2017-06-01,2017,6,11.9,0.0,0.41110116850493905,0.4422499111309335,0.33972765360352913,0.0
Ла-Плата,-34.9661,-57.8958,2017-07-01,2017,7,11.8,100.0,0.8305902915356256,0.8474363099730065,0.23334146365537103,2.824858757062147
Ла-Плата,-34.9661,-57.8958,2017-08-01,2017,8,13.2,113.0,0.4904848555753713,0.5324607806511247,0.5878963880750356,2.8535353535353534
Ла-Плата,-34.9661,-57.8958,2017-09-01,2017,9,13.9,126.0,1.5653879870290877,1.5418693430657067,1.2384640751300284,3.0215827338129495
Ла-Плата,-34.9661,-57.8958,2017-10-01,2017,10,15.9,76.0,0.7814071265764825,0.8419398880631392,0.9738497782555606,1.5932914046121593
Ла-Плата,-34.9661,-57.8958,2017-11-01,2017,11,17.8,24.0,-0.3547656951091283,-0.4023350820485846,-0.03631271826200785,0.449438202247191
Ла-Плата,-34.9661,-57.8958,2017-12-01,2017,12,22.0,151.0,-0.13939888226087574,-0.13483782766013724,0.8613170714603099,2.287878787878788
Ла-Плата,-34.9661,-57.8958,2018-01-01,2018,1,23.1,143.0,0.6197427193286428,0.6333399687856346,0.8467666808843388,2.0634920634920637
Ла-Плата,-34.9661,-57.8958,2018-02-01,2018,2,22.4,50.0,0.6819110411998925,0.7232059317949652,0.24288613967208403,0.7440476190476191
Ла-Плата,-34.9661,-57.8958,2018-03-01,2018,3,19.9,97.0,0.06370818028380182,0.08173719255077899,-0.11851750264794175,1.6247906197654942
Ла-Плата,-34.9661,-57.8958,2018-04-01,2018,4,19.9,171.0,0.3700456335075941,0.40205596919756575,0.5577094235373475,2.864321608040201
Ла-Плата,-34.9661,-57.8958,2018-05-01,2018,5,14.7,218.0,1.7400702919761102,1.6430004238611968,1.4643912938835502,4.9433106575963714
Ла-Плата,-34.9661,-57.8958,2018-06-01,2018,6,9.1,8.0,1.6815965476066337,1.6197306761652306,1.0790204353411916,
Ла-Плата,-34.9661,-57.8958,2018-07-01,2018,7,9.3,138.0,1.6101745556847638,1.5212406899973316,1.2937617497453098,
Ла-Плата,-34.9661,-57.8958,2018-08-01,2018,8,10.4,49.0,0.2622327042953756,0.2961903040202999,1.5704164143366721,1.5705128205128205
Ла-Плата,-34.9661,-57.8958,2018-09-01,2018,9,15.1,130.0,1.3574155083434702,1.3564689864446968,1.9599772708669843,2.869757174392936
Ла-Плата,-34.9661,-57.8958,2018-10-01,2018,10,15.4,129.10714285714286,0.7144303359621521,0.7719493301277122,1.4346721602334067,2.794526901669759
Ла-Плата,-34.9661,-57.8958,2018-11-01,2018,11,19.3,128.21428571428572,1.104035264181983,1.1533022227970813,1.0016335745147318,2.2144090796940543
Ла-Плата,-34.9661,-57.8958,2018-12-01,2018,12,20.1,48.62546561010844,0.36529224681225125,0.42976168850071234,1.069745337088135,0.8063924645125778
Ла-Плата,-34.9661,-57.8958,2019-01-01,2019,1,23.0,71.76930224278202,0.03980639447648769,-0.042381013483543,0.3765598600340342,1.040134815112783
Ла-Плата,-34.9661,-57.8958,2019-02-01,2019,2,21.7,70.92565673077783,-0.6666080876453504,-0.7621095083175213,0.2991857149402774,1.0894878146048823
Ла-Плата,-34.9661,-57.8958,2019-03-01,2019,3,19.0,16.71022708325384,-1.1724646981655156,-1.2335658248520815,-0.6128226142174941,0.2931618786535762
Ла-Плата,-34.9661,-57.8958,2019-04-01,2019,4,16.8,76.4484710435338,-1.0151950768687403,-1.0859205203445597,-0.8276738057650443,1.516834742927258
Ла-Плата,-34.9661,-57.8958,2019-05-01,2019,5,13.8,66.80833886553668,-0.7784914448447292,-0.8297254375599874,-1.0056879731463317,1.613727991921176
Ла-Плата,-34.9661,-57.8958,2019-06-01,2019,6,12.9,47.133974142570764,-0.01233170317479114,-0.021291779284700812,-0.9343213051520343,1.2179321483868415
Ла-Плата,-34.9661,-57.8958,2019-07-01,2019,7,9.3,50.42807870194279,-0.05239909131302636,-0.08090633416250327,-0.9009341959561533,
Ла-Плата,-34.9661,-57.8958,2019-08-01,2019,8,10.2,10.98483847473485,-1.0203031269706264,-1.0582955182879967,-1.244879474473657,0.3589816495011389
Ла-Плата,-34.9661,-57.8958,2019-09-01,2019,9,12.7,53.71275134783949,-1.2487290685795926,-1.250334783348106,-0.8067694122631599,1.4097834999432937
Ла-Плата,-34.9661,-57.8958,2019-10-01,2019,10,15.4,80.43296527035716,-1.096787755826539,-1.1688687289778352,-0.8012885504723493,1.740973274250155
Ла-Плата,-34.9661,-57.8958,2019-11-01,2019,11,20.3,62.33559386657878,-0.6729655684096884,-0.7427390108304199,-1.1593281061521825,1.0235729698945613
Ла-Плата,-34.9661,-57.8958,2019-12-01,2019,12,21.5,65.08953522081407,-0.5711010081882796,-0.6197855424432703,-1.186938230622613,1.009140080942854
Ла-Плата,-34.9661,-57.8958,2020-01-01,2020,1,22.8,97.96550518285774,-0.19942549603055773,-0.3217010643396375,-0.9905804706835536,1.4322442278195575
Ла-Плата,-34.9661,-57.8958,2020-02-01,2020,2,22.4,170.13393496049326,0.602661921092134,0.6384602450044371,-0.029383685634914034,2.5317549845311498
Ла-Плата,-34.9661,-57.8958,2020-03-01,2020,3,21.8,92.02677239255377,0.5720776174200938,0.626176138176587,0.050871537502886546,1.4071371925466938
Ла-Плата,-34.9661,-57.8958,2020-04-01,2020,4,15.8,75.1526752904445,0.5215622388326259,0.5665987348774474,0.13580464753267804,1.585499478701361
Ла-Плата,-34.9661,-57.8958,2020-05-01,2020,5,13.4,52.917753554498326,-0.18088485987136615,-0.16852239699586416,0.20664579294405605,1.3163620287188638
Ла-Плата,-34.9661,-57.8958,2020-06-01,2020,6,10.8,0.0,-0.690606984057462,-0.7544731571288208,-0.06853174661133826,0.0
Ла-Плата,-34.9661,-57.8958,2020-07-01,2020,7,8.7,55.37024155935579,-0.7531868393046894,-0.8228013139134344,-0.16325407438748313,
Ла-Плата,-34.9661,-57.8958,2020-08-01,2020,8,11.5,60.00070056907897,-0.9044620602500054,-0.943661824046666,-0.7307639441856242,1.7391507411327238
Ла-Плата,-34.9661,-57.8958,2020-09-01,2020,9,12.1,134.52453373178992,0.6598220508071653,0.664155511874202,-0.2042584038930877,3.705910020159502
Ла-Плата,-34.9661,-57.8958,2020-10-01,2020,10,14.7,86.38500920164773,0.44388337898690755,0.4803272302406545,-0.19581208253519963,1.9588437460691095
Ла-Плата,-34.9661,-57.8958,2020-11-01,2020,11,19.0,101.77392545035046,0.565782571085783,0.6148615803345119,-0.04405438907564461,1.7855074640412363
Ла-Плата,-34.9661,-57.8958,2020-12-01,2020,12,21.3,68.9431740679312,-0.08104097252248052,-0.06858111968876957,0.27059175466901947,1.078922911861208
Ла-Плата,-34.9661,-57.8958,2021-01-01,2021,1,23.6,105.0,0.28588649740378935,0.2487006160341324,0.3759698578211965,1.4830508474576272
Ла-Плата,-34.9661,-57.8958,2021-02-01,2021,2,21.7,76.0,-0.07852764375477685,-0.12460497480675124,0.2600801703347339,1.1674347158218126
Ла-Плата,-34.9661,-57.8958,2021-03-01,2021,3,20.0,55.0,-0.3878280893409915,-0.42106847768528205,-0.4291828017845534,0.9166666666666666
Ла-Плата,-34.9661,-57.8958,2021-04-01,2021,4,18.4,27.0,-1.0783860732529478,-1.1456899866478385,-0.6896086060881861,0.4891304347826087
Ла-Плата,-34.9661,-57.8958,2021-05-01,2021,5,12.1,25.0,-1.4082358359547542,-1.4624565914065344,-0.9713903873548121,0.6887052341597796
Ла-Плата,-34.9661,-57.8958,2021-06-01,2021,6,9.8,7.0,-1.6304921818801708,-1.6116212629494453,-1.2555256180764518,
Ла-Плата,-34.9661,-57.8958,2021-07-01,2021,7,10.1,4.0,-2.182424492858919,-1.9423231899208084,-1.6254108532488856,0.132013201320132
Ла-Плата,-34.9661,-57.8958,2021-08-01,2021,8,10.1,20.0,-2.657634283712077,-2.3829287483605373,-2.1587465365534424,0.6600660066006601
Ла-Плата,-34.9661,-57.8958,2021-09-01,2021,9,13.8,65.0,-1.7802470186280592,-1.6307512157283808,-1.9854726085886112,1.570048309178744
Ла-Плата,-34.9661,-57.8958,2021-10-01,2021,10,16.3,10.0,-1.7772712473469028,-1.74165866225046,-2.1500863362765843,0.20449897750511248
Ла-Плата,-34.9661,-57.8958,2021-11-01,2021,11,19.3,21.0,-1.9619095474117376,-1.8783809119971533,-2.5233138598746256,0.3626943005181347
Ла-Плата,-34.9661,-57.8958,2021-12-01,2021,12,22.3,7.0,-2.7853374987317374,-2.5431664568347934,-2.5239947585428,0.10463378176382661
Ла-Плата,-34.9661,-57.8958,2022-01-01,2022,1,24.2,127.0,-1.2650284603952642,-1.3387108530697804,-1.8722238709759438,1.7493112947658402
Ла-Плата,-34.9661,-57.8958,2022-02-01,2022,2,20.9,28.0,-1.0146146557941431,-1.0984762327598545,-1.9617657845898473,0.44657097288676234
Ла-Плата,-34.9661,-57.8958,2022-03-01,2022,3,18.7,13.0,-1.0726425509265962,-1.1378972367093765,-2.28866860444166,0.23172905525846701
Ла-Плата,-34.9661,-57.8958,2022-04-01,2022,4,16.1,4.0,-2.4431090230901393,-2.204155196653738,-2.1655369777490403,0.08281573498964802
Ла-Плата,-34.9661,-57.8958,2022-05-01,2022,5,11.2,6.0,-2.806729939996163,-2.5613065534001533,-1.9728741812742845,0.17857142857142858
Ла-Плата,-34.9661,-57.8958,2022-06-01,2022,6,8.0,0.0,-2.5237347589832653,-2.2267482763743507,-1.8803656985711277,
Ла-Плата,-34.9661,-57.8958,2022-07-01,2022,7,11.0,83.0,-1.049188836481776,-1.1045866246940568,-1.9047296137736203,2.515151515151515
Ла-Плата,-34.9661,-57.8958,2022-08-01,2022,8,10.9,18.0,-1.1522818807129058,-1.1855077889958108,-2.2503643183621813,0.5504587155963303
Ла-Плата,-34.9661,-57.8958,2022-09-01,2022,9,13.1,8.0,-1.365426427803258,-1.340487279209497,-2.1785598220220805,0.2035623409669211
Ла-Плата,-34.9661,-57.8958,2022-10-01,2022,10,15.6,25.0,-2.4497253633963636,-2.2078588079300077,-2.0836231478517653,0.5341880341880342
Ла-Плата,-34.9661,-57.8958,2022-11-01,2022,11,21.2,65.0,-1.932030923760522,-1.8565445335869453,-1.9934778850505486,1.0220125786163523
Ла-Плата,-34.9661,-57.8958,2022-12-01,2022,12,22.8,48.0,-1.3578658938010837,-1.4226660103142306,-1.7395948830055574,0.7017543859649122
Ла-Плата,-34.9661,-57.8958,2023-01-01,2023,1,24.8,25.0,-1.7339114487608136,-1.625023139344194,-2.297327243087013,0.33602150537634407
Ла-Плата,-34.9661,-57.8958,2023-02-01,2023,2,23.8,24.0,-2.0269067899409063,-1.863573095304805,-2.384690201505865,0.33613445378151263
Ла-Плата,-34.9661,-57.8958,2023-03-01,2023,3,24.4,20.0,-2.5896227218027517,-2.3149601140622913,-2.28244796031147,0.273224043715847
Ла-Плата,-34.9661,-57.8958,2023-04-01,2023,4,16.9,28.0,-2.0767357994868902,-1.9596291832569261,-2.105391967125869,0.5522682445759369
Ла-Плата,-34.9661,-57.8958,2023-05-01,2023,5,14.5,146.0,-0.4282087186381286,-0.44587977838742376,-1.3661470601133388,3.3563218390804597
Ла-Плата,-34.9661,-57.8958,2023-06-01,2023,6,10.9,0.8,-0.17123976661993623,-0.1971834907808208,-1.5390959729103701,0.024464831804281346
Ла-Плата,-34.9661,-57.8958,2023-07-01,2023,7,10.9,42.0,0.20393498951021527,0.1993938792874104,-1.2835018392631476,1.2844036697247707
Ла-Плата,-34.9661,-57.8958,2023-08-01,2023,8,11.5,186.0,0.6827231089207274,0.723522419418815,-0.04402927222174904,5.391304347826087
Ла-Плата,-34.9661,-57.8958,2023-09-01,2023,9,12.6,66.0,1.1299702029936007,1.1423207394322201,0.5248140883385906,1.746031746031746
Ла-Плата,-34.9661,-57.8958,2023-10-01,2023,10,15.5,47.0,0.6249725171742866,0.6770133540901325,0.48378169520353964,1.010752688172043
Ла-Плата,-34.9661,-57.8958,2023-11-01,2023,11,18.5,170.0,0.20735201749625753,0.2242656531668896,0.5285325287953478,3.063063063063063
Ла-Плата,-34.9661,-57.8958,2023-12-01,2023,12,20.6,159.0,0.9508553795215632,1.0270390310887183,1.3418174589906138,2.5728155339805827
Ла-Плата,-34.9661,-57.8958,2024-01-01,2024,1,23.2,22.0,0.8498655760805635,0.8832979776579006,0.9415072032504059,0.3160919540229885
Ла-Плата,-34.9661,-57.8958,2024-02-01,2024,2,24.0,242.0,1.214460291286282,1.2526993180866044,1.0305244506354254,3.361111111111111
Ла-Плата,-34.9661,-57.8958,2024-03-01,2024,3,20.7,294.0,1.7229387292892098,1.6279102524957034,1.7206268530477615,4.734299516908212
Ла-Плата,-34.9661,-57.8958,2024-04-01,2024,4,16.8,185.0,2.9606304285007456,2.535654216431264,2.1750352139747298,3.6706349206349205
Ла-Плата,-34.9661,-57.8958,2024-05-01,2024,5,10.5,13.0,1.7753877727520797,1.6679280106236414,1.7430917895579652,0.4126984126984127
Ла-Плата,-34.9661,-57.8958,2024-06-01,2024,6,12.2,68.0,0.6825360957722706,0.7259303514582326,1.6927529922708884,1.8579234972677596
Ла-Плата,-34.9661,-57.8958,2024-07-01,2024,7,7.5,7.0,-1.0656395202309032,-1.1195157226091306,1.9141152375789785,
Ла-Плата,-34.9661,-57.8958,2024-08-01,2024,8,10.7,113.0,0.17055905514503902,0.19900174456544695,1.5657249948991654,3.520249221183801
Ла-Плата,-34.9661,-57.8958,2024-09-01,2024,9,14.4,20.0,-0.8134387190387862,-0.8793488414438148,0.028009868402033497,0.46296296296296297
Ла-Плата,-34.9661,-57.8958,2024-10-01,2024,10,17.9,39.0,-0.7613913020831974,-0.8434683444576433,-1.1822887712955246,0.7262569832402235
Ла-Плата,-34.9661,-57.8958,2024-11-01,2024,11,19.9,135.0,-0.7007031823520874,-0.7714696650547189,-0.513132607889241,2.2613065326633164
Ла-Плата,-34.9661,-57.8958,2024-12-01,2024,12,19.7,51.0,-0.39534979054409514,-0.4243520990595326,-0.8610940269136342,0.8629441624365483
Ла-Плата,-34.9661,-57.8958,2025-01-01,2025,1,23.4,42.0,-0.17092202002679172,-0.28890831779557036,-0.7670980559544208,0.5982905982905983
Ла-Плата,-34.9661,-57.8958,2025-02-01,2025,2,23.8,155.0,-0.09627163282237926,-0.14464538714119146,-0.6575276233422536,2.1708683473389354
Ла-Плата,-34.9661,-57.8958,2025-03-01,2025,3,20.9,185.0,0.7170043401421109,0.7715081836923753,0.28603755122376034,2.9505582137161084
Ла-Плата,-34.9661,-57.8958,2025-04-01,2025,4,15.7,80.0,1.1298338731056887,1.1796472629708,0.6221416757851784,1.6985138004246285
Ла-Плата,-34.9661,-57.8958,2025-05-01,2025,5,14.3,254.0,1.931357129537885,1.7748706255778735,1.2294076139244519,5.9207459207459205
Ла-Плата,-34.9661,-57.8958,2025-06-01,2025,6,8.8,23.0,1.3976348983631781,1.3907400081756425,1.3288512874134693,
Ла-Плата,-34.9661,-57.8958,2025-07-01,2025,7,9.6,41.0,1.2921350948996118,1.2654282342522158,1.5818728773667121,
Ла-Плата,-34.9661,-57.8958,2025-08-01,2025,8,11.6,141.0,0.3903187906374685,0.4299033764329833,1.7629068151146663,4.051724137931035
Ла-Плата,-34.9661,-57.8958,2025-09-01,2025,9,13.2,93.0,0.9333821409772188,0.9478254620789733,1.5649645486932542,2.3484848484848486
Ла-Плата,-34.9661,-57.8958,2025-10-01,2025,10,16.7,106.0,1.0192941712630983,1.0823346967956706,1.3753256771394318,2.1157684630738522
Ла-Плата,-34.9661,-57.8958,2025-11-01,2025,11,18.1,97.0,0.3274283205331353,0.3571035145098322,0.44925557263024124,1.7863720073664826
Ла-Плата,-34.9661,-57.8958,2025-12-01,2025,12,23.4,14.0,-0.4766396906045177,-0.5152364269784847,0.15509525361175247,0.19943019943019943
Ла-Плата,-34.9661,-57.8958,2026-01-01,2026,1,22.5,43.0,-1.2879459084430527,-1.3550487410394414,-0.06116002902291971,0.6370370370370371
Ла-Плата,-34.9661,-57.8958,2026-02-01,2026,2,22.8,55.0,-1.749918751826435,-1.6847917061013036,-0.9054860863559703,0.804093567251462
Ла-Плата,-34.9661,-57.8958,2026-03-01,2026,3,22.8,55.0,-1.2493889113463226,-1.3055196170472674,-1.2452711924500373,0.804093567251462
Ла-Плата,-34.9661,-57.8958,2026-04-01,2026,4,22.8,55.0,-1.005755608723199,-1.0769046439619492,-1.433304829772124,0.804093567251462
Ла-Плата,-34.9661,-57.8958,2026-05-01,2026,5,13.0,7.613816684007908,-1.2717765610367802,-1.3328213352372016,-1.7216859872629924,0.19522606882071558
Ла-Плата,-34.9661,-57.8958,2026-06-01,2026,6,10.0,76.94231053287557,-0.5561797954504271,-0.6143903711521602,-1.2694308707450013,
Ла-Плата,-34.9661,-57.8958,2026-07-01,2026,7,9.4,73.85993809319493,-0.11856138359159764,-0.15340907708174562,-0.930687351049118,
Ла-Плата,-34.9661,-57.8958,2026-08-01,2026,8,10.8,84.27615059217406,0.7571772939442879,0.7952939375783814,-0.5951597802791909,2.601115759017718
Ла-Плата,-34.9661,-57.8958,2026-09-01,2026,9,12.7,40.01730598036331,0.034176609025781866,-0.01650938835728126,-0.5407214194092002,1.0503229916105856
Ла-Плата,-34.9661,-57.8958,2026-10-01,2026,10,15.7,149.5323985919601,0.37167974289071665,0.4004945587689249,0.11402706928321878,3.1747855327380066
Ла-Плата,-34.9661,-57.8958,2026-11-01,2026,11,18.8,40.91354018862773,-0.3084160536042933,-0.3513803577714059,0.1773200095503968,0.7254173792309881
Ла-Плата,-34.9661,-57.8958,2026-12-01,2026,12,21.3,87.86730553968198,0.11714511901902405,0.15534874602669257,0.03337329140613242,1.3750752040638807
