station,lat,lon,date,year,month,temp,precip,spi3,spei3,spei6,gtk
Посадас,-27.2206,-55.8339,1961-01-01,1961,1,28.2,193.0,,,,2.2813238770685578
Посадас,-27.2206,-55.8339,1961-02-01,1961,2,26.8,124.0,,,,1.5422885572139304
Посадас,-27.2206,-55.8339,1961-03-01,1961,3,23.8,164.0,0.3472199680576254,0.3733378298863743,,2.2969187675070026
Посадас,-27.2206,-55.8339,1961-04-01,1961,4,20.9,328.0,0.8890016045093939,0.9657669019081686,,5.231259968102074
Посадас,-27.2206,-55.8339,1961-05-01,1961,5,19.3,247.0,1.3474349228404048,1.3656733493981656,,4.265975820379966
Посадас,-27.2206,-55.8339,1961-06-01,1961,6,17.1,159.0,1.4575851867816867,1.4375542840406013,1.2720454023096441,3.0994152046783627
Посадас,-27.2206,-55.8339,1961-07-01,1961,7,17.3,145.0,1.189141384221267,1.2411742867329563,1.3037567326497983,2.7938342967244703
Посадас,-27.2206,-55.8339,1961-08-01,1961,8,21.1,82.0,0.6109125969131406,0.6516509829730815,1.3014668670592349,1.2954186413902053
Посадас,-27.2206,-55.8339,1961-09-01,1961,9,19.6,313.0,1.4672997067174829,1.4329571985181193,1.5995634150596398,5.3231292517006805
Посадас,-27.2206,-55.8339,1961-10-01,1961,10,23.6,176.0,0.7963590246755908,0.8453729894301089,1.2609858271448802,2.4858757062146895
Посадас,-27.2206,-55.8339,1961-11-01,1961,11,24.5,187.0,0.9037502906075167,0.9731694342899766,1.0034644345988646,2.54421768707483
Посадас,-27.2206,-55.8339,1961-12-01,1961,12,27.2,49.0,-0.5522040843948156,-0.6516789475687417,0.17889111400413585,0.6004901960784313
Посадас,-27.2206,-55.8339,1962-01-01,1962,1,26.3,120.0,-0.677480548570881,-0.7647739656315125,0.01347156641944575,1.520912547528517
Посадас,-27.2206,-55.8339,1962-02-01,1962,2,25.1,123.0,-1.0977135672831535,-1.1754572413725015,-0.020147020500761965,1.6334661354581674
Посадас,-27.2206,-55.8339,1962-03-01,1962,3,25.2,150.0,-0.22274657818999177,-0.24595732201819623,-0.6178201043069439,1.9841269841269842
Посадас,-27.2206,-55.8339,1962-04-01,1962,4,21.1,127.0,-0.20239478519810186,-0.1893178365803224,-0.6110259982671185,2.006319115323855
Посадас,-27.2206,-55.8339,1962-05-01,1962,5,16.5,143.0,0.01494120465978032,0.012501898670855998,-0.7012876781159642,2.888888888888889
Посадас,-27.2206,-55.8339,1962-06-01,1962,6,15.9,18.0,-0.5760032976443857,-0.6916178896751635,-0.6233734573217294,0.37735849056603776
Посадас,-27.2206,-55.8339,1962-07-01,1962,7,12.4,27.0,-0.9019709362652291,-1.0371141739667868,-0.742022005419369,0.7258064516129032
Посадас,-27.2206,-55.8339,1962-08-01,1962,8,16.1,69.0,-1.419923168698009,-1.5412100670517292,-0.7828642856378163,1.4285714285714284
Посадас,-27.2206,-55.8339,1962-09-01,1962,9,20.7,147.0,-0.5573315784604287,-0.5853862745271331,-0.8221036437098427,2.367149758454106
Посадас,-27.2206,-55.8339,1962-10-01,1962,10,20.4,40.0,-0.9979433828666413,-1.0934124055119308,-1.2856875697259422,0.6535947712418301
Посадас,-27.2206,-55.8339,1962-11-01,1962,11,25.8,120.0,-0.9295738893224371,-1.0299452226172783,-1.5068741850769434,1.550387596899225
Посадас,-27.2206,-55.8339,1962-12-01,1962,12,28.2,94.0,-1.3279210400954913,-1.4992351840839526,-0.771174203225454,1.1111111111111112
Посадас,-27.2206,-55.8339,1963-01-01,1963,1,27.4,173.0,-0.5113127548035642,-0.5807114050539506,-1.01185438582382,2.104622871046229
Посадас,-27.2206,-55.8339,1963-02-01,1963,2,27.3,76.0,-0.7792336191034617,-0.8709382273761314,-1.139801247354625,0.927960927960928
Посадас,-27.2206,-55.8339,1963-03-01,1963,3,26.6,163.0,-0.09907504249599815,-0.11209988994506086,-1.0960931130719747,2.0426065162907268
Посадас,-27.2206,-55.8339,1963-04-01,1963,4,21.3,91.0,-0.5868259726835938,-0.6178419704362806,-0.7537199617050174,1.4241001564945226
Посадас,-27.2206,-55.8339,1963-05-01,1963,5,19.3,111.0,-0.24577228094932804,-0.2951047434326247,-0.7161433837175427,1.9170984455958548
Посадас,-27.2206,-55.8339,1963-06-01,1963,6,16.2,223.0,0.0971920305317772,0.0782908147289033,-0.022338673161404633,4.588477366255144
Посадас,-27.2206,-55.8339,1963-07-01,1963,7,18.8,82.0,0.4834651200020493,0.5084153529745421,-0.1239237731058051,1.4539007092198581
Посадас,-27.2206,-55.8339,1963-08-01,1963,8,19.5,106.0,0.7828158490549847,0.8318129593421342,0.17197565514277655,1.811965811965812
Посадас,-27.2206,-55.8339,1963-09-01,1963,9,20.9,211.0,0.5772381901000637,0.6607768128839024,0.2809223549453141,3.3652312599681022
Посадас,-27.2206,-55.8339,1963-10-01,1963,10,22.5,232.0,0.6802605667415187,0.7321354767707117,0.7149161421057767,3.437037037037037
Посадас,-27.2206,-55.8339,1963-11-01,1963,11,23.5,420.0,1.7373114189435295,1.6634089929212434,1.5911443315986618,5.957446808510638
Посадас,-27.2206,-55.8339,1963-12-01,1963,12,25.8,187.0,1.3631137349137803,1.427302673907165,0.7689317683978563,2.4160206718346253
Посадас,-27.2206,-55.8339,1964-01-01,1964,1,27.8,26.0,0.7845592184066401,0.8404541631961974,0.9119988133755469,0.3117505995203837
Посадас,-27.2206,-55.8339,1964-02-01,1964,2,26.5,133.0,-0.7605891517271206,-0.8523395201455204,0.8512671867590716,1.6729559748427674
Посадас,-27.2206,-55.8339,1964-03-01,1964,3,25.4,150.0,-0.7736231769902082,-0.8170061811600099,0.6596169749994247,1.968503937007874
Посадас,-27.2206,-55.8339,1964-04-01,1964,4,22.4,306.0,0.759453417058292,0.8413322824143529,1.016090060614639,4.553571428571429
Посадас,-27.2206,-55.8339,1964-05-01,1964,5,19.3,61.0,0.45078780870017504,0.5050308073043456,-0.13081312285816765,1.0535405872193437
Посадас,-27.2206,-55.8339,1964-06-01,1964,6,14.1,40.0,0.011053992666927609,-0.01976475569582968,-0.489560866745867,0.9456264775413712
Посадас,-27.2206,-55.8339,1964-07-01,1964,7,14.5,81.0,-0.9419134292938857,-1.0778756050974672,-0.026744702350895704,1.8620689655172413
Посадас,-27.2206,-55.8339,1964-08-01,1964,8,17.7,152.0,-0.20231187566664424,-0.2571557410065059,0.22475696179338336,2.8625235404896423
Посадас,-27.2206,-55.8339,1964-09-01,1964,9,19.5,169.0,0.5973759229837724,0.6806133729768307,0.22684019572086309,2.888888888888889
Посадас,-27.2206,-55.8339,1964-10-01,1964,10,21.0,71.0,-0.18940315494213825,-0.20033246184572223,-0.8212610007510122,1.126984126984127
Посадас,-27.2206,-55.8339,1964-11-01,1964,11,23.7,52.0,-1.008054888185313,-1.1169598843156614,-0.9290590149075459,0.7313642756680732
Посадас,-27.2206,-55.8339,1964-12-01,1964,12,25.7,123.0,-1.3663241576818925,-1.5397178342134337,-0.46514853540589524,1.595330739299611
Посадас,-27.2206,-55.8339,1965-01-01,1965,1,27.1,32.0,-1.452799792366612,-1.5870081250241839,-1.1579108028209748,0.3936039360393604
Посадас,-27.2206,-55.8339,1965-02-01,1965,2,26.3,269.0,-0.2792589511589042,-0.3461401225321505,-0.9247246995163307,3.409378960709759
Посадас,-27.2206,-55.8339,1965-03-01,1965,3,22.1,71.0,-0.35983279203493834,-0.39257105305378903,-1.249546782415884,1.0708898944193062
Посадас,-27.2206,-55.8339,1965-04-01,1965,4,22.1,168.0,0.35963492724836116,0.43174641286740006,-0.760985332727219,2.5339366515837103
Посадас,-27.2206,-55.8339,1965-05-01,1965,5,18.4,89.0,-0.4266724703030447,-0.5103408191755398,-0.5516166076859744,1.6123188405797102
Посадас,-27.2206,-55.8339,1965-06-01,1965,6,19.3,81.0,-0.32601195858300536,-0.4064463554444068,-0.5125933920080716,1.3989637305699483
Посадас,-27.2206,-55.8339,1965-07-01,1965,7,15.6,105.0,-0.34150998457933396,-0.4332594220780958,0.019621408550595982,2.2435897435897436
Посадас,-27.2206,-55.8339,1965-08-01,1965,8,18.5,187.0,0.5204041859754956,0.554344440956992,-0.11807733186924926,3.369369369369369
Посадас,-27.2206,-55.8339,1965-09-01,1965,9,18.8,133.0,0.7498876229988185,0.8272697284141732,0.05799317415071911,2.358156028368794
Посадас,-27.2206,-55.8339,1965-10-01,1965,10,22.7,310.0,1.1011922251412944,1.1265172699222878,0.48723581667634,4.552129221732746
Посадас,-27.2206,-55.8339,1965-11-01,1965,11,24.2,64.0,0.09513015330137367,0.13552189567543682,0.3679334897721414,0.8815426997245179
Посадас,-27.2206,-55.8339,1965-12-01,1965,12,25.2,273.0,0.5431707568257909,0.6164327751698497,0.4316283884605113,3.611111111111111
Посадас,-27.2206,-55.8339,1966-01-01,1966,1,26.1,267.0,0.6350408960811034,0.6888881543908664,1.0767467220885607,3.4099616858237547
Посадас,-27.2206,-55.8339,1966-02-01,1966,2,25.5,200.0,1.6070810464924234,1.6182853202763425,0.9785641950005936,2.6143790849673203
Посадас,-27.2206,-55.8339,1966-03-01,1966,3,24.5,137.0,1.1320748043607258,1.170769769484986,1.0158106064068464,1.8639455782312926
Посадас,-27.2206,-55.8339,1966-04-01,1966,4,23.1,95.0,-0.03214371382145572,0.0017727914380102558,0.41460712365440044,1.3708513708513708
Посадас,-27.2206,-55.8339,1966-05-01,1966,5,19.0,27.0,-0.7741349859821883,-0.9219283045103539,0.37377717382341136,0.47368421052631576
Посадас,-27.2206,-55.8339,1966-06-01,1966,6,17.9,164.0,-0.5860739356825052,-0.7030243417264573,0.17981793513651,3.0540037243947857
Посадас,-27.2206,-55.8339,1966-07-01,1966,7,17.5,75.0,-0.3976753518358619,-0.4962575404243684,-0.3119546874126857,1.4285714285714286
Посадас,-27.2206,-55.8339,1966-08-01,1966,8,16.4,55.0,-0.04662179963991826,-0.08042679033763654,-0.7074713005022,1.1178861788617886
Посадас,-27.2206,-55.8339,1966-09-01,1966,9,18.7,52.0,-1.0487485940264007,-1.1465058797279293,-1.0559987314598402,0.9269162210338681
Посадас,-27.2206,-55.8339,1966-10-01,1966,10,22.3,200.0,-0.6902847248173309,-0.7594330447931257,-0.8250128145288884,2.9895366218236172
Посадас,-27.2206,-55.8339,1966-11-01,1966,11,25.7,120.0,-0.5903127510499053,-0.6477058640952441,-0.5060274329975667,1.556420233463035
Посадас,-27.2206,-55.8339,1966-12-01,1966,12,26.7,220.0,0.05726171180220911,0.06220172821606121,-0.31041681235913043,2.746566791510612
Посадас,-27.2206,-55.8339,1967-01-01,1967,1,25.5,163.0,0.10689936966551297,0.11732553024385757,-0.4205641814642329,2.130718954248366
Посадас,-27.2206,-55.8339,1967-02-01,1967,2,26.1,216.0,0.7775443536539342,0.8214067430332155,-0.00895068652409327,2.7586206896551726
Посадас,-27.2206,-55.8339,1967-03-01,1967,3,23.3,108.0,0.3858211043335173,0.4148453854031611,0.21320149238780445,1.5450643776824033
Посадас,-27.2206,-55.8339,1967-04-01,1967,4,21.9,6.0,-0.5868259726835938,-0.6178419704362806,-0.3254075485360211,0.091324200913242
Посадас,-27.2206,-55.8339,1967-05-01,1967,5,21.2,70.0,-1.156745753412283,-1.3736443569345238,-0.43453079727105665,1.10062893081761
Посадас,-27.2206,-55.8339,1967-06-01,1967,6,14.2,60.0,-1.3256713497461734,-1.5362245910611363,-0.8413543926416069,1.408450704225352
Посадас,-27.2206,-55.8339,1967-07-01,1967,7,16.8,110.0,-0.5623685518540696,-0.6780958672815525,-0.811364704672203,2.1825396825396823
Посадас,-27.2206,-55.8339,1967-08-01,1967,8,19.6,183.0,0.3796358526325786,0.40011203183804056,-0.7709817249628196,3.1122448979591835
Посадас,-27.2206,-55.8339,1967-09-01,1967,9,20.7,46.0,0.1618807336620598,0.2289114712996764,-1.0303030751093825,0.7407407407407407
Посадас,-27.2206,-55.8339,1967-10-01,1967,10,23.8,83.0,-0.66032673036731,-0.7264283257040096,-0.9031938707293697,1.1624649859943978
Посадас,-27.2206,-55.8339,1967-11-01,1967,11,24.1,89.0,-1.3894433544017508,-1.5363751841606517,-0.9042089671817708,1.2309820193637622
Посадас,-27.2206,-55.8339,1967-12-01,1967,12,27.6,60.0,-1.4328023898384616,-1.6099566650583514,-0.6230763416211855,0.7246376811594203
Посадас,-27.2206,-55.8339,1968-01-01,1968,1,26.4,118.0,-1.149631407764335,-1.270093167172611,-1.2227707469596711,1.4898989898989898
Посадас,-27.2206,-55.8339,1968-02-01,1968,2,26.1,57.0,-1.457127976294843,-1.4891290388021239,-1.7154301448416462,0.7279693486590039
Посадас,-27.2206,-55.8339,1968-03-01,1968,3,24.5,77.0,-1.1513371580120246,-1.173076255141884,-1.6457129465096934,1.0476190476190477
Посадас,-27.2206,-55.8339,1968-04-01,1968,4,17.9,104.0,-1.1200590739811407,-1.1790676485244318,-1.4842062480934326,1.9366852886405959
Посадас,-27.2206,-55.8339,1968-05-01,1968,5,15.5,9.0,-1.1265288522750678,-1.3375526081732823,-1.689042743251468,0.1935483870967742
Посадас,-27.2206,-55.8339,1968-06-01,1968,6,16.7,105.0,-0.9290124638992292,-1.0875730682744618,-1.383912666375048,2.095808383233533
Посадас,-27.2206,-55.8339,1968-07-01,1968,7,16.7,120.0,-0.6008813662373854,-0.7199293538993347,-1.179555194824955,2.395209580838323
Посадас,-27.2206,-55.8339,1968-08-01,1968,8,17.3,46.0,-0.21724592641729756,-0.27404977488009497,-1.0686671604068638,0.8863198458574181
Посадас,-27.2206,-55.8339,1968-09-01,1968,9,16.9,149.0,-0.011373950691799101,0.03787182567938414,-0.8145900135431922,2.938856015779093
Посадас,-27.2206,-55.8339,1968-10-01,1968,10,21.9,284.0,0.30161276575026275,0.34122484210358595,-0.2789535894103937,4.322678843226789
Посадас,-27.2206,-55.8339,1968-11-01,1968,11,26.1,107.0,0.25743111408645264,0.31519951596331597,0.09644544109620178,1.3665389527458494
Посадас,-27.2206,-55.8339,1968-12-01,1968,12,26.4,232.0,0.4360677891707118,0.4978548420098379,0.1491180974178643,2.9292929292929295
Посадас,-27.2206,-55.8339,1969-01-01,1969,1,25.2,199.0,0.2911751838617992,0.32201848720595994,0.3440492580667155,2.632275132275132
Посадас,-27.2206,-55.8339,1969-02-01,1969,2,26.6,144.0,0.6344389461750327,0.6691416951159882,0.5220140621041319,1.8045112781954886
Посадас,-27.2206,-55.8339,1969-03-01,1969,3,24.3,205.0,0.7764163504700875,0.8233486099275295,0.7413919934548255,2.8120713305898493
Посадас,-27.2206,-55.8339,1969-04-01,1969,4,20.3,103.0,0.0726252524371987,0.11858244860737238,0.25215349872756965,1.6912972085385878
Посадас,-27.2206,-55.8339,1969-05-01,1969,5,19.0,163.0,0.24782321231379245,0.2803002159590577,0.5399232617390373,2.8596491228070176
Посадас,-27.2206,-55.8339,1969-06-01,1969,6,15.3,93.0,-0.22233212497768673,-0.28740809060658257,0.24378012611887,2.026143790849673
Посадас,-27.2206,-55.8339,1969-07-01,1969,7,17.2,39.0,-0.21825972516860592,-0.293583814342772,-0.12002366427005443,0.7558139534883721
Посадас,-27.2206,-55.8339,1969-08-01,1969,8,14.5,84.0,-0.6346136129959669,-0.7368014873149552,-0.17328735869938136,1.9310344827586208
Посадас,-27.2206,-55.8339,1969-09-01,1969,9,19.8,101.0,-0.7079267849952304,-0.75842525123591,-0.6254036931159421,1.7003367003367003
Посадас,-27.2206,-55.8339,1969-10-01,1969,10,20.8,121.0,-0.6962822795329455,-0.7660306742268391,-0.7190117337616567,1.939102564102564
Посадас,-27.2206,-55.8339,1969-11-01,1969,11,23.9,170.0,-0.48680036979595137,-0.52933421457963,-0.7499865525886728,2.370990237099024
Посадас,-27.2206,-55.8339,1969-12-01,1969,12,25.5,108.0,-0.6156380231931994,-0.7242036568192594,-0.5168087084641216,1.411764705882353
Посадас,-27.2206,-55.8339,1970-01-01,1970,1,26.8,75.0,-0.693551279104021,-0.7824079678291497,-0.9576209837581914,0.9328358208955224
Посадас,-27.2206,-55.8339,1970-02-01,1970,2,25.6,113.0,-1.072629901689213,-1.152387560664089,-1.0173399470165045,1.4713541666666667
Посадас,-27.2206,-55.8339,1970-03-01,1970,3,24.9,233.0,-0.04061203971387259,-0.0484816742848276,-0.5635031864869817,3.1191432396251675
Посадас,-27.2206,-55.8339,1970-04-01,1970,4,22.7,10.0,-0.4420326084203161,-0.4577686558442767,-0.7827475659467187,0.14684287812041116
Посадас,-27.2206,-55.8339,1970-05-01,1970,5,18.6,202.0,0.1301538529246352,0.14610102825006568,-0.5929597450229287,3.620071684587814
Посадас,-27.2206,-55.8339,1970-06-01,1970,6,15.8,87.0,-0.520693309788543,-0.6288459664138225,-0.4741876882396468,1.8354430379746836
Посадас,-27.2206,-55.8339,1970-07-01,1970,7,15.4,56.0,0.08058929720525843,0.04985947430440573,-0.30017148034556335,1.2121212121212122
Посадас,-27.2206,-55.8339,1970-08-01,1970,8,16.3,73.0,-0.6346136129959669,-0.7368014873149552,-0.2764112010709299,1.492842535787321
Посадас,-27.2206,-55.8339,1970-09-01,1970,9,18.2,182.0,-0.04066525331714183,0.005091796920204638,-0.5224531218468544,3.3333333333333335
Посадас,-27.2206,-55.8339,1970-10-01,1970,10,20.7,238.0,0.37849341579588375,0.42302347156986286,0.2237504472457286,3.8325281803542675
Посадас,-27.2206,-55.8339,1970-11-01,1970,11,20.1,68.0,0.0007060480561925136,0.029175858136656043,-0.3459667006620438,1.1276948590381426
Посадас,-27.2206,-55.8339,1970-12-01,1970,12,24.8,157.0,-0.3058728950322996,-0.365451207007743,-0.20041923552282379,2.110215053763441
Посадас,-27.2206,-55.8339,1971-01-01,1971,1,25.1,306.0,0.25442228873622336,0.28154984993914284,0.36932069496596653,4.063745019920319
Посадас,-27.2206,-55.8339,1971-02-01,1971,2,24.9,144.0,0.8251204761339,0.871162904551096,0.4497045125092288,1.927710843373494
Посадас,-27.2206,-55.8339,1971-03-01,1971,3,22.4,244.0,1.69795650887357,1.6682569537379934,0.6917578224744025,3.630952380952381
Посадас,-27.2206,-55.8339,1971-04-01,1971,4,18.1,81.0,0.16072297587153733,0.21596182110267848,0.28784417901297227,1.4917127071823204
Посадас,-27.2206,-55.8339,1971-05-01,1971,5,15.4,145.0,0.24333749857388923,0.27523214913342703,0.6463769156930828,3.1385281385281387
Посадас,-27.2206,-55.8339,1971-06-01,1971,6,12.7,213.0,0.1636495632247518,0.15345826265523407,1.0258837549411157,5.590551181102362
Посадас,-27.2206,-55.8339,1971-07-01,1971,7,16.3,94.0,0.678887875641787,0.7225907426975323,0.5317124209292874,1.9222903885480573
Посадас,-27.2206,-55.8339,1971-08-01,1971,8,17.1,54.0,0.4361666417964023,0.46243746532021995,0.37628791374869675,1.0526315789473684
Посадас,-27.2206,-55.8339,1971-09-01,1971,9,20.2,36.0,-1.032335613477356,-1.1279296828661565,-0.47277713050375125,0.594059405940594
Посадас,-27.2206,-55.8339,1971-10-01,1971,10,19.8,30.0,-1.7724152353301394,-1.940635748978577,-0.8287620432666989,0.5050505050505051
Посадас,-27.2206,-55.8339,1971-11-01,1971,11,23.4,21.0,-1.944693714271365,-2.23755025741375,-1.4015541851031452,0.29914529914529914
Посадас,-27.2206,-55.8339,1971-12-01,1971,12,26.7,136.0,-1.6371939691797945,-1.8306433473204486,-1.0136664178500372,1.6978776529338326
Посадас,-27.2206,-55.8339,1972-01-01,1972,1,25.7,53.0,-1.4382099983592997,-1.5716308495344302,-1.952283103848158,0.6874189364461738
Посадас,-27.2206,-55.8339,1972-02-01,1972,2,25.1,87.0,-1.19822856528577,-1.2663365348329507,-1.9481929628603671,1.155378486055777
Посадас,-27.2206,-55.8339,1972-03-01,1972,3,24.3,108.0,-1.1779641912949899,-1.1969404565535193,-1.779470725697918,1.4814814814814814
Посадас,-27.2206,-55.8339,1972-04-01,1972,4,19.0,100.0,-0.7857094468459614,-0.8331222492612841,-1.4842062480934326,1.7543859649122806
Посадас,-27.2206,-55.8339,1972-05-01,1972,5,20.1,64.0,-0.707876204916145,-0.8437900037356646,-1.2869246338721738,1.0613598673300166
Посадас,-27.2206,-55.8339,1972-06-01,1972,6,19.7,330.0,0.4201213878419989,0.43779308201389133,-0.3894161583918212,5.583756345177665
Посадас,-27.2206,-55.8339,1972-07-01,1972,7,15.8,127.0,1.0384631295585809,1.0947190314523363,0.14593900826580325,2.679324894514768
Посадас,-27.2206,-55.8339,1972-08-01,1972,8,16.2,264.0,2.711877169812291,2.4017730327844697,0.9223970027211604,5.432098765432099
Посадас,-27.2206,-55.8339,1972-09-01,1972,9,20.1,269.0,2.1486508531699777,1.89655040231672,1.3059620803102248,4.461028192371476
Посадас,-27.2206,-55.8339,1972-10-01,1972,10,19.4,260.0,1.8982694237734736,1.7557374099313412,1.8271987736570312,4.4673539518900345
Посадас,-27.2206,-55.8339,1972-11-01,1972,11,22.6,354.0,1.823022961253884,1.7251930483214175,2.2670214868860064,5.221238938053097
Посадас,-27.2206,-55.8339,1972-12-01,1972,12,24.2,86.0,0.7759326670631741,0.8647548426184666,1.0040371454064385,1.184573002754821
Посадас,-27.2206,-55.8339,1973-01-01,1973,1,26.3,264.0,1.1464651630878173,1.184509368430334,1.8007194002244606,3.346007604562738
Посадас,-27.2206,-55.8339,1973-02-01,1973,2,26.8,72.0,-0.29151931706913764,-0.35956484125751337,1.165744270869923,0.8955223880597015
Посадас,-27.2206,-55.8339,1973-03-01,1973,3,24.7,264.0,1.106762079145864,1.1469245339377026,1.1756148635741805,3.562753036437247
Посадас,-27.2206,-55.8339,1973-04-01,1973,4,22.8,187.0,0.4349955671843634,0.5116556318861705,1.0308965264403613,2.7339181286549707
Посадас,-27.2206,-55.8339,1973-05-01,1973,5,17.4,199.0,1.0031093017114403,1.0619900031295553,0.6293855287581482,3.8122605363984676
Посадас,-27.2206,-55.8339,1973-06-01,1973,6,15.6,122.0,0.4842334506040552,0.5070655141454147,0.946710248497403,2.606837606837607
Посадас,-27.2206,-55.8339,1973-07-01,1973,7,16.1,145.0,0.7533893772608508,0.8021859110655539,0.7647352978030657,3.002070393374741
Посадас,-27.2206,-55.8339,1973-08-01,1973,8,14.7,133.0,0.7075236607618789,0.7536935441294211,1.0931485268679808,3.015873015873016
Посадас,-27.2206,-55.8339,1973-09-01,1973,9,18.4,280.0,1.5734908011151316,1.5116160100973313,1.0652036137335295,5.072463768115942
Посадас,-27.2206,-55.8339,1973-10-01,1973,10,21.2,197.0,0.9988999680776571,1.034808102210671,1.1089667545145447,3.09748427672956
Посадас,-27.2206,-55.8339,1973-11-01,1973,11,22.5,31.0,0.10008010859393314,0.14106409476865622,0.47375998882915066,0.45925925925925926
Посадас,-27.2206,-55.8339,1973-12-01,1973,12,24.7,260.0,-0.1867610678168661,-0.22529139281268357,0.37734650149268856,3.508771929824561
Посадас,-27.2206,-55.8339,1974-01-01,1974,1,26.6,115.0,-0.4095084468100422,-0.46658663023171726,0.3404324587205668,1.4411027568922306
Посадас,-27.2206,-55.8339,1974-02-01,1974,2,25.8,103.0,0.05018287850169459,0.020603115908789695,0.04702790487157024,1.330749354005168
Посадас,-27.2206,-55.8339,1974-03-01,1974,3,24.0,75.0,-0.8793253069480432,-0.9199140471321285,-0.70374265157191,1.0416666666666667
Посадас,-27.2206,-55.8339,1974-04-01,1974,4,20.3,81.0,-0.9953052009132751,-1.0525713784612187,-0.9406413401797953,1.3300492610837438
Посадас,-27.2206,-55.8339,1974-05-01,1974,5,18.2,206.0,-0.2602783501882552,-0.3123450881182833,-0.2180971891227273,3.772893772893773
Посадас,-27.2206,-55.8339,1974-06-01,1974,6,13.9,179.0,0.29047357354879205,0.2953613153008505,-0.32372283487932124,4.292565947242206
Посадас,-27.2206,-55.8339,1974-07-01,1974,7,17.8,31.0,0.4834651200020493,0.5084153529745421,-0.4023218873636677,0.5805243445692884
Посадас,-27.2206,-55.8339,1974-08-01,1974,8,15.7,184.0,0.6662272333362577,0.7103165068005194,0.09574973165379995,3.9065817409766455
Посадас,-27.2206,-55.8339,1974-09-01,1974,9,19.1,19.0,-0.6283450333350966,-0.6670666690156398,-0.17889233534684437,0.33158813263525305
Посадас,-27.2206,-55.8339,1974-10-01,1974,10,19.9,71.0,-0.8890602759775722,-0.9762506597088283,-0.3709297626332516,1.1892797319932997
Посадас,-27.2206,-55.8339,1974-11-01,1974,11,21.3,181.0,-1.1176318414296307,-1.237727609266841,-0.5102433274700343,2.832550860719875
Посадас,-27.2206,-55.8339,1974-12-01,1974,12,24.4,212.0,-0.3010867910526481,-0.3598340394545467,-0.3608666102077975,2.8961748633879782
Посадас,-27.2206,-55.8339,1975-01-01,1975,1,25.4,205.0,0.6039843469070215,0.6567534273845359,-0.19108745955235604,2.690288713910761
Посадас,-27.2206,-55.8339,1975-02-01,1975,2,25.9,172.0,0.7179860106785276,0.75849539898104,-0.4198578248839935,2.213642213642214
Посадас,-27.2206,-55.8339,1975-03-01,1975,3,24.2,205.0,0.9926814282148433,1.0377520297371199,0.2846721504858278,2.8236914600550964
Посадас,-27.2206,-55.8339,1975-04-01,1975,4,21.2,257.0,0.9743904818751613,1.0454280946989085,1.0456302566307392,4.040880503144654
Посадас,-27.2206,-55.8339,1975-05-01,1975,5,18.2,59.0,0.46813043333022386,0.5237832473983777,0.7567338121304442,1.0805860805860805
Посадас,-27.2206,-55.8339,1975-06-01,1975,6,16.7,166.0,0.3647911608703133,0.37737096933309533,0.8026590546434279,3.313373253493014
Посадас,-27.2206,-55.8339,1975-07-01,1975,7,14.5,60.0,-0.2796159318818867,-0.36334043443874264,0.5246421316344619,1.3793103448275863
Посадас,-27.2206,-55.8339,1975-08-01,1975,8,17.1,148.0,0.5273939081552703,0.5619145019821832,0.6026089803153329,2.884990253411306
Посадас,-27.2206,-55.8339,1975-09-01,1975,9,19.3,324.0,1.419612529086479,1.3967793701673918,0.9118654336328689,5.595854922279793
Посадас,-27.2206,-55.8339,1975-10-01,1975,10,20.0,251.0,1.5636092960111008,1.5089792930900263,0.8720252020220891,4.183333333333334
Посадас,-27.2206,-55.8339,1975-11-01,1975,11,22.2,96.0,0.88061514044353,0.9514692935144207,0.9494668845681479,1.4414414414414414
Посадас,-27.2206,-55.8339,1975-12-01,1975,12,25.5,184.0,0.015394481479269313,0.013024150719323127,0.4128746939984486,2.4052287581699345
Посадас,-27.2206,-55.8339,1976-01-01,1976,1,26.3,237.0,0.18076143182386786,0.19987572084549088,1.0952793333532294,3.0038022813688214
Посадас,-27.2206,-55.8339,1976-02-01,1976,2,24.8,79.0,0.1835320599800223,0.17056095846490538,0.7204779430371786,1.0618279569892473
Посадас,-27.2206,-55.8339,1976-03-01,1976,3,22.7,135.0,0.15371960850573,0.16348081200230347,0.042923819939218275,1.9823788546255507
Посадас,-27.2206,-55.8339,1976-04-01,1976,4,19.3,74.0,-0.8260546829904233,-0.8760023017601906,-0.4296390355729942,1.2780656303972366
Посадас,-27.2206,-55.8339,1976-05-01,1976,5,16.3,115.0,-0.44648118102351403,-0.5339075493605631,-0.2788937011094123,2.3517382413087935
Посадас,-27.2206,-55.8339,1976-06-01,1976,6,15.9,69.0,-0.7273659652854281,-0.862302455878942,-0.5164288018917091,1.4465408805031446
Посадас,-27.2206,-55.8339,1976-07-01,1976,7,15.6,123.0,-0.1453383547840245,-0.2102076086361615,-0.7149414364496751,2.628205128205128
Посадас,-27.2206,-55.8339,1976-08-01,1976,8,15.8,64.0,-0.32982556651509526,-0.4008524155555688,-0.5998805711985475,1.350210970464135
Посадас,-27.2206,-55.8339,1976-09-01,1976,9,17.5,102.0,-0.20393629253676293,-0.17958600861664914,-0.7618657659387671,1.9428571428571428
Посадас,-27.2206,-55.8339,1976-10-01,1976,10,20.5,220.0,-0.22410681494505888,-0.2392884126255211,-0.35896677276067435,3.5772357723577235
Посадас,-27.2206,-55.8339,1976-11-01,1976,11,23.2,158.0,-0.03926347880894726,-0.01615616666263626,-0.21186964095303462,2.2701149425287355
Посадас,-27.2206,-55.8339,1976-12-01,1976,12,25.3,129.0,-0.0970063461738092,-0.11941148294615146,-0.1536620080636058,1.699604743083004
Посадас,-27.2206,-55.8339,1977-01-01,1977,1,25.9,212.0,0.08576003092116206,0.09359787780425749,-0.14272809814480275,2.7284427284427286
Посадас,-27.2206,-55.8339,1977-02-01,1977,2,26.8,110.0,-0.11415686892793463,-0.1635134054733938,-0.15805986347765807,1.3681592039800996
Посадас,-27.2206,-55.8339,1977-03-01,1977,3,25.9,91.0,-0.09257540877130649,-0.10503540804439321,-0.19195833757766895,1.1711711711711712
Посадас,-27.2206,-55.8339,1977-04-01,1977,4,20.8,110.0,-0.6942113224654215,-0.7348425174080764,-0.4110446555343029,1.7628205128205128
Посадас,-27.2206,-55.8339,1977-05-01,1977,5,17.8,150.0,-0.3137147639548175,-0.3759021486549073,-0.3624707156626943,2.808988764044944
Посадас,-27.2206,-55.8339,1977-06-01,1977,6,17.3,124.0,-0.10012411973110873,-0.14705068488063,-0.17667661508158936,2.3892100192678227
Посадас,-27.2206,-55.8339,1977-07-01,1977,7,19.8,123.0,0.3779966803496932,0.39007394080430663,-0.27268665648697116,2.0707070707070705
Посадас,-27.2206,-55.8339,1977-08-01,1977,8,17.0,56.0,0.019468885356289437,-0.00527704874841713,-0.304278189334498,1.0980392156862746
Посадас,-27.2206,-55.8339,1977-09-01,1977,9,21.7,70.0,-0.5103211149613368,-0.5312671199934809,-0.43454169898010747,1.075268817204301
Посадас,-27.2206,-55.8339,1977-10-01,1977,10,23.2,78.0,-1.310622592211226,-1.4257031226822714,-0.7190117337616567,1.1206896551724137
Посадас,-27.2206,-55.8339,1977-11-01,1977,11,23.5,197.0,-0.7308478083804407,-0.8072365339726805,-0.5818940112232232,2.7943262411347516
Посадас,-27.2206,-55.8339,1977-12-01,1977,12,26.1,178.0,-0.3538307348012001,-0.42164408643631834,-0.3524745384078823,2.2733077905491696
Посадас,-27.2206,-55.8339,1978-01-01,1978,1,27.0,76.0,-0.1690564340879633,-0.19456232817640334,-0.971234182062672,0.9382716049382716
Посадас,-27.2206,-55.8339,1978-02-01,1978,2,26.5,114.0,-0.6241638563577557,-0.7137679940869388,-0.9347427902334418,1.4339622641509433
Посадас,-27.2206,-55.8339,1978-03-01,1978,3,26.5,100.0,-0.8991723702960216,-0.9389588780497841,-0.8370863133005645,1.2578616352201257
Посадас,-27.2206,-55.8339,1978-04-01,1978,4,20.2,26.0,-1.1080959998042612,-1.16707675174228,-0.8477146323504775,0.429042904290429
Посадас,-27.2206,-55.8339,1978-05-01,1978,5,15.7,44.0,-1.2265508111844898,-1.4577856662359183,-1.320849926227002,0.9341825902335457
Посадас,-27.2206,-55.8339,1978-06-01,1978,6,16.3,67.0,-1.3211298723035765,-1.5308753051716484,-1.5267261277928037,1.3701431492842535
Посадас,-27.2206,-55.8339,1978-07-01,1978,7,18.2,143.0,-0.47324000101072405,-0.5802561875293963,-1.0984488623099624,2.619047619047619
Посадас,-27.2206,-55.8339,1978-08-01,1978,8,15.8,60.0,-0.22471979007120044,-0.2824990134583428,-1.149441201300848,1.2658227848101267
Посадас,-27.2206,-55.8339,1978-09-01,1978,9,20.0,79.0,-0.2566638703759339,-0.23978591194102686,-1.2335496495198028,1.3166666666666667
Посадас,-27.2206,-55.8339,1978-10-01,1978,10,22.3,106.0,-1.064482802476663,-1.1645164866019453,-1.0951040206248677,1.5844544095665172
Посадас,-27.2206,-55.8339,1978-11-01,1978,11,23.1,154.0,-0.7621749252983373,-0.8425771723724241,-0.7457982289065104,2.2222222222222223
Посадас,-27.2206,-55.8339,1978-12-01,1978,12,25.8,130.0,-0.6596858462774952,-0.7742226973349939,-0.41524295735644556,1.6795865633074936
Посадас,-27.2206,-55.8339,1979-01-01,1979,1,28.3,27.0,-0.9178398118991329,-1.0251862012606607,-1.2961647581583218,0.31802120141342755
Посадас,-27.2206,-55.8339,1979-02-01,1979,2,26.8,321.0,0.05018287850169459,0.020603115908789695,-0.5750573418136846,3.9925373134328357
Посадас,-27.2206,-55.8339,1979-03-01,1979,3,23.1,125.0,0.2957006268615399,0.3177197212414227,-0.40548446174744507,1.8037518037518037
Посадас,-27.2206,-55.8339,1979-04-01,1979,4,19.1,221.0,1.128976143932511,1.184863931084998,0.2090751046525152,3.856893542757417
Посадас,-27.2206,-55.8339,1979-05-01,1979,5,15.6,144.0,0.33245211406174147,0.37513275591811407,0.2614111672633497,3.076923076923077
Посадас,-27.2206,-55.8339,1979-06-01,1979,6,15.1,47.0,0.03505881767262179,0.007621856256294117,0.16091208261719936,1.0375275938189845
Посадас,-27.2206,-55.8339,1979-07-01,1979,7,16.2,64.0,-0.46691348401477645,-0.5732590756585563,0.5352430943494281,1.316872427983539
Посадас,-27.2206,-55.8339,1979-08-01,1979,8,19.4,194.0,0.03410358641605173,0.011356824861693982,0.24348514045336606,3.3333333333333335
Посадас,-27.2206,-55.8339,1979-09-01,1979,9,17.4,195.0,0.9312392910584278,0.9933342292549625,0.4259110446287197,3.735632183908046
Посадас,-27.2206,-55.8339,1979-10-01,1979,10,21.9,365.0,1.7131676569501177,1.6221407607626148,0.8756135900694723,5.555555555555555
Посадас,-27.2206,-55.8339,1979-11-01,1979,11,22.8,109.0,0.8713480612953618,0.9427366374246415,0.711911034287137,1.5935672514619883
Посадас,-27.2206,-55.8339,1979-12-01,1979,12,25.9,315.0,1.1556268594025634,1.2391179967266766,0.7768267463082739,4.054054054054054
Посадас,-27.2206,-55.8339,1980-01-01,1980,1,26.2,66.0,0.038139864067996826,0.04000765603157908,1.1075794449422056,0.8396946564885496
Посадас,-27.2206,-55.8339,1980-02-01,1980,2,25.7,166.0,0.46676158580673593,0.486394629683829,0.8749858240489626,2.153047989623865
Посадас,-27.2206,-55.8339,1980-03-01,1980,3,26.9,137.0,-0.379450718900441,-0.41335712692425125,0.6953179168982722,1.6976456009913259
Посадас,-27.2206,-55.8339,1980-04-01,1980,4,23.0,119.0,-0.08499524469509279,-0.05744116295915282,-0.03186881728918138,1.7246376811594204
Посадас,-27.2206,-55.8339,1980-05-01,1980,5,19.4,322.0,0.7101706103143774,0.7772278285551468,0.8058471649945286,5.5326460481099655
Посадас,-27.2206,-55.8339,1980-06-01,1980,6,15.3,49.0,0.4017167417563961,0.41775811941752444,0.06200383160144916,1.0675381263616557
Посадас,-27.2206,-55.8339,1980-07-01,1980,7,15.5,44.0,0.4779551497442977,0.5022754243026433,0.22524394316184096,0.946236559139785
Посадас,-27.2206,-55.8339,1980-08-01,1980,8,18.0,97.0,-0.8355534048683034,-0.9505744310793134,0.1415973906450743,1.7962962962962963
Посадас,-27.2206,-55.8339,1980-09-01,1980,9,17.3,110.0,-0.49471092110675013,-0.5132929417100972,-0.02411873551113785,2.1194605009633913
Посадас,-27.2206,-55.8339,1980-10-01,1980,10,21.0,206.0,-0.06878571167902948,-0.06525494645709713,0.18382202271612108,3.2698412698412698
Посадас,-27.2206,-55.8339,1980-11-01,1980,11,22.2,101.0,-0.3582671576573118,-0.3817159449572552,-0.7541739666914257,1.5165165165165164
Посадас,-27.2206,-55.8339,1980-12-01,1980,12,25.3,68.0,-0.7333120207562012,-0.857173125024467,-0.5106279400991478,0.8959156785243741
Посадас,-27.2206,-55.8339,1981-01-01,1981,1,26.1,150.0,-0.8752636316093324,-0.9795770462294251,-0.7031276752520745,1.9157088122605364
Посадас,-27.2206,-55.8339,1981-02-01,1981,2,26.8,120.0,-0.8103297089786915,-0.9017719234771115,-0.792473505350072,1.492537313432836
Посадас,-27.2206,-55.8339,1981-03-01,1981,3,23.5,135.0,-0.14459874320461216,-0.1615075652460038,-0.7072951443850598,1.9148936170212767
Посадас,-27.2206,-55.8339,1981-04-01,1981,4,21.5,212.0,0.15040332245974425,0.2046033635214575,-0.5001801795297707,3.2868217054263567
Посадас,-27.2206,-55.8339,1981-05-01,1981,5,21.6,68.0,-0.008347623072241893,-0.014722201150928102,-0.5478521403081473,1.0493827160493827
Посадас,-27.2206,-55.8339,1981-06-01,1981,6,13.8,154.0,0.13996916888837146,0.12672994601067575,-0.014651000593287267,3.7198067632850242
Посадас,-27.2206,-55.8339,1981-07-01,1981,7,15.2,10.0,-0.6137603088631868,-0.7338568906231779,-0.308026731564673,0.21929824561403508
Посадас,-27.2206,-55.8339,1981-08-01,1981,8,19.2,41.0,-0.7194199610886192,-0.8278320802313025,-0.44000862551263453,0.7118055555555556
Посадас,-27.2206,-55.8339,1981-09-01,1981,9,18.8,166.0,-0.7640385783203981,-0.8226893413131254,-0.36571286591092306,2.9432624113475176
Посадас,-27.2206,-55.8339,1981-10-01,1981,10,21.0,58.0,-0.9434863748456747,-1.0349494194922282,-1.1021890440452327,0.9206349206349206
Посадас,-27.2206,-55.8339,1981-11-01,1981,11,23.8,243.0,-0.10447912820035407,-0.09044702020189324,-0.4807322181151615,3.403361344537815
Посадас,-27.2206,-55.8339,1981-12-01,1981,12,24.8,139.0,-0.41643361267115175,-0.4947012028440269,-0.44646826705728565,1.868279569892473
Посадас,-27.2206,-55.8339,1982-01-01,1982,1,26.1,10.0,-0.4845132509911852,-0.5507563153065933,-0.9644321211134366,0.1277139208173691
Посадас,-27.2206,-55.8339,1982-02-01,1982,2,26.2,277.0,-0.26700281936992654,-0.3326986215709155,-0.2988488548607224,3.524173027989822
Посадас,-27.2206,-55.8339,1982-03-01,1982,3,24.5,100.0,-0.2618714379519559,-0.2880229707147335,-0.5380035096407996,1.3605442176870748
Посадас,-27.2206,-55.8339,1982-04-01,1982,4,21.8,56.0,-0.02687585452743435,0.007666116717619877,-0.3552084417335021,0.8562691131498471
Посадас,-27.2206,-55.8339,1982-05-01,1982,5,19.0,89.0,-0.8457360868064693,-1.0062163640831079,-0.8524048900588981,1.5614035087719298
Посадас,-27.2206,-55.8339,1982-06-01,1982,6,16.4,226.0,-0.16350025606439247,-0.21981557020536624,-0.3275902407923863,4.59349593495935
Посадас,-27.2206,-55.8339,1982-07-01,1982,7,17.5,128.0,0.6305588536738833,0.6703193938997146,0.36985103453809637,2.4380952380952383
Посадас,-27.2206,-55.8339,1982-08-01,1982,8,19.3,147.0,1.3794261604372682,1.4029740246083757,0.057300391520133234,2.538860103626943
Посадас,-27.2206,-55.8339,1982-09-01,1982,9,20.4,155.0,0.7826123711765085,0.8579065047626447,0.19778744534519974,2.5326797385620914
Посадас,-27.2206,-55.8339,1982-10-01,1982,10,21.5,116.0,-0.04026289009466973,-0.03342840318762635,0.3150761003090213,1.7984496124031009
Посадас,-27.2206,-55.8339,1982-11-01,1982,11,22.3,557.0,1.585787912379875,1.550352348696573,1.7209290049737325,8.325859491778774
Посадас,-27.2206,-55.8339,1982-12-01,1982,12,24.6,187.0,1.4490663094003073,1.5019994601061,0.8706026913480457,2.5338753387533877
Посадас,-27.2206,-55.8339,1983-01-01,1983,1,27.1,91.0,1.7987856885677318,1.7244942833715369,1.1350940129594975,1.119311193111931
Посадас,-27.2206,-55.8339,1983-02-01,1983,2,25.5,480.0,1.7116359456327266,1.7080777703616936,1.9536819406440276,6.2745098039215685
Посадас,-27.2206,-55.8339,1983-03-01,1983,3,22.8,150.0,1.8663759774616404,1.80384464618906,1.9729428844733559,2.192982456140351
Посадас,-27.2206,-55.8339,1983-04-01,1983,4,21.0,334.0,2.420924286821097,2.1381279484242808,2.3265034632252886,5.301587301587301
Посадас,-27.2206,-55.8339,1983-05-01,1983,5,18.1,582.0,2.4776589477726425,2.1656457746783104,2.456138944084164,10.718232044198896
Посадас,-27.2206,-55.8339,1983-06-01,1983,6,14.0,75.0,2.4449855834046157,2.1582569298878025,2.4056290051247404,1.7857142857142858
Посадас,-27.2206,-55.8339,1983-07-01,1983,7,14.9,292.0,2.940229239462792,2.5804131815514646,2.7594139319770203,6.532438478747204
Посадас,-27.2206,-55.8339,1983-08-01,1983,8,16.7,99.0,1.1514031194222638,1.1949218993131043,2.17659352260965,1.9760479041916168
Посадас,-27.2206,-55.8339,1983-09-01,1983,9,17.3,82.0,1.0580194955248559,1.104077712868843,1.9965374058768677,1.579961464354528
Посадас,-27.2206,-55.8339,1983-10-01,1983,10,21.9,251.0,0.039197991890054455,0.05489396287991715,2.0018510471078685,3.8203957382039575
Посадас,-27.2206,-55.8339,1983-11-01,1983,11,22.6,84.0,-0.3582671576573118,-0.3817159449572552,0.3794010798554299,1.238938053097345
Посадас,-27.2206,-55.8339,1983-12-01,1983,12,26.1,114.0,-0.373062540548759,-0.44412599573573924,0.11504798924700803,1.4559386973180077
Посадас,-27.2206,-55.8339,1984-01-01,1984,1,27.3,275.0,-0.052015261249305354,-0.061864171388959284,-0.06830624336798316,3.357753357753358
Посадас,-27.2206,-55.8339,1984-02-01,1984,2,27.0,181.0,0.6045537515822159,0.6368861667422403,0.05075891298866342,2.234567901234568
Посадас,-27.2206,-55.8339,1984-03-01,1984,3,24.3,141.0,1.0877683571563,1.1289413330874274,0.2846721504858278,1.9341563786008231
Посадас,-27.2206,-55.8339,1984-04-01,1984,4,19.4,74.0,-0.2239097176176928,-0.21350076294260226,-0.19132247104795252,1.2714776632302405
Посадас,-27.2206,-55.8339,1984-05-01,1984,5,20.1,219.0,0.07971234513505558,0.08784767639102041,0.3917052356323364,3.6318407960199006
Посадас,-27.2206,-55.8339,1984-06-01,1984,6,15.7,186.0,0.3509040280574735,0.36211821035610836,0.8425370330677261,3.949044585987261
Посадас,-27.2206,-55.8339,1984-07-01,1984,7,17.1,50.0,0.694921355833108,0.7398230838551995,0.27757720116873574,0.9746588693957114
Посадас,-27.2206,-55.8339,1984-08-01,1984,8,14.3,144.0,0.5692356675415783,0.6070397404310143,0.3140344806695358,3.3566433566433567
Посадас,-27.2206,-55.8339,1984-09-01,1984,9,18.3,174.0,0.3657035335378877,0.44601043272129454,0.362791547637956,3.169398907103825
Посадас,-27.2206,-55.8339,1984-10-01,1984,10,23.9,213.0,0.5842539642353823,0.6360221216812059,0.7923204649279925,2.9707112970711296
Посадас,-27.2206,-55.8339,1984-11-01,1984,11,23.5,288.0,0.8991269747152548,0.9688444020948177,0.9813634976408312,4.085106382978723
Посадас,-27.2206,-55.8339,1984-12-01,1984,12,23.5,136.0,0.4986751479441909,0.5674750918492443,0.2911553348497832,1.929078014184397
Посадас,-27.2206,-55.8339,1985-01-01,1985,1,26.3,53.0,-0.030778825386995657,-0.037829015800390914,0.3114408286365449,0.6717363751584284
Посадас,-27.2206,-55.8339,1985-02-01,1985,2,26.4,216.0,-0.3959039239754498,-0.4729171043766432,0.3950544729476739,2.727272727272727
Посадас,-27.2206,-55.8339,1985-03-01,1985,3,24.5,116.0,-0.2749206240180396,-0.3020165155681658,0.1943401822816853,1.5782312925170068
Посадас,-27.2206,-55.8339,1985-04-01,1985,4,20.8,294.0,0.9365347441551296,1.0103438641042808,0.6422809725842402,4.711538461538462
Посадас,-27.2206,-55.8339,1985-05-01,1985,5,18.2,245.0,1.022955013334875,1.0803920841760217,0.5883233821308943,4.487179487179487
Посадас,-27.2206,-55.8339,1985-06-01,1985,6,16.4,46.0,0.8285498934829375,0.8634207276985769,0.47567608274380535,0.934959349593496
Посадас,-27.2206,-55.8339,1985-07-01,1985,7,16.0,198.0,0.8740449341890836,0.9284018721160323,1.156808456083787,4.125
Посадас,-27.2206,-55.8339,1985-08-01,1985,8,16.8,301.0,1.6593127507921457,1.6416068333249811,1.4926052979913376,5.972222222222222
Посадас,-27.2206,-55.8339,1985-09-01,1985,9,18.8,134.0,2.000543169569676,1.8035350244201707,1.4672135368865438,2.375886524822695
Посадас,-27.2206,-55.8339,1985-10-01,1985,10,22.2,60.0,0.38942872993042016,0.43456689372498597,0.7850034274728728,0.9009009009009009
Посадас,-27.2206,-55.8339,1985-11-01,1985,11,26.2,2.0,-1.498201256088162,-1.657641294803249,-0.1910161448831573,0.02544529262086514
Посадас,-27.2206,-55.8339,1985-12-01,1985,12,28.2,61.0,-1.8848118630043413,-2.132249061934278,-0.23858798843443677,0.7210401891252955
Посадас,-27.2206,-55.8339,1986-01-01,1986,1,28.3,186.0,-1.242668624893113,-1.3672531311845881,-0.6602826011260813,2.1908127208480566
Посадас,-27.2206,-55.8339,1986-02-01,1986,2,25.5,137.0,-0.525275892134392,-0.6107217668966479,-1.355528072352387,1.7908496732026145
Посадас,-27.2206,-55.8339,1986-03-01,1986,3,22.9,263.0,1.0180572569781072,1.0622761390450166,-0.953365609000183,3.8282387190684135
Посадас,-27.2206,-55.8339,1986-04-01,1986,4,21.4,338.0,1.4534030085104215,1.4579762182468607,0.24140881169554476,5.264797507788162
Посадас,-27.2206,-55.8339,1986-05-01,1986,5,18.9,150.0,1.392479211954458,1.403028783237212,0.8382183981940954,2.6455026455026456
Посадас,-27.2206,-55.8339,1986-06-01,1986,6,18.5,237.0,1.4208840664539213,1.4067874943076926,1.5351052606972457,4.27027027027027
Посадас,-27.2206,-55.8339,1986-07-01,1986,7,16.3,75.0,0.7321863603647982,0.779658217988855,1.3927662895756483,1.5337423312883436
Посадас,-27.2206,-55.8339,1986-08-01,1986,8,18.5,99.0,0.7828158490549847,0.8318129593421342,1.3978015853697612,1.7837837837837838
Посадас,-27.2206,-55.8339,1986-09-01,1986,9,19.4,156.0,0.09740627596869433,0.15843544165517173,1.0334689179129617,2.6804123711340204
Посадас,-27.2206,-55.8339,1986-10-01,1986,10,21.0,250.0,0.4439277438183572,0.49173847023068906,0.7223421000173817,3.9682539682539684
Посадас,-27.2206,-55.8339,1986-11-01,1986,11,23.9,299.0,1.0370256325401936,1.095379119236575,1.1677987907424705,4.170153417015341
Посадас,-27.2206,-55.8339,1986-12-01,1986,12,25.6,72.0,0.4270938765777777,0.4878083638805261,0.17676586940513855,0.9375
Посадас,-27.2206,-55.8339,1987-01-01,1987,1,26.5,204.0,0.48455200430852285,0.531210922293622,0.5682052142102422,2.5660377358490565
Посадас,-27.2206,-55.8339,1987-02-01,1987,2,24.3,319.0,0.7537327954872631,0.7963362728606839,1.149953111011711,4.3758573388203015
Посадас,-27.2206,-55.8339,1987-03-01,1987,3,24.5,124.0,1.403308630581556,1.4176115770944215,1.0719842941434812,1.6870748299319729
Посадас,-27.2206,-55.8339,1987-04-01,1987,4,21.8,243.0,1.2168633482213869,1.2614187694978045,1.1296587556778084,3.7155963302752295
Посадас,-27.2206,-55.8339,1987-05-01,1987,5,15.0,209.0,0.7018348282147243,0.7687662026494199,0.9522693776833163,4.644444444444445
Посадас,-27.2206,-55.8339,1987-06-01,1987,6,14.6,202.0,1.1256632100739354,1.1471915261359533,1.50889578033597,4.6118721461187215
Посадас,-27.2206,-55.8339,1987-07-01,1987,7,19.2,389.0,2.3310776370762687,2.1787201325414527,2.04757793758172,6.753472222222222
Посадас,-27.2206,-55.8339,1987-08-01,1987,8,16.2,51.0,2.25181720792287,2.0929342790228778,1.5361167850581188,1.0493827160493827
Посадас,-27.2206,-55.8339,1987-09-01,1987,9,17.7,114.0,1.5500230508644575,1.4944548323186095,1.4427426590654937,2.146892655367232
Посадас,-27.2206,-55.8339,1987-10-01,1987,10,21.1,138.0,-0.7142864059884932,-0.7858160115260534,1.1990047813624103,2.1800947867298577
Посадас,-27.2206,-55.8339,1987-11-01,1987,11,24.2,129.0,-0.5436625756155632,-0.5944350169125829,0.8779433709145975,1.7768595041322315
Посадас,-27.2206,-55.8339,1987-12-01,1987,12,24.6,108.0,-0.7333120207562012,-0.857173125024467,0.12995874112675118,1.4634146341463414
Посадас,-27.2206,-55.8339,1988-01-01,1988,1,26.6,217.0,-0.15307342288969317,-0.17642952457272296,-0.6135834086493116,2.719298245614035
Посадас,-27.2206,-55.8339,1988-02-01,1988,2,24.5,92.0,-0.3221887813348216,-0.39304940235546226,-0.6425520773462198,1.251700680272109
Посадас,-27.2206,-55.8339,1988-03-01,1988,3,27.2,42.0,-0.4973386977690479,-0.5370344768433837,-0.8955954412431034,0.5147058823529411
Посадас,-27.2206,-55.8339,1988-04-01,1988,4,20.1,202.0,-0.5531942430066796,-0.580874195397075,-0.4853472991796819,3.3499170812603647
Посадас,-27.2206,-55.8339,1988-05-01,1988,5,14.7,50.0,-0.5964756625640437,-0.7120303949500019,-0.7050037089505059,1.1337868480725624
Посадас,-27.2206,-55.8339,1988-06-01,1988,6,13.9,58.0,-0.46553814667366367,-0.5660485447597922,-0.6991427804841711,1.3908872901678657
Посадас,-27.2206,-55.8339,1988-07-01,1988,7,14.0,6.0,-1.398317900530886,-1.5269952664021438,-1.2596777291957886,0.14285714285714285
Посадас,-27.2206,-55.8339,1988-08-01,1988,8,18.3,23.0,-1.6142497672832494,-1.7374425768958017,-1.3722787146383304,0.41894353369763204
Посадас,-27.2206,-55.8339,1988-09-01,1988,9,18.4,195.0,-0.7079267849952304,-0.75842525123591,-0.8108314150089511,3.532608695652174
Посадас,-27.2206,-55.8339,1988-10-01,1988,10,20.4,257.0,0.27953922874834636,0.31754083775246345,-0.7646784294863932,4.199346405228758
Посадас,-27.2206,-55.8339,1988-11-01,1988,11,23.6,119.0,0.40792626281556266,0.4773708958283779,-0.5397525730626496,1.6807909604519775
Посадас,-27.2206,-55.8339,1988-12-01,1988,12,26.1,130.0,-0.10171340669509317,-0.12496456796624691,-0.2935511710290112,1.6602809706257982
Посадас,-27.2206,-55.8339,1989-01-01,1989,1,24.9,229.0,-0.025471930029533393,-0.03182593935443447,0.10980473958530353,3.0655957161981258
Посадас,-27.2206,-55.8339,1989-02-01,1989,2,25.5,80.0,-0.18744090519352227,-0.24496135862842597,0.13649022549135953,1.0457516339869282
Посадас,-27.2206,-55.8339,1989-03-01,1989,3,23.6,92.0,-0.17063295426231265,-0.18969789377999013,-0.24096112260550404,1.2994350282485876
Посадас,-27.2206,-55.8339,1989-04-01,1989,4,20.5,219.0,-0.25087797272320594,-0.24380599552960072,-0.19132247104795252,3.5609756097560976
Посадас,-27.2206,-55.8339,1989-05-01,1989,5,17.1,46.0,-0.2845196124796416,-0.34116952583925425,-0.3852435227876809,0.8966861598440545
Посадас,-27.2206,-55.8339,1989-06-01,1989,6,15.0,260.0,0.5614513252660706,0.5893651220514543,0.3146270909189579,5.777777777777778
Посадас,-27.2206,-55.8339,1989-07-01,1989,7,13.6,87.0,0.3555805119757172,0.3647189755725733,0.02347583110962577,2.1323529411764706
Посадас,-27.2206,-55.8339,1989-08-01,1989,8,17.2,198.0,1.6593127507921457,1.6416068333249811,0.6265480733020982,3.8372093023255816
Посадас,-27.2206,-55.8339,1989-09-01,1989,9,16.9,133.0,0.7038179443648177,0.7836395315486263,0.6887813547601621,2.6232741617357003
Посадас,-27.2206,-55.8339,1989-10-01,1989,10,20.6,277.0,0.9886128238219906,1.0254381307178158,0.8468217218198293,4.482200647249191
Посадас,-27.2206,-55.8339,1989-11-01,1989,11,23.3,68.0,-0.049275354631101664,-0.027536626470451513,0.8779433709145975,0.9728183118741058
Посадас,-27.2206,-55.8339,1989-12-01,1989,12,26.2,150.0,-0.15361508305068433,-0.18619861590620204,0.09586700072876848,1.9083969465648856
Посадас,-27.2206,-55.8339,1990-01-01,1990,1,26.1,225.0,-0.2117105145952777,-0.24294886435511906,0.46598357517194633,2.8735632183908044
Посадас,-27.2206,-55.8339,1990-02-01,1990,2,25.4,84.0,-0.06538455168210074,-0.10904129596954135,-0.135732464972412,1.1023622047244095
Посадас,-27.2206,-55.8339,1990-03-01,1990,3,25.0,143.0,0.16018296155814776,0.170523795456866,-0.08981821349230827,1.9066666666666667
Посадас,-27.2206,-55.8339,1990-04-01,1990,4,21.6,373.0,0.8124477381132582,0.8927523954885073,0.4389182376074984,5.756172839506172
Посадас,-27.2206,-55.8339,1990-05-01,1990,5,16.7,134.0,1.0031093017114403,1.0619900031295553,0.7534360110359404,2.6746506986027945
Посадас,-27.2206,-55.8339,1990-06-01,1990,6,13.6,239.0,1.5062760015385774,1.477876267036362,1.222691223521411,5.857843137254902
Посадас,-27.2206,-55.8339,1990-07-01,1990,7,13.0,53.0,0.5383185502181278,0.5692578316086235,0.8852706262824702,1.358974358974359
Посадас,-27.2206,-55.8339,1990-08-01,1990,8,17.9,141.0,0.9318031632316616,0.9825370792512398,1.1870314275426848,2.625698324022346
Посадас,-27.2206,-55.8339,1990-09-01,1990,9,17.0,261.0,0.9440184718837827,1.0046950211273487,1.4254567552765574,5.117647058823529
Посадас,-27.2206,-55.8339,1990-10-01,1990,10,23.0,283.0,1.3772224836396307,1.360960707708156,1.225240391476221,4.101449275362318
Посадас,-27.2206,-55.8339,1990-11-01,1990,11,24.8,252.0,1.445505472452144,1.4410761526378308,1.4786251912579682,3.3870967741935485
Посадас,-27.2206,-55.8339,1990-12-01,1990,12,25.0,262.0,1.18909844417428,1.2702458491372455,0.7965110310965904,3.493333333333333
Посадас,-27.2206,-55.8339,1991-01-01,1991,1,26.7,103.0,0.7021872725152223,0.7576087699925381,1.2810137233964505,1.285892634207241
Посадас,-27.2206,-55.8339,1991-02-01,1991,2,25.1,12.0,-0.5685053000836515,-0.6560263441390495,0.7274444368154986,0.1593625498007968
Посадас,-27.2206,-55.8339,1991-03-01,1991,3,25.5,83.0,-1.5121582537540204,-1.482753633573908,0.09220949231207952,1.0849673202614378
Посадас,-27.2206,-55.8339,1991-04-01,1991,4,21.6,204.0,-0.7627416710150373,-0.8085839072442693,-0.01710995106194163,3.1481481481481484
Посадас,-27.2206,-55.8339,1991-05-01,1991,5,19.5,187.0,0.2612613126240292,0.29545867642906226,-0.1763277368163604,3.1965811965811968
Посадас,-27.2206,-55.8339,1991-06-01,1991,6,16.5,140.0,0.5885402448458562,0.6179276341881548,-0.4395497971137654,2.8282828282828283
Посадас,-27.2206,-55.8339,1991-07-01,1991,7,15.6,69.0,0.3723996416470268,0.3837492014513539,-0.3237396913467758,1.4743589743589745
Посадас,-27.2206,-55.8339,1991-08-01,1991,8,18.0,6.0,-0.6423083541276088,-0.7451088702758519,-0.1653848284738879,0.1111111111111111
Посадас,-27.2206,-55.8339,1991-09-01,1991,9,21.2,55.0,-1.4737835539104225,-1.6305083520452117,-0.32749591717804954,0.8647798742138365
Посадас,-27.2206,-55.8339,1991-10-01,1991,10,21.9,150.0,-1.2689796765645054,-1.381563816077506,-0.6960497893480141,2.2831050228310503
Посадас,-27.2206,-55.8339,1991-11-01,1991,11,23.5,116.0,-0.8562954972355725,-0.9482322792166364,-1.048417866697017,1.6453900709219857
Посадас,-27.2206,-55.8339,1991-12-01,1991,12,26.1,269.0,0.03402126886625893,0.034917392581501415,-0.42982875059110587,3.4355044699872286
Посадас,-27.2206,-55.8339,1992-01-01,1992,1,25.9,45.0,-0.2811176131366779,-0.32161421145953795,-1.0185921496001675,0.5791505791505791
Посадас,-27.2206,-55.8339,1992-02-01,1992,2,26.0,200.0,0.2681325123507046,0.2655058945953336,-0.510477501844411,2.5641025641025643
Посадас,-27.2206,-55.8339,1992-03-01,1992,3,23.5,234.0,0.3343456195829588,0.35946146449195315,0.16412370254723446,3.3191489361702127
Посадас,-27.2206,-55.8339,1992-04-01,1992,4,20.7,227.0,1.1010547190606181,1.1601325682550012,0.6023600698732388,3.655394524959742
Посадас,-27.2206,-55.8339,1992-05-01,1992,5,18.7,136.0,0.7888114801260526,0.8560871158825368,0.7600286786554757,2.4242424242424243
Посадас,-27.2206,-55.8339,1992-06-01,1992,6,18.4,251.0,0.9546970951375303,0.9866862017593692,0.8982736042674438,4.547101449275362
Посадас,-27.2206,-55.8339,1992-07-01,1992,7,13.2,38.0,0.5328532364723223,0.5632195129314097,1.0711599600608428,0.9595959595959596
Посадас,-27.2206,-55.8339,1992-08-01,1992,8,16.0,94.0,0.590094672073632,0.6294102616338535,0.8818926918863108,1.9583333333333333
Посадас,-27.2206,-55.8339,1992-09-01,1992,9,17.2,107.0,-0.5888201822669986,-0.6216187828297941,0.3839270499182149,2.0736434108527133
Посадас,-27.2206,-55.8339,1992-10-01,1992,10,21.0,297.0,0.4058094685179994,0.451814220549698,0.5564854561092047,4.714285714285714
Посадас,-27.2206,-55.8339,1992-11-01,1992,11,22.6,131.0,0.23297911064556556,0.2884211279865285,0.5108840751003629,1.9321533923303835
Посадас,-27.2206,-55.8339,1992-12-01,1992,12,25.9,131.0,0.14513852123639623,0.1649666733609727,-0.14940641240010868,1.685971685971686
Посадас,-27.2206,-55.8339,1993-01-01,1993,1,26.1,208.0,-0.06795175797219391,-0.07991292337954947,0.16513888211929467,2.656449553001277
Посадас,-27.2206,-55.8339,1993-02-01,1993,2,23.9,53.0,-0.4759355242965671,-0.5585453197417749,-0.1729330732464442,0.7391910739191074
Посадас,-27.2206,-55.8339,1993-03-01,1993,3,24.4,159.0,-0.04710418768707245,-0.05555367797908426,0.03154496185696077,2.1721311475409837
Посадас,-27.2206,-55.8339,1993-04-01,1993,4,22.7,64.0,-0.8956731399340181,-0.9492962890017586,-0.647785227983075,0.9397944199706314
Посадас,-27.2206,-55.8339,1993-05-01,1993,5,18.3,39.0,-0.7588214751599143,-0.9038829409352598,-0.9142421614869133,0.7103825136612022
Посадас,-27.2206,-55.8339,1993-06-01,1993,6,16.4,75.0,-1.1272683434983852,-1.3089055475542681,-0.9334763193025843,1.5243902439024393
Посадас,-27.2206,-55.8339,1993-07-01,1993,7,14.9,122.0,-0.5880230231148561,-0.705992994521249,-1.031384355391519,2.7293064876957494
Посадас,-27.2206,-55.8339,1993-08-01,1993,8,16.5,25.0,-0.5885135448966542,-0.6868354333573797,-0.9794007243767188,0.5050505050505051
Посадас,-27.2206,-55.8339,1993-09-01,1993,9,17.6,140.0,-0.21896278778146575,-0.19671967972108573,-1.0669868041933777,2.6515151515151514
Посадас,-27.2206,-55.8339,1993-10-01,1993,10,22.7,191.0,-0.39919039955860136,-0.43580785988979476,-0.7532944907953941,2.804698972099853
Посадас,-27.2206,-55.8339,1993-11-01,1993,11,22.8,149.0,-0.03926347880894726,-0.01615616666263626,-0.35437613084725594,2.1783625730994154
Посадас,-27.2206,-55.8339,1993-12-01,1993,12,25.6,186.0,-0.007931984582330428,-0.014420389866081266,-0.1174672349852347,2.421875
Посадас,-27.2206,-55.8339,1994-01-01,1994,1,26.5,236.0,0.4637198076374215,0.5090085925030692,0.01347156641944575,2.9685534591194966
Посадас,-27.2206,-55.8339,1994-02-01,1994,2,24.8,246.0,1.1858494673310478,1.232724498949414,0.6397373897766984,3.306451612903226
Посадас,-27.2206,-55.8339,1994-03-01,1994,3,23.3,117.0,1.1004317131145975,1.1409395864072298,0.5766930110266726,1.6738197424892705
Посадас,-27.2206,-55.8339,1994-04-01,1994,4,21.3,227.0,0.7642834668129268,0.8460482944564057,0.8295766784947337,3.5524256651017216
Посадас,-27.2206,-55.8339,1994-05-01,1994,5,20.2,191.0,0.5284535100029025,0.5884136560534428,1.050363801612629,3.1518151815181517
Посадас,-27.2206,-55.8339,1994-06-01,1994,6,16.6,162.0,0.8066091988369679,0.8415667732771223,1.166501481321109,3.2530120481927707
Посадас,-27.2206,-55.8339,1994-07-01,1994,7,17.0,141.0,0.8999954373951401,0.9550953643837379,1.065153347833197,2.764705882352941
Посадас,-27.2206,-55.8339,1994-08-01,1994,8,18.0,54.0,0.4079386555887064,0.43137688600675,0.5922987755737206,1.0
Посадас,-27.2206,-55.8339,1994-09-01,1994,9,20.6,255.0,0.9120276721480276,0.9761707920996339,0.9599467727896726,4.12621359223301
Посадас,-27.2206,-55.8339,1994-10-01,1994,10,23.0,215.0,0.5466671024751859,0.5978057232433842,0.9077718459923831,3.1159420289855073
Посадас,-27.2206,-55.8339,1994-11-01,1994,11,22.7,252.0,1.114441598273062,1.1641926278727923,1.0563671287863925,3.700440528634361
Посадас,-27.2206,-55.8339,1994-12-01,1994,12,27.1,129.0,0.3142827019326591,0.36018808875928315,0.37734650149268856,1.5867158671586716
Посадас,-27.2206,-55.8339,1995-01-01,1995,1,25.8,176.0,0.3906658619397959,0.4304858255389465,0.5716980280062423,2.2739018087855296
Посадас,-27.2206,-55.8339,1995-02-01,1995,2,24.9,186.0,0.12904024663818986,0.10928881432664275,0.8648353350853183,2.4899598393574296
Посадас,-27.2206,-55.8339,1995-03-01,1995,3,23.6,236.0,1.094100472557343,1.134945185516126,0.8219326571945853,3.3333333333333335
Посадас,-27.2206,-55.8339,1995-04-01,1995,4,20.3,68.0,0.26837192012092487,0.33354414849722314,0.4527581668146667,1.116584564860427
Посадас,-27.2206,-55.8339,1995-05-01,1995,5,16.3,57.0,-0.26512016666944593,-0.31810102732146467,-0.17253245894465855,1.165644171779141
Посадас,-27.2206,-55.8339,1995-06-01,1995,6,17.7,175.0,-0.5156723765030489,-0.623137402478142,0.20998098342282523,3.2956685499058382
Посадас,-27.2206,-55.8339,1995-07-01,1995,7,18.5,46.0,-0.3228851991283315,-0.41227159280279546,-0.03836706969493519,0.8288288288288288
Посадас,-27.2206,-55.8339,1995-08-01,1995,8,18.7,21.0,-0.4357834002515495,-0.5190416552447491,-0.5079787035907908,0.37433155080213903
Посадас,-27.2206,-55.8339,1995-09-01,1995,9,20.1,180.0,-0.5259613863281866,-0.5492747902838686,-0.7618657659387671,2.985074626865672
Посадас,-27.2206,-55.8339,1995-10-01,1995,10,20.5,161.0,-0.3639694024592139,-0.39632012184263193,-0.5683319174005651,2.6178861788617884
Посадас,-27.2206,-55.8339,1995-11-01,1995,11,25.5,9.0,-0.7047652769381507,-0.7777479542790308,-0.8168671871717461,0.11764705882352941
Посадас,-27.2206,-55.8339,1995-12-01,1995,12,26.9,167.0,-0.9206899580239162,-1.0644559801286755,-0.5966687968730755,2.0693928128872368
Посадас,-27.2206,-55.8339,1996-01-01,1996,1,26.7,197.0,-0.5863656991358306,-0.6642221357785614,-0.6924407950801698,2.459425717852684
Посадас,-27.2206,-55.8339,1996-02-01,1996,2,24.8,314.0,1.2446452857462904,1.2889099020385193,0.2034028403623844,4.220430107526882
Посадас,-27.2206,-55.8339,1996-03-01,1996,3,24.1,55.0,0.8910371147008957,0.9381663358208325,-0.2560088627698918,0.7607192254495159
Посадас,-27.2206,-55.8339,1996-04-01,1996,4,22.2,84.0,0.07783152650066616,0.12436147724185678,-0.3514839098774997,1.2612612612612613
Посадас,-27.2206,-55.8339,1996-05-01,1996,5,18.5,86.0,-0.9482048975263239,-1.1267414621734972,0.020194778653576936,1.5495495495495495
Посадас,-27.2206,-55.8339,1996-06-01,1996,6,13.5,53.0,-0.9039049559772185,-1.0596063968810812,-0.20762871080224296,1.308641975308642
Посадас,-27.2206,-55.8339,1996-07-01,1996,7,13.0,68.0,-0.7764278347447883,-0.9070124694063583,-0.4612263405849224,1.7435897435897436
Посадас,-27.2206,-55.8339,1996-08-01,1996,8,19.1,116.0,-0.47382197964446393,-0.5611371799883974,-1.0648029216068067,2.024432809773124
Посадас,-27.2206,-55.8339,1996-09-01,1996,9,18.0,109.0,-0.17397558366050475,-0.14548304054144479,-0.8782977977528125,2.0185185185185186
Посадас,-27.2206,-55.8339,1996-10-01,1996,10,20.6,472.0,1.4364534044163668,1.4088680392388488,0.4833668530914849,7.6375404530744335
Посадас,-27.2206,-55.8339,1996-11-01,1996,11,24.2,197.0,1.365844810750246,1.3769512990719754,0.8514716212585094,2.713498622589532
Посадас,-27.2206,-55.8339,1996-12-01,1996,12,24.6,386.0,2.2160915530786323,2.0943545846185856,0.9814503130904473,5.230352303523035
Посадас,-27.2206,-55.8339,1997-01-01,1997,1,27.9,86.0,0.9688006596117855,1.0197172791765268,1.4619430937088729,1.027479091995221
Посадас,-27.2206,-55.8339,1997-02-01,1997,2,26.5,93.0,0.5746437564034216,0.6044586966336388,1.2836216589877811,1.169811320754717
Посадас,-27.2206,-55.8339,1997-03-01,1997,3,24.4,97.0,-0.9919090519420192,-1.0267603992990855,1.273369964107617,1.325136612021858
Посадас,-27.2206,-55.8339,1997-04-01,1997,4,20.4,97.0,-0.8318341546842152,-0.8821209946152218,0.12945042416062397,1.5849673202614378
Посадас,-27.2206,-55.8339,1997-05-01,1997,5,18.7,121.0,-0.49122075514452046,-0.5871061409175474,-0.06647463353108786,2.156862745098039
Посадас,-27.2206,-55.8339,1997-06-01,1997,6,16.2,132.0,-0.26665681718204387,-0.33832385893062694,-0.8302192601439721,2.7160493827160495
Посадас,-27.2206,-55.8339,1997-07-01,1997,7,18.6,97.0,0.10976411070565933,0.08347476693278112,-0.5513703085705419,1.7383512544802868
Посадас,-27.2206,-55.8339,1997-08-01,1997,8,18.4,94.0,0.1649600956396489,0.15972807266433456,-0.36809077179532823,1.7028985507246377
Посадас,-27.2206,-55.8339,1997-09-01,1997,9,20.9,166.0,0.28908560553817053,0.3654885789333905,-0.1523367780901972,2.6475279106858056
Посадас,-27.2206,-55.8339,1997-10-01,1997,10,21.6,457.0,1.5344068999621414,1.4863121106271595,1.078441135990229,7.052469135802469
Посадас,-27.2206,-55.8339,1997-11-01,1997,11,24.5,292.0,1.958874013259248,1.820085720103914,1.5016092128167857,3.9727891156462585
Посадас,-27.2206,-55.8339,1997-12-01,1997,12,26.2,537.0,3.0609206734602643,2.627172022584161,1.501311862947246,6.8320610687022905
Посадас,-27.2206,-55.8339,1998-01-01,1998,1,27.0,126.0,2.3793615888405526,2.131737921403345,2.197145031929157,1.5555555555555556
Посадас,-27.2206,-55.8339,1998-02-01,1998,2,25.4,262.0,2.6678120967223253,2.43847305969461,2.5300898405886825,3.438320209973753
Посадас,-27.2206,-55.8339,1998-03-01,1998,3,23.5,192.0,0.9799882353931172,1.0254337944676324,2.6191661367063803,2.723404255319149
Посадас,-27.2206,-55.8339,1998-04-01,1998,4,20.7,447.0,2.160318789949933,1.9720129920474618,2.4234199079646745,7.1980676328502415
Посадас,-27.2206,-55.8339,1998-05-01,1998,5,18.0,161.0,1.5732404992239821,1.5477522966002095,2.280764234371204,2.9814814814814814
Посадас,-27.2206,-55.8339,1998-06-01,1998,6,16.3,112.0,1.4004261209339404,1.38949644561049,1.5062601199992864,2.2903885480572597
Посадас,-27.2206,-55.8339,1998-07-01,1998,7,18.0,124.0,0.3779966803496932,0.39007394080430663,1.6391226464791364,2.2962962962962963
Посадас,-27.2206,-55.8339,1998-08-01,1998,8,17.5,193.0,0.9048710266065938,0.9556808481654752,1.5622807837959376,3.676190476190476
Посадас,-27.2206,-55.8339,1998-09-01,1998,9,18.1,219.0,1.4434944643007892,1.4149647481154173,1.5578694139089753,4.033149171270718
Посадас,-27.2206,-55.8339,1998-10-01,1998,10,22.3,210.0,1.0604010240478459,1.0902644232668572,0.9113296700441756,3.1390134529147984
Посадас,-27.2206,-55.8339,1998-11-01,1998,11,24.1,62.0,0.015662342705293444,0.0460941042024649,0.5182653863696677,0.8575380359612724
Посадас,-27.2206,-55.8339,1998-12-01,1998,12,24.7,125.0,-0.6254174833915624,-0.7353335893406305,0.13847566657411478,1.6869095816464237
Посадас,-27.2206,-55.8339,1999-01-01,1999,1,26.5,114.0,-0.9709147576846133,-1.081744366965306,-0.0013840354704644892,1.4339622641509433
Посадас,-27.2206,-55.8339,1999-02-01,1999,2,26.3,117.0,-0.6985121562885312,-0.789820448539399,-0.4671065609914596,1.4828897338403042
Посадас,-27.2206,-55.8339,1999-03-01,1999,3,26.7,139.0,-0.3729104576650677,-0.4064334635485186,-0.7532682912544538,1.735330836454432
Посадас,-27.2206,-55.8339,1999-04-01,1999,4,21.0,217.0,0.18132683267720145,0.23859737800807254,-0.5446098827733571,3.4444444444444446
Посадас,-27.2206,-55.8339,1999-05-01,1999,5,16.5,124.0,0.28805211798937863,0.32556861255069236,-0.23329349440471064,2.505050505050505
Посадас,-27.2206,-55.8339,1999-06-01,1999,6,15.5,121.0,0.271796824701715,0.27460937377192324,-0.04157314506449846,2.6021505376344085
Посадас,-27.2206,-55.8339,1999-07-01,1999,7,14.9,168.0,0.4669216716896225,0.4899655427474701,0.4063083600367808,3.7583892617449663
Посадас,-27.2206,-55.8339,1999-08-01,1999,8,17.7,12.0,0.004815207511373846,-0.021936340119551864,0.1908828716514514,0.22598870056497175
Посадас,-27.2206,-55.8339,1999-09-01,1999,9,21.2,190.0,0.37954471434084003,0.46040820280102646,0.3095479046623363,2.9874213836477987
Посадас,-27.2206,-55.8339,1999-10-01,1999,10,21.1,149.0,-0.42861672783476185,-0.46876318093992325,-0.07361476695997546,2.353870458135861
Посадас,-27.2206,-55.8339,1999-11-01,1999,11,24.4,83.0,-0.3326852763935685,-0.3522967942126215,-0.26622772454208393,1.133879781420765
Посадас,-27.2206,-55.8339,1999-12-01,1999,12,26.1,273.0,-0.10642235161333277,-0.13052007390558204,0.014796521440368504,3.4865900383141764
Посадас,-27.2206,-55.8339,2000-01-01,2000,1,26.9,222.0,0.5001642924823723,0.5477926764792213,0.020896517361965804,2.7509293680297398
Посадас,-27.2206,-55.8339,2000-02-01,2000,2,26.6,137.0,0.9733941489510041,1.0232245093232124,0.299599351647086,1.7167919799498748
Посадас,-27.2206,-55.8339,2000-03-01,2000,3,25.1,41.0,-0.17714385920322034,-0.19673969788392293,-0.2484868978881347,0.5444887118193891
Посадас,-27.2206,-55.8339,2000-04-01,2000,4,22.9,123.0,-0.7512812318083957,-0.7963060457046592,-0.15413764789537243,1.7903930131004366
Посадас,-27.2206,-55.8339,2000-05-01,2000,5,16.8,155.0,-0.47130782977370217,-0.5634338650013166,0.1989804939221477,3.0753968253968256
Посадас,-27.2206,-55.8339,2000-06-01,2000,6,17.6,187.0,0.28580803950130057,0.29018249365090093,0.08491085273588246,3.5416666666666665
Посадас,-27.2206,-55.8339,2000-07-01,2000,7,12.6,89.0,0.5655789538647713,0.5992946529662923,-0.17861755018705558,2.3544973544973544
Посадас,-27.2206,-55.8339,2000-08-01,2000,8,18.4,41.0,0.1215125475252689,0.11056129071256199,-0.37607640342288434,0.7427536231884058
Посадас,-27.2206,-55.8339,2000-09-01,2000,9,20.1,85.0,-0.780128897822017,-0.8410911353675349,-0.2549854823208069,1.4096185737976783
Посадас,-27.2206,-55.8339,2000-10-01,2000,10,23.1,416.0,0.6430344637481648,0.6951283405530693,0.744552298065568,6.002886002886003
Посадас,-27.2206,-55.8339,2000-11-01,2000,11,23.8,143.0,0.7548769147467894,0.831016989952721,0.6663037114855747,2.0028011204481793
Посадас,-27.2206,-55.8339,2000-12-01,2000,12,26.2,154.0,0.8322516920504516,0.922746571512188,0.12782914881552043,1.9592875318066159
Посадас,-27.2206,-55.8339,2001-01-01,2001,1,26.8,281.0,0.5001642924823723,0.5477926764792213,0.7061179833917578,3.4950248756218905
Посадас,-27.2206,-55.8339,2001-02-01,2001,2,26.8,156.0,0.7299055364958494,0.7711400362439743,0.938755476733749,1.9402985074626866
Посадас,-27.2206,-55.8339,2001-03-01,2001,3,26.3,139.0,0.9545912800278543,1.0006853831974332,1.1403036435615452,1.761723700887199
Посадас,-27.2206,-55.8339,2001-04-01,2001,4,23.2,136.0,-0.03741470272271386,-0.004125779555722482,0.3197951076115809,1.9540229885057472
Посадас,-27.2206,-55.8339,2001-05-01,2001,5,17.7,37.0,-0.5061849648624109,-0.6048885727956842,0.020194778653576936,0.696798493408663
Посадас,-27.2206,-55.8339,2001-06-01,2001,6,16.8,102.0,-0.6415262040890148,-0.7657030753610391,0.03139364331202288,2.0238095238095237
Посадас,-27.2206,-55.8339,2001-07-01,2001,7,17.3,57.0,-0.8489267747884846,-0.9825163739506222,-0.5904602923855136,1.0982658959537572
Посадас,-27.2206,-55.8339,2001-08-01,2001,8,20.6,88.0,-0.39784657384064825,-0.4768752175457196,-0.6836018452707486,1.4239482200647249
Посадас,-27.2206,-55.8339,2001-09-01,2001,9,19.4,88.0,-0.6362715963517601,-0.6761759053671648,-0.908147751215842,1.5120274914089347
Посадас,-27.2206,-55.8339,2001-10-01,2001,10,22.7,105.0,-0.846773219645701,-0.9304485343139811,-1.1723991034687153,1.5418502202643172
Посадас,-27.2206,-55.8339,2001-11-01,2001,11,24.4,198.66666666666669,-0.48852084129092593,-0.5313063216703398,-0.6211975737873082,2.714025500910747
Посадас,-27.2206,-55.8339,2001-12-01,2001,12,27.6,292.33333333333337,0.3142827019326591,0.36018808875928315,-0.08336300048906069,3.5305958132045094
Посадас,-27.2206,-55.8339,2002-01-01,2002,1,26.1,386.0,2.0037885201820753,1.8752465927875372,0.8334930090004347,4.929757343550447
Посадас,-27.2206,-55.8339,2002-02-01,2002,2,25.5,25.0,1.393171773854194,1.427381073110045,0.4497045125092288,0.32679738562091504
Посадас,-27.2206,-55.8339,2002-03-01,2002,3,26.6,232.0,1.3781449968090644,1.3953740272807933,0.9756955064471473,2.907268170426065
Посадас,-27.2206,-55.8339,2002-04-01,2002,4,22.7,245.0,0.3293155897331545,0.39928732655980737,1.4473256955044325,3.5976505139500734
Посадас,-27.2206,-55.8339,2002-05-01,2002,5,20.3,308.0,1.5184345342366554,1.5047301246244078,1.797988895090276,5.057471264367816
Посадас,-27.2206,-55.8339,2002-06-01,2002,6,15.8,47.0,0.8940331167629975,0.927917518048445,1.351473399953581,0.9915611814345991
Посадас,-27.2206,-55.8339,2002-07-01,2002,7,14.9,146.0,0.9361623001032315,0.9920232929794841,0.8108719024241077,3.266219239373602
Посадас,-27.2206,-55.8339,2002-08-01,2002,8,19.1,245.0,0.9653716791518978,1.0157658169741097,1.5480491160990373,4.275741710296684
Посадас,-27.2206,-55.8339,2002-09-01,2002,9,18.8,81.0,1.051733231235879,1.0986889634321573,1.0823563490156844,1.4361702127659575
Посадас,-27.2206,-55.8339,2002-10-01,2002,10,23.1,168.0,0.3839625564492596,0.4287996874946338,0.8251014664906204,2.4242424242424243
Посадас,-27.2206,-55.8339,2002-11-01,2002,11,22.9,111.0,-0.6526737369307347,-0.718685642742664,0.04382414465053469,1.6157205240174672
Посадас,-27.2206,-55.8339,2002-12-01,2002,12,25.5,301.0,0.24146046708036076,0.27663513973390125,0.38990107241804794,3.934640522875817
Посадас,-27.2206,-55.8339,2003-01-01,2003,1,26.7,0.0,-0.37738466815786564,-0.430405387355782,-0.06458608271337993,0.0
Посадас,-27.2206,-55.8339,2003-02-01,2003,2,25.7,278.0,0.658329281707993,0.6948184727646654,-0.1282857516869893,3.6057068741893645
Посадас,-27.2206,-55.8339,2003-03-01,2003,3,24.5,206.0,0.36652464161035747,0.3941149796319839,0.3520225036651331,2.802721088435374
Посадас,-27.2206,-55.8339,2003-04-01,2003,4,21.9,113.0,0.7980243696389664,0.8788280607721396,0.3197951076115809,1.7199391171993912
Посадас,-27.2206,-55.8339,2003-05-01,2003,5,19.2,0.0,-0.47130782977370217,-0.5634338650013166,0.0013979172410072504,0.0
Посадас,-27.2206,-55.8339,2003-06-01,2003,6,19.7,61.0,-1.146716359749755,-1.3307867055918303,-0.7104572424285014,1.0321489001692048
Посадас,-27.2206,-55.8339,2003-07-01,2003,7,16.4,0.0,-1.7341308361369627,-1.8597533917885767,-0.46907509984051854,0.0
Посадас,-27.2206,-55.8339,2003-08-01,2003,8,15.8,24.0,-1.6280070439348417,-1.7517023439354653,-1.286155070051007,0.5063291139240507
Посадас,-27.2206,-55.8339,2003-09-01,2003,9,19.8,78.0,-1.6894141447105775,-1.8919597955953136,-1.72660420023003,1.3131313131313131
Посадас,-27.2206,-55.8339,2003-10-01,2003,10,23.5,249.0,-0.42861672783476185,-0.46876318093992325,-1.3925052408987584,3.5319148936170213
Посадас,-27.2206,-55.8339,2003-11-01,2003,11,22.7,77.0,-0.4249780927952939,-0.45839105179777206,-1.238847392483207,1.1306901615271658
Посадас,-27.2206,-55.8339,2003-12-01,2003,12,23.8,303.0,0.46294445530463063,0.5278442227011185,-0.2914413073345751,4.243697478991597
Посадас,-27.2206,-55.8339,2004-01-01,2004,1,26.5,69.0,-0.1797155554813148,-0.20665512730719585,-0.457265261790302,0.8679245283018868
Посадас,-27.2206,-55.8339,2004-02-01,2004,2,25.5,42.0,-0.34060319879346745,-0.4130843377305175,-0.5714853520632257,0.5490196078431373
Посадас,-27.2206,-55.8339,2004-03-01,2004,3,24.7,34.0,-1.8691849754206527,-1.7616440783302347,-0.7285621280208258,0.45883940620782726
Посадас,-27.2206,-55.8339,2004-04-01,2004,4,22.9,176.0,-1.0366805651217181,-1.0948783135517552,-0.8116824356316672,2.561863173216885
Посадас,-27.2206,-55.8339,2004-05-01,2004,5,15.1,33.0,-0.8559786149731656,-1.0182651198508468,-0.9033674737263243,0.7284768211920529
Посадас,-27.2206,-55.8339,2004-06-01,2004,6,16.8,1.0,-0.9690765210082058,-1.132189017573093,-1.7564236600443595,0.01984126984126984
Посадас,-27.2206,-55.8339,2004-07-01,2004,7,15.7,33.0,-1.698638610727377,-1.822814027956642,-1.715675322430808,0.7006369426751592
Посадас,-27.2206,-55.8339,2004-08-01,2004,8,16.6,53.0,-1.6142497672832494,-1.7374425768958017,-1.5597461641020152,1.0642570281124497
Посадас,-27.2206,-55.8339,2004-09-01,2004,9,19.9,149.0,-0.6204256265800631,-0.6579638130412122,-1.139856440318625,2.4958123953098825
Посадас,-27.2206,-55.8339,2004-10-01,2004,10,21.2,90.0,-0.7804380903954327,-0.858246464835992,-1.5629684267442943,1.4150943396226414
Посадас,-27.2206,-55.8339,2004-11-01,2004,11,22.3,231.0,-0.08940039888792539,-0.07323804259579066,-0.9621132603241672,3.4529147982062782
Посадас,-27.2206,-55.8339,2004-12-01,2004,12,25.1,92.0,-0.547334448356781,-0.6460884477648577,-0.46514853540589524,1.2217795484727756
Посадас,-27.2206,-55.8339,2005-01-01,2005,1,26.6,43.0,-0.6238904867882651,-0.7057490786064351,-0.9610276851558929,0.5388471177944862
Посадас,-27.2206,-55.8339,2005-02-01,2005,2,26.5,8.0,-2.0452025547266226,-1.9402582741959598,-1.2554177155484778,0.10062893081761007
Посадас,-27.2206,-55.8339,2005-03-01,2005,3,25.7,116.0,-1.7206340217205514,-1.6487350854654919,-1.3666337183063324,1.5045395590142672
Посадас,-27.2206,-55.8339,2005-04-01,2005,4,21.2,418.0,0.5295718178677467,0.6102668019241521,-0.046643064823200325,6.572327044025157
Посадас,-27.2206,-55.8339,2005-05-01,2005,5,19.9,197.0,1.3172300912548511,1.340326572781299,-0.08915986710085075,3.2998324958123955
Посадас,-27.2206,-55.8339,2005-06-01,2005,6,19.6,161.0,1.6268057313058906,1.5753134240634394,0.3773795937156509,2.738095238095238
Посадас,-27.2206,-55.8339,2005-07-01,2005,7,15.4,46.0,0.417046053399216,0.4340816618649478,0.6190692758999965,0.9956709956709957
Посадас,-27.2206,-55.8339,2005-08-01,2005,8,18.7,65.0,-0.20977661818967963,-0.2656019657117191,0.9531563855984523,1.1586452762923352
Посадас,-27.2206,-55.8339,2005-09-01,2005,9,15.3,90.0,-0.8934319980647446,-0.9703162142891695,0.7975874142861772,1.9607843137254901
Посадас,-27.2206,-55.8339,2005-10-01,2005,10,20.8,90.0,-1.064482802476663,-1.1645164866019453,-0.5331132318234402,1.4423076923076923
Посадас,-27.2206,-55.8339,2005-11-01,2005,11,24.8,153.0,-0.7935285121240646,-0.8778611756908979,-0.7625460131278627,2.056451612903226
Посадас,-27.2206,-55.8339,2005-12-01,2005,12,25.2,74.0,-1.019499774529272,-1.1716189950069777,-0.7295466986251113,0.9788359788359788
Посадас,-27.2206,-55.8339,2006-01-01,2006,1,27.1,69.0,-0.9973809728707808,-1.1098298707247227,-1.343341546597501,0.8487084870848709
Посадас,-27.2206,-55.8339,2006-02-01,2006,2,27.0,33.0,-1.8331100256076227,-1.7856603885109152,-1.5615432286854398,0.4074074074074074
Посадас,-27.2206,-55.8339,2006-03-01,2006,3,25.4,232.0,-0.6089627176689869,-0.6519487966410988,-1.1447160065966393,3.0446194225721785
Посадас,-27.2206,-55.8339,2006-04-01,2006,4,21.2,91.0,-0.4420326084203161,-0.4577686558442767,-0.9866690388188534,1.430817610062893
Посадас,-27.2206,-55.8339,2006-05-01,2006,5,16.2,40.0,-0.25543976087980985,-0.306593701669129,-1.3174672744892781,0.823045267489712
Посадас,-27.2206,-55.8339,2006-06-01,2006,6,18.1,40.0,-1.1612410183153328,-1.3471660522010502,-1.2644758502450477,0.7366482504604052
Посадас,-27.2206,-55.8339,2006-07-01,2006,7,18.7,21.0,-1.484156265220806,-1.6099992102434904,-1.2342927558301704,0.37433155080213903
Посадас,-27.2206,-55.8339,2006-08-01,2006,8,18.2,118.0,-0.920950919479984,-1.039428800889349,-0.7511586357300603,2.161172161172161
Посадас,-27.2206,-55.8339,2006-09-01,2006,9,18.6,138.0,-0.29455787106101056,-0.2831713378413317,-1.1289693237276412,2.4731182795698925
Посадас,-27.2206,-55.8339,2006-10-01,2006,10,23.9,282.0,0.6216998036327246,0.6737696359527816,-0.5722354934040726,3.933054393305439
Посадас,-27.2206,-55.8339,2006-11-01,2006,11,23.5,282.0,1.0233098211581764,1.0830215687486264,0.3717593832491153,4.0
Посадас,-27.2206,-55.8339,2006-12-01,2006,12,27.1,229.0,1.1723758624808962,1.2547317492538088,0.42746427151708516,2.816728167281673
Посадас,-27.2206,-55.8339,2007-01-01,2007,1,26.7,260.0,1.4825682070014825,1.474947317741456,1.301328978485798,3.2459425717852683
Посадас,-27.2206,-55.8339,2007-02-01,2007,2,26.5,260.0,1.659395721156199,1.6634941702103734,1.5984891397385186,3.270440251572327
Посадас,-27.2206,-55.8339,2007-03-01,2007,3,26.0,141.0,1.4912731832574124,1.494301033108751,1.6363085517011693,1.8076923076923077
Посадас,-27.2206,-55.8339,2007-04-01,2007,4,23.2,227.0,0.9460128345609142,1.019162771193076,1.4975124320224213,3.2614942528735633
Посадас,-27.2206,-55.8339,2007-05-01,2007,5,15.8,201.0,0.6725717416919943,0.7389068527207677,1.3778829963247112,4.2405063291139244
Посадас,-27.2206,-55.8339,2007-06-01,2007,6,16.8,24.0,0.2249344615951563,0.2223094318899031,0.9627004819840148,0.47619047619047616
Посадас,-27.2206,-55.8339,2007-07-01,2007,7,13.4,75.0,-0.18778253124846894,-0.25879241995749064,0.5563641515732042,1.8656716417910448
Посадас,-27.2206,-55.8339,2007-08-01,2007,8,16.0,32.0,-1.2918553171501084,-1.4139941304420578,-0.1220122046271556,0.6666666666666666
Посадас,-27.2206,-55.8339,2007-09-01,2007,9,22.0,155.0,-0.40939759618974136,-0.4150823246590251,-0.12582897104786286,2.3484848484848486
Посадас,-27.2206,-55.8339,2007-10-01,2007,10,23.4,24.0,-1.2689796765645054,-1.381563816077506,-1.0523510745643756,0.3418803418803419
Посадас,-27.2206,-55.8339,2007-11-01,2007,11,22.0,353.0,0.21828405974206158,0.2722748577451324,-0.5186749848010919,5.348484848484849
Посадас,-27.2206,-55.8339,2007-12-01,2007,12,26.1,275.0,0.5653489854919541,0.6406659700999926,0.097998690192943,3.5121328224776502
Посадас,-27.2206,-55.8339,2008-01-01,2008,1,26.3,260.0,2.057155847558719,1.9131833968127718,0.6341821035607815,3.2953105196451205
Посадас,-27.2206,-55.8339,2008-02-01,2008,2,25.9,99.0,0.9852298808688384,1.0351594933749935,0.7030229073884162,1.274131274131274
Посадас,-27.2206,-55.8339,2008-03-01,2008,3,25.4,26.0,-0.2749206240180396,-0.3020165155681658,0.25086066424296816,0.34120734908136485
Посадас,-27.2206,-55.8339,2008-04-01,2008,4,20.8,322.0,0.04654827224034073,0.08959632896049949,1.3332878115252869,5.160256410256411
Посадас,-27.2206,-55.8339,2008-05-01,2008,5,17.3,39.0,-0.14029097470188845,-0.1700262136588522,0.4522231238869662,0.7514450867052023
Посадас,-27.2206,-55.8339,2008-06-01,2008,6,14.7,164.0,0.5614513252660706,0.5893651220514543,0.2550133862004579,3.7188208616780045
Посадас,-27.2206,-55.8339,2008-07-01,2008,7,19.1,48.0,-0.49225155098592555,-0.6012422531564466,-0.3119546874126857,0.837696335078534
Посадас,-27.2206,-55.8339,2008-08-01,2008,8,18.1,82.0,-0.04662179963991826,-0.08042679033763654,-0.19702323246370707,1.5101289134438305
Посадас,-27.2206,-55.8339,2008-09-01,2008,9,17.8,108.0,-0.5967106569203958,-0.6306948206684023,0.05799317415071911,2.0224719101123596
Посадас,-27.2206,-55.8339,2008-10-01,2008,10,22.0,312.0,0.4276090430528935,0.4746831440916086,-0.11798656595044263,4.7272727272727275
Посадас,-27.2206,-55.8339,2008-11-01,2008,11,25.1,89.0,0.10502808448499408,0.14660054210227927,0.06411111421570588,1.1819389110225764
Посадас,-27.2206,-55.8339,2008-12-01,2008,12,27.2,10.0,-0.5570751730905794,-0.6572679174840779,-0.463075094879686,0.12254901960784313
Посадас,-27.2206,-55.8339,2009-01-01,2009,1,26.0,109.0,-1.447945067332944,-1.5818877540326581,-0.7809775810876614,1.3974358974358974
Посадас,-27.2206,-55.8339,2009-02-01,2009,2,26.5,166.0,-1.1416533141001324,-1.2154922223476687,-0.6566681655580908,2.088050314465409
Посадас,-27.2206,-55.8339,2009-03-01,2009,3,26.0,12.0,-0.9190282737311919,-0.9579230675652078,-0.9903447246547645,0.15384615384615385
Посадас,-27.2206,-55.8339,2009-04-01,2009,4,23.2,47.0,-1.1982476464244955,-1.2567001901894603,-1.7118688879606911,0.6752873563218391
Посадас,-27.2206,-55.8339,2009-05-01,2009,5,19.5,134.0,-1.111366151441866,-1.3195002153112227,-1.519790316678142,2.2905982905982905
Посадас,-27.2206,-55.8339,2009-06-01,2009,6,13.6,110.0,-0.5609050910540043,-0.6745036616209663,-1.0062651729860592,2.696078431372549
Посадас,-27.2206,-55.8339,2009-07-01,2009,7,12.4,167.0,0.4558700898447501,0.47761582288327614,-0.5552825992579744,4.489247311827957
Посадас,-27.2206,-55.8339,2009-08-01,2009,8,18.0,173.0,1.0455019992727592,1.0939756163162717,-0.34813449867512697,3.2037037037037037
Посадас,-27.2206,-55.8339,2009-09-01,2009,9,18.9,230.0,1.643456317321116,1.5620501175413126,0.41195945595593825,4.056437389770723
Посадас,-27.2206,-55.8339,2009-10-01,2009,10,22.5,132.0,0.6056687961973473,0.6576496901102232,0.6438201649521479,1.9555555555555555
Посадас,-27.2206,-55.8339,2009-11-01,2009,11,26.1,401.0,1.2990395203209633,1.3219771933243036,1.4371514019642149,5.121328224776501
Посадас,-27.2206,-55.8339,2009-12-01,2009,12,26.5,231.0,1.0503411641325184,1.1392342453855209,0.9549472866199479,2.9056603773584904
Посадас,-27.2206,-55.8339,2010-01-01,2010,1,26.9,185.0,1.7103210615867555,1.6568467702112493,1.4232763989461816,2.292441140024783
Посадас,-27.2206,-55.8339,2010-02-01,2010,2,28.0,112.0,0.35253368536888613,0.3598084403587998,1.1213642609139318,1.3333333333333333
Посадас,-27.2206,-55.8339,2010-03-01,2010,3,25.9,92.0,-0.2488260368774691,-0.274014791235992,0.6774951004943491,1.184041184041184
Посадас,-27.2206,-55.8339,2010-04-01,2010,4,21.2,170.0,-0.34319874324288496,-0.3473926057025914,0.9226617714007147,2.6729559748427674
Посадас,-27.2206,-55.8339,2010-05-01,2010,5,16.7,189.0,0.15750154885290463,0.17751213614571978,0.30151264759903523,3.7724550898203595
Посадас,-27.2206,-55.8339,2010-06-01,2010,6,16.9,155.0,0.5115657410367782,0.5363424524792257,0.22877639301073227,3.0571992110453654
Посадас,-27.2206,-55.8339,2010-07-01,2010,7,15.1,116.0,0.7215600356640186,0.7683301885123011,0.2139719802112709,2.5607064017660046
Посадас,-27.2206,-55.8339,2010-08-01,2010,8,16.4,7.0,-0.16505698476604122,-0.21495382575368843,-0.008530624410840211,0.14227642276422767
Посадас,-27.2206,-55.8339,2010-09-01,2010,9,19.1,159.0,-0.2566638703759339,-0.23978591194102686,0.179558800217753,2.774869109947644
Посадас,-27.2206,-55.8339,2010-10-01,2010,10,20.4,111.0,-0.8709314217598529,-0.9566361263139733,-0.18247610113362356,1.8137254901960784
Посадас,-27.2206,-55.8339,2010-11-01,2010,11,23.0,40.0,-0.913870470902509,-1.0124736440252262,-0.8335448273730383,0.5797101449275363
Посадас,-27.2206,-55.8339,2010-12-01,2010,12,25.3,219.0,-0.7579064550459831,-0.8846945036055018,-0.45685142917948535,2.8853754940711465
Посадас,-27.2206,-55.8339,2011-01-01,2011,1,27.8,62.0,-0.8646057467345679,-0.9681256311468867,-1.161176688966737,0.7434052757793765
Посадас,-27.2206,-55.8339,2011-02-01,2011,2,26.0,255.0,0.4006739279284784,0.4133265998777008,-0.4707299931587817,3.269230769230769
Посадас,-27.2206,-55.8339,2011-03-01,2011,3,25.2,70.0,-0.2618714379519559,-0.2880229707147335,-0.7883619841610808,0.9259259259259259
Посадас,-27.2206,-55.8339,2011-04-01,2011,4,22.2,133.0,0.103817541966058,0.15316342617470674,-0.5261108135023189,1.996996996996997
Посадас,-27.2206,-55.8339,2011-05-01,2011,5,18.6,30.0,-0.9072154707139956,-1.078524860557501,-0.4874995983706079,0.5376344086021505
Посадас,-27.2206,-55.8339,2011-06-01,2011,6,15.9,164.0,-0.38066306141714135,-0.4690692294257061,-0.49724211149921316,3.438155136268344
Посадас,-27.2206,-55.8339,2011-07-01,2011,7,15.4,99.0,-0.23048804630822142,-0.30751815857823783,-0.10443299558959424,2.142857142857143
Посадас,-27.2206,-55.8339,2011-08-01,2011,8,17.7,91.0,0.386718580122208,0.4079471029845016,-0.5719262586081372,1.7137476459510357
Посадас,-27.2206,-55.8339,2011-09-01,2011,9,20.5,52.0,-0.5651926851186764,-0.5944333898508203,-0.6786050648054137,0.8455284552845529
Посадас,-27.2206,-55.8339,2011-10-01,2011,10,22.6,325.0,0.2407948737113506,0.27576924771025485,-0.08571730975574499,4.793510324483776
Посадас,-27.2206,-55.8339,2011-11-01,2011,11,24.4,87.0,-0.11957512795985716,-0.10769282555436842,0.12460663981785729,1.1885245901639345
Посадас,-27.2206,-55.8339,2011-12-01,2011,12,26.0,64.0,-0.24379312705737868,-0.29248425262068,-0.3188408872085201,0.8205128205128205
Посадас,-27.2206,-55.8339,2012-01-01,2012,1,28.0,27.0,-1.58933338690693,-1.733191537710961,-1.0017303822630501,0.32142857142857145
Посадас,-27.2206,-55.8339,2012-02-01,2012,2,28.2,161.0,-1.3495458246041405,-1.398488893750882,-0.9247246995163307,1.9030732860520094
Посадас,-27.2206,-55.8339,2012-03-01,2012,3,24.7,49.0,-1.2512709840177179,-1.2617970833778336,-0.9398400401154388,0.6612685560053981
Посадас,-27.2206,-55.8339,2012-04-01,2012,4,20.8,159.0,-0.37053955995559656,-0.37799374798725494,-1.3465336713578648,2.548076923076923
Посадас,-27.2206,-55.8339,2012-05-01,2012,5,19.6,38.0,-0.840615790369373,-1.000192535853112,-1.4543532778607997,0.6462585034013606
Посадас,-27.2206,-55.8339,2012-06-01,2012,6,16.8,100.0,-0.5307390030471708,-0.6402624184080512,-1.1633481579174543,1.9841269841269842
Посадас,-27.2206,-55.8339,2012-07-01,2012,7,14.3,66.0,-0.7961475528354186,-0.9276513808493946,-0.7998385397903675,1.5384615384615385
Посадас,-27.2206,-55.8339,2012-08-01,2012,8,19.9,72.0,-0.46620627323333846,-0.5527245562323205,-0.9794007243767188,1.2060301507537687
Посадас,-27.2206,-55.8339,2012-09-01,2012,9,21.1,43.0,-1.0569592810708792,-1.1557959535412659,-1.0192666344905008,0.6793048973143759
Посадас,-27.2206,-55.8339,2012-10-01,2012,10,22.4,213.0,-0.5648220996491371,-0.6206939132480654,-0.9765419422157984,3.169642857142857
Посадас,-27.2206,-55.8339,2012-11-01,2012,11,25.1,48.0,-0.9452761737851241,-1.047394685370902,-1.0238307346360604,0.6374501992031872
Посадас,-27.2206,-55.8339,2012-12-01,2012,12,26.3,439.0,0.7759326670631741,0.8647548426184666,0.02760264508684924,5.564005069708492
Посадас,-27.2206,-55.8339,2013-01-01,2013,1,25.9,83.0,0.4585089423740551,0.5034415277641772,-0.09435154967634043,1.0682110682110681
Посадас,-27.2206,-55.8339,2013-02-01,2013,2,25.8,48.0,0.6045537515822159,0.6368861667422403,-0.36869444257506157,0.6201550387596899
Посадас,-27.2206,-55.8339,2013-03-01,2013,3,22.3,260.0,-0.2357844179153858,-0.2599926736850846,0.4522273803788154,3.8863976083707024
Посадас,-27.2206,-55.8339,2013-04-01,2013,4,21.4,235.0,0.5345227053381149,0.6153747465090896,0.6752481910160728,3.660436137071651
Посадас,-27.2206,-55.8339,2013-05-01,2013,5,17.9,137.0,0.9311440535046952,0.9943147723145234,1.0473451019395286,2.5512104283054002
Посадас,-27.2206,-55.8339,2013-06-01,2013,6,16.1,69.0,0.1731047422598055,0.16411192997603494,-0.04157314506449846,1.4285714285714284
Посадас,-27.2206,-55.8339,2013-07-01,2013,7,16.0,132.0,0.039531662136045344,0.0025291334089018323,0.38811318277787704,2.75
Посадас,-27.2206,-55.8339,2013-08-01,2013,8,14.9,111.0,0.08517538510085483,0.06935834205789863,0.7666616649704453,2.4832214765100673
Посадас,-27.2206,-55.8339,2013-09-01,2013,9,19.1,81.0,0.05409417020003323,0.11066649793563269,0.06541857657635335,1.4136125654450262
Посадас,-27.2206,-55.8339,2013-10-01,2013,10,22.3,172.0,-0.35225134106179984,-0.38317405273608734,-0.3230136298715264,2.571001494768311
Посадас,-27.2206,-55.8339,2013-11-01,2013,11,25.1,191.0,-0.22065098096908237,-0.22351445687417992,-0.12866383150636374,2.5365205843293492
Посадас,-27.2206,-55.8339,2013-12-01,2013,12,27.0,113.0,-0.24379312705737868,-0.29248425262068,-0.1451500795962556,1.3950617283950617
Посадас,-27.2206,-55.8339,2014-01-01,2014,1,27.6,256.0,0.40633867090735465,0.4474162951046121,0.0023305428054002913,3.0917874396135265
Посадас,-27.2206,-55.8339,2014-02-01,2014,2,27.5,58.0,-0.26087634007260846,-0.3259717662382227,-0.37968100028205487,0.703030303030303
Посадас,-27.2206,-55.8339,2014-03-01,2014,3,24.0,422.0,1.9596782903131515,1.8767103788834938,0.8840585530463156,5.861111111111111
Посадас,-27.2206,-55.8339,2014-04-01,2014,4,22.1,339.0,1.8109028578662207,1.7306113206671223,1.4473256955044325,5.113122171945701
Посадас,-27.2206,-55.8339,2014-05-01,2014,5,18.0,217.0,2.1914343106193623,1.9869598691400343,1.6013509289147112,4.018518518518518
Посадас,-27.2206,-55.8339,2014-06-01,2014,6,16.6,304.0,1.9556012888772139,1.8249587406387566,2.184656693797189,6.1044176706827304
Посадас,-27.2206,-55.8339,2014-07-01,2014,7,16.8,198.0,1.9786526042994046,1.918706313382943,2.1481998974707586,3.9285714285714284
Посадас,-27.2206,-55.8339,2014-08-01,2014,8,19.1,39.0,1.6341692096185345,1.6208904007059965,2.153788431022904,0.680628272251309
Посадас,-27.2206,-55.8339,2014-09-01,2014,9,20.9,379.0,1.905817059360642,1.7419395468233616,2.019260770305345,6.044657097288677
Посадас,-27.2206,-55.8339,2014-10-01,2014,10,24.9,156.0,0.8120862280332936,0.8604546723179135,1.7702180154649185,2.0883534136546187
Посадас,-27.2206,-55.8339,2014-11-01,2014,11,23.9,222.0,1.2722089195353785,1.2995848790032665,1.6487826881513052,3.096234309623431
Посадас,-27.2206,-55.8339,2014-12-01,2014,12,24.7,282.0,0.6007381404406616,0.6790942515854396,0.8434379743859026,3.805668016194332
Посадас,-27.2206,-55.8339,2015-01-01,2015,1,25.7,287.0,1.5818889716246194,1.5556822421886123,1.4591977803601601,3.722438391699092
Посадас,-27.2206,-55.8339,2015-02-01,2015,2,25.9,22.0,0.7299055364958494,0.7711400362439743,1.2988517635110859,0.28314028314028317
Посадас,-27.2206,-55.8339,2015-03-01,2015,3,24.8,91.0,-0.17714385920322034,-0.19673969788392293,0.33708997771792076,1.2231182795698925
Посадас,-27.2206,-55.8339,2015-04-01,2015,4,22.3,160.0,-0.9131687909825789,-0.967571964319952,0.5111426207676545,2.391629297458894
Посадас,-27.2206,-55.8339,2015-05-01,2015,5,18.7,227.0,0.2791344703371482,0.31556274611135504,0.6191572380196182,4.046345811051693
Посадас,-27.2206,-55.8339,2015-06-01,2015,6,17.9,193.0,0.8066091988369679,0.8415667732771223,0.511624107488535,3.5940409683426444
Посадас,-27.2206,-55.8339,2015-07-01,2015,7,16.0,169.0,1.375467013983484,1.4143537683173193,0.3183706230425199,3.5208333333333335
Посадас,-27.2206,-55.8339,2015-08-01,2015,8,21.0,41.0,0.7281113417196781,0.7751799290872436,0.554237023977137,0.6507936507936508
Посадас,-27.2206,-55.8339,2015-09-01,2015,9,20.5,131.0,0.17612869533758105,0.24437738595805975,0.616469299651545,2.130081300813008
Посадас,-27.2206,-55.8339,2015-10-01,2015,10,22.1,90.0,-0.9616371977398726,-1.054464386752868,0.27546450896309843,1.3574660633484164
Посадас,-27.2206,-55.8339,2015-11-01,2015,11,22.6,325.0,0.28670795112260095,0.34711175160085084,0.6236306325845341,4.793510324483776
Посадас,-27.2206,-55.8339,2015-12-01,2015,12,24.7,290.0,0.7976293689972964,0.8871958296485682,0.37734650149268856,3.913630229419703
Посадас,-27.2206,-55.8339,2016-01-01,2016,1,27.3,107.0,1.2372758438029878,1.2656883338107798,0.2239038549232418,1.3064713064713065
Посадас,-27.2206,-55.8339,2016-02-01,2016,2,26.7,303.0,1.3736633069744566,1.4094743153112097,0.97526076727864,3.7827715355805243
Посадас,-27.2206,-55.8339,2016-03-01,2016,3,23.0,311.0,1.8663759774616404,1.80384464618906,1.557077218911672,4.507246376811594
Посадас,-27.2206,-55.8339,2016-04-01,2016,4,23.4,171.0,1.6624027584163241,1.620740756123472,1.752017216406978,2.4358974358974357
Посадас,-27.2206,-55.8339,2016-05-01,2016,5,16.1,89.0,0.6809466138428992,0.7474768690361393,1.2486535979567797,1.8426501035196685
Посадас,-27.2206,-55.8339,2016-06-01,2016,6,12.9,7.0,-0.6819074634633052,-0.811209367487695,0.540195082811866,0.18087855297157623
Посадас,-27.2206,-55.8339,2016-07-01,2016,7,15.9,57.0,-1.1364220886570928,-1.272415464947974,0.5913233433236856,1.1949685534591195
Посадас,-27.2206,-55.8339,2016-08-01,2016,8,18.1,113.0,-0.936488268211089,-1.0554712220787297,0.06500723173936003,2.0810313075506444
Посадас,-27.2206,-55.8339,2016-09-01,2016,9,18.7,36.0,-0.852837969497373,-0.9240899775029411,-1.0376527405823972,0.6417112299465241
Посадас,-27.2206,-55.8339,2016-10-01,2016,10,21.3,201.0,-0.4345101142389901,-0.4753587885299729,-1.0808992210825703,3.1455399061032865
Посадас,-27.2206,-55.8339,2016-11-01,2016,11,23.0,189.0,-0.31225107424061055,-0.3287963524752646,-0.7709142629335677,2.739130434782609
Посадас,-27.2206,-55.8339,2016-12-01,2016,12,25.2,252.0,0.5209461920225678,0.5920353289515959,-0.04283067153048389,3.3333333333333335
Посадас,-27.2206,-55.8339,2017-01-01,2017,1,26.4,72.0,0.1596781998774868,0.17637352295632452,-0.22454099465728156,0.9090909090909091
Посадас,-27.2206,-55.8339,2017-02-01,2017,2,25.8,152.0,0.038035504116034125,0.006950452514224211,-0.26562080599279897,1.9638242894056848
Посадас,-27.2206,-55.8339,2017-03-01,2017,3,24.9,267.0,0.4115369647376753,0.44240967332194325,0.6056604003503044,3.57429718875502
Посадас,-27.2206,-55.8339,2017-04-01,2017,4,20.8,453.0,2.038110013121495,1.8901624157830974,1.4624876764309076,7.259615384615385
Посадас,-27.2206,-55.8339,2017-05-01,2017,5,19.1,321.0,2.397521883208066,2.116988839331608,1.8620670306645968,5.602094240837697
Посадас,-27.2206,-55.8339,2017-06-01,2017,6,17.0,119.0,2.081452657975613,1.91474460487597,1.7186424967380196,2.3333333333333335
Посадас,-27.2206,-55.8339,2017-07-01,2017,7,18.3,4.0,0.6359457905961509,0.676169737125896,1.6816533069200756,0.07285974499089254
Посадас,-27.2206,-55.8339,2017-08-01,2017,8,19.2,203.0,0.18661964224544852,0.18418987120496566,1.8654161635302329,3.5243055555555554
Посадас,-27.2206,-55.8339,2017-09-01,2017,9,22.3,42.0,-0.5103211149613368,-0.5312671199934809,1.2744675953319806,0.6278026905829597
Посадас,-27.2206,-55.8339,2017-10-01,2017,10,21.5,445.0,1.4019442955036288,1.3810565192154987,1.299549201855486,6.89922480620155
Посадас,-27.2206,-55.8339,2017-11-01,2017,11,22.8,228.0,1.0826274116397188,1.1361055064479664,0.9366011021703424,3.3333333333333335
Посадас,-27.2206,-55.8339,2017-12-01,2017,12,26.5,106.0,1.113638145767098,1.1996433277198255,0.3395891697741346,1.3333333333333333
Посадас,-27.2206,-55.8339,2018-01-01,2018,1,25.5,327.0,0.9279895551623003,0.9807401829109634,1.4204952542556637,4.2745098039215685
Посадас,-27.2206,-55.8339,2018-02-01,2018,2,25.5,54.0,0.10479497662626659,0.08201705779530535,0.8274297445246191,0.7058823529411765
Посадас,-27.2206,-55.8339,2018-03-01,2018,3,24.4,152.0,0.6806786114608141,0.7255165498701774,1.2137631914299547,2.0765027322404372
Посадас,-27.2206,-55.8339,2018-04-01,2018,4,24.9,0.0,-1.313889004496624,-1.3691585389401764,-0.19876445848822358,0.0
Посадас,-27.2206,-55.8339,2018-05-01,2018,5,20.2,91.0,-0.8559786149731656,-1.0182651198508468,-0.6341714053641448,1.5016501650165017
Посадас,-27.2206,-55.8339,2018-06-01,2018,6,14.8,28.0,-1.4010732153343115,-1.6266929805031747,-0.7330436843367978,0.6306306306306306
Посадас,-27.2206,-55.8339,2018-07-01,2018,7,15.9,21.0,-1.2240028350894936,-1.3581995876224409,-1.624630327379419,0.44025157232704404
Посадас,-27.2206,-55.8339,2018-08-01,2018,8,15.6,48.0,-1.54397880427858,-1.6655803202889725,-1.523369699472901,1.0256410256410255
Посадас,-27.2206,-55.8339,2018-09-01,2018,9,20.7,141.0,-0.8204633041121622,-0.8871655264145655,-1.548286659676663,2.2705314009661834
Посадас,-27.2206,-55.8339,2018-10-01,2018,10,21.5,146.25,-0.5217430477905185,-0.5727680774322788,-1.1784869203244823,2.2674418604651163
Посадас,-27.2206,-55.8339,2018-11-01,2018,11,24.6,151.5,-0.24730696561413487,-0.2541331597965867,-1.0494410485616559,2.0528455284552845
Посадас,-27.2206,-55.8339,2018-12-01,2018,12,25.7,193.1090356191343,-0.17321213798895435,-0.20931410624450014,-0.3548690687051833,2.5046567525179544
Посадас,-27.2206,-55.8339,2019-01-01,2019,1,27.2,121.25861199733407,-0.08991610928848277,-0.10480245423286332,-0.4531690952723241,1.4860124019281138
Посадас,-27.2206,-55.8339,2019-02-01,2019,2,25.5,158.4895837874431,0.01893895287833469,-0.01450355914504119,-0.23006333914793575,2.0717592651953347
Посадас,-27.2206,-55.8339,2019-03-01,2019,3,23.7,208.20711868717518,0.3919641122318723,0.42143659067070904,0.030840762698547,2.9283701643765845
Посадас,-27.2206,-55.8339,2019-04-01,2019,4,22.4,133.1930893577179,0.3186281887917219,0.3878054170341408,0.1648635620288102,1.9820400202041353
Посадас,-27.2206,-55.8339,2019-05-01,2019,5,19.3,119.96440431481048,0.2044690522362417,0.2311527558017975,0.1368714089600572,2.071924081430233
Посадас,-27.2206,-55.8339,2019-06-01,2019,6,19.5,193.6522010181592,0.20051548581013512,0.1949341890005609,0.3470604339491467,3.3102940344984475
Посадас,-27.2206,-55.8339,2019-07-01,2019,7,14.8,106.23466603251413,0.5046435274765317,0.531967800780212,0.52726328550969,2.392672658389958
Посадас,-27.2206,-55.8339,2019-08-01,2019,8,17.1,63.15346820800551,0.45053654355601974,0.47820063227671006,0.3522376250103985,1.2310617584406534
Посадас,-27.2206,-55.8339,2019-09-01,2019,9,20.6,160.444078243894,0.09619866742435862,0.15710804580163126,0.1084995910146859,2.59618249585589
Посадас,-27.2206,-55.8339,2019-10-01,2019,10,23.8,165.57430838068078,-0.20574773050178094,-0.21867689021323777,0.10775909083385372,2.3189679044913274
Посадас,-27.2206,-55.8339,2019-11-01,2019,11,25.5,100.05118690557293,-0.3118959029965537,-0.32838789536786844,0.007612383757901876,1.3078586523604305
Посадас,-27.2206,-55.8339,2019-12-01,2019,12,25.6,177.15401338778477,-0.4030245887605231,-0.4790844175927221,-0.20336615054887,2.3066928826534476
Посадас,-27.2206,-55.8339,2020-01-01,2020,1,26.8,21.875857280082727,-0.9810782690204892,-1.092538692698576,-0.8569814302097616,0.2720877771154568
Посадас,-27.2206,-55.8339,2020-02-01,2020,2,25.7,22.989699232138705,-1.5394975765916192,-1.5567242639519663,-1.1458599072584477,0.298180275384419
Посадас,-27.2206,-55.8339,2020-03-01,2020,3,26.2,107.97265728818743,-1.8162013743601315,-1.7218653827902626,-1.3189786575688334,1.3736979298751582
Посадас,-27.2206,-55.8339,2020-04-01,2020,4,20.9,80.62716089928229,-1.2796977782225112,-1.3362021861991364,-1.465830788230222,1.2859196315675006
Посадас,-27.2206,-55.8339,2020-05-01,2020,5,17.3,152.83789967601686,-0.36047865584824773,-0.4315587639245649,-1.234054752106747,2.9448535583047564
Посадас,-27.2206,-55.8339,2020-06-01,2020,6,18.0,76.07608553483124,-0.46783543400344413,-0.5686679169152282,-1.409537104282082,1.408816398793171
Посадас,-27.2206,-55.8339,2020-07-01,2020,7,15.4,17.519105831471876,-0.5212847272734635,-0.6331706442901774,-1.2305758157453717,0.3792014249236337
Посадас,-27.2206,-55.8339,2020-08-01,2020,8,18.6,140.8368544630353,-0.4933967552122218,-0.5827240484148816,-0.6163651965853212,2.5239579652873707
Посадас,-27.2206,-55.8339,2020-09-01,2020,9,20.7,122.99578723817892,-0.26156595598504945,-0.24539317619026368,-0.5953491962071117,1.9806084901478087
Посадас,-27.2206,-55.8339,2020-10-01,2020,10,24.3,201.57928251131264,0.2264327516719841,0.2602226083931839,-0.28358531789289154,2.7651479082484585
Посадас,-27.2206,-55.8339,2020-11-01,2020,11,25.1,36.322206743889154,-0.6480049198474618,-0.7133815285574279,-0.8029722717795679,0.4823666234248228
Посадас,-27.2206,-55.8339,2020-12-01,2020,12,25.9,127.90549823267808,-0.7785491243090761,-0.9077203445700646,-0.46689249757493156,1.6461454083999754
Посадас,-27.2206,-55.8339,2021-01-01,2021,1,25.7,288.0,-0.1625147968937586,-0.18714075451857395,-0.021302515696186575,3.735408560311284
Посадас,-27.2206,-55.8339,2021-02-01,2021,2,25.1,10.0,-0.26758183717707434,-0.3333341109241306,-0.6819824626575075,0.13280212483399734
Посадас,-27.2206,-55.8339,2021-03-01,2021,3,24.4,0.0,-0.8462664846857095,-0.8879950714852753,-1.1032397000630676,0.0
Посадас,-27.2206,-55.8339,2021-04-01,2021,4,21.8,0.0,-2.6180789541487446,-2.4629386560155644,-1.6207001107482086,0.0
Посадас,-27.2206,-55.8339,2021-05-01,2021,5,17.5,0.0,-1.876358561894595,-2.4800527645856283,-1.6862007511294306,0.0
Посадас,-27.2206,-55.8339,2021-06-01,2021,6,15.5,0.0,-1.876358561894595,-2.2376675666441903,-1.9303749981073022,0.0
Посадас,-27.2206,-55.8339,2021-07-01,2021,7,14.9,0.0,-2.166106752892329,-2.226017040855791,-2.6690100159150765,0.0
Посадас,-27.2206,-55.8339,2021-08-01,2021,8,19.6,0.0,-2.166106752892329,-2.3266510162161564,-2.673350356769266,0.0
Посадас,-27.2206,-55.8339,2021-09-01,2021,9,21.4,0.0,-2.166106752892329,-2.8800548825744,-2.584890944535531,0.0
Посадас,-27.2206,-55.8339,2021-10-01,2021,10,21.4,0.0,-2.166106752892329,-2.6408320479425917,-2.540979006737695,0.0
Посадас,-27.2206,-55.8339,2021-11-01,2021,11,24.6,0.0,-2.166106752892329,-2.6835203786713415,-3.001919814418451,0.0
Посадас,-27.2206,-55.8339,2021-12-01,2021,12,27.2,0.0,-2.166106752892329,-2.680549440050722,-1.6505229112064068,0.0
Посадас,-27.2206,-55.8339,2022-01-01,2022,1,29.5,0.0,-2.160044423184283,-2.5467977773278316,-2.7430734977451317,0.0
Посадас,-27.2206,-55.8339,2022-02-01,2022,2,28.1,2.0,-2.966507478294984,-2.5270085072420434,-2.7410024786549716,0.02372479240806643
Посадас,-27.2206,-55.8339,2022-03-01,2022,3,24.2,0.0,-2.8472422047597,-2.4122314709864763,-2.7667267115487832,0.0
Посадас,-27.2206,-55.8339,2022-04-01,2022,4,20.9,0.0,-2.676390568274807,-2.5057334348358182,-2.900897360073762,0.0
Посадас,-27.2206,-55.8339,2022-05-01,2022,5,16.3,0.0,-1.876358561894595,-2.4800527645856283,-2.8675222563816964,0.0
Посадас,-27.2206,-55.8339,2022-06-01,2022,6,14.7,0.0,-1.876358561894595,-2.2376675666441903,-2.7443894220903635,0.0
Посадас,-27.2206,-55.8339,2022-07-01,2022,7,19.7,45.0,-1.8237404024565027,-1.9574066535375905,-2.5617364071218214,0.7614213197969543
Посадас,-27.2206,-55.8339,2022-08-01,2022,8,17.1,60.0,-1.4862214199681678,-1.6074032496970283,-2.333976700902199,1.1695906432748537
Посадас,-27.2206,-55.8339,2022-09-01,2022,9,17.7,70.0,-1.1062713888019222,-1.2115605842282031,-2.053003002562723,1.3182674199623352
Посадас,-27.2206,-55.8339,2022-10-01,2022,10,20.2,189.0,-0.6184731392474778,-0.680184948011875,-1.5472236242875543,3.118811881188119
Посадас,-27.2206,-55.8339,2022-11-01,2022,11,22.6,93.0,-0.6943387977030905,-0.7659438955492104,-1.3661226230513237,1.3716814159292035
Посадас,-27.2206,-55.8339,2022-12-01,2022,12,26.6,93.0,-0.7333120207562012,-0.857173125024467,-0.6654969581092288,1.1654135338345866
Посадас,-27.2206,-55.8339,2023-01-01,2023,1,27.3,78.0,-1.1652295343466395,-1.286410752167631,-1.2098759761001787,0.9523809523809523
Посадас,-27.2206,-55.8339,2023-02-01,2023,2,26.3,62.0,-1.4698066069084996,-1.4996340406172202,-1.3405406369456236,0.7858048162230672
Посадас,-27.2206,-55.8339,2023-03-01,2023,3,26.0,99.0,-1.237933466239645,-1.250088854490709,-1.2620538580957237,1.2692307692307692
Посадас,-27.2206,-55.8339,2023-04-01,2023,4,21.4,139.0,-0.7570095031271258,-0.80244566843278,-1.2897743205153787,2.1651090342679127
Посадас,-27.2206,-55.8339,2023-05-01,2023,5,19.2,148.0,-0.1450511232533251,-0.17565687730829516,-1.039849408413819,2.5694444444444446
Посадас,-27.2206,-55.8339,2023-06-01,2023,6,17.6,40.0,-0.38066306141714135,-0.4690692294257061,-1.0495307727247511,0.7575757575757576
Посадас,-27.2206,-55.8339,2023-07-01,2023,7,17.6,41.0,-0.6331170949558099,-0.7547305542300959,-0.9674903359428865,0.7765151515151515
Посадас,-27.2206,-55.8339,2023-08-01,2023,8,19.9,175.0,-0.32982556651509526,-0.4008524155555688,-0.35212479895013277,2.9313232830820772
Посадас,-27.2206,-55.8339,2023-09-01,2023,9,22.3,287.0,1.2441156059634673,1.2588780100717762,0.3024061472144243,4.289985052316891
Посадас,-27.2206,-55.8339,2023-10-01,2023,10,21.6,498.0,2.6557006638531773,2.2389136366716866,1.4706391473651421,7.685185185185185
Посадас,-27.2206,-55.8339,2023-11-01,2023,11,24.4,259.0,2.491283846362694,2.160079664196181,1.6535144337473064,3.5382513661202184
Посадас,-27.2206,-55.8339,2023-12-01,2023,12,26.0,263.0,2.082336161868029,1.9996915321604498,1.2987236264584028,3.371794871794872
Посадас,-27.2206,-55.8339,2024-01-01,2024,1,26.6,92.0,0.6867093485564492,0.7418611877983871,1.9822551877423393,1.1528822055137844
Посадас,-27.2206,-55.8339,2024-02-01,2024,2,27.3,155.0,0.24398134317660491,0.2384348419871652,1.873013409993329,1.8925518925518925
Посадас,-27.2206,-55.8339,2024-03-01,2024,3,26.2,96.0,-0.5498330007931587,-0.5913603975753359,1.371573225770961,1.2213740458015268
Посадас,-27.2206,-55.8339,2024-04-01,2024,4,23.9,275.0,0.4499935247167954,0.5274214775705647,0.7628653958905336,3.8354253835425385
Посадас,-27.2206,-55.8339,2024-05-01,2024,5,17.4,224.0,0.7805798591679972,0.8479151232832194,0.7402155202613951,4.291187739463601
Посадас,-27.2206,-55.8339,2024-06-01,2024,6,19.9,134.0,1.0363370112431007,1.0642744146168541,0.49727575723013073,2.2445561139028474
Посадас,-27.2206,-55.8339,2024-07-01,2024,7,15.4,39.0,0.3779966803496932,0.39007394080430663,0.5387707786672397,0.8441558441558441
Посадас,-27.2206,-55.8339,2024-08-01,2024,8,17.9,77.0,-0.37513451964499567,-0.45154847634133244,0.4269071248994999,1.4338919925512104
Посадас,-27.2206,-55.8339,2024-09-01,2024,9,21.8,110.0,-0.6919549614584355,-0.7401085360518197,0.4049674208260678,1.6819571865443426
Посадас,-27.2206,-55.8339,2024-10-01,2024,10,23.1,143.0,-0.5529254379401275,-0.6074720750932124,-0.22272298580320207,2.0634920634920637
Посадас,-27.2206,-55.8339,2024-11-01,2024,11,25.3,130.0,-0.53331096910865,-0.5825964072732769,-0.6450414369910057,1.7127799736495388
Посадас,-27.2206,-55.8339,2024-12-01,2024,12,24.5,304.0,0.2277518834015519,0.260816727331391,-0.13876419622843802,4.136054421768708
Посадас,-27.2206,-55.8339,2025-01-01,2025,1,27.2,132.0,0.43765425262962443,0.4811081973911299,-0.10179399020313909,1.6176470588235294
Посадас,-27.2206,-55.8339,2025-02-01,2025,2,28.6,90.0,0.3404885290299336,0.3463840398430247,-0.2397213062946159,1.048951048951049
Посадас,-27.2206,-55.8339,2025-03-01,2025,3,25.7,192.0,-0.08607671200449732,-0.09796965055018006,0.07704966567872025,2.490272373540856
Посадас,-27.2206,-55.8339,2025-04-01,2025,4,20.5,90.0,-0.35412472786095867,-0.3596267615503664,0.06375150795476754,1.4634146341463414
Посадас,-27.2206,-55.8339,2025-05-01,2025,5,19.7,232.0,0.4377492161398565,0.4908829311685381,0.5190212813448839,3.925549915397631
Посадас,-27.2206,-55.8339,2025-06-01,2025,6,14.3,233.0,0.696047000039848,0.7296143729122875,0.47206724220060003,5.431235431235431
Посадас,-27.2206,-55.8339,2025-07-01,2025,7,16.0,100.0,1.2583619233396606,1.3065278366159214,0.5878411934562079,2.0833333333333335
Посадас,-27.2206,-55.8339,2025-08-01,2025,8,17.4,78.0,0.7828158490549847,0.8318129593421342,0.7040296705060882,1.4942528735632183
Посадас,-27.2206,-55.8339,2025-09-01,2025,9,20.2,266.0,0.8734489608048271,0.941398960067034,0.8660569549307895,4.3894389438943895
Посадас,-27.2206,-55.8339,2025-10-01,2025,10,21.2,265.0,0.9937577226913872,1.0301276933038266,1.4248862284051862,4.166666666666667
Посадас,-27.2206,-55.8339,2025-11-01,2025,11,23.7,87.0,0.6324886414035941,0.7097415968595069,0.8976347592632526,1.2236286919831223
Посадас,-27.2206,-55.8339,2025-12-01,2025,12,25.4,323.0,0.6667762808179464,0.749990179186746,0.5288760700692626,4.238845144356955
Посадас,-27.2206,-55.8339,2026-01-01,2026,1,26.2,102.0,0.15440484400981888,0.170487152452143,0.7095167603860696,1.297709923664122
Посадас,-27.2206,-55.8339,2026-02-01,2026,2,27.7,98.0,0.32241320827311465,0.32621612096458585,0.6149435350147002,1.1793020457280385
Посадас,-27.2206,-55.8339,2026-03-01,2026,3,27.7,98.0,-0.8462664846857095,-0.8879950714852753,0.0087843105615702,1.1793020457280385
Посадас,-27.2206,-55.8339,2026-04-01,2026,4,27.7,98.0,-0.791461201691637,-0.8392529909857805,-0.42592102664758813,1.1793020457280385
Посадас,-27.2206,-55.8339,2026-05-01,2026,5,18.2,140.64937582604597,-0.3840027758112689,-0.45955942428031105,-0.1435148126251222,2.5759958942499264
Посадас,-27.2206,-55.8339,2026-06-01,2026,6,16.3,64.59048465881844,-0.4994143181726956,-0.6046414497516527,-0.9216073670100341,1.3208688069288026
Посадас,-27.2206,-55.8339,2026-07-01,2026,7,15.9,90.29094486648688,-0.2150178924583212,-0.28988722493752084,-0.7361050240841633,1.8928919259221568
Посадас,-27.2206,-55.8339,2026-08-01,2026,8,17.7,57.888021787358795,-0.6594830750277209,-0.7636168442169402,-0.7217051217638568,1.090169901833499
Посадас,-27.2206,-55.8339,2026-09-01,2026,9,19.4,119.78300699807045,-0.36354513309450676,-0.3623537385306039,-0.6702479639047276,2.0581272680080835
Посадас,-27.2206,-55.8339,2026-10-01,2026,10,21.9,156.19653752003268,-0.5299474251448473,-0.581905574971997,-0.6096143686955307,2.377420662405368
Посадас,-27.2206,-55.8339,2026-11-01,2026,11,23.7,254.08814477021383,0.20880945386369526,0.2618439439780951,-0.18336220180717958,3.5736729222252297
Посадас,-27.2206,-55.8339,2026-12-01,2026,12,25.8,161.15467348255254,0.20229682684699224,0.23137509156872257,-0.06117752125875605,2.0821017245807822
