station,lat,lon,date,year,month,temp,precip,spi3,spei3,spei6,gtk
Росарио,-32.9081,-60.7819,1961-01-01,1961,1,23.0,213.0,,,,3.0869565217391304
Росарио,-32.9081,-60.7819,1961-02-01,1961,2,22.8,73.0,,,,1.067251461988304
Росарио,-32.9081,-60.7819,1961-03-01,1961,3,20.3,249.0,1.1112436006330084,1.1353020056396619,,4.088669950738916
Росарио,-32.9081,-60.7819,1961-04-01,1961,4,16.2,114.0,0.6147813673546778,0.6471980877448423,,2.345679012345679
Росарио,-32.9081,-60.7819,1961-05-01,1961,5,15.6,61.0,1.049929547450981,1.0820450148694183,,1.3034188034188035
Росарио,-32.9081,-60.7819,1961-06-01,1961,6,10.1,15.0,0.2719884883628987,0.3245142784103017,1.093984280138789,0.49504950495049505
Росарио,-32.9081,-60.7819,1961-07-01,1961,7,10.1,35.0,0.09560361557732489,0.1162583577976488,0.606560493322657,1.155115511551155
Росарио,-32.9081,-60.7819,1961-08-01,1961,8,14.0,49.0,0.2398036981934487,0.24038507418327645,1.011793221063015,1.1666666666666667
Росарио,-32.9081,-60.7819,1961-09-01,1961,9,13.4,38.0,0.25819307598487456,0.29471317160236793,0.2632872132089358,0.945273631840796
Росарио,-32.9081,-60.7819,1961-10-01,1961,10,18.2,85.0,0.004185921596356631,0.09139891829674465,0.019450664397638033,1.5567765567765568
Росарио,-32.9081,-60.7819,1961-11-01,1961,11,20.7,128.0,0.17018978063530865,0.21873989126096785,0.23339276424367994,2.0611916264090175
Росарио,-32.9081,-60.7819,1961-12-01,1961,12,22.2,319.0,1.4992517912704217,1.4838950409615523,1.2935141122782263,4.78978978978979
Росарио,-32.9081,-60.7819,1962-01-01,1962,1,23.0,46.0,1.3960647702887365,1.3658752510320344,0.9827652600254295,0.6666666666666666
Росарио,-32.9081,-60.7819,1962-02-01,1962,2,22.8,11.0,0.39162444753059467,0.4315126937820499,0.32431805675833225,0.1608187134502924
Росарио,-32.9081,-60.7819,1962-03-01,1962,3,22.5,299.0,0.01172813086690179,-0.008098422818648384,0.9907775119165186,4.42962962962963
Росарио,-32.9081,-60.7819,1962-04-01,1962,4,16.1,93.0,0.4227935793893125,0.4449169081193504,1.0991910669319098,1.9254658385093166
Росарио,-32.9081,-60.7819,1962-05-01,1962,5,11.7,17.0,0.9463999301371256,0.981462236519818,0.8482896060372287,0.4843304843304843
Росарио,-32.9081,-60.7819,1962-06-01,1962,6,9.5,0.6,-0.7386550806935899,-0.8282437705690961,-0.4004577422274022,
Росарио,-32.9081,-60.7819,1962-07-01,1962,7,6.9,91.0,0.054811964218315766,0.06879868416886882,0.39216960721065447,
Росарио,-32.9081,-60.7819,1962-08-01,1962,8,11.3,21.0,0.44854966729960666,0.46296198517498427,1.0013095036314477,0.6194690265486725
Росарио,-32.9081,-60.7819,1962-09-01,1962,9,14.1,66.0,0.8591032505923646,0.9054779147397022,0.015224603690710598,1.5602836879432624
Росарио,-32.9081,-60.7819,1962-10-01,1962,10,16.2,46.0,-0.4150516979689679,-0.4121904891720721,-0.41044859495840236,0.9465020576131687
Росарио,-32.9081,-60.7819,1962-11-01,1962,11,21.2,95.0,-0.2778602443204069,-0.3018513900909969,-0.04553821339499161,1.4937106918238994
Росарио,-32.9081,-60.7819,1962-12-01,1962,12,24.6,50.0,-1.0517628841362716,-1.1285790214418578,-0.3017039481817205,0.6775067750677507
Росарио,-32.9081,-60.7819,1963-01-01,1963,1,24.2,60.0,-0.9808028424215058,-1.0297631256122186,-1.065275123890452,0.8264462809917356
Росарио,-32.9081,-60.7819,1963-02-01,1963,2,24.3,62.0,-1.3404890522618615,-1.3812819456014318,-1.2245559599659468,0.850480109739369
Росарио,-32.9081,-60.7819,1963-03-01,1963,3,20.5,272.0,0.25661281484840587,0.25633880307448276,-0.48810064665834957,4.4227642276422765
Росарио,-32.9081,-60.7819,1963-04-01,1963,4,19.3,78.0,0.476152138235741,0.5012420336266347,-0.3095358573543153,1.3471502590673574
Росарио,-32.9081,-60.7819,1963-05-01,1963,5,14.1,23.0,0.6892295183352524,0.7236982778889033,-0.44815366330380846,0.5437352245862884
Росарио,-32.9081,-60.7819,1963-06-01,1963,6,11.3,5.0,-0.8089905206052318,-0.9033719292771141,-0.1821096544134292,0.14749262536873156
Росарио,-32.9081,-60.7819,1963-07-01,1963,7,13.1,40.0,-0.702433737826238,-0.7947160128087807,0.18844348267382552,1.0178117048346056
Росарио,-32.9081,-60.7819,1963-08-01,1963,8,11.8,27.0,-0.23246394148292326,-0.2782796346569223,0.43379485220330843,0.7627118644067796
Росарио,-32.9081,-60.7819,1963-09-01,1963,9,13.6,35.0,-0.0027208432753357942,0.0015280256103153236,-0.9049840209298053,0.8578431372549019
Росарио,-32.9081,-60.7819,1963-10-01,1963,10,16.2,51.0,-0.6646937170977535,-0.7139617806054677,-1.1131009586706115,1.0493827160493827
Росарио,-32.9081,-60.7819,1963-11-01,1963,11,17.8,102.0,-0.49873298918921377,-0.5529065893187043,-0.6646607954367756,1.9101123595505618
Росарио,-32.9081,-60.7819,1963-12-01,1963,12,21.9,93.0,-0.4930307864241693,-0.5441098460777173,-0.4690581763213001,1.4155251141552512
Росарио,-32.9081,-60.7819,1964-01-01,1964,1,23.8,56.0,-0.49522586760284937,-0.5158397429434265,-0.8625775628096735,0.7843137254901961
Росарио,-32.9081,-60.7819,1964-02-01,1964,2,23.2,58.0,-0.9932643624076068,-1.0561965581507504,-1.1188731188127623,0.8333333333333334
Росарио,-32.9081,-60.7819,1964-03-01,1964,3,19.9,246.0,0.0378289424854488,0.020713682248057863,-0.38005777536324586,4.1206030150753765
Росарио,-32.9081,-60.7819,1964-04-01,1964,4,17.3,107.0,0.4702616858046654,0.49657253469926865,-0.06857513432913387,2.0616570327552988
Росарио,-32.9081,-60.7819,1964-05-01,1964,5,15.4,28.0,0.7474959904753422,0.7844605908133798,-0.20076852525355873,0.6060606060606061
Росарио,-32.9081,-60.7819,1964-06-01,1964,6,8.3,25.0,-0.0731039143411436,-0.0729615385925866,-0.05051774394215793,
Росарио,-32.9081,-60.7819,1964-07-01,1964,7,8.6,0.3,-1.016154378507124,-1.1207434524269138,0.08504380903246651,
Росарио,-32.9081,-60.7819,1964-08-01,1964,8,10.4,29.0,-0.6024856052306663,-0.6753703397780195,0.3581250470122375,0.9294871794871795
Росарио,-32.9081,-60.7819,1964-09-01,1964,9,14.1,57.0,-0.23431923187129702,-0.26511217559418593,-0.46047259231947757,1.3475177304964538
Росарио,-32.9081,-60.7819,1964-10-01,1964,10,15.8,31.0,-0.6123752684481057,-0.6522024285834356,-1.2446813698851182,0.6540084388185654
Росарио,-32.9081,-60.7819,1964-11-01,1964,11,18.3,52.0,-1.175572333436203,-1.278130049333602,-1.4454380953059087,0.9471766848816029
Росарио,-32.9081,-60.7819,1964-12-01,1964,12,21.8,70.0,-1.5119326174068464,-1.538013378341888,-1.4812282513493806,1.070336391437309
Росарио,-32.9081,-60.7819,1965-01-01,1965,1,25.1,20.0,-1.7812703295891485,-1.7493077531444365,-1.6722892798170352,0.2656042496679947
Росарио,-32.9081,-60.7819,1965-02-01,1965,2,25.0,37.0,-1.8339203695623456,-1.7835908298714367,-1.8992847339117274,0.49333333333333335
Росарио,-32.9081,-60.7819,1965-03-01,1965,3,19.0,25.0,-2.004406966713805,-1.8478211879033035,-1.9317439235994502,0.43859649122807015
Росарио,-32.9081,-60.7819,1965-04-01,1965,4,16.5,96.0,-1.5241589834587614,-1.5138182172483614,-1.7428722254550504,1.9393939393939394
Росарио,-32.9081,-60.7819,1965-05-01,1965,5,12.6,18.0,-1.449916716510023,-1.4454615224741199,-1.8781612755448593,0.47619047619047616
Росарио,-32.9081,-60.7819,1965-06-01,1965,6,15.0,134.0,0.8558287902453694,0.9469266190175771,-1.301941865120584,2.977777777777778
Росарио,-32.9081,-60.7819,1965-07-01,1965,7,9.6,36.0,1.244020933142147,1.325636281692105,-0.7683481245939934,
Росарио,-32.9081,-60.7819,1965-08-01,1965,8,11.7,22.0,1.4382956644078242,1.3755432711418567,-0.4925450783829057,0.6267806267806267
Росарио,-32.9081,-60.7819,1965-09-01,1965,9,12.6,22.0,-0.3358737978770432,-0.38218174069178645,0.42463466666219307,0.582010582010582
Росарио,-32.9081,-60.7819,1965-10-01,1965,10,17.6,52.0,-0.9033102266237637,-0.9958604280852867,0.029398275999978175,0.9848484848484849
Росарио,-32.9081,-60.7819,1965-11-01,1965,11,20.0,169.0,0.09413335308396871,0.13249420766554135,0.8720407962231016,2.816666666666667
Росарио,-32.9081,-60.7819,1965-12-01,1965,12,21.1,179.0,0.7042637812489491,0.7653843138693905,0.4806169388012421,2.8278041074249605
Росарио,-32.9081,-60.7819,1966-01-01,1966,1,24.0,76.0,0.9331797817383326,0.9715097974097076,0.21961278556470173,1.0555555555555556
Росарио,-32.9081,-60.7819,1966-02-01,1966,2,21.4,72.0,0.028798455410466314,0.03309815273966038,-0.01160924029117053,1.1214953271028036
Росарио,-32.9081,-60.7819,1966-03-01,1966,3,20.2,461.0,1.5303330718714117,1.5124685661186366,1.4951147194803083,7.6072607260726075
Росарио,-32.9081,-60.7819,1966-04-01,1966,4,18.3,137.0,1.76123044758394,1.6681225965537614,1.8954841897428314,2.495446265938069
Росарио,-32.9081,-60.7819,1966-05-01,1966,5,14.5,9.0,2.178582349236089,2.0095252141812523,1.489892667141549,0.20689655172413793
Росарио,-32.9081,-60.7819,1966-06-01,1966,6,12.2,36.0,0.18337463698988402,0.22362665888159994,1.3803380190223378,0.9836065573770492
Росарио,-32.9081,-60.7819,1966-07-01,1966,7,11.8,52.0,-0.14793004470463472,-0.16765100478989384,1.6202460104367358,1.4689265536723164
Росарио,-32.9081,-60.7819,1966-08-01,1966,8,9.9,11.0,0.2398036981934487,0.24038507418327645,2.067080915639465,
Росарио,-32.9081,-60.7819,1966-09-01,1966,9,12.1,2.0,-0.6040004017009114,-0.6863725597810436,-0.45249683154713016,0.05509641873278237
Росарио,-32.9081,-60.7819,1966-10-01,1966,10,17.0,6.0,-2.870088431005851,-2.7384519689669142,-1.9364292735239907,0.11764705882352941
Росарио,-32.9081,-60.7819,1966-11-01,1966,11,21.2,122.0,-1.3490586035148304,-1.4453582538162266,-1.0258579132872485,1.9182389937106918
Росарио,-32.9081,-60.7819,1966-12-01,1966,12,21.5,155.0,-0.16599414398186715,-0.18362641403262284,-0.4715688068859683,2.4031007751937983
Росарио,-32.9081,-60.7819,1967-01-01,1967,1,23.3,213.0,1.3768254302459833,1.3505550780509143,0.1508827526313505,3.0472103004291844
Росарио,-32.9081,-60.7819,1967-02-01,1967,2,22.7,79.0,0.8767210147740125,0.9338846384081747,0.029787142134607553,1.160058737151248
Росарио,-32.9081,-60.7819,1967-03-01,1967,3,20.2,177.0,0.7210953929211886,0.7503330177516397,0.3491809392337299,2.9207920792079207
Росарио,-32.9081,-60.7819,1967-04-01,1967,4,17.4,58.0,-0.15349731659410162,-0.18511624493202522,0.6636081303526917,1.1111111111111112
Росарио,-32.9081,-60.7819,1967-05-01,1967,5,17.0,51.0,0.006992074653632152,-0.013260675154925324,0.5913622723072951,1.0
Росарио,-32.9081,-60.7819,1967-06-01,1967,6,6.7,31.0,-0.325336822702232,-0.36572681321436823,0.49330261501279926,
Росарио,-32.9081,-60.7819,1967-07-01,1967,7,9.6,67.0,0.6967962218511655,0.7886829640392897,0.07585333178561152,
Росарио,-32.9081,-60.7819,1967-08-01,1967,8,11.1,66.0,1.1236376060949151,1.1141138741730332,0.47310221658071455,1.981981981981982
Росарио,-32.9081,-60.7819,1967-09-01,1967,9,14.2,63.0,1.0247583045761819,1.0541796108091084,0.5025668867984796,1.4788732394366197
Росарио,-32.9081,-60.7819,1967-10-01,1967,10,18.0,268.0,1.6394409159060572,1.614352797260802,1.6967162404512468,4.962962962962963
Росарио,-32.9081,-60.7819,1967-11-01,1967,11,20.7,32.0,1.06914671864032,1.1432965682238658,1.3724951649509287,0.5152979066022544
Росарио,-32.9081,-60.7819,1967-12-01,1967,12,24.6,87.0,0.616966413184527,0.672240330744752,1.0078791251333419,1.1788617886178863
Росарио,-32.9081,-60.7819,1968-01-01,1968,1,23.4,104.0,-0.7829910503973113,-0.8269541019065059,0.770456734584372,1.4814814814814814
Росарио,-32.9081,-60.7819,1968-02-01,1968,2,23.4,128.0,-0.03297464130136158,-0.04120232298362283,0.623101303330447,1.8233618233618234
Росарио,-32.9081,-60.7819,1968-03-01,1968,3,20.4,85.0,-0.2469496919842033,-0.2865776684952464,0.10724398616606085,1.3888888888888888
Росарио,-32.9081,-60.7819,1968-04-01,1968,4,14.5,2.0,-0.9444705365797186,-1.0073477282858703,-1.178222718843279,0.04597701149425287
Росарио,-32.9081,-60.7819,1968-05-01,1968,5,11.4,20.0,-1.8520274597505848,-1.750781699583548,-1.098649534417988,0.5847953216374269
Росарио,-32.9081,-60.7819,1968-06-01,1968,6,10.9,93.0,-0.6729689591624708,-0.7568903537105789,-0.6300273574937425,2.8440366972477062
Росарио,-32.9081,-60.7819,1968-07-01,1968,7,13.1,7.0,0.2453114139280945,0.2892598166495423,-0.8487064669694157,0.178117048346056
Росарио,-32.9081,-60.7819,1968-08-01,1968,8,12.7,62.0,1.099969005491422,1.0933568340421194,-0.9790963202172326,1.627296587926509
Росарио,-32.9081,-60.7819,1968-09-01,1968,9,13.9,41.0,0.10561152611735984,0.12464186472964225,-0.7072566480552377,0.9832134292565947
Росарио,-32.9081,-60.7819,1968-10-01,1968,10,16.9,88.0,0.18480457900887315,0.2996395927291585,0.28151747952062056,1.735700197238659
Росарио,-32.9081,-60.7819,1968-11-01,1968,11,22.6,55.0,-0.5479361833002301,-0.6180539551859412,0.19555445739359767,0.8112094395280236
Росарио,-32.9081,-60.7819,1968-12-01,1968,12,22.5,147.0,-0.10756040221710676,-0.12216908872409259,-0.06094955060923145,2.1777777777777776
Росарио,-32.9081,-60.7819,1969-01-01,1969,1,24.2,56.0,-0.42661668923230306,-0.4492295002019067,-0.2506790626492019,0.7713498622589532
Росарио,-32.9081,-60.7819,1969-02-01,1969,2,23.1,178.0,0.4272592720694036,0.4677808908275659,-0.047375990481731904,2.5685425685425685
Росарио,-32.9081,-60.7819,1969-03-01,1969,3,21.1,230.0,0.6908581765971384,0.7178649752971489,0.355679527580546,3.6334913112164298
Росарио,-32.9081,-60.7819,1969-04-01,1969,4,18.0,265.0,1.7741056084937972,1.6769970457756116,1.2518347110012207,4.907407407407407
Росарио,-32.9081,-60.7819,1969-05-01,1969,5,15.0,46.0,1.7965570084160842,1.7263686147530053,1.4415810975614292,1.0222222222222221
Росарио,-32.9081,-60.7819,1969-06-01,1969,6,10.8,19.0,1.5545056025259962,1.5679319815186235,1.3914166745633827,0.5864197530864198
Росарио,-32.9081,-60.7819,1969-07-01,1969,7,12.2,12.0,-0.5221229501835698,-0.5964996429881276,1.5573184346732611,0.32786885245901637
Росарио,-32.9081,-60.7819,1969-08-01,1969,8,9.5,0.9,-1.1895280464672664,-1.2402176465573307,1.3393803960504522,
Росарио,-32.9081,-60.7819,1969-09-01,1969,9,15.2,44.0,-0.7688555323245281,-0.8667790688952014,0.9539462270793295,0.9649122807017544
Росарио,-32.9081,-60.7819,1969-10-01,1969,10,16.9,44.0,-1.0121918716977796,-1.120196284621452,-1.2983502209059798,0.8678500986193295
Росарио,-32.9081,-60.7819,1969-11-01,1969,11,20.3,164.0,0.17955103670059483,0.2302013123131177,-0.4067180026899808,2.6929392446633824
Росарио,-32.9081,-60.7819,1969-12-01,1969,12,24.6,43.0,-0.4468850110013562,-0.5000881380167894,-0.8263256199585828,0.5826558265582655
Росарио,-32.9081,-60.7819,1970-01-01,1970,1,23.6,168.0,0.574420735246532,0.6247674882623102,-0.14689703019544492,2.3728813559322033
Росарио,-32.9081,-60.7819,1970-02-01,1970,2,24.1,70.0,-0.33743643260624395,-0.3798517089013151,-0.2457842962752476,0.9681881051175657
Росарио,-32.9081,-60.7819,1970-03-01,1970,3,22.2,205.0,0.5627588398902547,0.5839615129470003,0.05582278586047605,3.078078078078078
Росарио,-32.9081,-60.7819,1970-04-01,1970,4,20.9,69.0,0.051739533219400655,0.03943853676508956,0.22600311627106726,1.1004784688995215
Росарио,-32.9081,-60.7819,1970-05-01,1970,5,13.7,79.0,0.5405667324994502,0.5673758253739223,0.05456227431297112,1.9221411192214113
Росарио,-32.9081,-60.7819,1970-06-01,1970,6,9.9,11.0,-0.08525167342110278,-0.08721474856478098,0.4511497681862028,
Росарио,-32.9081,-60.7819,1970-07-01,1970,7,10.3,26.0,0.17939483561378214,0.21336544510235683,0.0536592310873569,0.8414239482200647
Росарио,-32.9081,-60.7819,1970-08-01,1970,8,11.4,31.0,-0.31095087107539393,-0.3641099908830615,0.24189366470261067,0.9064327485380117
Росарио,-32.9081,-60.7819,1970-09-01,1970,9,16.0,112.0,0.7721016930817202,0.8238574544779893,0.424625163649814,2.3333333333333335
Росарио,-32.9081,-60.7819,1970-10-01,1970,10,16.1,133.0,0.870750851199736,1.0047071886185577,0.9092322588409607,2.753623188405797
Росарио,-32.9081,-60.7819,1970-11-01,1970,11,18.7,17.0,0.27147856459298136,0.3359005231851094,0.05531925854927168,0.30303030303030304
Росарио,-32.9081,-60.7819,1970-12-01,1970,12,21.8,195.0,0.320593112222731,0.361592150912768,0.6740319421200849,2.981651376146789
Росарио,-32.9081,-60.7819,1971-01-01,1971,1,23.2,137.0,0.37171459160376336,0.42242092599262815,0.7982409207517175,1.9683908045977012
Росарио,-32.9081,-60.7819,1971-02-01,1971,2,21.0,380.0,2.3959340056163687,2.154506448316875,1.8084546985182868,6.031746031746032
Росарио,-32.9081,-60.7819,1971-03-01,1971,3,20.6,193.0,2.0747019405561256,1.9488549134482065,1.669389439803593,3.1229773462783172
Росарио,-32.9081,-60.7819,1971-04-01,1971,4,15.2,81.0,1.6919385316082285,1.6157162944864674,1.5543711505912492,1.7763157894736843
Росарио,-32.9081,-60.7819,1971-05-01,1971,5,11.9,68.0,0.456882248312997,0.47879005358997956,1.9112573032780242,1.9047619047619047
Росарио,-32.9081,-60.7819,1971-06-01,1971,6,7.2,17.0,-0.0011565805955749296,0.010602268772277365,1.699908594610881,
Росарио,-32.9081,-60.7819,1971-07-01,1971,7,12.2,72.0,0.8141005745222131,0.9106992961762296,1.7713339273011086,1.9672131147540983
Росарио,-32.9081,-60.7819,1971-08-01,1971,8,12.2,43.0,0.7216107804927636,0.7405696006878697,0.657304389949743,1.174863387978142
Росарио,-32.9081,-60.7819,1971-09-01,1971,9,15.5,58.0,0.8111392863088749,0.8607809627412514,0.5313124160016234,1.2473118279569892
Росарио,-32.9081,-60.7819,1971-10-01,1971,10,17.5,32.0,-0.4150516979689679,-0.41269558294619735,0.08751374880662909,0.6095238095238096
Росарио,-32.9081,-60.7819,1971-11-01,1971,11,21.4,83.0,-0.6888726696280574,-0.7726984403490016,-0.18978952176540786,1.2928348909657321
Росарио,-32.9081,-60.7819,1971-12-01,1971,12,23.3,83.0,-0.9746153737399756,-1.051985870576746,-0.2845739813206599,1.1874105865522175
Росарио,-32.9081,-60.7819,1972-01-01,1972,1,24.9,105.0,-0.3023680307278295,-0.31359020037993174,-0.5712777704700073,1.4056224899598393
Росарио,-32.9081,-60.7819,1972-02-01,1972,2,23.6,6.0,-1.1189997668081144,-1.179266836153721,-1.2984296593282743,0.0847457627118644
Росарио,-32.9081,-60.7819,1972-03-01,1972,3,19.4,192.0,-0.3417370049108212,-0.38852032566476025,-0.8836718751081655,3.2989690721649483
Росарио,-32.9081,-60.7819,1972-04-01,1972,4,17.0,28.0,-0.8454986198233071,-0.9116510586616123,-0.9076588897847137,0.5490196078431373
Росарио,-32.9081,-60.7819,1972-05-01,1972,5,16.1,4.0,-0.5479843026840545,-0.6099622600648896,-1.1405624784869302,0.08281573498964802
Росарио,-32.9081,-60.7819,1972-06-01,1972,6,12.8,114.0,-0.24752270651663494,-0.27570260643397027,-0.5181306706927742,2.96875
Росарио,-32.9081,-60.7819,1972-07-01,1972,7,9.4,28.0,0.6520583932400723,0.7412068302935448,-0.5737619086705422,
Росарио,-32.9081,-60.7819,1972-08-01,1972,8,11.1,113.0,2.057758294432072,1.8179427321112607,0.6960521848449542,3.3933933933933935
Росарио,-32.9081,-60.7819,1972-09-01,1972,9,14.7,238.0,2.326597075147176,1.957033797539421,1.8474566982464626,5.396825396825397
Росарио,-32.9081,-60.7819,1972-10-01,1972,10,16.2,172.0,2.2945170944660487,2.0166423555932167,2.109774557314293,3.539094650205761
Росарио,-32.9081,-60.7819,1972-11-01,1972,11,19.0,122.0,2.0903250321033484,1.9164395852733573,2.2275868745333796,2.1403508771929824
Росарио,-32.9081,-60.7819,1972-12-01,1972,12,23.5,80.0,0.5276684422531921,0.5804192406247457,1.6117070366258153,1.1347517730496455
Росарио,-32.9081,-60.7819,1973-01-01,1973,1,24.0,147.0,0.37171459160376336,0.4183731763610428,1.715870313643652,2.0416666666666665
Росарио,-32.9081,-60.7819,1973-02-01,1973,2,22.0,253.0,1.088426864558976,1.1339833401465929,1.9195714949726876,3.8333333333333335
Росарио,-32.9081,-60.7819,1973-03-01,1973,3,22.6,185.0,1.3964082276417984,1.3951422993291365,1.2933846222671872,2.728613569321534
Росарио,-32.9081,-60.7819,1973-04-01,1973,4,17.2,93.0,1.1191431785169565,1.1367302761143183,1.0255243297825962,1.802325581395349
Росарио,-32.9081,-60.7819,1973-05-01,1973,5,12.7,5.0,-0.018355689357319578,-0.042380172680854554,0.7399417022342349,0.13123359580052493
Росарио,-32.9081,-60.7819,1973-06-01,1973,6,12.5,119.0,0.5554699248494169,0.6372827699513381,1.4238033860709722,3.1733333333333333
Росарио,-32.9081,-60.7819,1973-07-01,1973,7,9.0,68.0,1.2969305769813422,1.373174595887508,1.4542389865825118,
Росарио,-32.9081,-60.7819,1973-08-01,1973,8,11.1,4.0,1.4275491549449113,1.3670504732107729,0.6565079028233095,0.12012012012012012
Росарио,-32.9081,-60.7819,1973-09-01,1973,9,13.4,9.0,-0.31937248557242076,-0.3631937406857159,0.11647265414590437,0.22388059701492538
Росарио,-32.9081,-60.7819,1973-10-01,1973,10,17.3,101.0,-0.651490868594229,-0.6986119539916472,0.2370572526358825,1.9460500963391136
Росарио,-32.9081,-60.7819,1973-11-01,1973,11,18.4,38.0,-1.0468795172855279,-1.148708215793635,0.13790246534300338,0.6884057971014492
Росарио,-32.9081,-60.7819,1973-12-01,1973,12,22.2,44.0,-1.1425325508252344,-1.2087236042473235,-1.2350738036796538,0.6606606606606606
Росарио,-32.9081,-60.7819,1974-01-01,1974,1,24.3,102.0,-1.2267064685873006,-1.2611168103975638,-1.3678087207208074,1.3991769547325104
Росарио,-32.9081,-60.7819,1974-02-01,1974,2,22.3,59.0,-1.0123751014316391,-1.0747312567497802,-1.380542600062412,0.8819133034379671
Росарио,-32.9081,-60.7819,1974-03-01,1974,3,21.7,38.0,-1.081556214909445,-1.1148279394043255,-1.390211538837544,0.5837173579109063
Росарио,-32.9081,-60.7819,1974-04-01,1974,4,17.7,80.0,-1.3164882244979723,-1.3424498881819538,-1.5033667499612895,1.5065913370998116
Росарио,-32.9081,-60.7819,1974-05-01,1974,5,15.5,54.0,-1.0755065042228311,-1.1256684783142268,-1.349448659644803,1.1612903225806452
Росарио,-32.9081,-60.7819,1974-06-01,1974,6,9.8,30.0,-0.02496299276915185,-0.01706935715659503,-1.0870210303127195,
Росарио,-32.9081,-60.7819,1974-07-01,1974,7,12.8,81.0,0.9286442041027556,1.0262628742645004,-0.7969125606936539,2.109375
Росарио,-32.9081,-60.7819,1974-08-01,1974,8,10.9,13.0,0.6121400953845361,0.6313960369879814,-0.7726594917814849,0.39755351681957185
Росарио,-32.9081,-60.7819,1974-09-01,1974,9,12.2,34.0,0.33059701824522914,0.37368030757276954,0.05207607103859542,0.9289617486338798
Росарио,-32.9081,-60.7819,1974-10-01,1974,10,16.9,26.0,-1.281850926343303,-1.416565259745782,-0.4502518465056516,0.5128205128205129
Росарио,-32.9081,-60.7819,1974-11-01,1974,11,20.2,30.0,-2.2828897113033455,-2.165462362146326,-1.2041935272783884,0.49504950495049505
Росарио,-32.9081,-60.7819,1974-12-01,1974,12,21.7,159.0,-0.7952488328868519,-0.8674260916503507,-0.5133363377034676,2.442396313364055
Росарио,-32.9081,-60.7819,1975-01-01,1975,1,23.7,45.0,-0.667251060507327,-0.7014428695406999,-1.2984595682420879,0.6329113924050633
Росарио,-32.9081,-60.7819,1975-02-01,1975,2,23.1,135.0,0.12005918342015046,0.13270342019715498,-0.9051441892210548,1.948051948051948
Росарио,-32.9081,-60.7819,1975-03-01,1975,3,20.7,125.0,-0.3281313852682046,-0.37360850062984075,-0.7943897429556389,2.0128824476650564
Росарио,-32.9081,-60.7819,1975-04-01,1975,4,17.5,61.0,-0.1044645222545169,-0.13165058304794675,-0.6227730411183495,1.161904761904762
Росарио,-32.9081,-60.7819,1975-05-01,1975,5,15.3,41.0,-0.5194710671011052,-0.5819686352748104,-0.32590707797266244,0.8932461873638344
Росарио,-32.9081,-60.7819,1975-06-01,1975,6,13.0,76.0,0.1381871204682775,0.1717698837192278,-0.29231883379435714,1.9487179487179487
Росарио,-32.9081,-60.7819,1975-07-01,1975,7,8.7,8.0,0.3263732774232597,0.3818017478083454,-0.04138923637175028,
Росарио,-32.9081,-60.7819,1975-08-01,1975,8,10.9,56.0,0.8271658431766727,0.8429109862384915,-0.1990059858268648,1.7125382262996942
Росарио,-32.9081,-60.7819,1975-09-01,1975,9,14.1,134.0,1.04253848336042,1.069621278741409,0.8637214684716404,3.1678486997635935
Росарио,-32.9081,-60.7819,1975-10-01,1975,10,16.6,52.0,0.6160354381548421,0.7613113370022693,0.7354699912582325,1.0441767068273091
Росарио,-32.9081,-60.7819,1975-11-01,1975,11,20.0,47.0,-0.0040291758622519646,0.019225716194300687,0.4269701166239876,0.7833333333333333
Росарио,-32.9081,-60.7819,1975-12-01,1975,12,24.7,32.0,-1.819760994246484,-1.788426749831349,-0.6377144919474272,0.4318488529014845
Росарио,-32.9081,-60.7819,1976-01-01,1976,1,24.6,216.0,-0.08285340279787373,-0.07290042697302183,0.3190092909890439,2.926829268292683
Росарио,-32.9081,-60.7819,1976-02-01,1976,2,23.3,89.0,0.10496288364956488,0.11106905894357888,-0.016380785486491883,1.2732474964234621
Росарио,-32.9081,-60.7819,1976-03-01,1976,3,18.9,98.0,0.31363287938594636,0.31953258606033724,-0.7308100643231287,1.728395061728395
Росарио,-32.9081,-60.7819,1976-04-01,1976,4,15.8,65.0,-0.6241966368766425,-0.6887789416776549,-0.6645194889683465,1.371308016877637
Росарио,-32.9081,-60.7819,1976-05-01,1976,5,13.5,102.0,-0.17343654895775845,-0.20994278815017536,-0.12424144423411106,2.5185185185185186
Росарио,-32.9081,-60.7819,1976-06-01,1976,6,9.9,5.0,0.06924576530227397,0.0923233935298696,0.2924917579006587,
Росарио,-32.9081,-60.7819,1976-07-01,1976,7,10.3,6.0,0.12931047278326013,0.15539280926069665,-0.6251159330512881,0.1941747572815534
Росарио,-32.9081,-60.7819,1976-08-01,1976,8,11.5,121.0,0.7216107804927636,0.7405696006878697,0.04897785963189182,3.5072463768115942
Росарио,-32.9081,-60.7819,1976-09-01,1976,9,13.7,16.0,0.5019386524226893,0.5551905888870796,0.29415402433040566,0.38929440389294406
Росарио,-32.9081,-60.7819,1976-10-01,1976,10,17.0,99.0,0.5686708676440763,0.7128950327512161,0.5991904164120319,1.9411764705882353
Росарио,-32.9081,-60.7819,1976-11-01,1976,11,19.9,106.0,-0.12681775829533767,-0.1258052875097923,0.2590734413306796,1.7755443886097153
Росарио,-32.9081,-60.7819,1976-12-01,1976,12,22.6,204.0,0.7635892463312993,0.8224752478221848,0.8657337122608778,3.0088495575221237
Росарио,-32.9081,-60.7819,1977-01-01,1977,1,24.6,63.0,0.5591552063666414,0.6100134347618464,0.7156429485512528,0.8536585365853658
Росарио,-32.9081,-60.7819,1977-02-01,1977,2,23.1,179.0,0.8701793762344868,0.9247467587477316,0.5438469253002135,2.582972582972583
Росарио,-32.9081,-60.7819,1977-03-01,1977,3,21.1,95.0,-0.11332926824010602,-0.14501163549142074,0.3169783162345604,1.5007898894154819
Росарио,-32.9081,-60.7819,1977-04-01,1977,4,17.9,6.0,-0.40283163538404815,-0.45725140104806844,-0.11941374359190947,0.11173184357541899
Росарио,-32.9081,-60.7819,1977-05-01,1977,5,12.4,25.0,-1.608043716824894,-1.5713559339796839,-0.2936744577659546,0.6720430107526881
Росарио,-32.9081,-60.7819,1977-06-01,1977,6,12.0,37.0,-1.4732617861616393,-1.544998447852778,-0.8113450496552447,1.0277777777777777
Росарио,-32.9081,-60.7819,1977-07-01,1977,7,11.5,17.0,-0.48313374214808524,-0.5527593856124112,-0.6709827971298633,0.4927536231884058
Росарио,-32.9081,-60.7819,1977-08-01,1977,8,11.8,32.0,0.02352691099287869,0.0037998433464913346,-1.3922546072741055,0.903954802259887
Росарио,-32.9081,-60.7819,1977-09-01,1977,9,14.9,169.0,1.2142295684209308,1.21366922148263,-0.01313306154398363,3.78076062639821
Росарио,-32.9081,-60.7819,1977-10-01,1977,10,18.6,190.0,1.6051770436677584,1.5906225943464385,1.3587204204688597,3.4050179211469533
Росарио,-32.9081,-60.7819,1977-11-01,1977,11,20.5,241.0,2.43649582169312,2.1247859822380546,1.959978495719366,3.9186991869918697
Росарио,-32.9081,-60.7819,1977-12-01,1977,12,23.2,78.0,1.3709273997477118,1.3783270903493325,1.5352361330600006,1.1206896551724137
Росарио,-32.9081,-60.7819,1978-01-01,1978,1,23.1,139.0,1.166802659092823,1.1762926854766202,1.6496095028212345,2.005772005772006
Росарио,-32.9081,-60.7819,1978-02-01,1978,2,22.1,63.0,-0.34571185731131865,-0.3844295664228782,1.4933068801969527,0.9502262443438914
Росарио,-32.9081,-60.7819,1978-03-01,1978,3,21.3,277.0,0.7812730853060178,0.8119070797898874,1.4112946729452016,4.33489827856025
Росарио,-32.9081,-60.7819,1978-04-01,1978,4,17.0,15.0,0.12397271032130391,0.12107404461207864,0.7074058077130724,0.29411764705882354
Росарио,-32.9081,-60.7819,1978-05-01,1978,5,13.6,5.0,0.09877487903233563,0.0874548131206543,-0.26381010763908164,0.12254901960784313
Росарио,-32.9081,-60.7819,1978-06-01,1978,6,9.7,19.0,-2.138394516488476,-2.061217452099438,-0.06301845050835032,
Росарио,-32.9081,-60.7819,1978-07-01,1978,7,12.6,44.0,-0.702433737826238,-0.7947160128087796,-0.2027875706703603,1.164021164021164
Росарио,-32.9081,-60.7819,1978-08-01,1978,8,10.4,2.0,-0.3716194534229798,-0.4299951585651075,-0.24036122106372818,0.0641025641025641
Росарио,-32.9081,-60.7819,1978-09-01,1978,9,15.2,151.0,1.0336631432047778,1.0619257186214168,-0.5796194640360087,3.31140350877193
Росарио,-32.9081,-60.7819,1978-10-01,1978,10,17.9,90.0,0.6238535378023881,0.7688327937160749,0.2820008313177729,1.675977653631285
Росарио,-32.9081,-60.7819,1978-11-01,1978,11,20.4,101.0,0.9191115244936093,1.0055719650945305,0.6832381422112598,1.6503267973856208
Росарио,-32.9081,-60.7819,1978-12-01,1978,12,23.2,485.0,2.2307691900108986,2.0096380357783543,1.9142290129826545,6.968390804597701
Росарио,-32.9081,-60.7819,1979-01-01,1979,1,24.9,36.0,2.1621191695807864,1.909296462323296,1.6956222792742968,0.4819277108433735
Росарио,-32.9081,-60.7819,1979-02-01,1979,2,23.8,33.0,1.5366476384990617,1.5243086375267865,1.548904184181832,0.46218487394957986
Росарио,-32.9081,-60.7819,1979-03-01,1979,3,20.3,165.0,-0.8251194350462098,-0.8778956429509582,1.085715408322848,2.70935960591133
Росарио,-32.9081,-60.7819,1979-04-01,1979,4,16.2,55.0,-0.6160070544718041,-0.682210992262788,1.0015290500946374,1.131687242798354
Росарио,-32.9081,-60.7819,1979-05-01,1979,5,12.6,71.0,0.04893448828751497,0.03295507194660167,1.1217664957824274,1.8783068783068784
Росарио,-32.9081,-60.7819,1979-06-01,1979,6,9.9,56.0,0.18337463698988402,0.22363255300921459,-0.7388569834367811,
Росарио,-32.9081,-60.7819,1979-07-01,1979,7,12.6,26.0,0.7558045486156821,0.8505159982321344,-0.32597746932888777,0.6878306878306878
Росарио,-32.9081,-60.7819,1979-08-01,1979,8,13.8,78.0,1.076124613492335,1.0722885540908536,0.48086949127557743,1.8840579710144927
Росарио,-32.9081,-60.7819,1979-09-01,1979,9,13.0,41.0,0.5238435991515398,0.5778035762285806,0.41476279070733807,1.0512820512820513
Росарио,-32.9081,-60.7819,1979-10-01,1979,10,17.2,102.0,0.44664435868128266,0.5872254313947698,0.7856416305088346,1.9767441860465116
Росарио,-32.9081,-60.7819,1979-11-01,1979,11,18.1,86.0,-0.044325236081961844,-0.025659383104972216,0.5531175546755094,1.583793738489871
Росарио,-32.9081,-60.7819,1979-12-01,1979,12,22.1,149.0,0.261390263520024,0.296581656886734,0.49285266753243573,2.2473604826546003
Росарио,-32.9081,-60.7819,1980-01-01,1980,1,24.8,26.0,-0.39758630110343796,-0.41225807488606536,-0.023110791405027573,0.34946236559139787
Росарио,-32.9081,-60.7819,1980-02-01,1980,2,22.5,101.0,-0.3789572480865969,-0.42203489970651037,-0.4194416377390299,1.4962962962962962
Росарио,-32.9081,-60.7819,1980-03-01,1980,3,24.0,134.0,-0.6326279200083633,-0.6886690926202934,-0.4212369094255473,1.8611111111111112
Росарио,-32.9081,-60.7819,1980-04-01,1980,4,19.6,97.0,-0.028850161259229637,-0.04817867869472502,-0.4300222670034244,1.6496598639455782
Росарио,-32.9081,-60.7819,1980-05-01,1980,5,16.0,83.0,0.2372050656684883,0.2394935798541423,-0.19115518953067537,1.7291666666666667
Росарио,-32.9081,-60.7819,1980-06-01,1980,6,10.6,49.0,0.6746285068071067,0.7631540274002446,-0.24734388205550661,1.5408805031446542
Росарио,-32.9081,-60.7819,1980-07-01,1980,7,9.4,44.0,1.0819368647297196,1.1752301839706876,0.36996875876529534,
Росарио,-32.9081,-60.7819,1980-08-01,1980,8,11.7,10.0,0.3028947661832881,0.30841602275230945,0.20969509768355934,0.2849002849002849
Росарио,-32.9081,-60.7819,1980-09-01,1980,9,13.7,26.0,-0.3358737978770432,-0.3821817406917857,0.23232719565806378,0.6326034063260341
Росарио,-32.9081,-60.7819,1980-10-01,1980,10,17.2,73.0,-0.7183630392744182,-0.7797963766342235,0.03846343950532915,1.4147286821705427
Росарио,-32.9081,-60.7819,1980-11-01,1980,11,19.2,63.0,-0.8391778552938178,-0.9355453465903362,-0.6124668808644788,1.09375
Росарио,-32.9081,-60.7819,1980-12-01,1980,12,23.3,77.0,-0.8158016568212151,-0.8918991951853686,-0.9625929052428027,1.1015736766809727
Росарио,-32.9081,-60.7819,1981-01-01,1981,1,23.2,190.0,0.21733734954343722,0.2563853880563394,-0.31802057528297817,2.7298850574712645
Росарио,-32.9081,-60.7819,1981-02-01,1981,2,23.6,357.0,1.9318737676274143,1.8320667668155948,1.120379565574007,5.0423728813559325
Росарио,-32.9081,-60.7819,1981-03-01,1981,3,21.0,22.0,1.3060793763425944,1.3145617112038832,0.49476160226224225,0.3492063492063492
Росарио,-32.9081,-60.7819,1981-04-01,1981,4,17.6,84.0,0.7648709183654211,0.7987073546402468,0.6073867987087699,1.5909090909090908
Росарио,-32.9081,-60.7819,1981-05-01,1981,5,17.8,252.0,0.5781458029279344,0.6076031084400065,1.665437411754725,4.719101123595506
Росарио,-32.9081,-60.7819,1981-06-01,1981,6,9.5,22.0,1.7687187627301535,1.7321771174739244,1.8679878091305577,
Росарио,-32.9081,-60.7819,1981-07-01,1981,7,10.1,66.0,2.9672842358093314,2.5552817589727472,1.743807015017454,2.1782178217821784
Росарио,-32.9081,-60.7819,1981-08-01,1981,8,13.6,0.5,0.06656372532905376,0.05117161399185904,0.4453720976839322,0.012254901960784314
Росарио,-32.9081,-60.7819,1981-09-01,1981,9,13.8,11.0,-0.3778010994766108,-0.4303357547234999,1.3167977020460295,0.26570048309178745
Росарио,-32.9081,-60.7819,1981-10-01,1981,10,17.5,35.0,-1.8545822561659382,-1.9798264197502222,0.8721575833653875,0.6666666666666666
Росарио,-32.9081,-60.7819,1981-11-01,1981,11,20.5,145.0,-0.46249006419470096,-0.5155050171371848,-0.4540845054752138,2.3577235772357725
Росарио,-32.9081,-60.7819,1981-12-01,1981,12,23.2,57.0,-0.5778083215904823,-0.6409220586193992,-0.7651824808357593,0.8189655172413793
Росарио,-32.9081,-60.7819,1982-01-01,1982,1,23.3,97.0,-0.04741258102319381,-0.03064750788306967,-1.0054746029018617,1.3876967095851216
Росарио,-32.9081,-60.7819,1982-02-01,1982,2,22.1,158.0,-0.08766070554813032,-0.09907218343498388,-0.43301699334784205,2.383107088989442
Росарио,-32.9081,-60.7819,1982-03-01,1982,3,21.6,69.0,-0.19994642057232043,-0.2362490184281424,-0.6015384358910263,1.0648148148148149
Росарио,-32.9081,-60.7819,1982-04-01,1982,4,18.8,67.0,-0.2977998953093873,-0.3430887004813612,-0.4305568158475031,1.1879432624113475
Росарио,-32.9081,-60.7819,1982-05-01,1982,5,15.0,45.0,-0.9792515101429107,-1.0371138134051552,-0.7361000742141853,1.0
Росарио,-32.9081,-60.7819,1982-06-01,1982,6,12.0,26.0,-0.35171613591325196,-0.3960785670536151,-0.4304368418222319,0.7222222222222222
Росарио,-32.9081,-60.7819,1982-07-01,1982,7,10.7,14.0,-0.3683592893213746,-0.4224815144524889,-0.522430584324434,0.43613707165109034
Росарио,-32.9081,-60.7819,1982-08-01,1982,8,12.7,7.0,-0.7755548472421565,-0.8518898681176954,-1.2805178839571296,0.1837270341207349
Росарио,-32.9081,-60.7819,1982-09-01,1982,9,16.1,128.0,0.5670470408042279,0.6219874001064297,-0.0022129865556264517,2.6501035196687366
Росарио,-32.9081,-60.7819,1982-10-01,1982,10,17.1,101.0,0.5686708676440763,0.7135309508926078,0.3700465028102966,1.9688109161793372
Росарио,-32.9081,-60.7819,1982-11-01,1982,11,19.2,43.0,0.3605187682191946,0.4340710316716349,-0.04966882782248224,0.7465277777777778
Росарио,-32.9081,-60.7819,1982-12-01,1982,12,24.0,40.0,-1.131027428924398,-1.201426945197352,-0.601385015809828,0.5555555555555556
Росарио,-32.9081,-60.7819,1983-01-01,1983,1,26.1,74.0,-1.572007390874499,-1.5791351953033532,-0.6524039778026827,0.9450830140485313
Росарио,-32.9081,-60.7819,1983-02-01,1983,2,22.9,140.0,-0.5660913230305966,-0.6281453865093568,-0.2901691693801956,2.037845705967977
Росарио,-32.9081,-60.7819,1983-03-01,1983,3,20.9,44.0,-0.6537966633964624,-0.7110362352636221,-1.144711946000685,0.7017543859649122
Росарио,-32.9081,-60.7819,1983-04-01,1983,4,17.2,28.0,-0.9720746222935791,-1.0340926005678104,-1.4733403908135425,0.5426356589147286
Росарио,-32.9081,-60.7819,1983-05-01,1983,5,13.6,55.0,-1.5956403955131129,-1.5616868574023912,-1.3320787298682548,1.3480392156862746
Росарио,-32.9081,-60.7819,1983-06-01,1983,6,8.5,30.0,-0.7026394713768496,-0.7893136772825615,-1.0366650009919478,
Росарио,-32.9081,-60.7819,1983-07-01,1983,7,8.4,2.0,-0.33080313321650023,-0.3794248970208287,-1.1169560447219316,
Росарио,-32.9081,-60.7819,1983-08-01,1983,8,11.2,63.0,0.17516694875911082,0.17014120959569148,-1.3225734922661818,1.875
Росарио,-32.9081,-60.7819,1983-09-01,1983,9,12.9,32.0,-0.07352220872541929,-0.07966509617901459,-0.8817469921574242,0.8268733850129198
Росарио,-32.9081,-60.7819,1983-10-01,1983,10,19.3,123.0,0.4215799125009355,0.5601719126643105,0.2274500124521578,2.1243523316062176
Росарио,-32.9081,-60.7819,1983-11-01,1983,11,20.4,134.0,0.505891181143876,0.589965582488481,0.5127311505969688,2.189542483660131
Росарио,-32.9081,-60.7819,1983-12-01,1983,12,25.1,88.0,0.320593112222731,0.3558275679206827,0.23631004335018127,1.1686586985391767
Росарио,-32.9081,-60.7819,1984-01-01,1984,1,25.4,84.0,0.013873823902329685,0.030916666706000066,0.23889343290943055,1.1023622047244095
Росарио,-32.9081,-60.7819,1984-02-01,1984,2,23.7,223.0,0.5257786098753311,0.568725540620737,0.6314485662969309,3.136427566807314
Росарио,-32.9081,-60.7819,1984-03-01,1984,3,21.3,129.0,0.519655339089804,0.5379846422190575,0.4874279679460819,2.0187793427230045
Росарио,-32.9081,-60.7819,1984-04-01,1984,4,16.2,38.0,0.3443094048859585,0.36105253025475587,0.10466952940302747,0.7818930041152263
Росарио,-32.9081,-60.7819,1984-05-01,1984,5,13.5,52.0,-0.5959288941713565,-0.6602953702075812,-0.05845222544535699,1.2839506172839505
Росарио,-32.9081,-60.7819,1984-06-01,1984,6,8.7,16.0,-0.8089905206052318,-0.9032430901096208,0.08714803880035146,
Росарио,-32.9081,-60.7819,1984-07-01,1984,7,9.1,12.0,-0.4637790288425598,-0.530943062252402,0.12263612146228765,
Росарио,-32.9081,-60.7819,1984-08-01,1984,8,10.0,20.0,-0.7509774822125325,-0.8272783675616052,-0.9945212533151361,
Росарио,-32.9081,-60.7819,1984-09-01,1984,9,14.3,98.0,0.35421093911387286,0.3991596635252986,-0.5795342305439347,2.2843822843822843
Росарио,-32.9081,-60.7819,1984-10-01,1984,10,18.8,128.0,0.6471806961946339,0.7911302109779095,0.41169616122183667,2.269503546099291
Росарио,-32.9081,-60.7819,1984-11-01,1984,11,20.1,78.0,0.6285271110890307,0.7175786024080425,0.24979273117460776,1.2935323383084578
Росарио,-32.9081,-60.7819,1984-12-01,1984,12,20.7,95.0,-0.01769282203613263,-0.01678008510849118,0.16495458985745565,1.5297906602254427
Росарио,-32.9081,-60.7819,1985-01-01,1985,1,24.6,9.0,-1.251079666663724,-1.2851125124166112,-0.3957234827786796,0.12195121951219512
Росарио,-32.9081,-60.7819,1985-02-01,1985,2,23.9,62.0,-1.4029568703052755,-1.43105556507443,-0.6452849044580405,0.8647140864714087
Росарио,-32.9081,-60.7819,1985-03-01,1985,3,21.1,86.0,-1.4004577967389367,-1.3903428994758456,-1.0746485570478757,1.3586097946287519
Росарио,-32.9081,-60.7819,1985-04-01,1985,4,16.9,145.0,-0.30518775162008355,-0.35252356735454593,-1.0097343208100336,2.859960552268245
Росарио,-32.9081,-60.7819,1985-05-01,1985,5,15.1,22.0,-0.27983535791257225,-0.32760146351930636,-1.1345001206537173,0.4856512141280353
Росарио,-32.9081,-60.7819,1985-06-01,1985,6,12.3,39.0,0.4426984921170726,0.5149491263991619,-1.088270810969447,1.056910569105691
Росарио,-32.9081,-60.7819,1985-07-01,1985,7,11.0,70.0,0.42178098031353384,0.48934766306734545,-0.19702228384829654,2.121212121212121
Росарио,-32.9081,-60.7819,1985-08-01,1985,8,11.7,48.0,1.0400205900212598,1.0400875090808597,0.15332337505114974,1.3675213675213675
Росарио,-32.9081,-60.7819,1985-09-01,1985,9,13.8,101.0,1.2225408551220092,1.2204135076684723,1.2435476677195183,2.4396135265700485
Росарио,-32.9081,-60.7819,1985-10-01,1985,10,17.1,140.0,0.9626842059659382,1.086989952452462,1.0852650849942396,2.729044834307992
Росарио,-32.9081,-60.7819,1985-11-01,1985,11,22.3,28.0,0.33409576637251487,0.4019157731498413,0.8121854671893664,0.41853512705530643
Росарио,-32.9081,-60.7819,1985-12-01,1985,12,23.2,137.0,0.014419626961955867,0.01633378256513972,0.7241495816460216,1.9683908045977012
Росарио,-32.9081,-60.7819,1986-01-01,1986,1,24.9,162.0,0.19244061432746404,0.22582905748580312,0.7498621483774994,2.1686746987951806
Росарио,-32.9081,-60.7819,1986-02-01,1986,2,23.1,65.0,0.3050997409927774,0.33378972618437125,0.3551384367320018,0.937950937950938
Росарио,-32.9081,-60.7819,1986-03-01,1986,3,19.4,78.0,-0.3281313852682046,-0.37438612961062756,-0.3645459309358959,1.3402061855670102
Росарио,-32.9081,-60.7819,1986-04-01,1986,4,18.5,195.0,0.011684995204969562,-0.002889508985548793,-0.05723295004160958,3.5135135135135136
Росарио,-32.9081,-60.7819,1986-05-01,1986,5,14.4,18.0,0.04893448828751497,0.03338477708740224,0.17265313195966453,0.4166666666666667
Росарио,-32.9081,-60.7819,1986-06-01,1986,6,13.2,44.0,0.9387416415220965,1.0279131403203712,0.21243110258119804,1.1111111111111112
Росарио,-32.9081,-60.7819,1986-07-01,1986,7,11.6,0.0,-0.827402141898546,-0.927651842838867,-0.36861757851717586,0.0
Росарио,-32.9081,-60.7819,1986-08-01,1986,8,12.2,44.0,0.058014961097605455,0.041769472156719965,-0.09974896810319107,1.2021857923497268
Росарио,-32.9081,-60.7819,1986-09-01,1986,9,15.1,50.0,-0.11726201086764304,-0.13001833633902704,0.6435927679220419,1.1037527593818985
Росарио,-32.9081,-60.7819,1986-10-01,1986,10,17.7,75.0,-0.02556521802499675,0.05649749715238188,-0.5283728107411899,1.4124293785310735
Росарио,-32.9081,-60.7819,1986-11-01,1986,11,20.4,151.0,0.3953783390186915,0.47104808111196317,0.3529009887033489,2.4673202614379086
Росарио,-32.9081,-60.7819,1986-12-01,1986,12,23.5,73.0,-0.033860310799958916,-0.0368722356531114,-0.11198059381318237,1.0354609929078014
Росарио,-32.9081,-60.7819,1987-01-01,1987,1,25.3,41.0,-0.35921719553949943,-0.3756297789251579,-0.3553121125023959,0.5401844532279315
Росарио,-32.9081,-60.7819,1987-02-01,1987,2,24.5,113.0,-0.8065451265117637,-0.8772296611878425,-0.43684518392091476,1.5374149659863945
Росарио,-32.9081,-60.7819,1987-03-01,1987,3,21.6,247.0,0.30099324163737845,0.3027041105965348,0.08530731370476709,3.8117283950617282
Росарио,-32.9081,-60.7819,1987-04-01,1987,4,17.9,78.0,0.6261048342135099,0.6573477404526914,0.1416102282526484,1.452513966480447
Росарио,-32.9081,-60.7819,1987-05-01,1987,5,11.4,89.0,0.9811353185770701,1.0155539078872904,0.09299449094176042,2.6023391812865495
Росарио,-32.9081,-60.7819,1987-06-01,1987,6,10.6,0.0,0.01068207311544574,0.02434152227774259,0.24713696543149963,0.0
Росарио,-32.9081,-60.7819,1987-07-01,1987,7,12.5,49.0,0.5306534592272923,0.6099063986878509,0.7687773714024693,1.3066666666666666
Росарио,-32.9081,-60.7819,1987-08-01,1987,8,11.0,20.0,-0.2910791260520869,-0.3424356795253381,0.724318211356906,0.6060606060606061
Росарио,-32.9081,-60.7819,1987-09-01,1987,9,13.5,14.0,-0.2868125769523934,-0.3256805167104981,-0.4179855670675815,0.345679012345679
Росарио,-32.9081,-60.7819,1987-10-01,1987,10,17.6,98.0,-0.42687463288562666,-0.42710555247589266,-0.11034760654525488,1.856060606060606
Росарио,-32.9081,-60.7819,1987-11-01,1987,11,20.8,97.0,-0.2557235112290774,-0.2759853211684218,-0.47056002052282103,1.5544871794871795
Росарио,-32.9081,-60.7819,1987-12-01,1987,12,21.8,97.0,-0.09104627872448846,-0.09942835919977223,-0.25048501111721,1.4831804281345566
Росарио,-32.9081,-60.7819,1988-01-01,1988,1,23.6,145.0,0.29116004847658394,0.3356688395921165,-0.09671873277544459,2.0480225988700567
Росарио,-32.9081,-60.7819,1988-02-01,1988,2,22.7,71.0,-0.0798114501408662,-0.08957278200650357,-0.3120852679409854,1.0425844346549193
Росарио,-32.9081,-60.7819,1988-03-01,1988,3,22.9,256.0,0.7391900525164754,0.768292218196024,0.4078941571998989,3.7263464337700145
Росарио,-32.9081,-60.7819,1988-04-01,1988,4,15.6,28.0,0.12397271032130391,0.1207296760818146,0.09795894216352208,0.5982905982905983
Росарио,-32.9081,-60.7819,1988-05-01,1988,5,10.4,0.0,-0.009891073075532728,-0.032233925707877704,-0.15011705157886862,0.0
Росарио,-32.9081,-60.7819,1988-06-01,1988,6,8.9,1.0,-2.424517350769573,-2.247176705670107,-0.1739862658224405,
Росарио,-32.9081,-60.7819,1988-07-01,1988,7,8.9,31.0,-1.5237514497062856,-1.59149409664342,-0.4638549086628627,
Росарио,-32.9081,-60.7819,1988-08-01,1988,8,12.0,5.0,-1.0395252091129323,-1.1055164377634163,-0.5740129071922434,0.1388888888888889
Росарио,-32.9081,-60.7819,1988-09-01,1988,9,13.8,91.0,0.31869475226145955,0.36078514422148583,-1.501071674847277,2.1980676328502415
Росарио,-32.9081,-60.7819,1988-10-01,1988,10,16.3,53.0,-0.23386888716845985,-0.19339324853574683,-1.114101794992953,1.0838445807770962
Росарио,-32.9081,-60.7819,1988-11-01,1988,11,21.8,24.0,-0.7559364913426377,-0.8489052710416136,-1.3175060552301234,0.3669724770642202
Росарио,-32.9081,-60.7819,1988-12-01,1988,12,24.4,63.0,-1.6893277711515293,-1.6908312885052652,-1.2136917531158984,0.860655737704918
Росарио,-32.9081,-60.7819,1989-01-01,1989,1,26.0,62.0,-1.6818648961791363,-1.6771620794507707,-1.3759366373142132,0.7948717948717948
Росарио,-32.9081,-60.7819,1989-02-01,1989,2,25.1,62.0,-1.1882394384900348,-1.2480380628959877,-1.3766492454649701,0.8233731739707836
Росарио,-32.9081,-60.7819,1989-03-01,1989,3,20.3,46.0,-1.3003785783185617,-1.3088109459109716,-1.6709060879640012,0.7553366174055829
Росарио,-32.9081,-60.7819,1989-04-01,1989,4,18.2,100.0,-1.0093086173566708,-1.0709354058639329,-1.5245324969045442,1.8315018315018314
Росарио,-32.9081,-60.7819,1989-05-01,1989,5,13.6,40.0,-0.9267464024475636,-0.9871429717567115,-1.3736491899088854,0.9803921568627451
Росарио,-32.9081,-60.7819,1989-06-01,1989,6,11.4,21.0,-0.06100160504296707,-0.058986463120692195,-1.2969041872538734,0.6140350877192983
Росарио,-32.9081,-60.7819,1989-07-01,1989,7,9.5,31.0,-0.23837138920062667,-0.27274800976607066,-1.1111373487881808,
Росарио,-32.9081,-60.7819,1989-08-01,1989,8,13.3,75.0,0.6536752185388196,0.6731708602332604,-0.6377650070338682,1.8796992481203008
Росарио,-32.9081,-60.7819,1989-09-01,1989,9,13.2,14.0,0.2335118065121874,0.26752001832018985,-0.0680545605239952,0.35353535353535354
Росарио,-32.9081,-60.7819,1989-10-01,1989,10,17.1,57.0,-0.26676339336549576,-0.2324443304602311,-0.45031173451994827,1.1111111111111112
Росарио,-32.9081,-60.7819,1989-11-01,1989,11,20.5,142.0,-0.21202582857447275,-0.22436054876867217,0.1451297637554158,2.3089430894308944
Росарио,-32.9081,-60.7819,1989-12-01,1989,12,24.9,163.0,0.4433548050693061,0.4894166350576291,0.48913044412428835,2.182061579651941
Росарио,-32.9081,-60.7819,1990-01-01,1990,1,25.2,107.0,0.8478812978912761,0.8877112927014982,0.44013928841882605,1.4153439153439153
Росарио,-32.9081,-60.7819,1990-02-01,1990,2,22.6,85.0,0.23924889671884894,0.25959579097203456,-0.029233122171580188,1.2536873156342183
Росарио,-32.9081,-60.7819,1990-03-01,1990,3,20.1,87.0,-0.506728656156615,-0.5606917237598842,-0.2106983072313285,1.4427860696517414
Росарио,-32.9081,-60.7819,1990-04-01,1990,4,17.5,88.0,-0.5592950997704039,-0.6220884880526265,-0.02086286637795791,1.6761904761904762
Росарио,-32.9081,-60.7819,1990-05-01,1990,5,13.1,56.0,-0.48174251512095695,-0.5422426667214173,-0.21588200507460356,1.424936386768448
Росарио,-32.9081,-60.7819,1990-06-01,1990,6,8.9,0.2,-0.27066310718299563,-0.30260605203804514,-0.69030920859346,
Росарио,-32.9081,-60.7819,1990-07-01,1990,7,9.8,19.0,-0.5575386583205063,-0.6359775265491766,-0.8471565921391021,
Росарио,-32.9081,-60.7819,1990-08-01,1990,8,14.9,21.0,-0.9511350119953611,-1.0228634312405085,-0.9630694662638698,0.4697986577181208
Росарио,-32.9081,-60.7819,1990-09-01,1990,9,13.4,26.0,-0.5847560299979837,-0.6649179209832097,-0.8794240302627881,0.6467661691542289
Росарио,-32.9081,-60.7819,1990-10-01,1990,10,18.9,171.0,0.4215799125009355,0.5602691129259629,0.11768346157938621,3.015873015873016
Росарио,-32.9081,-60.7819,1990-11-01,1990,11,21.8,214.0,1.389113948557811,1.4143014357638748,0.9712231815948891,3.27217125382263
Росарио,-32.9081,-60.7819,1990-12-01,1990,12,21.8,174.5,1.6480282007423837,1.600188522244934,1.185739109093085,2.668195718654434
Росарио,-32.9081,-60.7819,1991-01-01,1991,1,23.0,135.0,1.5876016653010343,1.5136665095077266,1.2931120607427729,1.9565217391304348
Росарио,-32.9081,-60.7819,1991-02-01,1991,2,22.5,21.0,0.05558693025467563,0.06230152302225828,0.9208379795935179,0.3111111111111111
Росарио,-32.9081,-60.7819,1991-03-01,1991,3,22.5,40.0,-1.1039181960298927,-1.1340108805519056,0.365475168274959,0.5925925925925926
Росарио,-32.9081,-60.7819,1991-04-01,1991,4,17.2,289.0,0.09132810107055817,0.08432813234865659,0.9962982823132134,5.60077519379845
Росарио,-32.9081,-60.7819,1991-05-01,1991,5,15.5,86.0,0.988055051808276,1.0219323860229983,0.6544277535176397,1.8494623655913978
Росарио,-32.9081,-60.7819,1991-06-01,1991,6,10.9,81.0,2.448125638371071,2.187203291325384,0.7307981006341464,2.477064220183486
Росарио,-32.9081,-60.7819,1991-07-01,1991,7,9.8,56.0,1.6898983493322863,1.7034422262065825,0.7532901839387699,
Росарио,-32.9081,-60.7819,1991-08-01,1991,8,12.5,25.0,1.099969005491422,1.0933568340421207,1.3643961447144493,0.6666666666666666
Росарио,-32.9081,-60.7819,1991-09-01,1991,9,15.7,35.0,0.18327872169729562,0.21177690055207588,2.0731591251484973,0.7430997876857749
Росарио,-32.9081,-60.7819,1991-10-01,1991,10,16.4,74.0,-0.4032914156766837,-0.39797399859962423,0.6613325175780056,1.5040650406504066
Росарио,-32.9081,-60.7819,1991-11-01,1991,11,19.7,46.0,-0.940493074780753,-1.0408704723365474,-0.06930317525025932,0.7783417935702199
Росарио,-32.9081,-60.7819,1991-12-01,1991,12,22.8,258.0,0.5553651712089355,0.6109864515878343,0.5614649717800764,3.7719298245614037
Росарио,-32.9081,-60.7819,1992-01-01,1992,1,23.8,83.0,0.6649335093613352,0.7165383246909657,0.2248493879083659,1.1624649859943978
Росарио,-32.9081,-60.7819,1992-02-01,1992,2,23.5,117.0,0.9481776645064761,1.0011820134330232,0.24283567175892096,1.6595744680851063
Росарио,-32.9081,-60.7819,1992-03-01,1992,3,22.3,70.0,-0.5694418284260995,-0.6241096707035925,-0.17324105437024412,1.046337817638266
Росарио,-32.9081,-60.7819,1992-04-01,1992,4,16.1,51.0,-0.7412811117384762,-0.8095480529319145,-0.26497987664047534,1.0559006211180122
Росарио,-32.9081,-60.7819,1992-05-01,1992,5,13.5,40.0,-1.1963795083474147,-1.2326732926775446,-0.027321851689860684,0.9876543209876543
Росарио,-32.9081,-60.7819,1992-06-01,1992,6,13.2,78.0,0.034232291364473526,0.05176836993818387,-0.5845155785373345,1.9696969696969697
Росарио,-32.9081,-60.7819,1992-07-01,1992,7,8.2,6.0,0.3102764918867918,0.36350360418281646,-0.6487750342930255,
Росарио,-32.9081,-60.7819,1992-08-01,1992,8,11.7,44.0,0.6673891432669138,0.6868703977719707,-0.8266603238146715,1.2535612535612535
Росарио,-32.9081,-60.7819,1992-09-01,1992,9,14.4,27.0,-0.3863058496631522,-0.44008497466121976,-0.463929725548498,0.625
Росарио,-32.9081,-60.7819,1992-10-01,1992,10,17.7,83.0,-0.180056597385744,-0.12896862826978472,-0.030634431804962177,1.5630885122410547
Росарио,-32.9081,-60.7819,1992-11-01,1992,11,18.5,181.0,0.5225335475157334,0.6083539127697796,0.7667109277666624,3.2612612612612613
Росарио,-32.9081,-60.7819,1992-12-01,1992,12,22.7,127.0,0.6440346806587939,0.7022697555928396,0.40606578408753463,1.8649045521292218
Росарио,-32.9081,-60.7819,1993-01-01,1993,1,24.8,118.0,0.947245853468092,0.9824267117171033,0.5642448993327134,1.586021505376344
Росарио,-32.9081,-60.7819,1993-02-01,1993,2,22.3,30.0,-0.3873048454656172,-0.43199308993818086,-0.039037511871502464,0.4484304932735426
Росарио,-32.9081,-60.7819,1993-03-01,1993,3,22.6,45.0,-1.1263424186474673,-1.1556169045401137,-0.49134171549757527,0.6637168141592921
Росарио,-32.9081,-60.7819,1993-04-01,1993,4,18.0,195.0,-0.4800704157658394,-0.5395372800832302,0.10731212190974523,3.611111111111111
Росарио,-32.9081,-60.7819,1993-05-01,1993,5,13.9,30.0,-0.12983011576891582,-0.1649683861818465,-0.4466744042879094,0.7194244604316546
Росарио,-32.9081,-60.7819,1993-06-01,1993,6,10.4,57.0,1.1602522014819494,1.2344808178304898,-0.3462582021112106,1.8269230769230769
Росарио,-32.9081,-60.7819,1993-07-01,1993,7,8.6,9.0,-0.16586441145518316,-0.18853224157257634,-0.6190119584372318,
Росарио,-32.9081,-60.7819,1993-08-01,1993,8,11.4,16.0,-0.046912121538287326,-0.0738798845911164,-0.3229700581330897,0.4678362573099415
Росарио,-32.9081,-60.7819,1993-09-01,1993,9,13.3,18.0,-1.1006534395265366,-1.2065156106965036,0.3949276462118469,0.45112781954887216
Росарио,-32.9081,-60.7819,1993-10-01,1993,10,18.2,164.0,0.24825667308616364,0.3714905795229353,0.12544821450340657,3.0036630036630036
Росарио,-32.9081,-60.7819,1993-11-01,1993,11,20.0,96.0,0.4126528286335753,0.4901421180999971,0.319675036637356,1.6
Росарио,-32.9081,-60.7819,1993-12-01,1993,12,22.5,134.0,0.664213717132445,0.7232657165138455,0.20562174168819308,1.9851851851851852
Росарио,-32.9081,-60.7819,1994-01-01,1994,1,23.9,99.0,0.20905477911642142,0.24781972283217926,0.2611598372421893,1.3807531380753137
Росарио,-32.9081,-60.7819,1994-02-01,1994,2,22.7,69.0,-0.16684704343834728,-0.1877117713625147,0.047091743444362726,1.013215859030837
Росарио,-32.9081,-60.7819,1994-03-01,1994,3,20.9,164.0,-0.14654081722739906,-0.1797006889429112,0.21883435078117802,2.615629984051037
Росарио,-32.9081,-60.7819,1994-04-01,1994,4,17.2,196.0,0.5748782259791937,0.6057790422515669,0.43067357414964624,3.798449612403101
Росарио,-32.9081,-60.7819,1994-05-01,1994,5,16.2,95.0,1.25774893230082,1.2744315140428673,0.7111980252550221,1.954732510288066
Росарио,-32.9081,-60.7819,1994-06-01,1994,6,12.8,32.0,1.4992617507860073,1.5237218657615945,0.7463482094615298,0.8333333333333334
Росарио,-32.9081,-60.7819,1994-07-01,1994,7,10.1,8.0,0.48430561631928665,0.5588884423682616,0.703614163786623,0.264026402640264
Росарио,-32.9081,-60.7819,1994-08-01,1994,8,12.0,12.0,-0.6554880424160354,-0.730197858287983,0.8993250197175234,0.3333333333333333
Росарио,-32.9081,-60.7819,1994-09-01,1994,9,15.8,1.0,-1.8880325913952594,-1.8486962278014176,0.5786166554169593,0.02109704641350211
Росарио,-32.9081,-60.7819,1994-10-01,1994,10,17.4,105.0,-0.599496759112906,-0.6361443859318535,-0.28756926452220266,2.0114942528735633
Росарио,-32.9081,-60.7819,1994-11-01,1994,11,21.2,52.0,-0.896487103017342,-0.9973251052447906,-1.254127230697709,0.8176100628930818
Росарио,-32.9081,-60.7819,1994-12-01,1994,12,25.6,90.0,-0.4837485424225614,-0.5429643577577764,-1.2035458140621866,1.171875
Росарио,-32.9081,-60.7819,1995-01-01,1995,1,23.4,71.0,-0.891524891482037,-0.9403047557830112,-1.1191057609077788,1.0113960113960114
Росарио,-32.9081,-60.7819,1995-02-01,1995,2,21.7,74.0,-0.733974798037773,-0.8006039820036434,-1.1355707895494558,1.1367127496159755
Росарио,-32.9081,-60.7819,1995-03-01,1995,3,21.3,183.0,-0.1732022729833331,-0.20721076708189945,-0.5357688827156267,2.863849765258216
Росарио,-32.9081,-60.7819,1995-04-01,1995,4,17.1,64.0,-0.1044645222545169,-0.1306901230930535,-0.7293086292202271,1.2475633528265107
Росарио,-32.9081,-60.7819,1995-05-01,1995,5,13.5,11.0,-0.23519728799738007,-0.27933325576181695,-0.7377181131920003,0.2716049382716049
Росарио,-32.9081,-60.7819,1995-06-01,1995,6,10.5,5.0,-1.24462456919855,-1.33857413342082,-0.7893074910931208,0.15873015873015872
Росарио,-32.9081,-60.7819,1995-07-01,1995,7,9.8,5.0,-1.8178762231635759,-1.8328237799109863,-0.7962557717319416,
Росарио,-32.9081,-60.7819,1995-08-01,1995,8,11.2,0.0,-2.0440328075697467,-1.8667484266794854,-0.9877333014774619,0.0
Росарио,-32.9081,-60.7819,1995-09-01,1995,9,15.5,27.0,-1.4330164181282643,-1.5079400955535627,-1.9893491586261,0.5806451612903226
Росарио,-32.9081,-60.7819,1995-10-01,1995,10,16.9,107.0,-0.4032914156766837,-0.39816717683906094,-1.4340526664359512,2.1104536489151875
Росарио,-32.9081,-60.7819,1995-11-01,1995,11,21.7,126.0,0.25333186268735863,0.31230864781846357,-0.5582869034223376,1.935483870967742
Росарио,-32.9081,-60.7819,1995-12-01,1995,12,24.8,30.0,-0.338739837399109,-0.38207433994792644,-0.946455339986192,0.4032258064516129
Росарио,-32.9081,-60.7819,1996-01-01,1996,1,23.9,104.0,-0.40723868549027487,-0.42906497920400516,-0.6452410252283611,1.4504881450488145
Росарио,-32.9081,-60.7819,1996-02-01,1996,2,23.0,168.0,-0.16684704343834728,-0.19088945514922376,-0.0657796554275453,2.4347826086956523
Росарио,-32.9081,-60.7819,1996-03-01,1996,3,22.3,195.0,0.7090124584676865,0.7370827179439793,0.2364881766155064,2.914798206278027
Росарио,-32.9081,-60.7819,1996-04-01,1996,4,18.3,140.0,0.9770574548708463,1.0052282644459853,0.45373708533100204,2.5500910746812386
Росарио,-32.9081,-60.7819,1996-05-01,1996,5,14.6,47.0,0.7547328962271552,0.79095273596958,0.33029954812059964,1.0730593607305936
Росарио,-32.9081,-60.7819,1996-06-01,1996,6,9.3,13.0,0.37965142950029407,0.4453801960555274,0.8091406023167312,
Росарио,-32.9081,-60.7819,1996-07-01,1996,7,8.7,0.3,-0.8635565491904649,-0.9653720257030803,0.6996522526474345,
Росарио,-32.9081,-60.7819,1996-08-01,1996,8,14.4,5.0,-1.6653804704134498,-1.6188998165519077,0.07457526331318569,0.11574074074074074
Росарио,-32.9081,-60.7819,1996-09-01,1996,9,14.1,25.0,-1.4929180434798264,-1.557674214936065,-0.6456696578344732,0.5910165484633569
Росарио,-32.9081,-60.7819,1996-10-01,1996,10,18.9,120.0,-0.22300686726536983,-0.18126749155329386,-0.7663586614569359,2.1164021164021163
Росарио,-32.9081,-60.7819,1996-11-01,1996,11,22.2,122.0,0.31634466369799197,0.380223595739294,-0.39611576208247046,1.8318318318318318
Росарио,-32.9081,-60.7819,1996-12-01,1996,12,23.9,61.0,-0.0015998065800561362,-0.004689910148581532,-0.6033114446851642,0.8507670850767085
Росарио,-32.9081,-60.7819,1997-01-01,1997,1,26.5,77.0,-0.40723868549027487,-0.43339611562197466,-0.5321378740349273,0.9685534591194969
Росарио,-32.9081,-60.7819,1997-02-01,1997,2,22.7,24.0,-1.4451264924412952,-1.4726039640528874,-0.91227170297948,0.3524229074889868
Росарио,-32.9081,-60.7819,1997-03-01,1997,3,22.1,29.0,-1.6124782919894927,-1.5608287812695407,-1.1856222988330356,0.4374057315233786
Росарио,-32.9081,-60.7819,1997-04-01,1997,4,18.6,77.0,-1.865795906848243,-1.7666686409892842,-1.3884390255088914,1.3799283154121864
Росарио,-32.9081,-60.7819,1997-05-01,1997,5,16.0,43.0,-1.3326106976078904,-1.350340539005954,-1.6731615487468539,0.8958333333333334
Росарио,-32.9081,-60.7819,1997-06-01,1997,6,11.2,49.0,0.034232291364473526,0.05166356290959592,-1.498886096647545,1.4583333333333333
Росарио,-32.9081,-60.7819,1997-07-01,1997,7,13.0,14.0,0.010188085591681497,0.016789947671422518,-1.580479815257369,0.358974358974359
Росарио,-32.9081,-60.7819,1997-08-01,1997,8,13.4,24.0,0.04083005918957194,0.022856952583059913,-1.2236371867921307,0.5970149253731343
Росарио,-32.9081,-60.7819,1997-09-01,1997,9,15.3,1.0,-1.2122047860971725,-1.312356015787978,-0.9049822390864558,0.02178649237472767
Росарио,-32.9081,-60.7819,1997-10-01,1997,10,18.0,85.0,-0.7048141682784383,-0.7626816927170805,-0.6990375979626382,1.5740740740740742
Росарио,-32.9081,-60.7819,1997-11-01,1997,11,20.9,158.0,0.10375657114412197,0.1424738281476222,0.06214142569002372,2.5199362041467306
Росарио,-32.9081,-60.7819,1997-12-01,1997,12,22.6,144.0,0.616966413184527,0.6740823196519077,0.12934835555687196,2.1238938053097347
Росарио,-32.9081,-60.7819,1998-01-01,1998,1,23.0,143.0,1.078822804763266,1.1006603161721122,0.4263628644520236,2.072463768115942
Росарио,-32.9081,-60.7819,1998-02-01,1998,2,22.0,96.0,0.4414460460793301,0.48544904258331883,0.32442692686614916,1.4545454545454546
Росарио,-32.9081,-60.7819,1998-03-01,1998,3,20.2,138.0,0.14789902200557387,0.14144742495461915,0.4082841121290221,2.277227722772277
Росарио,-32.9081,-60.7819,1998-04-01,1998,4,17.4,24.0,-0.5753901895335866,-0.6383528187058414,0.14564881102163652,0.45977011494252873
Росарио,-32.9081,-60.7819,1998-05-01,1998,5,14.8,97.0,-0.22632253640183492,-0.2691326520703499,0.10311186202447059,2.184684684684685
Росарио,-32.9081,-60.7819,1998-06-01,1998,6,11.6,8.0,-0.4733327835949999,-0.5348165824393073,-0.14010212500090038,0.22988505747126436
Росарио,-32.9081,-60.7819,1998-07-01,1998,7,12.5,22.0,0.35839721790948675,0.41807910288353345,-0.47767545855287036,0.5866666666666667
Росарио,-32.9081,-60.7819,1998-08-01,1998,8,12.0,112.0,0.8529853328014361,0.8674911559082908,0.08036426039544098,3.111111111111111
Росарио,-32.9081,-60.7819,1998-09-01,1998,9,13.7,11.0,0.5238435991515398,0.5778035762285813,-0.14575614743420756,0.26763990267639903
Росарио,-32.9081,-60.7819,1998-10-01,1998,10,19.4,56.0,0.07224565437846327,0.17056785759923732,0.2365379124174597,0.9621993127147767
Росарио,-32.9081,-60.7819,1998-11-01,1998,11,20.6,160.0,-0.0647059960736139,-0.053026303357900394,0.3934996884838462,2.588996763754045
Росарио,-32.9081,-60.7819,1998-12-01,1998,12,22.2,251.0,1.12642588779749,1.1670438212281282,1.1320478322414873,3.7687687687687688
Росарио,-32.9081,-60.7819,1999-01-01,1999,1,22.7,106.0,1.547384184733446,1.4837822753151086,1.1153594954576949,1.5565345080763584
Росарио,-32.9081,-60.7819,1999-02-01,1999,2,23.8,91.0,0.8832549780182608,0.9394316725322319,0.5881604581191576,1.2745098039215685
Росарио,-32.9081,-60.7819,1999-03-01,1999,3,22.7,244.0,0.5504644335313743,0.5719274553832026,1.078232545128528,3.582966226138032
Росарио,-32.9081,-60.7819,1999-04-01,1999,4,16.0,115.0,0.6933427714289697,0.7261597635108529,1.4060699484116124,2.3958333333333335
Росарио,-32.9081,-60.7819,1999-05-01,1999,5,13.7,49.0,0.9394252833098667,0.9745742500584482,1.171122136024365,1.1922141119221412
Росарио,-32.9081,-60.7819,1999-06-01,1999,6,11.0,69.0,0.7135086134607364,0.8033049884476351,0.8449533994008864,2.090909090909091
Росарио,-32.9081,-60.7819,1999-07-01,1999,7,9.4,17.0,0.48430561631928665,0.558888442368261,0.8176261804544913,
Росарио,-32.9081,-60.7819,1999-08-01,1999,8,12.8,20.0,0.34925542913147767,0.35801579427473873,0.9481950352842567,0.5208333333333334
Росарио,-32.9081,-60.7819,1999-09-01,1999,9,16.1,47.0,-0.27074731160733106,-0.30715304949632827,0.3144739104738455,0.9730848861283643
Росарио,-32.9081,-60.7819,1999-10-01,1999,10,18.4,45.0,-0.6779809512571412,-0.7308123015428827,-0.3523075656732998,0.8152173913043478
Росарио,-32.9081,-60.7819,1999-11-01,1999,11,21.0,29.0,-1.5198613843476336,-1.5983023473852245,-1.0497753542522579,0.4603174603174603
Росарио,-32.9081,-60.7819,1999-12-01,1999,12,23.5,83.0,-1.4596794893954028,-1.498192098194483,-1.4680391971605968,1.177304964539007
Росарио,-32.9081,-60.7819,2000-01-01,2000,1,25.9,42.0,-1.612756116519715,-1.6149497468123397,-1.621629777135499,0.5405405405405406
Росарио,-32.9081,-60.7819,2000-02-01,2000,2,23.9,228.0,0.22450074618602356,0.2429047492438982,-0.6227377416158726,3.1799163179916317
Росарио,-32.9081,-60.7819,2000-03-01,2000,3,20.8,95.0,0.07034591824108904,0.05301707114302116,-0.7883622122692129,1.5224358974358974
Росарио,-32.9081,-60.7819,2000-04-01,2000,4,18.4,248.0,1.313965614432973,1.3085189746561752,0.2570183161442629,4.492753623188406
Росарио,-32.9081,-60.7819,2000-05-01,2000,5,13.7,185.0,1.7183077768667974,1.665320365560705,1.275049640002135,4.5012165450121655
Росарио,-32.9081,-60.7819,2000-06-01,2000,6,11.9,40.0,2.5568142182502203,2.2520859711876584,1.561179674778734,1.1204481792717087
Росарио,-32.9081,-60.7819,2000-07-01,2000,7,8.2,17.0,1.9173881829274786,1.8776766893927945,1.7771138099222457,
Росарио,-32.9081,-60.7819,2000-08-01,2000,8,12.0,108.0,1.1354070674361714,1.1243777857090347,2.004390388357622,3.0
Росарио,-32.9081,-60.7819,2000-09-01,2000,9,14.6,74.0,1.0513845876449333,1.0772668078050305,2.4707807663198578,1.6894977168949772
Росарио,-32.9081,-60.7819,2000-10-01,2000,10,17.8,179.0,1.4286561516679477,1.463646205126744,1.9043780362064089,3.352059925093633
Росарио,-32.9081,-60.7819,2000-11-01,2000,11,19.5,183.0,1.5450000616841988,1.5367356407266137,1.678617361595533,3.128205128205128
Росарио,-32.9081,-60.7819,2000-12-01,2000,12,23.4,68.0,0.8986948791365206,0.9541051678609508,1.198788053335758,0.9686609686609686
Росарио,-32.9081,-60.7819,2001-01-01,2001,1,25.4,215.0,1.2201584747678131,1.219361393248502,1.5816104106704414,2.8215223097112863
Росарио,-32.9081,-60.7819,2001-02-01,2001,2,25.4,68.0,0.2097102306607471,0.22563275511727102,1.1221614458155047,0.8923884514435696
Росарио,-32.9081,-60.7819,2001-03-01,2001,3,22.7,309.0,1.435661761485388,1.4267547769033024,1.5403097682776294,4.537444933920705
Росарио,-32.9081,-60.7819,2001-04-01,2001,4,18.1,101.0,0.845790623021837,0.8770759050246669,1.3062605743501214,1.860036832412523
Росарио,-32.9081,-60.7819,2001-05-01,2001,5,13.3,7.0,1.0018674273897983,1.0351908195347597,0.7617032855463947,0.17543859649122806
Росарио,-32.9081,-60.7819,2001-06-01,2001,6,12.1,11.0,-0.6145280577807136,-0.6928054017193043,1.0246625165714365,0.30303030303030304
Росарио,-32.9081,-60.7819,2001-07-01,2001,7,11.0,2.0,-1.8459407675953372,-1.854721971194083,0.3041291698039263,0.06060606060606061
Росарио,-32.9081,-60.7819,2001-08-01,2001,8,15.1,132.0,0.8913084690530747,0.9036405954368494,1.2700636847254323,2.9139072847682117
Росарио,-32.9081,-60.7819,2001-09-01,2001,9,14.8,114.0,1.4536480314625433,1.3998516319924184,0.7866129622284503,2.5675675675675675
Росарио,-32.9081,-60.7819,2001-10-01,2001,10,18.3,230.0,2.0630393179604587,1.884542520907843,1.4836290426106085,4.18943533697632
Росарио,-32.9081,-60.7819,2001-11-01,2001,11,20.9,123.0,1.7296160436867198,1.6729578387580115,1.7187084079804746,1.9617224880382775
Росарио,-32.9081,-60.7819,2001-12-01,2001,12,23.2,85.0,0.9490050314237095,1.002482778511938,1.4045228721884537,1.221264367816092
Росарио,-32.9081,-60.7819,2002-01-01,2002,1,24.4,85.0,-0.10069122807286714,-0.09096419309317513,1.3912348930603582,1.1612021857923498
Росарио,-32.9081,-60.7819,2002-02-01,2002,2,22.7,59.0,-0.7882934667756314,-0.8552801578595512,0.6960797387891535,0.8663729809104258
Росарио,-32.9081,-60.7819,2002-03-01,2002,3,22.7,255.0,0.28833566697536794,0.29091187362062515,0.7566432323744114,3.7444933920704844
Росарио,-32.9081,-60.7819,2002-04-01,2002,4,16.6,117.0,0.586322545853869,0.6170977309174415,0.2528977021575365,2.3493975903614457
Росарио,-32.9081,-60.7819,2002-05-01,2002,5,16.2,71.0,1.1782477614850024,1.2014044437674336,0.2655790343871878,1.4609053497942386
Росарио,-32.9081,-60.7819,2002-06-01,2002,6,9.6,5.0,0.30463857701502756,0.3613670839055675,0.39275130595435603,
Росарио,-32.9081,-60.7819,2002-07-01,2002,7,10.1,47.0,0.2941224565098956,0.34509977819661514,0.6463401993110666,1.551155115511551
Росарио,-32.9081,-60.7819,2002-08-01,2002,8,13.6,121.0,1.2280609705898042,1.20384592307584,1.5960968203322083,2.965686274509804
Росарио,-32.9081,-60.7819,2002-09-01,2002,9,14.9,66.0,1.3443772259176947,1.3169280913356414,1.2577074727081476,1.476510067114094
Росарио,-32.9081,-60.7819,2002-10-01,2002,10,19.7,281.0,2.022245746281767,1.8600751557987498,1.863353326988618,4.7546531302876485
Росарио,-32.9081,-60.7819,2002-11-01,2002,11,21.7,138.0,1.8328494109959976,1.7450587483453877,1.8736063358990496,2.119815668202765
Росарио,-32.9081,-60.7819,2002-12-01,2002,12,22.6,168.0,1.7921405958418553,1.7077123401447722,1.7920608684991297,2.47787610619469
Росарио,-32.9081,-60.7819,2003-01-01,2003,1,25.2,30.0,0.2666948596820389,0.3059851159391406,1.5087891611456004,0.3968253968253968
Росарио,-32.9081,-60.7819,2003-02-01,2003,2,23.1,101.0,-0.19085380471354352,-0.21659977283223347,1.1105499418574991,1.4574314574314575
Росарио,-32.9081,-60.7819,2003-03-01,2003,3,21.8,148.0,-0.506728656156615,-0.561727001981537,0.8896037253409794,2.2629969418960245
Росарио,-32.9081,-60.7819,2003-04-01,2003,4,17.0,147.0,0.3807448953760552,0.39990511695284087,0.2939818092602365,2.8823529411764706
Росарио,-32.9081,-60.7819,2003-05-01,2003,5,14.4,56.0,0.5254556888496057,0.5515110652543928,0.14455144954442803,1.2962962962962963
Росарио,-32.9081,-60.7819,2003-06-01,2003,6,12.9,0.0,0.4113153619706709,0.48038284894704625,-0.3007432811081562,0.0
Росарио,-32.9081,-60.7819,2003-07-01,2003,7,9.9,67.0,0.2941224565098956,0.34509977819661514,0.4381177746766219,
Росарио,-32.9081,-60.7819,2003-08-01,2003,8,11.3,40.0,0.36453386994032544,0.3742822825892947,0.5346118461060552,1.1799410029498525
Росарио,-32.9081,-60.7819,2003-09-01,2003,9,15.0,27.0,0.40070073248790555,0.44890296248492834,0.5121775902433732,0.6
Росарио,-32.9081,-60.7819,2003-10-01,2003,10,19.8,51.0,-0.599496759112906,-0.6371545848558786,-0.4180984897956482,0.8585858585858586
Росарио,-32.9081,-60.7819,2003-11-01,2003,11,21.1,94.0,-0.70212638029259,-0.7878584812050042,-0.4607592213656412,1.4849921011058451
Росарио,-32.9081,-60.7819,2003-12-01,2003,12,21.6,154.0,-0.033860310799958916,-0.03557820939731895,0.17823035030397266,2.376543209876543
Росарио,-32.9081,-60.7819,2004-01-01,2004,1,25.3,73.0,0.1421997341419577,0.17433470002838505,-0.3190297882358175,0.9617918313570487
Росарио,-32.9081,-60.7819,2004-02-01,2004,2,22.5,49.0,-0.3789572480865969,-0.4220650535426584,-0.7860608547873694,0.725925925925926
Росарио,-32.9081,-60.7819,2004-03-01,2004,3,22.8,75.0,-1.0964573087660077,-1.129065012512202,-0.9059149524942347,1.0964912280701755
Росарио,-32.9081,-60.7819,2004-04-01,2004,4,18.7,167.0,-0.32001509002615763,-0.3672472187960802,-0.3331361630785565,2.9768270944741535
Росарио,-32.9081,-60.7819,2004-05-01,2004,5,12.0,74.0,0.2532303735012296,0.2575947015265434,-0.17950928761272983,2.0555555555555554
Росарио,-32.9081,-60.7819,2004-06-01,2004,6,12.0,39.0,1.1429777914300616,1.218941975652881,-0.3330625388253295,1.0833333333333333
Росарио,-32.9081,-60.7819,2004-07-01,2004,7,11.4,13.0,0.3424133448055619,0.39999372519842863,-0.24584682958048576,0.38011695906432746
Росарио,-32.9081,-60.7819,2004-08-01,2004,8,13.0,14.0,-0.35121702195962906,-0.40789009923464775,-0.07570131274476952,0.358974358974359
Росарио,-32.9081,-60.7819,2004-09-01,2004,9,16.1,6.0,-1.399071798843115,-1.4791174189613125,0.27365248552365357,0.12422360248447203
Росарио,-32.9081,-60.7819,2004-10-01,2004,10,17.8,117.0,-0.36837809696084606,-0.3572405561710624,-0.18328906623212304,2.191011235955056
Росарио,-32.9081,-60.7819,2004-11-01,2004,11,20.6,98.0,-0.12681775829533767,-0.12695115267549684,-0.3761091230011345,1.5857605177993528
Росарио,-32.9081,-60.7819,2004-12-01,2004,12,23.5,129.0,0.3132444690515705,0.3482700473245243,-0.2378862033908848,1.8297872340425532
Росарио,-32.9081,-60.7819,2005-01-01,2005,1,24.6,152.0,0.6047956013440849,0.6541444453575356,0.19071529038537818,2.059620596205962
Росарио,-32.9081,-60.7819,2005-02-01,2005,2,23.5,40.0,-0.017459725936659707,-0.024450564506707063,-0.19039210639098517,0.5673758865248227
Росарио,-32.9081,-60.7819,2005-03-01,2005,3,20.9,162.0,-0.0013515611799784725,-0.02393667561830588,0.07546296085111831,2.583732057416268
Росарио,-32.9081,-60.7819,2005-04-01,2005,4,16.0,106.0,-0.19611714455602472,-0.23293418575428318,0.05822487741950797,2.2083333333333335
Росарио,-32.9081,-60.7819,2005-05-01,2005,5,14.4,6.0,-0.09524194355802043,-0.12615664627507817,-0.16429645454967073,0.1388888888888889
Росарио,-32.9081,-60.7819,2005-06-01,2005,6,13.4,38.0,-0.19670316745420424,-0.216844343039068,-0.1559673417576913,0.945273631840796
Росарио,-32.9081,-60.7819,2005-07-01,2005,7,11.4,33.0,-0.5221229501835698,-0.5964996429881263,-0.47917656370154127,0.9649122807017544
Росарио,-32.9081,-60.7819,2005-08-01,2005,8,12.2,41.0,0.439669667312139,0.45365365173766514,-0.04285402802897891,1.1202185792349726
Росарио,-32.9081,-60.7819,2005-09-01,2005,9,13.5,40.0,0.15770855585497304,0.18320986454517482,-0.2582155040176703,0.9876543209876543
Росарио,-32.9081,-60.7819,2005-10-01,2005,10,17.0,63.0,-0.2889565036552199,-0.25931127216675276,-0.6413379276347425,1.2352941176470589
Росарио,-32.9081,-60.7819,2005-11-01,2005,11,22.0,50.0,-0.9703439319883959,-1.0756744633928348,-0.6137834413780175,0.7575757575757576
Росарио,-32.9081,-60.7819,2005-12-01,2005,12,22.8,56.0,-1.3087525946752891,-1.3658590900379535,-1.0566777870874169,0.8187134502923976
Росарио,-32.9081,-60.7819,2006-01-01,2006,1,25.7,81.0,-1.1904745399858603,-1.2342192266620504,-1.1191858370208263,1.0505836575875487
Росарио,-32.9081,-60.7819,2006-02-01,2006,2,23.7,114.0,-0.5921974026833966,-0.6544986814597284,-1.0678798379890375,1.6033755274261603
Росарио,-32.9081,-60.7819,2006-03-01,2006,3,20.1,86.0,-0.4928556951564523,-0.5478353797799003,-1.110752730576317,1.4262023217247097
Росарио,-32.9081,-60.7819,2006-04-01,2006,4,18.6,142.0,0.03844050360618264,0.025893920364829588,-0.7547167174293594,2.5448028673835124
Росарио,-32.9081,-60.7819,2006-05-01,2006,5,12.5,0.0,-0.510008188241085,-0.5718007287515764,-0.8152747399098017,0.0
Росарио,-32.9081,-60.7819,2006-06-01,2006,6,12.5,72.0,0.5250626376889863,0.6045944400398894,-0.2156618526583377,1.92
Росарио,-32.9081,-60.7819,2006-07-01,2006,7,13.7,3.0,-0.5614930907217567,-0.6403699569085147,-0.24653475559058374,0.072992700729927
Росарио,-32.9081,-60.7819,2006-08-01,2006,8,11.5,3.0,-0.11942710285153832,-0.1538900831674593,-0.6932903138319537,0.08695652173913043
Росарио,-32.9081,-60.7819,2006-09-01,2006,9,15.0,16.0,-1.8383085092847045,-1.8156565439328345,-0.5796235198893674,0.35555555555555557
Росарио,-32.9081,-60.7819,2006-10-01,2006,10,20.3,113.0,-0.42687463288562666,-0.4281646310133399,-0.8043208365341366,1.8555008210180624
Росарио,-32.9081,-60.7819,2006-11-01,2006,11,21.0,135.0,0.2895098772660768,0.35266221337316433,0.161890253137699,2.142857142857143
Росарио,-32.9081,-60.7819,2006-12-01,2006,12,24.8,207.0,1.05392130119916,1.0987525081482563,0.45845083213082266,2.782258064516129
Росарио,-32.9081,-60.7819,2007-01-01,2007,1,24.0,87.0,0.9682662403920402,0.9994275048399833,0.45745520484089613,1.2083333333333333
Росарио,-32.9081,-60.7819,2007-02-01,2007,2,23.2,207.0,1.21916040939537,1.251722894090725,1.0261501057477118,2.9741379310344827
Росарио,-32.9081,-60.7819,2007-03-01,2007,3,21.1,509.0,2.551165419713904,2.286397651372563,2.3354171426736157,8.041074249605055
Росарио,-32.9081,-60.7819,2007-04-01,2007,4,18.9,63.0,2.2075843482861885,1.981264347970851,2.274229702681081,1.1111111111111112
Росарио,-32.9081,-60.7819,2007-05-01,2007,5,11.5,53.0,2.2787095536972073,2.078984496608977,2.129752093191652,1.536231884057971
Росарио,-32.9081,-60.7819,2007-06-01,2007,6,9.1,15.0,-0.44588103142972196,-0.5036927606196739,1.8898226555743851,
Росарио,-32.9081,-60.7819,2007-07-01,2007,7,7.7,1.0,-0.6819892281025268,-0.7726053263411352,1.8878427647540672,
Росарио,-32.9081,-60.7819,2007-08-01,2007,8,9.2,12.0,-1.3131422618836701,-1.3457819377702926,1.7999582914483592,
Росарио,-32.9081,-60.7819,2007-09-01,2007,9,16.6,77.0,-0.17716892891936714,-0.1991267370622836,-0.7538590842339438,1.5461847389558232
Росарио,-32.9081,-60.7819,2007-10-01,2007,10,19.0,174.0,0.7759385516145438,0.9161668099519945,0.46269987922073946,3.0526315789473686
Росарио,-32.9081,-60.7819,2007-11-01,2007,11,20.0,20.0,0.3517379625862427,0.4231327012975561,-0.2496300476524478,0.3333333333333333
Росарио,-32.9081,-60.7819,2007-12-01,2007,12,23.4,91.0,-0.14919660636166093,-0.16665349479739194,-0.2519561309549712,1.2962962962962963
Росарио,-32.9081,-60.7819,2008-01-01,2008,1,24.6,144.0,-0.45586921320901613,-0.4790962054445761,0.20450877479969815,1.951219512195122
Росарио,-32.9081,-60.7819,2008-02-01,2008,2,24.0,92.0,0.028798455410466314,0.027083531414490724,0.1525736696289869,1.2777777777777777
Росарио,-32.9081,-60.7819,2008-03-01,2008,3,21.8,49.0,-0.4651780865255081,-0.5183353270475729,-0.559864461141059,0.7492354740061162
Росарио,-32.9081,-60.7819,2008-04-01,2008,4,17.7,47.0,-1.2034312871059356,-1.2456751723327744,-1.1562941805513436,0.8851224105461394
Росарио,-32.9081,-60.7819,2008-05-01,2008,5,14.0,0.0,-2.0012207497058423,-1.8551784007691454,-1.1151392712035955,0.0
Росарио,-32.9081,-60.7819,2008-06-01,2008,6,9.5,2.0,-1.8863809978107804,-1.8797398566088728,-1.2754387780235317,
Росарио,-32.9081,-60.7819,2008-07-01,2008,7,13.8,7.0,-2.171860454968775,-2.095559158628414,-1.8628247770839357,0.16908212560386474
Росарио,-32.9081,-60.7819,2008-08-01,2008,8,12.6,3.0,-1.9437162245191568,-1.8056433260988145,-2.051656717594007,0.07936507936507936
Росарио,-32.9081,-60.7819,2008-09-01,2008,9,14.9,42.0,-0.8776245215094186,-0.9819368020989422,-2.1093467132355994,0.9395973154362416
Росарио,-32.9081,-60.7819,2008-10-01,2008,10,18.7,49.0,-0.9333635936673693,-1.0325454789758501,-2.1132767650430795,0.8734402852049911
Росарио,-32.9081,-60.7819,2008-11-01,2008,11,23.9,217.0,0.6604132327392424,0.747249147004178,-0.04646301237989281,3.0264993026499303
Росарио,-32.9081,-60.7819,2008-12-01,2008,12,24.1,30.0,-0.05825317391866546,-0.07035146816947555,-0.47894461114439874,0.4149377593360996
Росарио,-32.9081,-60.7819,2009-01-01,2009,1,24.4,106.0,0.403519181401804,0.44624152375648973,-0.2676511372037802,1.4480874316939891
Росарио,-32.9081,-60.7819,2009-02-01,2009,2,23.2,256.0,0.5048205062049667,0.5487744778538147,0.7129770522928359,3.67816091954023
Росарио,-32.9081,-60.7819,2009-03-01,2009,3,22.8,141.0,0.9241208465519486,0.9524120479701577,0.5729991662221207,2.06140350877193
Росарио,-32.9081,-60.7819,2009-04-01,2009,4,19.3,46.0,0.6542657251149078,0.6867130519855443,0.6183356534269489,0.7944732297063903
Росарио,-32.9081,-60.7819,2009-05-01,2009,5,15.5,18.0,-0.7331070748890283,-0.8005910630346597,-0.15367614881977001,0.3870967741935484
Росарио,-32.9081,-60.7819,2009-06-01,2009,6,9.9,0.0,-1.5544315226024963,-1.614620433870837,0.24234566699569574,
Росарио,-32.9081,-60.7819,2009-07-01,2009,7,8.9,64.0,-0.42534366689871145,-0.48742823809803176,0.4744831414429114,
Росарио,-32.9081,-60.7819,2009-08-01,2009,8,14.5,7.0,-0.2518392719241273,-0.2995202082877629,-0.9276646398749231,0.16091954022988506
Росарио,-32.9081,-60.7819,2009-09-01,2009,9,13.6,107.0,0.8591032505923646,0.9054779147397025,-0.5101825550905746,2.622549019607843
Росарио,-32.9081,-60.7819,2009-10-01,2009,10,17.1,65.0,0.07224565437846327,0.1712641726294669,-0.2030565075370887,1.267056530214425
Росарио,-32.9081,-60.7819,2009-11-01,2009,11,21.2,196.0,1.1038969771698501,1.1741161576348138,0.8967488542314539,3.0817610062893084
Росарио,-32.9081,-60.7819,2009-12-01,2009,12,22.5,252.0,1.39351279483204,1.3974380696146729,1.4214963567999037,3.7333333333333334
Росарио,-32.9081,-60.7819,2010-01-01,2010,1,25.4,192.0,2.2608290951441528,1.9710198180986516,1.55712139568098,2.5196850393700787
Росарио,-32.9081,-60.7819,2010-02-01,2010,2,24.2,264.0,2.3755444963802717,2.1386184421069943,2.0945648056192163,3.6363636363636362
Росарио,-32.9081,-60.7819,2010-03-01,2010,3,23.0,82.0,1.1285969053611067,1.1481264450478736,1.6503186459605472,1.1884057971014492
Росарио,-32.9081,-60.7819,2010-04-01,2010,4,16.8,87.0,0.5977319877843789,0.6278310858543303,1.8162486493199952,1.7261904761904763
Росарио,-32.9081,-60.7819,2010-05-01,2010,5,13.9,80.0,-0.3158685343939791,-0.36743349327549024,1.573274406663195,1.9184652278177459
Росарио,-32.9081,-60.7819,2010-06-01,2010,6,11.1,5.0,0.06924576530227397,0.09222520359351825,1.0204660663788852,0.15015015015015015
Росарио,-32.9081,-60.7819,2010-07-01,2010,7,9.4,21.0,0.010188085591681497,0.016789947671420568,0.5578380562422733,
Росарио,-32.9081,-60.7819,2010-08-01,2010,8,10.2,11.0,-1.0395252091129323,-1.1055164377634186,-0.850965064789568,0.35947712418300654
Росарио,-32.9081,-60.7819,2010-09-01,2010,9,14.9,80.0,0.13182295746141992,0.15416772789702488,-0.0350376455518488,1.7897091722595078
Росарио,-32.9081,-60.7819,2010-10-01,2010,10,16.9,39.0,-0.4507119445459969,-0.45579551969524107,-0.47238484995325697,0.7692307692307693
Росарио,-32.9081,-60.7819,2010-11-01,2010,11,20.9,27.0,-1.078300694480838,-1.1841070123945288,-1.5894927103070395,0.430622009569378
Росарио,-32.9081,-60.7819,2010-12-01,2010,12,23.9,124.0,-1.0629533541027811,-1.1381788974301834,-0.8798833898251067,1.7294281729428174
Росарио,-32.9081,-60.7819,2011-01-01,2011,1,25.5,159.0,0.048486269979846446,0.06966235148624854,-0.31379196235225637,2.0784313725490198
Росарио,-32.9081,-60.7819,2011-02-01,2011,2,23.1,186.0,1.0187364805887777,1.0664109720956931,0.25160710845954387,2.683982683982684
Росарио,-32.9081,-60.7819,2011-03-01,2011,3,21.2,136.0,0.7932616081699241,0.8212597475011847,-0.060330380882426364,2.138364779874214
Росарио,-32.9081,-60.7819,2011-04-01,2011,4,17.9,179.0,0.9667143109641719,0.9951795465008183,0.6946117760253298,3.3333333333333335
Росарио,-32.9081,-60.7819,2011-05-01,2011,5,14.0,65.0,0.7402488632834058,0.775844028955384,1.1385940292562693,1.5476190476190477
Росарио,-32.9081,-60.7819,2011-06-01,2011,6,10.6,27.0,1.0643087990016877,1.1467593375600882,1.2136343465166044,0.8490566037735849
Росарио,-32.9081,-60.7819,2011-07-01,2011,7,9.8,12.0,-0.024451800907668682,-0.023622237882577432,0.9232782326244667,
Росарио,-32.9081,-60.7819,2011-08-01,2011,8,11.2,0.0,-0.983808311184985,-1.0536922708279706,0.2261893350542748,0.0
Росарио,-32.9081,-60.7819,2011-09-01,2011,9,16.1,7.0,-1.9950019365457419,-1.916255475455115,0.03042702344708433,0.14492753623188404
Росарио,-32.9081,-60.7819,2011-10-01,2011,10,17.0,153.0,-0.11706177709341782,-0.05205704697518712,-0.171824077623696,3.0
Росарио,-32.9081,-60.7819,2011-11-01,2011,11,22.8,77.0,0.03566637380665917,0.062017409145322576,-0.49410425650991124,1.1257309941520468
Росарио,-32.9081,-60.7819,2011-12-01,2011,12,24.0,57.0,-0.13248133534658565,-0.15069506770042318,-0.8451233950687292,0.7916666666666666
Росарио,-32.9081,-60.7819,2012-01-01,2012,1,26.0,116.0,-0.5051292575064396,-0.5383617397105994,-0.5303552830954683,1.4871794871794872
Росарио,-32.9081,-60.7819,2012-02-01,2012,2,24.5,195.0,0.3341008245496004,0.3620731922825863,0.19058889738079676,2.6530612244897958
Росарио,-32.9081,-60.7819,2012-03-01,2012,3,21.6,146.0,0.648357767833583,0.6716633269310912,0.30407859939201215,2.253086419753086
Росарио,-32.9081,-60.7819,2012-04-01,2012,4,18.0,24.0,0.1883508659342122,0.19052054269349517,-0.32157414199493084,0.4444444444444444
Росарио,-32.9081,-60.7819,2012-05-01,2012,5,16.3,83.0,-0.27983535791257225,-0.3268865133730473,-0.01928671586462682,1.6973415132924334
Росарио,-32.9081,-60.7819,2012-06-01,2012,6,11.1,1.0,-0.7781941931854852,-0.8705063662137696,0.22878354495115696,0.03003003003003003
Росарио,-32.9081,-60.7819,2012-07-01,2012,7,8.6,9.0,-0.22012748924697406,-0.2515942955481304,0.040601741256453334,
Росарио,-32.9081,-60.7819,2012-08-01,2012,8,13.6,151.0,1.0880690034443108,1.082862024702731,0.186384945983957,3.700980392156863
Росарио,-32.9081,-60.7819,2012-09-01,2012,9,15.8,137.0,1.8078535804348883,1.646849340972641,1.0964227042223713,2.890295358649789
Росарио,-32.9081,-60.7819,2012-10-01,2012,10,18.7,331.0,2.730341542544296,2.2407605949064733,2.227194130530983,5.90017825311943
Росарио,-32.9081,-60.7819,2012-11-01,2012,11,22.6,99.0,2.2720333468200926,2.0273336085388802,2.0775214453467377,1.4601769911504425
Росарио,-32.9081,-60.7819,2012-12-01,2012,12,23.9,333.0,2.6253274849502755,2.249374759666181,2.269077021716778,4.644351464435147
Росарио,-32.9081,-60.7819,2013-01-01,2013,1,24.7,72.0,1.4659832139597477,1.4170504303693385,2.2915872077463457,0.97165991902834
Росарио,-32.9081,-60.7819,2013-02-01,2013,2,23.2,92.0,1.1944864270804052,1.2294649180251431,2.0618970656124964,1.3218390804597702
Росарио,-32.9081,-60.7819,2013-03-01,2013,3,19.8,39.0,-1.051836288824066,-1.0884293877394149,1.3196488595548388,0.6565656565656566
Росарио,-32.9081,-60.7819,2013-04-01,2013,4,18.2,14.0,-1.67681328428225,-1.6296414568985398,-0.1425850076665262,0.2564102564102564
Росарио,-32.9081,-60.7819,2013-05-01,2013,5,14.1,87.0,-1.4380229842578884,-1.4362249163080718,0.07204188013899336,2.0567375886524824
Росарио,-32.9081,-60.7819,2013-06-01,2013,6,11.1,9.0,-0.7477306280488326,-0.838012846039046,-1.4086702152233213,0.2702702702702703
Росарио,-32.9081,-60.7819,2013-07-01,2013,7,11.2,25.0,0.26164046947337793,0.3079772712357085,-1.360558515353298,0.7440476190476191
Росарио,-32.9081,-60.7819,2013-08-01,2013,8,11.0,0.0,-1.1262928985830802,-1.1843030737647062,-1.6459849299450955,0.0
Росарио,-32.9081,-60.7819,2013-09-01,2013,9,14.9,38.0,-0.6431741253691721,-0.7298102224083162,-1.3083847549983827,0.8501118568232662
Росарио,-32.9081,-60.7819,2013-10-01,2013,10,19.7,161.0,0.25719654874005815,0.38105039073414265,0.3607880844936417,2.72419627749577
Росарио,-32.9081,-60.7819,2013-11-01,2013,11,21.8,126.0,0.7923965310546938,0.8823008314335069,0.3094050278897302,1.926605504587156
Росарио,-32.9081,-60.7819,2013-12-01,2013,12,26.6,69.0,0.4004846693697162,0.4398887786614154,0.07503458321796817,0.8646616541353384
Росарио,-32.9081,-60.7819,2014-01-01,2014,1,26.1,86.0,-0.20942078051823781,-0.21855636691107702,-0.04465813015952635,1.0983397190293742
Росарио,-32.9081,-60.7819,2014-02-01,2014,2,22.5,247.0,0.574363721214816,0.6187151657277306,0.8461619182604768,3.6592592592592594
Росарио,-32.9081,-60.7819,2014-03-01,2014,3,19.5,145.0,0.7752729772570652,0.8034354714343647,0.739489090435277,2.4786324786324787
Росарио,-32.9081,-60.7819,2014-04-01,2014,4,18.0,103.0,0.9355230825537911,0.9663025375595639,0.5174671540858395,1.9074074074074074
Росарио,-32.9081,-60.7819,2014-05-01,2014,5,14.4,21.0,-0.13851813169401106,-0.1729395852421065,0.25717637221158396,0.4861111111111111
Росарио,-32.9081,-60.7819,2014-06-01,2014,6,11.2,22.0,-0.24752270651663494,-0.2758149846410492,0.5762931733145414,0.6547619047619048
Росарио,-32.9081,-60.7819,2014-07-01,2014,7,11.9,29.0,-0.621284112648811,-0.7063848136866214,0.7209285514995178,0.8123249299719888
Росарио,-32.9081,-60.7819,2014-08-01,2014,8,14.3,0.0,-0.6789537726687941,-0.7542627256915703,-0.5814375226663543,0.0
Росарио,-32.9081,-60.7819,2014-09-01,2014,9,16.0,77.0,0.05216674839021071,0.06410435468982026,-0.39502610772657665,1.6041666666666667
Росарио,-32.9081,-60.7819,2014-10-01,2014,10,20.5,94.0,-0.005691197075743514,0.07904734958513646,-0.3964138577732437,1.5284552845528456
Росарио,-32.9081,-60.7819,2014-11-01,2014,11,21.2,140.0,0.6841134754993864,0.7744589065204928,0.33494675174348404,2.20125786163522
Росарио,-32.9081,-60.7819,2014-12-01,2014,12,23.2,122.0,0.4004846693697162,0.4439101869366931,0.36715645123727647,1.7528735632183907
Росарио,-32.9081,-60.7819,2015-01-01,2015,1,24.7,196.0,1.166802659092823,1.1745556907706094,0.8138439541472713,2.6450742240215925
Росарио,-32.9081,-60.7819,2015-02-01,2015,2,23.8,58.0,0.39162444753059467,0.42762280322623963,0.6483756393941472,0.8123249299719888
Росарио,-32.9081,-60.7819,2015-03-01,2015,3,22.3,120.0,0.12857470588988984,0.11649842551597246,0.23586521548957637,1.7937219730941705
Росарио,-32.9081,-60.7819,2015-04-01,2015,4,20.3,47.0,-0.8543554697581326,-0.9226345016189762,0.0369937287017594,0.7717569786535303
Росарио,-32.9081,-60.7819,2015-05-01,2015,5,16.5,92.0,-0.22632253640183492,-0.27020210838193337,0.06050674302729919,1.8585858585858586
Росарио,-32.9081,-60.7819,2015-06-01,2015,6,12.9,17.0,-0.12197217077825809,-0.12995058136460014,0.010774347995729253,0.4392764857881137
Росарио,-32.9081,-60.7819,2015-07-01,2015,7,11.6,53.0,0.8860029460450225,0.9836630804619745,-0.4652900850740863,1.5229885057471264
Росарио,-32.9081,-60.7819,2015-08-01,2015,8,14.8,124.0,1.4596888383673912,1.3923608616736811,0.4956266383151272,2.7927927927927927
Росарио,-32.9081,-60.7819,2015-09-01,2015,9,14.4,19.0,1.0247583045761819,1.0541796108091093,0.6527521464900571,0.4398148148148148
Росарио,-32.9081,-60.7819,2015-10-01,2015,10,16.6,80.0,0.46322773614525203,0.6048169840708384,0.8621483731720586,1.6064257028112447
Росарио,-32.9081,-60.7819,2015-11-01,2015,11,20.7,97.0,-0.40327755950912275,-0.447155529732274,0.5588807811679961,1.5619967793880838
Росарио,-32.9081,-60.7819,2015-12-01,2015,12,24.6,77.0,-0.41951064861648263,-0.47025952520106634,0.28989968350044343,1.043360433604336
Росарио,-32.9081,-60.7819,2016-01-01,2016,1,26.2,81.0,-0.45586921320901613,-0.4841197389100907,-0.0548817931112017,1.0305343511450382
Росарио,-32.9081,-60.7819,2016-02-01,2016,2,25.7,378.0,1.4307218162462811,1.433085486091419,0.8707341654144611,4.902723735408561
Росарио,-32.9081,-60.7819,2016-03-01,2016,3,20.7,74.0,1.0996569821653006,1.1203355317369084,0.5156680707492866,1.1916264090177133
Росарио,-32.9081,-60.7819,2016-04-01,2016,4,17.5,225.0,1.7912161051002438,1.6892011895043746,1.2541253476919227,4.285714285714286
Росарио,-32.9081,-60.7819,2016-05-01,2016,5,12.7,6.0,0.16442038267521905,0.16096783631990733,1.1018261095651478,0.15748031496062992
Росарио,-32.9081,-60.7819,2016-06-01,2016,6,9.2,58.0,1.2201384060454883,1.2879523984360368,1.4998307515866882,
Росарио,-32.9081,-60.7819,2016-07-01,2016,7,10.2,24.0,-0.31215202706066125,-0.357975165369486,1.6115803871542969,0.7843137254901961
Росарио,-32.9081,-60.7819,2016-08-01,2016,8,12.7,42.0,0.6121400953845361,0.6313960369879824,0.30756673332339823,1.1023622047244095
Росарио,-32.9081,-60.7819,2016-09-01,2016,9,14.4,25.0,-0.16201524560009795,-0.18163524518807536,0.8972922223803292,0.5787037037037037
Росарио,-32.9081,-60.7819,2016-10-01,2016,10,17.7,151.0,0.4215799125009355,0.5598182655456672,0.23620225765612632,2.8436911487758945
Росарио,-32.9081,-60.7819,2016-11-01,2016,11,20.5,76.0,0.17955103670059483,0.22812502984941002,0.4490935664799165,1.2357723577235773
Росарио,-32.9081,-60.7819,2016-12-01,2016,12,24.4,145.0,0.5137448420365388,0.5633612610975176,0.37211998601691293,1.9808743169398908
Росарио,-32.9081,-60.7819,2017-01-01,2017,1,25.4,200.0,0.9120011094828013,0.9467905952686468,0.8600916193758762,2.6246719160104988
Росарио,-32.9081,-60.7819,2017-02-01,2017,2,24.4,104.0,0.8897812898452196,0.9406608827532186,0.7182859585740683,1.4207650273224044
Росарио,-32.9081,-60.7819,2017-03-01,2017,3,21.7,152.0,0.6422701298616135,0.6653500467947352,0.7116856715102254,2.334869431643625
Росарио,-32.9081,-60.7819,2017-04-01,2017,4,17.6,124.0,0.28274772024147826,0.29301298150909233,0.6436321220490179,2.3484848484848486
Росарио,-32.9081,-60.7819,2017-05-01,2017,5,15.2,53.0,0.3561189947195021,0.369486678492899,0.8105633431828856,1.162280701754386
Росарио,-32.9081,-60.7819,2017-06-01,2017,6,12.6,24.0,0.3902376845476003,0.4570468001215269,0.7545231546071938,0.6349206349206349
Росарио,-32.9081,-60.7819,2017-07-01,2017,7,12.9,41.0,0.21247435575455378,0.2515159683720302,0.30518845878228634,1.0594315245478036
Росарио,-32.9081,-60.7819,2017-08-01,2017,8,14.3,39.0,0.3184372034737498,0.32508350916640144,0.33830434025927053,0.9090909090909091
Росарио,-32.9081,-60.7819,2017-09-01,2017,9,15.6,173.0,1.4917170874616033,1.4279618194892791,1.4395923092793073,3.6965811965811968
Росарио,-32.9081,-60.7819,2017-10-01,2017,10,17.8,40.0,0.6932763623703293,0.8371788515427961,0.7569498164320358,0.7490636704119851
Росарио,-32.9081,-60.7819,2017-11-01,2017,11,20.8,51.0,0.2895098772660768,0.35354314121495745,0.3855254474927739,0.8173076923076923
Росарио,-32.9081,-60.7819,2017-12-01,2017,12,24.6,116.0,-0.8783149661590838,-0.9573457362996881,0.3539737007556698,1.5718157181571815
Росарио,-32.9081,-60.7819,2018-01-01,2018,1,25.4,20.0,-1.1904745399858603,-1.2352690681029095,-0.3215185770437043,0.26246719160104987
Росарио,-32.9081,-60.7819,2018-02-01,2018,2,25.4,5.0,-1.6738875346911133,-1.66298441903293,-1.063497944623492,0.06561679790026247
Росарио,-32.9081,-60.7819,2018-03-01,2018,3,21.6,28.0,-2.2514386439488003,-2.0152872194206117,-1.8486470905456174,0.43209876543209874
Росарио,-32.9081,-60.7819,2018-04-01,2018,4,21.8,191.0,-0.8632397655103152,-0.9325309998358428,-1.2991942822575482,2.920489296636086
Росарио,-32.9081,-60.7819,2018-05-01,2018,5,15.8,155.0,0.6965492836456751,0.7308112151864926,-0.61874155254746,3.270042194092827
Росарио,-32.9081,-60.7819,2018-06-01,2018,6,9.5,4.0,1.7085722939744845,1.6871765406258445,-0.8272723415887641,
Росарио,-32.9081,-60.7819,2018-07-01,2018,7,9.9,15.0,1.0544124011055636,1.1489650969487295,-0.38590412465342605,
Росарио,-32.9081,-60.7819,2018-08-01,2018,8,11.1,23.0,-0.9031283017511536,-0.9769911784687291,0.2017632510403715,0.6906906906906907
Росарио,-32.9081,-60.7819,2018-09-01,2018,9,17.7,22.0,-0.7037550283982629,-0.7963133687243923,1.1341284190149532,0.4143126177024482
Росарио,-32.9081,-60.7819,2018-10-01,2018,10,17.6,27.464285714285715,-1.291678547087228,-1.4273768747543798,-0.3578719317450536,0.5201569264069265
Росарио,-32.9081,-60.7819,2018-11-01,2018,11,21.2,32.92857142857143,-2.5445914995083423,-2.3220022469542596,-2.38528260492014,0.5177448337825697
Росарио,-32.9081,-60.7819,2018-12-01,2018,12,22.9,120.82791562038761,-1.163118822111977,-1.2321419874465442,-1.4649293937411614,1.758776064343342
Росарио,-32.9081,-60.7819,2019-01-01,2019,1,24.5,86.30341228141181,-0.6050153758274709,-0.6396768196549708,-1.259060337636182,1.174196085461385
Росарио,-32.9081,-60.7819,2019-02-01,2019,2,23.6,122.5076132822776,0.04900971966813932,0.05073215208955978,-1.0156842213615114,1.7303335209361244
Росарио,-32.9081,-60.7819,2019-03-01,2019,3,20.2,227.5993385212966,0.5221878762561246,0.5413769157961383,-0.3262595560032472,3.755764662067601
Росарио,-32.9081,-60.7819,2019-04-01,2019,4,18.1,75.43071984170263,0.5549829385784574,0.5846783805385741,-0.05350384554561876,1.3891476950589803
Росарио,-32.9081,-60.7819,2019-05-01,2019,5,15.1,39.86915664779055,0.46377640579778673,0.4863517487157686,0.2688251827757401,0.8801138332845595
Росарио,-32.9081,-60.7819,2019-06-01,2019,6,13.4,50.91708774839711,0.0014156139326518635,0.01358105074671722,0.4549592495242305,1.266594222596943
Росарио,-32.9081,-60.7819,2019-07-01,2019,7,10.3,34.05340228598073,0.3237959364758091,0.3788747148942439,0.6256560749225937,1.102051853915234
Росарио,-32.9081,-60.7819,2019-08-01,2019,8,12.1,10.766049027116738,0.18718949471003973,0.18324375192639222,0.38370349134813814,0.296585372647844
Росарио,-32.9081,-60.7819,2019-09-01,2019,9,14.6,54.141646952366884,-0.04544961436308174,-0.047418299358930015,-0.24489147964657473,1.2361106610129426
Росарио,-32.9081,-60.7819,2019-10-01,2019,10,18.0,71.83077808474798,-0.37140010658362754,-0.3598200247746322,-0.19727836919666325,1.3301995941619995
Росарио,-32.9081,-60.7819,2019-11-01,2019,11,22.7,81.68276943349193,-0.27058674278404216,-0.29589975704968996,-0.20742149570132923,1.19945329564599
Росарио,-32.9081,-60.7819,2019-12-01,2019,12,23.0,108.09431787948864,-0.3511043016932988,-0.39458474789810544,-0.370116746533389,1.5665843170940386
Росарио,-32.9081,-60.7819,2020-01-01,2020,1,24.5,26.009337745454474,-0.8609503711507933,-0.9085493230121716,-0.9550848533699183,0.35386854075448265
Росарио,-32.9081,-60.7819,2020-02-01,2020,2,23.6,0.0,-1.7519162973401918,-1.71948210469979,-1.4538511740730296,0.0
Росарио,-32.9081,-60.7819,2020-03-01,2020,3,23.9,100.81324190893653,-1.637813005222972,-1.5791716820678638,-1.3674271832246292,1.4060424255081805
Росарио,-32.9081,-60.7819,2020-04-01,2020,4,17.8,45.270801641409626,-1.6637150878479872,-1.6212287080813539,-1.5027528340907923,0.8477678210001803
Росарио,-32.9081,-60.7819,2020-05-01,2020,5,14.0,56.57067406950599,-0.756528198285264,-0.823328351966299,-1.5488473998813905,1.346920811178714
Росарио,-32.9081,-60.7819,2020-06-01,2020,6,11.6,3.7981158218392856,-0.8145762606397894,-0.9091548016971197,-1.9055738862322205,0.10914125924825534
Росарио,-32.9081,-60.7819,2020-07-01,2020,7,9.4,2.658516395173237,-0.8057176552781765,-0.9048659388759392,-1.7759879549020479,
Росарио,-32.9081,-60.7819,2020-08-01,2020,8,13.9,61.19308511740059,-0.3179522907676659,-0.37173618654248175,-0.970562678499353,1.4674600747578082
Росарио,-32.9081,-60.7819,2020-09-01,2020,9,15.1,31.28295296391886,-0.10060434137825901,-0.11082849682374833,-0.9887202540225354,0.6905729131107916
Росарио,-32.9081,-60.7819,2020-10-01,2020,10,18.5,92.64757896718884,0.13030640860653814,0.23695615628630468,-0.34081955377948153,1.6693257471565557
Росарио,-32.9081,-60.7819,2020-11-01,2020,11,22.8,50.141931989205446,-0.6747442564027278,-0.7617586882952001,-0.8810467643248385,0.7330691811287345
Росарио,-32.9081,-60.7819,2020-12-01,2020,12,23.1,68.78940358801835,-0.830490732113409,-0.9108449485388493,-0.8395840514035549,0.9926320864071911
Росарио,-32.9081,-60.7819,2021-01-01,2021,1,24.5,175.0,-0.09237489385340764,-0.08472671953165091,-0.04779278705166837,2.380952380952381
Росарио,-32.9081,-60.7819,2021-02-01,2021,2,23.1,8.0,-0.5853137824083829,-0.6456660332939977,-0.9302139099434444,0.11544011544011544
Росарио,-32.9081,-60.7819,2021-03-01,2021,3,21.4,51.0,-0.8251194350462098,-0.8773448576364333,-1.1305376756352177,0.794392523364486
Росарио,-32.9081,-60.7819,2021-04-01,2021,4,19.4,40.0,-2.313904325544027,-2.0535944414132437,-1.3747046067491009,0.6872852233676976
Росарио,-32.9081,-60.7819,2021-05-01,2021,5,13.0,30.0,-1.6706904519427797,-1.6192578289790167,-1.371843852518513,0.7692307692307693
Росарио,-32.9081,-60.7819,2021-06-01,2021,6,10.6,0.0,-1.4336684203307244,-1.5103529858033804,-1.4657042444476998,0.0
Росарио,-32.9081,-60.7819,2021-07-01,2021,7,10.7,26.0,-0.95656369820459,-1.0608182592223712,-2.1637542089000696,0.8099688473520249
Росарио,-32.9081,-60.7819,2021-08-01,2021,8,13.1,0.6,-1.3596985616269506,-1.3842414669379892,-1.8139144976470423,0.015267175572519083
Росарио,-32.9081,-60.7819,2021-09-01,2021,9,16.2,33.0,-0.7120070353713668,-0.8053047887636189,-1.795791979887499,0.6790123456790124
Росарио,-32.9081,-60.7819,2021-10-01,2021,10,18.7,14.0,-1.8262023379202144,-1.954919093074723,-2.1039195641306434,0.24955436720142601
Росарио,-32.9081,-60.7819,2021-11-01,2021,11,21.5,55.0,-1.9446788237840433,-1.9388522919119948,-2.324595714689254,0.8527131782945736
Росарио,-32.9081,-60.7819,2021-12-01,2021,12,25.3,13.0,-2.6925245781404916,-2.3617620451200425,-2.6001832767069164,0.1712779973649539
Росарио,-32.9081,-60.7819,2022-01-01,2022,1,26.2,21.0,-2.668414601404769,-2.4033631933562734,-2.678457610817122,0.26717557251908397
Росарио,-32.9081,-60.7819,2022-02-01,2022,2,23.2,33.0,-2.607297294855971,-2.314941429170702,-2.4659866407223934,0.47413793103448276
Росарио,-32.9081,-60.7819,2022-03-01,2022,3,19.8,38.0,-1.9210763067253636,-1.7892390549784094,-2.13375375708705,0.6397306397306397
Росарио,-32.9081,-60.7819,2022-04-01,2022,4,17.2,42.0,-2.1003213263411724,-1.922439486594697,-2.0945226708073896,0.813953488372093
Росарио,-32.9081,-60.7819,2022-05-01,2022,5,12.5,0.6,-2.2214052048317314,-1.999430946765727,-2.3859821229543963,0.016
Росарио,-32.9081,-60.7819,2022-06-01,2022,6,9.2,0.0,-2.0442710695551325,-1.9954470500702632,-2.4797768429364084,
Росарио,-32.9081,-60.7819,2022-07-01,2022,7,12.6,3.0,-2.3451155454798647,-2.214037699776999,-2.4381761914354216,0.07936507936507936
Росарио,-32.9081,-60.7819,2022-08-01,2022,8,12.9,0.0,-2.4657165181926537,-2.0888783737862076,-2.1914688574856616,0.0
Росарио,-32.9081,-60.7819,2022-09-01,2022,9,15.0,8.0,-2.6000635668435566,-2.210359913949757,-2.623773355338378,0.17777777777777778
Росарио,-32.9081,-60.7819,2022-10-01,2022,10,18.4,60.0,-1.3758063440415185,-1.5161137389683685,-2.560004117496487,1.0869565217391304
Росарио,-32.9081,-60.7819,2022-11-01,2022,11,23.3,54.0,-1.5000921811272105,-1.5849899616055803,-2.379697924630343,0.7725321888412017
Росарио,-32.9081,-60.7819,2022-12-01,2022,12,26.0,38.0,-1.525158502521744,-1.559914356586628,-2.3314495378049265,0.48717948717948717
Росарио,-32.9081,-60.7819,2023-01-01,2023,1,26.8,95.0,-1.190474539985859,-1.2426859320943004,-1.713222282357043,1.181592039800995
Росарио,-32.9081,-60.7819,2023-02-01,2023,2,24.4,36.0,-1.3716067229965843,-1.4138382198319936,-1.7647074540274679,0.4918032786885246
Росарио,-32.9081,-60.7819,2023-03-01,2023,3,25.6,112.0,-0.7604568443165052,-0.8197719793613989,-1.3454085136362157,1.4583333333333333
Росарио,-32.9081,-60.7819,2023-04-01,2023,4,18.3,26.0,-1.348184606696616,-1.3731035779760543,-1.5107595842565058,0.47358834244080145
Росарио,-32.9081,-60.7819,2023-05-01,2023,5,16.0,166.0,0.15626422273629154,0.14878320018733168,-0.8534070035722241,3.4583333333333335
Росарио,-32.9081,-60.7819,2023-06-01,2023,6,12.6,0.2,0.29596195123907393,0.35158688306515834,-0.615274331769408,0.005291005291005291
Росарио,-32.9081,-60.7819,2023-07-01,2023,7,12.4,23.0,1.259950757159328,1.340028778688216,-0.6426758901322858,0.6182795698924731
Росарио,-32.9081,-60.7819,2023-08-01,2023,8,13.7,0.2,-1.4710559493020663,-1.473322307599335,-0.524461004843968,0.004866180048661801
Росарио,-32.9081,-60.7819,2023-09-01,2023,9,15.2,16.0,-1.206406772096888,-1.306967854856817,-0.63298566168377,0.3508771929824561
Росарио,-32.9081,-60.7819,2023-10-01,2023,10,18.3,91.0,-0.7429792570104143,-0.8082094304507296,0.1480564350076793,1.657559198542805
Росарио,-32.9081,-60.7819,2023-11-01,2023,11,20.9,92.0,-0.3684329841571451,-0.40766444841752325,-1.1044187254802176,1.467304625199362
Росарио,-32.9081,-60.7819,2023-12-01,2023,12,22.8,173.0,0.4004846693697162,0.44504033188658965,-0.09502205804084089,2.5292397660818713
Росарио,-32.9081,-60.7819,2024-01-01,2024,1,24.9,79.0,0.3316263402455195,0.37539733277315585,-0.2342388181901021,1.0575635876840697
Росарио,-32.9081,-60.7819,2024-02-01,2024,2,25.4,141.0,0.5118156956017881,0.5554373096066484,0.11574094231352368,1.8503937007874016
Росарио,-32.9081,-60.7819,2024-03-01,2024,3,23.4,331.0,1.2034289499970345,1.2181475752449389,1.0715885107438359,4.715099715099715
Росарио,-32.9081,-60.7819,2024-04-01,2024,4,18.2,139.0,1.5002109337314713,1.4627252985213088,1.3536668405760408,2.5457875457875456
Росарио,-32.9081,-60.7819,2024-05-01,2024,5,11.1,3.0,1.374878369713305,1.378248035200086,1.2117426159859015,0.09009009009009009
Росарио,-32.9081,-60.7819,2024-06-01,2024,6,13.9,0.5,-0.29267690244702943,-0.3279422500394324,0.9405951491523077,0.011990407673860911
Росарио,-32.9081,-60.7819,2024-07-01,2024,7,9.1,4.0,-2.2190190262983034,-2.128438680921649,0.9900574599894719,
Росарио,-32.9081,-60.7819,2024-08-01,2024,8,11.9,40.0,-0.8383287734633414,-0.914014606991868,0.9731890734401856,1.1204481792717087
Росарио,-32.9081,-60.7819,2024-09-01,2024,9,17.4,0.0,-1.074106301857797,-1.180665784136442,-1.1535892049716434,0.0
Росарио,-32.9081,-60.7819,2024-10-01,2024,10,19.8,150.0,0.17561180669383214,0.28830713932991014,-0.9172028113616252,2.525252525252525
Росарио,-32.9081,-60.7819,2024-11-01,2024,11,22.1,34.0,-0.5479361833002301,-0.6185598077043574,-1.0356410469029107,0.5128205128205128
Росарио,-32.9081,-60.7819,2024-12-01,2024,12,22.2,146.0,0.20879249555894586,0.2328828558883682,-0.261928135747201,2.1921921921921923
Росарио,-32.9081,-60.7819,2025-01-01,2025,1,26.4,33.0,-0.891524891482037,-0.9420399917449078,-0.5814476976485319,0.4166666666666667
Росарио,-32.9081,-60.7819,2025-02-01,2025,2,25.8,310.0,1.1448198648627947,1.1825738200076774,0.5715830021115484,4.0051679586563305
Росарио,-32.9081,-60.7819,2025-03-01,2025,3,22.2,169.0,0.9771279722786134,1.0012015141163204,0.776091251634916,2.5375375375375375
Росарио,-32.9081,-60.7819,2025-04-01,2025,4,17.1,45.0,1.0840852862600547,1.102892125371024,0.31688613791570514,0.8771929824561403
Росарио,-32.9081,-60.7819,2025-05-01,2025,5,16.2,197.0,0.9603215578209611,0.9951390435094002,1.3516619058541866,4.053497942386831
Росарио,-32.9081,-60.7819,2025-06-01,2025,6,9.0,8.0,0.8744086668356756,0.9652478386278478,1.2549983027637177,
Росарио,-32.9081,-60.7819,2025-07-01,2025,7,11.7,71.0,2.3029508777166185,2.1483980505831335,1.7327197183953933,2.022792022792023
Росарио,-32.9081,-60.7819,2025-08-01,2025,8,12.8,189.0,2.1738559012267338,1.8915301849144734,1.933947445719957,4.921875
Росарио,-32.9081,-60.7819,2025-09-01,2025,9,15.6,80.0,2.089571415174164,1.822118776627778,2.1521951519388334,1.7094017094017093
Росарио,-32.9081,-60.7819,2025-10-01,2025,10,18.8,114.0,1.5589703132585773,1.5582177225114595,2.0807699573707175,2.021276595744681
Росарио,-32.9081,-60.7819,2025-11-01,2025,11,20.8,117.0,0.6841134754993864,0.7751419563086157,1.5945690480272137,1.875
Росарио,-32.9081,-60.7819,2025-12-01,2025,12,24.7,117.0,0.3425520837668203,0.3800588942903472,1.410484095890147,1.5789473684210527
Росарио,-32.9081,-60.7819,2026-01-01,2026,1,25.1,16.0,-0.5051292575064396,-0.5359012346785422,0.8321865667562374,0.21248339973439576
Росарио,-32.9081,-60.7819,2026-02-01,2026,2,24.3,85.0,-0.8896045875589546,-0.9613842755962797,-0.2732131145489787,1.1659807956104253
Росарио,-32.9081,-60.7819,2026-03-01,2026,3,24.3,85.0,-1.1789102029839893,-1.2042883337602555,-0.7340649930099002,1.1659807956104253
Росарио,-32.9081,-60.7819,2026-04-01,2026,4,24.3,85.0,-0.5996945605528987,-0.6675991775326874,-0.8724469682745034,1.1659807956104253
Росарио,-32.9081,-60.7819,2026-05-01,2026,5,14.0,50.37824332283492,-0.5826596303024832,-0.6492321860766513,-1.036844042966856,1.1994819838770219
Росарио,-32.9081,-60.7819,2026-06-01,2026,6,10.9,0.0,-0.3866437148756679,-0.4361522535851301,-1.3582024072136487,0.0
Росарио,-32.9081,-60.7819,2026-07-01,2026,7,10.1,28.411198082479615,-0.4872208408360443,-0.557357725933348,-0.8607352909785854,0.9376633030521325
Росарио,-32.9081,-60.7819,2026-08-01,2026,8,12.0,7.34806135323085,-1.074926923940248,-1.137947044785109,-1.0776007202536018,0.2041128153675236
Росарио,-32.9081,-60.7819,2026-09-01,2026,9,14.7,29.321849843096487,-0.6024311707685709,-0.6846258681437366,-0.992471381118282,0.6648945542652265
Росарио,-32.9081,-60.7819,2026-10-01,2026,10,17.7,66.40888309826653,-0.8004895113495223,-0.8759043750551384,-1.103061502801895,1.2506380997790307
Росарио,-32.9081,-60.7819,2026-11-01,2026,11,20.8,157.9189595638673,0.19492564085478287,0.2469390031383119,-0.34934047585883976,2.530752557113258
Росарио,-32.9081,-60.7819,2026-12-01,2026,12,23.2,95.32535049611269,0.12962364115899244,0.1467296367529296,-0.1755426237519337,1.3696171048292054
