station,lat,lon,date,year,month,temp,precip,spi3,spei3,spei6,gtk
Санта-Фе,-31.7903,-60.4839,1961-01-01,1961,1,24.1,286.0,,,,3.955739972337483
Санта-Фе,-31.7903,-60.4839,1961-02-01,1961,2,23.9,67.0,,,,0.9344490934449093
Санта-Фе,-31.7903,-60.4839,1961-03-01,1961,3,21.0,201.0,1.0170692710635971,1.056073278195915,,3.1904761904761907
Санта-Фе,-31.7903,-60.4839,1961-04-01,1961,4,17.1,12.0,-0.5175005629771202,-0.5775473579153555,,0.23391812865497075
Санта-Фе,-31.7903,-60.4839,1961-05-01,1961,5,16.8,63.0,-0.24345759420816207,-0.30037264420704246,,1.25
Санта-Фе,-31.7903,-60.4839,1961-06-01,1961,6,11.8,14.0,-1.1338126607029442,-1.2068466174248709,0.35228803315649576,0.3954802259887006
Санта-Фе,-31.7903,-60.4839,1961-07-01,1961,7,12.0,19.0,-0.35565722470505884,-0.3805694317578755,-0.7233426884854798,0.5277777777777778
Санта-Фе,-31.7903,-60.4839,1961-08-01,1961,8,15.4,15.0,-0.9828748890930317,-1.0753571874981904,-0.7615688062299002,0.3246753246753247
Санта-Фе,-31.7903,-60.4839,1961-09-01,1961,9,15.5,17.0,-0.9501403694386918,-1.1701114882301775,-1.7642006704405313,0.3655913978494624
Санта-Фе,-31.7903,-60.4839,1961-10-01,1961,10,19.2,112.0,-0.35274190674938,-0.37702114487395355,-0.6297439032020603,1.9444444444444444
Санта-Фе,-31.7903,-60.4839,1961-11-01,1961,11,21.7,109.0,-0.19014158846359228,-0.22199901089127788,-0.6890911513106224,1.674347158218126
Санта-Фе,-31.7903,-60.4839,1961-12-01,1961,12,22.8,135.0,0.21206746165974255,0.25827803448064807,-0.31203968637641133,1.9736842105263157
Санта-Фе,-31.7903,-60.4839,1962-01-01,1962,1,24.6,19.0,-0.5589016400340787,-0.5852838508473649,-0.801929429423443,0.25745257452574527
Санта-Фе,-31.7903,-60.4839,1962-02-01,1962,2,24.1,54.0,-1.0877377785841327,-1.1329008385118806,-0.9158373679472197,0.7468879668049793
Санта-Фе,-31.7903,-60.4839,1962-03-01,1962,3,23.9,94.0,-1.4118783750575115,-1.43352201244238,-0.8573256203356272,1.3110181311018132
Санта-Фе,-31.7903,-60.4839,1962-04-01,1962,4,16.9,55.0,-1.1642089220369742,-1.2158909291171347,-1.16427927750912,1.084812623274162
Санта-Фе,-31.7903,-60.4839,1962-05-01,1962,5,13.4,11.0,-1.2954127777106814,-1.31671691932205,-1.5076411659404023,0.2736318407960199
Санта-Фе,-31.7903,-60.4839,1962-06-01,1962,6,12.0,3.0,-1.4458901085093259,-1.5063482312376282,-1.8814006482136962,0.08333333333333333
Санта-Фе,-31.7903,-60.4839,1962-07-01,1962,7,8.5,78.0,-0.430736858646235,-0.45676497590395193,-1.2921852246089172,
Санта-Фе,-31.7903,-60.4839,1962-08-01,1962,8,12.6,16.0,0.06619240830815754,0.09806986197700682,-1.2784922473643103,0.42328042328042326
Санта-Фе,-31.7903,-60.4839,1962-09-01,1962,9,15.6,60.0,0.552121776338652,0.5575537918163505,-0.8802518527849105,1.2820512820512822
Санта-Фе,-31.7903,-60.4839,1962-10-01,1962,10,17.8,44.0,-0.6504175791604888,-0.7101487132323895,-0.9137658065014914,0.8239700374531835
Санта-Фе,-31.7903,-60.4839,1962-11-01,1962,11,23.4,60.0,-0.9463836536144646,-1.0373404873873886,-0.9001667033744686,0.8547008547008547
Санта-Фе,-31.7903,-60.4839,1962-12-01,1962,12,24.9,37.0,-1.590732743083053,-1.623526884169689,-1.136701236650112,0.49531459170013387
Санта-Фе,-31.7903,-60.4839,1963-01-01,1963,1,25.4,136.0,-0.8343417756977549,-0.8827044061008213,-1.1226123008135254,1.7847769028871392
Санта-Фе,-31.7903,-60.4839,1963-02-01,1963,2,24.8,116.0,-0.37082462387102616,-0.40338384857365284,-0.879345016587799,1.5591397849462365
Санта-Фе,-31.7903,-60.4839,1963-03-01,1963,3,21.2,113.0,0.028225769485748387,0.017122630716446468,-0.9451172511243361,1.7767295597484276
Санта-Фе,-31.7903,-60.4839,1963-04-01,1963,4,19.7,60.0,-0.4523373076987866,-0.5112529129252188,-0.9008353582820641,1.015228426395939
Санта-Фе,-31.7903,-60.4839,1963-05-01,1963,5,15.6,54.0,-0.6426423497021221,-0.7209274045841274,-0.7337164548082693,1.1538461538461537
Санта-Фе,-31.7903,-60.4839,1963-06-01,1963,6,13.1,3.0,-0.7621088438946337,-0.8184830120736721,-0.5249411098844505,0.07633587786259542
Санта-Фе,-31.7903,-60.4839,1963-07-01,1963,7,14.7,42.0,-0.30066970114220853,-0.31999006953043496,-0.645614750491844,0.9523809523809523
Санта-Фе,-31.7903,-60.4839,1963-08-01,1963,8,13.5,26.0,-0.41982811376390866,-0.46522071803247195,-0.9671991321049795,0.6419753086419753
Санта-Фе,-31.7903,-60.4839,1963-09-01,1963,9,14.7,30.0,-0.07151880632544734,-0.2270792378602653,-0.9709625090214995,0.6802721088435374
Санта-Фе,-31.7903,-60.4839,1963-10-01,1963,10,17.6,68.0,-0.597791385948115,-0.650633721813743,-0.8042072786970805,1.2878787878787878
Санта-Фе,-31.7903,-60.4839,1963-11-01,1963,11,19.5,144.0,-0.15249600683656367,-0.1734692693373614,-0.4525887201061568,2.4615384615384617
Санта-Фе,-31.7903,-60.4839,1963-12-01,1963,12,22.4,112.0,-0.020167261964626204,0.004592391424146858,-0.19966607493157734,1.6666666666666667
Санта-Фе,-31.7903,-60.4839,1964-01-01,1964,1,25.3,47.0,-0.21715110091514173,-0.2093918339370992,-0.6760839832121751,0.619235836627141
Санта-Фе,-31.7903,-60.4839,1964-02-01,1964,2,24.8,63.0,-0.953896750516429,-1.0051068983331723,-0.8117601940875765,0.8467741935483871
Санта-Фе,-31.7903,-60.4839,1964-03-01,1964,3,20.5,264.0,0.08136062054529127,0.07697955691041304,0.01674939977409025,4.2926829268292686
Санта-Фе,-31.7903,-60.4839,1964-04-01,1964,4,17.9,234.0,1.022559251476591,1.0346474366945417,0.635916000981622,4.35754189944134
Санта-Фе,-31.7903,-60.4839,1964-05-01,1964,5,16.8,24.0,1.2629569019004945,1.2701130944283867,0.39041750717709733,0.47619047619047616
Санта-Фе,-31.7903,-60.4839,1964-06-01,1964,6,9.8,25.0,0.7379118784736501,0.8029005752874442,0.42152320996880976,
Санта-Фе,-31.7903,-60.4839,1964-07-01,1964,7,11.0,0.0,-1.4213078843535332,-1.5192886209473107,0.6443886408215034,0.0
Санта-Фе,-31.7903,-60.4839,1964-08-01,1964,8,12.2,19.0,-1.1027091789611947,-1.1820445736853564,0.9336004957481772,0.5191256830601093
Санта-Фе,-31.7903,-60.4839,1964-09-01,1964,9,16.0,83.0,-0.017986252912427093,-0.15672250331046106,0.5075828450089654,1.7291666666666667
Санта-Фе,-31.7903,-60.4839,1964-10-01,1964,10,17.2,16.0,-0.6772470627705625,-0.7398281101404175,-1.4101239570934025,0.31007751937984496
Санта-Фе,-31.7903,-60.4839,1964-11-01,1964,11,20.4,52.0,-1.0931913605716266,-1.1763945773312314,-1.4457832426322006,0.8496732026143791
Санта-Фе,-31.7903,-60.4839,1964-12-01,1964,12,23.2,109.0,-1.2400686430908843,-1.29726467951203,-1.2504244446366677,1.5660919540229885
Санта-Фе,-31.7903,-60.4839,1965-01-01,1965,1,26.7,54.0,-1.0088602066065195,-1.0565313220001202,-1.234325073421262,0.6741573033707865
Санта-Фе,-31.7903,-60.4839,1965-02-01,1965,2,26.5,80.0,-0.7616305808314046,-0.817400566168181,-1.206809018906205,1.0062893081761006
Санта-Фе,-31.7903,-60.4839,1965-03-01,1965,3,20.8,28.0,-1.4582779213094539,-1.4734875761596515,-1.7838481651795537,0.44871794871794873
Санта-Фе,-31.7903,-60.4839,1965-04-01,1965,4,17.6,69.0,-1.4347500850594237,-1.4466642428497423,-1.5113335969155925,1.3068181818181819
Санта-Фе,-31.7903,-60.4839,1965-05-01,1965,5,14.6,4.0,-2.0488527029448855,-1.851323059033919,-1.6345394782320766,0.091324200913242
Санта-Фе,-31.7903,-60.4839,1965-06-01,1965,6,16.5,41.0,-0.7991020205081479,-0.8580495628721576,-1.6736194973051024,0.8282828282828283
Санта-Фе,-31.7903,-60.4839,1965-07-01,1965,7,11.1,42.0,-0.5276315673430891,-0.5828146973506181,-1.5217825607327646,1.2612612612612613
Санта-Фе,-31.7903,-60.4839,1965-08-01,1965,8,13.4,9.0,-0.019033969890537156,-0.008411325414863209,-1.7633039370725894,0.22388059701492538
Санта-Фе,-31.7903,-60.4839,1965-09-01,1965,9,14.5,37.0,-0.21466398402991813,-0.3978515944027755,-1.100657369507087,0.8505747126436781
Санта-Фе,-31.7903,-60.4839,1965-10-01,1965,10,18.8,99.0,-0.3411883116694689,-0.35975760829353776,-0.7102220192521178,1.7553191489361701
Санта-Фе,-31.7903,-60.4839,1965-11-01,1965,11,21.2,195.0,0.62015268261318,0.689502411354752,0.45319327895091005,3.0660377358490565
Санта-Фе,-31.7903,-60.4839,1965-12-01,1965,12,21.0,365.0,2.055792633125197,1.9017624055585989,1.5886363984343328,5.7936507936507935
Санта-Фе,-31.7903,-60.4839,1966-01-01,1966,1,24.3,112.0,2.1521900447209528,1.913634738650354,1.500279301426161,1.5363511659807956
Санта-Фе,-31.7903,-60.4839,1966-02-01,1966,2,21.8,191.0,1.9794690763343201,1.8171273947826017,1.703492619129078,2.920489296636086
Санта-Фе,-31.7903,-60.4839,1966-03-01,1966,3,20.9,126.0,0.390954143557772,0.4201697565029202,1.4510694654007446,2.0095693779904304
Санта-Фе,-31.7903,-60.4839,1966-04-01,1966,4,19.2,176.0,0.715483357659706,0.7441083790435966,1.5724250153446366,3.0555555555555554
Санта-Фе,-31.7903,-60.4839,1966-05-01,1966,5,16.0,64.0,0.3821257534220187,0.38707276557222736,1.416601032351638,1.3333333333333333
Санта-Фе,-31.7903,-60.4839,1966-06-01,1966,6,13.6,18.0,0.5564155576170364,0.6249974699471547,0.566712572031186,0.4411764705882353
Санта-Фе,-31.7903,-60.4839,1966-07-01,1966,7,13.1,52.0,0.273439544553228,0.34667457370534704,0.7211661438805366,1.3231552162849873
Санта-Фе,-31.7903,-60.4839,1966-08-01,1966,8,11.2,4.0,-0.35752066599035315,-0.3882780582220375,0.12286127188688513,0.11904761904761904
Санта-Фе,-31.7903,-60.4839,1966-09-01,1966,9,13.7,11.0,-0.5760802073179512,-0.8060833580888488,0.053668650631661784,0.26763990267639903
Санта-Фе,-31.7903,-60.4839,1966-10-01,1966,10,17.7,48.0,-1.624900063452008,-1.674465543478286,-1.079310151679433,0.903954802259887
Санта-Фе,-31.7903,-60.4839,1966-11-01,1966,11,22.1,79.0,-1.2451077076914991,-1.3184035472334585,-1.3102585613068718,1.191553544494721
Санта-Фе,-31.7903,-60.4839,1966-12-01,1966,12,22.5,101.0,-0.783244946558112,-0.8394226651396228,-1.1333813588187862,1.4962962962962962
Санта-Фе,-31.7903,-60.4839,1967-01-01,1967,1,25.0,59.0,-0.7777835027314693,-0.8186435690622067,-1.4042706916886494,0.7866666666666666
Санта-Фе,-31.7903,-60.4839,1967-02-01,1967,2,24.4,65.0,-0.925828475212579,-0.9768185453951175,-1.371659899155759,0.8879781420765027
Санта-Фе,-31.7903,-60.4839,1967-03-01,1967,3,21.5,139.0,-0.6358716840938693,-0.7048944443829414,-1.0187803999333287,2.1550387596899223
Санта-Фе,-31.7903,-60.4839,1967-04-01,1967,4,18.7,36.0,-0.8305403446286261,-0.9009908689828804,-1.1026922754334492,0.6417112299465241
Санта-Фе,-31.7903,-60.4839,1967-05-01,1967,5,18.3,99.0,-0.258788697623338,-0.3199150282741197,-0.8218210512505484,1.8032786885245902
Санта-Фе,-31.7903,-60.4839,1967-06-01,1967,6,8.3,44.0,-0.10197654900452821,-0.07569739022632338,-0.7508174926476275,
Санта-Фе,-31.7903,-60.4839,1967-07-01,1967,7,11.5,42.0,0.9580246018523745,1.0532074034827872,-0.3965057673343959,1.2173913043478262
Санта-Фе,-31.7903,-60.4839,1967-08-01,1967,8,12.2,169.0,1.894518904238212,1.693365885040532,0.7166082378592584,4.617486338797814
Санта-Фе,-31.7903,-60.4839,1967-09-01,1967,9,15.5,96.0,1.643234049468219,1.653549397831878,1.100711893178846,2.064516129032258
Санта-Фе,-31.7903,-60.4839,1967-10-01,1967,10,18.7,327.0,2.587481440852397,2.120077972327099,2.213800277379349,5.828877005347594
Санта-Фе,-31.7903,-60.4839,1967-11-01,1967,11,21.1,31.0,1.5344317519850956,1.5589912841004336,2.040624955949693,0.48973143759873616
Санта-Фе,-31.7903,-60.4839,1967-12-01,1967,12,26.0,72.0,0.7156189803447255,0.7859797794823331,1.5473189046534868,0.9230769230769231
Санта-Фе,-31.7903,-60.4839,1968-01-01,1968,1,25.2,58.0,-1.5842014228701058,-1.599627671965668,1.2090027014624165,0.7671957671957672
Санта-Фе,-31.7903,-60.4839,1968-02-01,1968,2,25.0,82.0,-1.049003772902546,-1.1016425046566567,0.31716193573376755,1.0933333333333333
Санта-Фе,-31.7903,-60.4839,1968-03-01,1968,3,21.3,111.0,-0.7231149322758148,-0.7948996471508256,-0.06826103917606577,1.7370892018779343
Санта-Фе,-31.7903,-60.4839,1968-04-01,1968,4,16.0,5.0,-1.2135387214154691,-1.2568146874494905,-1.6626238122392205,0.10416666666666667
Санта-Фе,-31.7903,-60.4839,1968-05-01,1968,5,13.8,10.0,-1.7004643636151309,-1.6209189724731115,-1.6643131425172528,0.24154589371980675
Санта-Фе,-31.7903,-60.4839,1968-06-01,1968,6,12.3,45.0,-1.6041817831278775,-1.649613943055404,-1.4801816688303384,1.2195121951219512
Санта-Фе,-31.7903,-60.4839,1968-07-01,1968,7,14.3,75.0,0.21313412990152542,0.28249942529835026,-1.057458289105381,1.7482517482517483
Санта-Фе,-31.7903,-60.4839,1968-08-01,1968,8,14.0,48.0,1.0336586247750097,1.054594389209947,-0.9936363046402524,1.1428571428571428
Санта-Фе,-31.7903,-60.4839,1968-09-01,1968,9,15.6,49.0,0.7132739007043362,0.741560772760998,-0.7951217696319772,1.047008547008547
Санта-Фе,-31.7903,-60.4839,1968-10-01,1968,10,18.3,94.0,0.13602011678858955,0.18272984475661744,0.13659037340571822,1.7122040072859745
Санта-Фе,-31.7903,-60.4839,1968-11-01,1968,11,24.1,67.0,-0.46216388493396265,-0.5302012604072953,0.09235979434724054,0.9266943291839558
Санта-Фе,-31.7903,-60.4839,1968-12-01,1968,12,23.3,96.0,-0.5408699106007419,-0.5829362594478067,-0.15616712091179022,1.3733905579399142
Санта-Фе,-31.7903,-60.4839,1969-01-01,1969,1,25.4,103.0,-0.5323187784510884,-0.5611943033423009,-0.49646322009808175,1.3517060367454068
Санта-Фе,-31.7903,-60.4839,1969-02-01,1969,2,23.6,144.0,0.045068406523482596,0.05458843749167527,-0.30706673729647405,2.0338983050847457
Санта-Фе,-31.7903,-60.4839,1969-03-01,1969,3,22.3,113.0,-0.0016227994757382768,-0.015961397815590268,-0.3817576491497877,1.6890881913303437
Санта-Фе,-31.7903,-60.4839,1969-04-01,1969,4,18.9,95.0,-0.03741923683797471,-0.056869915425947985,-0.4407755935545197,1.6754850088183422
Санта-Фе,-31.7903,-60.4839,1969-05-01,1969,5,16.1,62.0,-0.289673850635077,-0.35270947414108234,-0.23102395726682706,1.2836438923395443
Санта-Фе,-31.7903,-60.4839,1969-06-01,1969,6,12.2,22.0,-0.10197654900452821,-0.07690927149387125,-0.20330060829970206,0.6010928961748634
Санта-Фе,-31.7903,-60.4839,1969-07-01,1969,7,13.7,7.0,-0.4498368167225175,-0.49255376097245807,-0.2822759420178553,0.170316301703163
Санта-Фе,-31.7903,-60.4839,1969-08-01,1969,8,11.4,9.0,-1.3014621471183343,-1.3813989223061187,-0.8875342212080525,0.2631578947368421
Санта-Фе,-31.7903,-60.4839,1969-09-01,1969,9,17.4,14.0,-1.8962540461078843,-1.70411735324972,-1.0312934617289509,0.2681992337164751
Санта-Фе,-31.7903,-60.4839,1969-10-01,1969,10,18.3,42.0,-1.579471737125279,-1.6439772421316754,-1.5399065749541605,0.7650273224043715
Санта-Фе,-31.7903,-60.4839,1969-11-01,1969,11,21.5,140.0,-0.6042300065314467,-0.6828570608673499,-1.1305777187468422,2.1705426356589146
Санта-Фе,-31.7903,-60.4839,1969-12-01,1969,12,24.8,71.0,-0.5736317006100111,-0.6172848294125403,-1.2261619139152637,0.9543010752688172
Санта-Фе,-31.7903,-60.4839,1970-01-01,1970,1,24.6,188.0,0.5117048362585858,0.5688495374956747,-0.45075345414914164,2.5474254742547426
Санта-Фе,-31.7903,-60.4839,1970-02-01,1970,2,24.8,74.0,-0.028948829468231258,-0.02844302693275196,-0.44467496783527516,0.9946236559139785
Санта-Фе,-31.7903,-60.4839,1970-03-01,1970,3,23.1,276.0,0.9419205058795539,0.9824728546265122,0.42988513790932037,3.982683982683983
Санта-Фе,-31.7903,-60.4839,1970-04-01,1970,4,21.1,73.0,0.3653790862636451,0.3793371247092684,0.4665950855073109,1.1532385466034756
Санта-Фе,-31.7903,-60.4839,1970-05-01,1970,5,15.1,22.0,0.41377794223335934,0.4188661729753496,0.20711936976369694,0.4856512141280353
Санта-Фе,-31.7903,-60.4839,1970-06-01,1970,6,10.9,25.0,-0.7256992787810566,-0.7778587622801857,0.4238118291142265,0.764525993883792
Санта-Фе,-31.7903,-60.4839,1970-07-01,1970,7,11.5,9.0,-1.229022991431092,-1.3333466044233409,-0.05979224726185725,0.2608695652173913
Санта-Фе,-31.7903,-60.4839,1970-08-01,1970,8,12.5,48.0,-0.2002561221938657,-0.20468298574950414,0.21435536901878827,1.28
Санта-Фе,-31.7903,-60.4839,1970-09-01,1970,9,16.4,62.0,0.19072461667530077,0.10571569608086548,-0.7288380240500196,1.2601626016260163
Санта-Фе,-31.7903,-60.4839,1970-10-01,1970,10,16.8,148.0,0.7009988416911389,0.7758655235628561,0.08023150022535754,2.9365079365079363
Санта-Фе,-31.7903,-60.4839,1970-11-01,1970,11,19.3,32.0,-0.15249600683656367,-0.17398472673121107,-0.3541618584773017,0.5526770293609672
Санта-Фе,-31.7903,-60.4839,1970-12-01,1970,12,22.8,104.0,-0.32491777212043965,-0.3363397720109407,-0.3357313780179709,1.5204678362573099
Санта-Фе,-31.7903,-60.4839,1971-01-01,1971,1,23.9,306.0,0.8057357744858691,0.8615132147031814,0.9507815522236619,4.2677824267782425
Санта-Фе,-31.7903,-60.4839,1971-02-01,1971,2,22.3,75.0,0.9836286213032416,1.017756580866356,0.6326574391084382,1.1210762331838564
Санта-Фе,-31.7903,-60.4839,1971-03-01,1971,3,20.8,240.0,1.3185992270742823,1.3298934026651796,0.8808712069318808,3.8461538461538463
Санта-Фе,-31.7903,-60.4839,1971-04-01,1971,4,15.7,75.0,0.1851638135497857,0.1917529749121534,0.5137132637050017,1.5923566878980893
Санта-Фе,-31.7903,-60.4839,1971-05-01,1971,5,12.8,102.0,0.6928207831598379,0.7215028269508905,1.0096748780138962,2.65625
Санта-Фе,-31.7903,-60.4839,1971-06-01,1971,6,8.3,17.0,0.03527580230073456,0.08495326508156337,1.1173196892810155,
Санта-Фе,-31.7903,-60.4839,1971-07-01,1971,7,13.7,13.0,0.24343322058965072,0.32338248732837527,0.19797964865089818,0.31630170316301703
Санта-Фе,-31.7903,-60.4839,1971-08-01,1971,8,13.2,31.0,-0.6434494246085251,-0.7046979242248266,0.3938069016590419,0.7828282828282829
Санта-Фе,-31.7903,-60.4839,1971-09-01,1971,9,16.3,101.0,0.466035596148437,0.4474217882096439,0.1709137521843231,2.065439672801636
Санта-Фе,-31.7903,-60.4839,1971-10-01,1971,10,17.6,44.0,-0.009316458769280844,0.020527676279120003,0.028653067049686804,0.8333333333333334
Санта-Фе,-31.7903,-60.4839,1971-11-01,1971,11,21.9,102.0,-0.10583982378045267,-0.1250255467129133,-0.49583069095594823,1.552511415525114
Санта-Фе,-31.7903,-60.4839,1971-12-01,1971,12,24.8,137.0,-0.33276105088846236,-0.35098339993726096,-0.16144304823741457,1.8413978494623655
Санта-Фе,-31.7903,-60.4839,1972-01-01,1972,1,26.0,56.0,-0.28341224523584024,-0.2888080748259261,-0.40821546729469066,0.717948717948718
Санта-Фе,-31.7903,-60.4839,1972-02-01,1972,2,24.6,53.0,-0.7349325534154141,-0.788873446745557,-0.6511536151631668,0.7181571815718157
Санта-Фе,-31.7903,-60.4839,1972-03-01,1972,3,19.9,165.0,-0.5578541839854226,-0.6230606535421293,-0.6832980943110478,2.763819095477387
Санта-Фе,-31.7903,-60.4839,1972-04-01,1972,4,17.4,43.0,-0.6610565147923354,-0.7271906389646365,-0.7352799061919648,0.8237547892720306
Санта-Фе,-31.7903,-60.4839,1972-05-01,1972,5,17.2,24.0,-0.5994320986284885,-0.6745864750016828,-0.9324344242159328,0.46511627906976744
Санта-Фе,-31.7903,-60.4839,1972-06-01,1972,6,14.3,33.0,-0.9802192063662738,-1.0513542093380936,-1.1354639111901312,0.7692307692307693
Санта-Фе,-31.7903,-60.4839,1972-07-01,1972,7,10.7,33.0,-0.4690736662465793,-0.5152302259894307,-0.8965557703096461,1.02803738317757
Санта-Фе,-31.7903,-60.4839,1972-08-01,1972,8,12.1,54.0,0.4219633017151587,0.4768345602141804,-0.5404926193952782,1.487603305785124
Санта-Фе,-31.7903,-60.4839,1972-09-01,1972,9,15.9,247.0,1.7932622108771996,1.7712563598431648,0.8178466160580955,5.178197064989518
Санта-Фе,-31.7903,-60.4839,1972-10-01,1972,10,17.0,85.0,1.5477129457069654,1.487119105505696,1.1721100894573497,1.6666666666666667
Санта-Фе,-31.7903,-60.4839,1972-11-01,1972,11,19.5,129.0,1.5823889321407265,1.60051683244938,1.4640573118046543,2.2051282051282053
Санта-Фе,-31.7903,-60.4839,1972-12-01,1972,12,23.9,40.0,-0.5654218940889907,-0.6040294572444428,0.8607699875814083,0.5578800557880056
Санта-Фе,-31.7903,-60.4839,1973-01-01,1973,1,25.1,139.0,-0.17622999633326825,-0.16595117219305439,0.9178978972985724,1.845949535192563
Санта-Фе,-31.7903,-60.4839,1973-02-01,1973,2,22.4,383.0,1.4256814206210702,1.3993106465424692,1.7764170675131101,5.699404761904762
Санта-Фе,-31.7903,-60.4839,1973-03-01,1973,3,22.2,157.0,1.5644673055303902,1.5341718791488996,0.9770986670892612,2.3573573573573574
Санта-Фе,-31.7903,-60.4839,1973-04-01,1973,4,17.7,241.0,1.8658358763814116,1.707655805103078,1.371526454998238,4.5386064030131825
Санта-Фе,-31.7903,-60.4839,1973-05-01,1973,5,13.9,6.0,0.6160627869208314,0.6386914565415196,1.215783235251518,0.14388489208633093
Санта-Фе,-31.7903,-60.4839,1973-06-01,1973,6,13.3,23.0,0.644833480293505,0.7140837392731038,1.5731828705067963,0.5764411027568922
Санта-Фе,-31.7903,-60.4839,1973-07-01,1973,7,9.8,40.0,-0.9100113121574687,-1.0016727877338887,1.5171623954437194,
Санта-Фе,-31.7903,-60.4839,1973-08-01,1973,8,12.1,0.0,-0.5965426907505806,-0.6528164790484552,0.31570791083873506,0.0
Санта-Фе,-31.7903,-60.4839,1973-09-01,1973,9,14.3,4.0,-1.1678603120148625,-1.3253334043176186,-0.03411931019635373,0.09324009324009325
Санта-Фе,-31.7903,-60.4839,1973-10-01,1973,10,18.0,112.0,-0.7044364659499702,-0.7680639654554515,-1.2077293576254353,2.074074074074074
Санта-Фе,-31.7903,-60.4839,1973-11-01,1973,11,19.0,44.0,-0.9910375219009324,-1.0742921223247512,-1.2156455744767334,0.7719298245614035
Санта-Фе,-31.7903,-60.4839,1973-12-01,1973,12,22.7,44.0,-1.0287985904641987,-1.0889892853699874,-1.499428018194522,0.6461086637298091
Санта-Фе,-31.7903,-60.4839,1974-01-01,1974,1,24.5,152.0,-0.7684317614851359,-0.8047028414064644,-1.0989697593149546,2.068027210884354
Санта-Фе,-31.7903,-60.4839,1974-02-01,1974,2,22.2,138.0,-0.021489949225930925,-0.015209067024716172,-0.638089789410129,2.0720720720720722
Санта-Фе,-31.7903,-60.4839,1974-03-01,1974,3,21.6,42.0,-0.17338835712524775,-0.2042410797303851,-0.8062452730863066,0.6481481481481481
Санта-Фе,-31.7903,-60.4839,1974-04-01,1974,4,18.4,22.0,-1.1739823868043726,-1.2214549380904187,-1.2740217150503632,0.39855072463768115
Санта-Фе,-31.7903,-60.4839,1974-05-01,1974,5,16.2,65.0,-1.6619314510411076,-1.5984881088414196,-1.0088274057732507,1.337448559670782
Санта-Фе,-31.7903,-60.4839,1974-06-01,1974,6,10.6,47.0,-0.5628663311678742,-0.5947833807375456,-0.6121140443443255,1.4779874213836477
Санта-Фе,-31.7903,-60.4839,1974-07-01,1974,7,14.1,11.0,0.10466853478436235,0.15732911221289125,-1.0790039887264617,0.26004728132387706
Санта-Фе,-31.7903,-60.4839,1974-08-01,1974,8,12.3,30.0,-0.0896881196168824,-0.08222898649592682,-1.5846396972656143,0.8130081300813008
Санта-Фе,-31.7903,-60.4839,1974-09-01,1974,9,12.4,58.0,-0.0579535670615288,-0.2041624171661629,-0.7839796866926396,1.5591397849462365
Санта-Фе,-31.7903,-60.4839,1974-10-01,1974,10,17.4,29.0,-0.6907960057798994,-0.7494667874422097,-0.6222338153409204,0.5555555555555556
Санта-Фе,-31.7903,-60.4839,1974-11-01,1974,11,21.1,3.0,-1.859146372559565,-1.8289448541353386,-1.5817959201963148,0.04739336492890995
Санта-Фе,-31.7903,-60.4839,1974-12-01,1974,12,21.5,96.0,-1.7241600981945484,-1.7315700588234624,-1.6216402105780672,1.4883720930232558
Санта-Фе,-31.7903,-60.4839,1975-01-01,1975,1,23.7,56.0,-1.6538745184030867,-1.65231241854633,-1.5627909851580621,0.7876230661040787
Санта-Фе,-31.7903,-60.4839,1975-02-01,1975,2,23.3,72.0,-0.935161389865066,-0.981953075127064,-1.6263357109367398,1.0300429184549356
Санта-Фе,-31.7903,-60.4839,1975-03-01,1975,3,21.1,244.0,0.06961763318482413,0.06598441148049769,-0.969599917873622,3.854660347551343
Санта-Фе,-31.7903,-60.4839,1975-04-01,1975,4,17.6,65.0,0.1340110657298133,0.13371784085930039,-0.8272679752161815,1.231060606060606
Санта-Фе,-31.7903,-60.4839,1975-05-01,1975,5,15.9,81.0,0.531599429336679,0.5491359847597622,-0.22200499340539923,1.6981132075471699
Санта-Фе,-31.7903,-60.4839,1975-06-01,1975,6,13.8,77.0,0.28293113734461056,0.34528971146565196,0.10398765623153808,1.8599033816425121
Санта-Фе,-31.7903,-60.4839,1975-07-01,1975,7,9.6,23.0,0.9090272880074046,1.006912984493,0.40882569419001275,
Санта-Фе,-31.7903,-60.4839,1975-08-01,1975,8,11.7,62.0,0.9643142813625718,0.9986552243295282,0.8534138450408378,1.7663817663817665
Санта-Фе,-31.7903,-60.4839,1975-09-01,1975,9,14.6,118.0,0.9634278498165042,1.023937846110917,0.772285606533185,2.6940639269406392
Санта-Фе,-31.7903,-60.4839,1975-10-01,1975,10,16.4,48.0,0.46255016210314237,0.5393978945721922,0.7923795271836431,0.9756097560975611
Санта-Фе,-31.7903,-60.4839,1975-11-01,1975,11,19.3,47.0,-0.43227008911336334,-0.48669138161265874,0.07889378559642037,0.8117443868739206
Санта-Фе,-31.7903,-60.4839,1975-12-01,1975,12,24.5,28.0,-1.7765393488542984,-1.7761379721538288,-0.9025624586289209,0.38095238095238093
Санта-Фе,-31.7903,-60.4839,1976-01-01,1976,1,24.6,175.0,-0.6760493679617782,-0.7100105942853385,-0.358376613757258,2.3712737127371275
Санта-Фе,-31.7903,-60.4839,1976-02-01,1976,2,23.7,89.0,-0.34660572849692617,-0.3745177169844822,-0.5769504921352735,1.2517580872011251
Санта-Фе,-31.7903,-60.4839,1976-03-01,1976,3,19.2,111.0,0.08721842653998174,0.08599888929401012,-0.9797293487183082,1.9270833333333333
Санта-Фе,-31.7903,-60.4839,1976-04-01,1976,4,16.1,84.0,-0.4883271318026994,-0.5436978692376225,-0.8364945763722964,1.7391304347826084
Санта-Фе,-31.7903,-60.4839,1976-05-01,1976,5,13.5,11.0,-0.8314029094995888,-0.8987462771268987,-0.8224786431398788,0.2716049382716049
Санта-Фе,-31.7903,-60.4839,1976-06-01,1976,6,10.9,1.0,-1.0348121173152214,-1.0984021076838821,-0.5803973778877165,0.03058103975535168
Санта-Фе,-31.7903,-60.4839,1976-07-01,1976,7,10.9,9.0,-2.450639168286209,-2.331138436123445,-1.2157442297921985,0.27522935779816515
Санта-Фе,-31.7903,-60.4839,1976-08-01,1976,8,12.2,108.0,0.3930530247099237,0.4501188950125573,-0.7534979817281332,2.9508196721311477
Санта-Фе,-31.7903,-60.4839,1976-09-01,1976,9,14.2,3.0,0.20218746094078963,0.1237252607093801,-0.949316759175734,0.07042253521126761
Санта-Фе,-31.7903,-60.4839,1976-10-01,1976,10,16.9,210.0,1.1460264650663512,1.1767111507707497,0.3158425345016005,4.142011834319527
Санта-Фе,-31.7903,-60.4839,1976-11-01,1976,11,20.2,92.0,0.40604745721181146,0.4596552619214179,0.4595213417487906,1.518151815181518
Санта-Фе,-31.7903,-60.4839,1976-12-01,1976,12,22.5,169.0,0.9772905918830394,1.0424965172498712,0.8783384047820764,2.5037037037037035
Санта-Фе,-31.7903,-60.4839,1977-01-01,1977,1,25.1,83.0,0.10803879667785503,0.14634796500745778,0.7644719610173747,1.1022576361221779
Санта-Фе,-31.7903,-60.4839,1977-02-01,1977,2,23.2,124.0,0.28084279271269363,0.311615288616929,0.40108891512489786,1.7816091954022988
Санта-Фе,-31.7903,-60.4839,1977-03-01,1977,3,21.7,110.0,-0.26886216950256714,-0.3110767858042652,0.4209391161552154,1.6897081413210446
Санта-Фе,-31.7903,-60.4839,1977-04-01,1977,4,17.6,27.0,-0.6610565147923354,-0.7279002105583248,-0.49840595077570066,0.5113636363636364
Санта-Фе,-31.7903,-60.4839,1977-05-01,1977,5,12.3,27.0,-1.2517392781754437,-1.2781073697967331,-0.6027613413088999,0.7317073170731707
Санта-Фе,-31.7903,-60.4839,1977-06-01,1977,6,12.7,31.0,-1.1925358555891665,-1.2619820174406562,-0.9751725864864934,0.8136482939632546
Санта-Фе,-31.7903,-60.4839,1977-07-01,1977,7,12.5,19.0,-0.7328904554476303,-0.8074941103692925,-0.985545884862845,0.5066666666666667
Санта-Фе,-31.7903,-60.4839,1977-08-01,1977,8,12.5,26.0,-0.31704443612994004,-0.34209873101430954,-1.4085019099355132,0.6933333333333334
Санта-Фе,-31.7903,-60.4839,1977-09-01,1977,9,15.8,53.0,-0.07151880632544734,-0.2248662031326132,-1.2953378217788853,1.1181434599156117
Санта-Фе,-31.7903,-60.4839,1977-10-01,1977,10,18.8,91.0,-0.0699745640802771,-0.0488983627427146,-0.5529768978791889,1.6134751773049645
Санта-Фе,-31.7903,-60.4839,1977-11-01,1977,11,19.9,185.0,0.6039830157769641,0.6725651883176016,0.3158225172043175,3.0988274706867673
Санта-Фе,-31.7903,-60.4839,1977-12-01,1977,12,23.2,131.0,0.563693258019211,0.6351976625191254,0.367107886922956,1.882183908045977
Санта-Фе,-31.7903,-60.4839,1978-01-01,1978,1,23.6,330.0,2.0149667304426537,1.8241860433927988,1.4956525913879082,4.661016949152542
Санта-Фе,-31.7903,-60.4839,1978-02-01,1978,2,22.0,131.0,1.5882281078067537,1.5297855206137982,1.4426000039273033,1.9848484848484849
Санта-Фе,-31.7903,-60.4839,1978-03-01,1978,3,21.6,371.0,2.158761621552028,1.9750268404061504,1.8184841866709442,5.7253086419753085
Санта-Фе,-31.7903,-60.4839,1978-04-01,1978,4,16.7,33.0,0.9084618717668398,0.9306439940090001,1.6122165176990546,0.6586826347305389
Санта-Фе,-31.7903,-60.4839,1978-05-01,1978,5,13.7,11.0,0.6811130437842775,0.7077354677059063,1.3403007617383915,0.26763990267639903
Санта-Фе,-31.7903,-60.4839,1978-06-01,1978,6,10.9,63.0,-0.8878295661286503,-0.9456300259789993,1.5441792011070068,1.926605504587156
Санта-Фе,-31.7903,-60.4839,1978-07-01,1978,7,13.3,65.0,0.34722192912337724,0.4346995330822044,0.9237218759649423,1.6290726817042607
Санта-Фе,-31.7903,-60.4839,1978-08-01,1978,8,10.9,2.0,0.5616771102201187,0.6214616676135999,0.8141459813581211,0.06116207951070336
Санта-Фе,-31.7903,-60.4839,1978-09-01,1978,9,15.5,88.0,0.5614431546442776,0.566565104783541,-0.5004500762116448,1.89247311827957
Санта-Фе,-31.7903,-60.4839,1978-10-01,1978,10,18.1,124.0,0.3437413550829758,0.4126508868184789,0.3993403181756755,2.283609576427256
Санта-Фе,-31.7903,-60.4839,1978-11-01,1978,11,20.4,164.0,0.9719144541154986,1.0501773853633338,1.0345055493883952,2.679738562091503
Санта-Фе,-31.7903,-60.4839,1978-12-01,1978,12,23.2,134.0,0.6632136111436293,0.7368419397497957,0.7996042091504928,1.9252873563218391
Санта-Фе,-31.7903,-60.4839,1979-01-01,1979,1,24.9,65.0,0.2513556712528659,0.2998492490341846,0.2551494404921318,0.8701472556894244
Санта-Фе,-31.7903,-60.4839,1979-02-01,1979,2,23.6,104.0,-0.2589974232120054,-0.2778952534562527,0.388921700198134,1.4689265536723164
Санта-Фе,-31.7903,-60.4839,1979-03-01,1979,3,20.3,88.0,-0.6792061884213926,-0.7476650882574544,-0.07381506148427865,1.444991789819376
Санта-Фе,-31.7903,-60.4839,1979-04-01,1979,4,16.3,250.0,0.464395534951084,0.48925786577889274,0.4025935401575846,5.112474437627812
Санта-Фе,-31.7903,-60.4839,1979-05-01,1979,5,13.1,56.0,0.5559286813436797,0.5780001495232995,0.18079987956854313,1.424936386768448
Санта-Фе,-31.7903,-60.4839,1979-06-01,1979,6,10.7,25.0,1.0603543645909794,1.0924366271758457,0.06931874612370031,0.778816199376947
Санта-Фе,-31.7903,-60.4839,1979-07-01,1979,7,13.0,34.0,-0.024268389289145743,0.014375417593222405,0.38504355073364654,0.8717948717948718
Санта-Фе,-31.7903,-60.4839,1979-08-01,1979,8,14.5,45.0,0.1803192594107903,0.21733440132662019,0.5243684090962806,1.0344827586206897
Санта-Фе,-31.7903,-60.4839,1979-09-01,1979,9,13.1,49.0,0.29113246207732707,0.2330840032175218,0.962609394890827,1.2468193384223918
Санта-Фе,-31.7903,-60.4839,1979-10-01,1979,10,17.3,29.0,-0.6108223429336197,-0.663716837440248,-0.6416971866156659,0.558766859344894
Санта-Фе,-31.7903,-60.4839,1979-11-01,1979,11,18.4,177.0,-0.03209074564452644,-0.03259992364269662,-0.05500128551995731,3.2065217391304346
Санта-Фе,-31.7903,-60.4839,1979-12-01,1979,12,22.0,144.0,0.16924802597456365,0.21688224718774723,0.19344549746210746,2.1818181818181817
Санта-Фе,-31.7903,-60.4839,1980-01-01,1980,1,24.8,10.0,0.007397580712684271,0.03961798399544564,-0.5068700729231155,0.13440860215053763
Санта-Фе,-31.7903,-60.4839,1980-02-01,1980,2,24.0,79.0,-0.8519804734639972,-0.9021241867408266,-0.671903887474272,1.0972222222222223
Санта-Фе,-31.7903,-60.4839,1980-03-01,1980,3,24.3,69.0,-1.4959427773052139,-1.502833002806027,-0.930399115096883,0.9465020576131687
Санта-Фе,-31.7903,-60.4839,1980-04-01,1980,4,20.3,263.0,0.30111630077350066,0.31094002192648423,0.13236584252971414,4.318555008210181
Санта-Фе,-31.7903,-60.4839,1980-05-01,1980,5,16.8,43.0,0.43890130851849746,0.4450656634622947,-0.2571900925734237,0.8531746031746031
Санта-Фе,-31.7903,-60.4839,1980-06-01,1980,6,11.5,19.0,1.0217001588484422,1.05551425369769,-0.5202436234984126,0.5507246376811594
Санта-Фе,-31.7903,-60.4839,1980-07-01,1980,7,10.0,36.0,-0.3188773043743178,-0.3335210438054835,0.11682059311495008,
Санта-Фе,-31.7903,-60.4839,1980-08-01,1980,8,12.4,34.0,-0.0718068318452197,-0.057810939623604805,0.2906780874538249,0.9139784946236559
Санта-Фе,-31.7903,-60.4839,1980-09-01,1980,9,13.7,24.0,-0.12707349876068777,-0.28754196006791805,0.7285434882642159,0.583941605839416
Санта-Фе,-31.7903,-60.4839,1980-10-01,1980,10,17.5,64.0,-0.6239361167992713,-0.6777975344016514,-0.8304154238311835,1.2190476190476192
Санта-Фе,-31.7903,-60.4839,1980-11-01,1980,11,19.5,201.0,0.2698523893437921,0.30822012299119117,0.10333592870116337,3.4358974358974357
Санта-Фе,-31.7903,-60.4839,1980-12-01,1980,12,23.5,36.0,-0.19330518918035597,-0.19092302816816684,-0.3933333728931038,0.5106382978723404
Санта-Фе,-31.7903,-60.4839,1981-01-01,1981,1,23.4,148.0,0.41210619481990757,0.47075109421696004,-0.1758239427834533,2.1082621082621085
Санта-Фе,-31.7903,-60.4839,1981-02-01,1981,2,23.6,241.0,0.6097435785650455,0.6549424864975554,0.5685435167537973,3.403954802259887
Санта-Фе,-31.7903,-60.4839,1981-03-01,1981,3,21.3,381.0,1.9264177964385651,1.8115406015314124,1.4040501536542909,5.962441314553991
Санта-Фе,-31.7903,-60.4839,1981-04-01,1981,4,18.1,232.0,2.1095411573743266,1.8708547612017727,1.748011677861124,4.27255985267035
Санта-Фе,-31.7903,-60.4839,1981-05-01,1981,5,18.4,121.0,2.2236804475512812,2.0212195861798254,1.7327175349869641,2.1920289855072466
Санта-Фе,-31.7903,-60.4839,1981-06-01,1981,6,10.8,5.0,1.2291657675247092,1.2277804133380243,2.053961145697315,0.15432098765432098
Санта-Фе,-31.7903,-60.4839,1981-07-01,1981,7,11.3,20.0,0.4477208018137036,0.5400701838951681,1.8860258703446953,0.5899705014749262
Санта-Фе,-31.7903,-60.4839,1981-08-01,1981,8,14.9,33.0,-0.7161534025357637,-0.7882496440904546,1.914297462220668,0.738255033557047
Санта-Фе,-31.7903,-60.4839,1981-09-01,1981,9,14.4,17.0,-0.5177228531396614,-0.7486461451823577,0.7819002215675832,0.39351851851851855
Санта-Фе,-31.7903,-60.4839,1981-10-01,1981,10,18.1,4.0,-1.84789277511481,-1.8643734555490028,-1.0497609644209909,0.07366482504604052
Санта-Фе,-31.7903,-60.4839,1981-11-01,1981,11,21.4,117.0,-1.2451077076914991,-1.3186679083414452,-1.44034903621973,1.8224299065420562
Санта-Фе,-31.7903,-60.4839,1981-12-01,1981,12,23.6,156.0,-0.3800645254818592,-0.402271472698103,-0.752176478640736,2.2033898305084745
Санта-Фе,-31.7903,-60.4839,1982-01-01,1982,1,24.5,73.0,0.12333133097880085,0.16127030181745086,-0.842895754173375,0.9931972789115646
Санта-Фе,-31.7903,-60.4839,1982-02-01,1982,2,22.7,104.0,-0.028948829468231258,-0.02486070994588077,-0.7722342457165304,1.5271659324522762
Санта-Фе,-31.7903,-60.4839,1982-03-01,1982,3,22.8,73.0,-0.7304902758097493,-0.8009467418378804,-0.8349809358284864,1.067251461988304
Санта-Фе,-31.7903,-60.4839,1982-04-01,1982,4,19.5,78.0,-0.7082386703504265,-0.7783396755245438,-0.519666021071879,1.3333333333333333
Санта-Фе,-31.7903,-60.4839,1982-05-01,1982,5,16.3,38.0,-0.9938825386965627,-1.0596115212027646,-0.7004879492466756,0.7770961145194274
Санта-Фе,-31.7903,-60.4839,1982-06-01,1982,6,12.9,91.0,0.1489628448981556,0.1997957216790586,-0.6661358818985965,2.351421188630491
Санта-Фе,-31.7903,-60.4839,1982-07-01,1982,7,11.8,14.0,0.4050350966851482,0.4937812554257336,-0.5764277531855521,0.3954802259887006
Санта-Фе,-31.7903,-60.4839,1982-08-01,1982,8,13.8,8.0,0.3192382663878638,0.36718947157007115,-0.936271043895222,0.1932367149758454
Санта-Фе,-31.7903,-60.4839,1982-09-01,1982,9,17.0,200.0,1.1032974712105408,1.1639256879490647,0.7860202969048614,3.9215686274509802
Санта-Фе,-31.7903,-60.4839,1982-10-01,1982,10,18.0,53.0,0.7237713531261765,0.7956562719970951,0.7557422449332248,0.9814814814814815
Санта-Фе,-31.7903,-60.4839,1982-11-01,1982,11,20.4,128.0,1.009663584202461,1.0859837200789033,0.9553358177410738,2.0915032679738563
Санта-Фе,-31.7903,-60.4839,1982-12-01,1982,12,24.2,37.0,-0.8695662428408171,-0.9300128775405115,-0.07443320662458291,0.509641873278237
Санта-Фе,-31.7903,-60.4839,1983-01-01,1983,1,26.3,73.0,-0.7871563609446061,-0.8302195680264948,-0.232303610131171,0.9252217997465145
Санта-Фе,-31.7903,-60.4839,1983-02-01,1983,2,23.2,293.0,0.4649629524047188,0.5034848056883987,0.8936196801667089,4.209770114942529
Санта-Фе,-31.7903,-60.4839,1983-03-01,1983,3,21.0,100.0,0.5863371006211331,0.6256431657142824,-0.051507356615007736,1.5873015873015872
Санта-Фе,-31.7903,-60.4839,1983-04-01,1983,4,17.9,77.0,0.6047238461103339,0.6328638572907498,-0.019487908976865843,1.4338919925512104
Санта-Фе,-31.7903,-60.4839,1983-05-01,1983,5,14.4,178.0,0.31149030737179473,0.3117436385412307,0.45081662317176946,4.12037037037037
Санта-Фе,-31.7903,-60.4839,1983-06-01,1983,6,9.6,69.0,1.0152151666221716,1.0529750158947162,1.0160141512067076,
Санта-Фе,-31.7903,-60.4839,1983-07-01,1983,7,9.9,30.0,1.9389550593702876,1.8260264211579014,1.196923841162152,
Санта-Фе,-31.7903,-60.4839,1983-08-01,1983,8,11.8,46.0,0.7579429160951168,0.8146618960541487,0.5383182943147554,1.2994350282485876
Санта-Фе,-31.7903,-60.4839,1983-09-01,1983,9,13.7,47.0,0.23610276404080024,0.16907448439068123,0.8973197757873428,1.143552311435523
Санта-Фе,-31.7903,-60.4839,1983-10-01,1983,10,19.4,138.0,0.48734075038358504,0.5627798852487033,1.3303784056871157,2.3711340206185567
Санта-Фе,-31.7903,-60.4839,1983-11-01,1983,11,21.0,129.0,0.48113647467544624,0.539633036964552,0.722829281501469,2.0476190476190474
Санта-Фе,-31.7903,-60.4839,1983-12-01,1983,12,25.3,54.0,-0.0424433733034596,-0.026721859032432384,-0.04460354939969959,0.7114624505928854
Санта-Фе,-31.7903,-60.4839,1984-01-01,1984,1,25.5,228.0,0.5955055032457667,0.6523908418405588,0.6332396603761622,2.980392156862745
Санта-Фе,-31.7903,-60.4839,1984-02-01,1984,2,24.1,202.0,0.9776261014910202,1.0079707852520285,0.9549811665268735,2.7939142461964037
Санта-Фе,-31.7903,-60.4839,1984-03-01,1984,3,21.8,176.0,1.252826410821498,1.2702796313298905,0.9535884014039119,2.691131498470948
Санта-Фе,-31.7903,-60.4839,1984-04-01,1984,4,17.2,33.0,0.30111630077350066,0.3144219091005611,0.46883503221320516,0.6395348837209303
Санта-Фе,-31.7903,-60.4839,1984-05-01,1984,5,15.3,31.0,-0.5315666534865029,-0.6054351434119934,0.30047265987904154,0.6753812636165577
Санта-Фе,-31.7903,-60.4839,1984-06-01,1984,6,9.9,16.0,-1.2683557248494575,-1.336488111867276,0.5621384585719696,
Санта-Фе,-31.7903,-60.4839,1984-07-01,1984,7,10.2,28.0,-0.7759996516920411,-0.8523282501771968,-0.012763197790814643,0.9150326797385621
Санта-Фе,-31.7903,-60.4839,1984-08-01,1984,8,11.4,26.0,-0.4410456045689195,-0.4722218105151671,-0.8659955356621526,0.7602339181286549
Санта-Фе,-31.7903,-60.4839,1984-09-01,1984,9,15.1,157.0,1.0234134922366025,1.0858385424786274,-0.23265940678054506,3.465783664459161
Санта-Фе,-31.7903,-60.4839,1984-10-01,1984,10,19.7,236.0,1.7348503325278088,1.617162538502817,1.2630858854742315,3.993231810490694
Санта-Фе,-31.7903,-60.4839,1984-11-01,1984,11,20.9,65.0,1.5618824747820939,1.581308158429634,1.169005582504195,1.036682615629984
Санта-Фе,-31.7903,-60.4839,1984-12-01,1984,12,21.4,74.0,0.3455776022615711,0.4049493542201915,0.8499762865785001,1.1526479750778815
Санта-Фе,-31.7903,-60.4839,1985-01-01,1985,1,24.9,40.0,-1.3826859014546404,-1.4119263544143668,0.3806892288940655,0.535475234270415
Санта-Фе,-31.7903,-60.4839,1985-02-01,1985,2,24.8,100.0,-1.0297874958398157,-1.077112250984183,0.35160916697409417,1.3440860215053763
Санта-Фе,-31.7903,-60.4839,1985-03-01,1985,3,22.2,134.0,-0.5578541839854226,-0.6242970044572959,-0.2212978865593248,2.012012012012012
Санта-Фе,-31.7903,-60.4839,1985-04-01,1985,4,17.8,168.0,0.25198548157858564,0.26006183109805253,-0.6139815743824766,3.146067415730337
Санта-Фе,-31.7903,-60.4839,1985-05-01,1985,5,16.3,22.0,0.10443435134584407,0.0811996858091154,-0.6155864620096221,0.4498977505112474
Санта-Фе,-31.7903,-60.4839,1985-06-01,1985,6,13.3,53.0,0.44222464698473274,0.5110719021332383,-0.32665115936505873,1.3283208020050126
Санта-Фе,-31.7903,-60.4839,1985-07-01,1985,7,12.0,83.0,0.6130889803270195,0.7134651664963715,0.3958487260279881,2.3055555555555554
Санта-Фе,-31.7903,-60.4839,1985-08-01,1985,8,12.7,30.0,1.0107306535033471,1.0368732732491819,0.46797037018249354,0.7874015748031497
Санта-Фе,-31.7903,-60.4839,1985-09-01,1985,9,14.9,90.0,0.9634278498165042,1.0217104924118037,0.8874196052211409,2.0134228187919465
Санта-Фе,-31.7903,-60.4839,1985-10-01,1985,10,17.9,131.0,0.6471473700751124,0.7234179274197294,0.7895617608710443,2.4394785847299816
Санта-Фе,-31.7903,-60.4839,1985-11-01,1985,11,23.0,39.0,0.013455567370747492,0.011058723127006353,0.4764886826324003,0.5652173913043478
Санта-Фе,-31.7903,-60.4839,1985-12-01,1985,12,24.3,89.0,-0.5245659267175543,-0.5643350005498838,0.07862520377742975,1.2208504801097393
Санта-Фе,-31.7903,-60.4839,1986-01-01,1986,1,25.8,138.0,-0.5323187784510884,-0.5614897160820866,-0.11932369338420555,1.7829457364341086
Санта-Фе,-31.7903,-60.4839,1986-02-01,1986,2,24.3,40.0,-0.5529686680337011,-0.5978375217616074,-0.45575128536593196,0.5486968449931413
Санта-Фе,-31.7903,-60.4839,1986-03-01,1986,3,20.7,140.0,-0.2624173531819147,-0.30480409295311794,-0.5824767329342327,2.254428341384863
Санта-Фе,-31.7903,-60.4839,1986-04-01,1986,4,19.3,313.0,0.715483357659706,0.7426807189967456,0.20412184571045258,5.40587219343696
Санта-Фе,-31.7903,-60.4839,1986-05-01,1986,5,15.3,47.0,1.1500114365152179,1.1668485782919267,0.4880592538213217,1.0239651416122004
Санта-Фе,-31.7903,-60.4839,1986-06-01,1986,6,14.2,65.0,1.6168612118807657,1.5174687108045448,0.8179746314941331,1.5258215962441315
Санта-Фе,-31.7903,-60.4839,1986-07-01,1986,7,12.7,22.0,0.273439544553228,0.3474124903540539,0.719994583886199,0.5774278215223098
Санта-Фе,-31.7903,-60.4839,1986-08-01,1986,8,13.7,33.0,0.4219633017151587,0.47305954453584026,1.2129587048584818,0.8029197080291971
Санта-Фе,-31.7903,-60.4839,1986-09-01,1986,9,16.0,65.0,0.20218746094078963,0.11816316654064608,1.3684437170961852,1.3541666666666667
Санта-Фе,-31.7903,-60.4839,1986-10-01,1986,10,18.3,116.0,0.3437413550829758,0.40994495366616346,0.3557357008505605,2.1129326047358834
Санта-Фе,-31.7903,-60.4839,1986-11-01,1986,11,20.7,222.0,1.1728509593261536,1.2408854942983245,1.1359365741996172,3.57487922705314
Санта-Фе,-31.7903,-60.4839,1986-12-01,1986,12,24.1,118.0,0.8828554679943018,0.9512792237768779,0.7917830149899028,1.632088520055325
Санта-Фе,-31.7903,-60.4839,1987-01-01,1987,1,25.7,95.0,0.759019335085043,0.8134102313567745,0.6720766819365701,1.2321660181582361
Санта-Фе,-31.7903,-60.4839,1987-02-01,1987,2,25.0,85.0,-0.2985902198760018,-0.32455228671504344,0.4987796529163155,1.1333333333333333
Санта-Фе,-31.7903,-60.4839,1987-03-01,1987,3,22.7,189.0,0.05193415077675861,0.04191904742125807,0.5709756087733036,2.7753303964757707
Санта-Фе,-31.7903,-60.4839,1987-04-01,1987,4,18.9,52.0,-0.2007886678923523,-0.23857216630828984,0.2129396551547169,0.9171075837742504
Санта-Фе,-31.7903,-60.4839,1987-05-01,1987,5,12.5,74.0,0.04191362702143903,0.013119456339058104,-0.23132800074010645,1.9733333333333334
Санта-Фе,-31.7903,-60.4839,1987-06-01,1987,6,12.5,0.0,-0.6545405932930825,-0.6951452406293684,-0.45037726291585045,0.0
Санта-Фе,-31.7903,-60.4839,1987-07-01,1987,7,13.9,36.0,-0.1078150213688262,-0.08595254635005331,-0.32676778456287137,0.8633093525179856
Санта-Фе,-31.7903,-60.4839,1987-08-01,1987,8,11.7,24.0,-0.6673610860949976,-0.7362685931128582,-0.3634593341318925,0.6837606837606838
Санта-Фе,-31.7903,-60.4839,1987-09-01,1987,9,14.4,35.0,-0.11298437888063809,-0.27459989562125486,-0.9039975391662707,0.8101851851851852
Санта-Фе,-31.7903,-60.4839,1987-10-01,1987,10,18.5,88.0,-0.3182600819648939,-0.3310628203731411,-0.4513125366161482,1.5855855855855856
Санта-Фе,-31.7903,-60.4839,1987-11-01,1987,11,21.4,86.0,-0.4721705075163033,-0.5360064112381583,-0.8323357963619828,1.3395638629283488
Санта-Фе,-31.7903,-60.4839,1987-12-01,1987,12,22.5,111.0,-0.31708598444844344,-0.3311908947456208,-0.5068025071799881,1.6444444444444444
Санта-Фе,-31.7903,-60.4839,1988-01-01,1988,1,24.0,242.0,0.785766613871136,0.841122792566956,0.3099233331988117,3.361111111111111
Санта-Фе,-31.7903,-60.4839,1988-02-01,1988,2,23.5,81.0,0.6677108049440119,0.7136126001739926,0.1993724830798585,1.148936170212766
Санта-Фе,-31.7903,-60.4839,1988-03-01,1988,3,24.3,151.0,0.627373542465803,0.6678396005247709,0.29321859034481634,2.0713305898491083
Санта-Фе,-31.7903,-60.4839,1988-04-01,1988,4,17.3,29.0,-0.6610565147923354,-0.7301471112089869,-0.055489542020500396,0.558766859344894
Санта-Фе,-31.7903,-60.4839,1988-05-01,1988,5,11.9,0.0,-1.0839047927489671,-1.1360022399836673,-0.22277948930063968,0.0
Санта-Фе,-31.7903,-60.4839,1988-06-01,1988,6,10.1,10.0,-2.037291893218664,-2.0075399206594637,-0.34494106338860986,0.33003300330033003
Санта-Фе,-31.7903,-60.4839,1988-07-01,1988,7,10.1,63.0,-0.8198658168532049,-0.8939234558455934,-1.012803078305402,2.0792079207920793
Санта-Фе,-31.7903,-60.4839,1988-08-01,1988,8,13.3,23.0,0.04940722904081992,0.07864247344605034,-1.1318477413145847,0.5764411027568922
Санта-Фе,-31.7903,-60.4839,1988-09-01,1988,9,14.6,10.0,-0.09903108077609785,-0.25581110611130103,-1.8096682371417538,0.228310502283105
Санта-Фе,-31.7903,-60.4839,1988-10-01,1988,10,17.3,27.0,-1.695638684867041,-1.7388430369261907,-1.7942967660448328,0.5202312138728323
Санта-Фе,-31.7903,-60.4839,1988-11-01,1988,11,22.3,44.0,-1.9854731770489407,-1.927559872124586,-1.5910021696266636,0.6576980568011959
Санта-Фе,-31.7903,-60.4839,1988-12-01,1988,12,25.1,108.0,-1.2213274317208187,-1.283786120990991,-1.282284520737562,1.4342629482071714
Санта-Фе,-31.7903,-60.4839,1989-01-01,1989,1,27.2,10.0,-1.5727162374427408,-1.5926647286307352,-1.826851453643589,0.12254901960784313
Санта-Фе,-31.7903,-60.4839,1989-02-01,1989,2,27.0,60.0,-1.392181740658177,-1.4198284022879535,-1.915232894932807,0.7407407407407407
Санта-Фе,-31.7903,-60.4839,1989-03-01,1989,3,21.2,74.0,-1.631841319335876,-1.6130099510226532,-1.8661234763240535,1.1635220125786163
Санта-Фе,-31.7903,-60.4839,1989-04-01,1989,4,19.0,88.0,-0.986542940389015,-1.0546990006955892,-1.5519722478377496,1.543859649122807
Санта-Фе,-31.7903,-60.4839,1989-05-01,1989,5,14.6,36.0,-0.9066967241834473,-0.9758449286039779,-1.4712754028441912,0.821917808219178
Санта-Фе,-31.7903,-60.4839,1989-06-01,1989,6,12.7,33.0,-0.3169454665695084,-0.3186703057999548,-1.5395963015296117,0.8661417322834646
Санта-Фе,-31.7903,-60.4839,1989-07-01,1989,7,11.0,3.0,-0.8420935739043102,-0.9304042629942875,-1.3036720951957215,0.09090909090909091
Санта-Фе,-31.7903,-60.4839,1989-08-01,1989,8,14.6,77.0,0.3192382663878638,0.3673077671424083,-0.8629388813067541,1.7579908675799087
Санта-Фе,-31.7903,-60.4839,1989-09-01,1989,9,14.0,7.0,-0.22980891516786264,-0.4168396234874279,-0.6776445471917235,0.16666666666666666
Санта-Фе,-31.7903,-60.4839,1989-10-01,1989,10,17.9,110.0,0.1640922375628571,0.21595347126827102,-0.3637418436464917,2.0484171322160147
Санта-Фе,-31.7903,-60.4839,1989-11-01,1989,11,20.7,177.0,0.3127957046436682,0.3547298390942932,0.33244033749048396,2.8502415458937196
Санта-Фе,-31.7903,-60.4839,1989-12-01,1989,12,25.0,121.0,0.5703802043886612,0.6404851221887171,0.30149148463885084,1.6133333333333333
Санта-Фе,-31.7903,-60.4839,1990-01-01,1990,1,26.2,180.0,1.039548955778478,1.0710209916532023,0.7983682333626374,2.2900763358778624
Санта-Фе,-31.7903,-60.4839,1990-02-01,1990,2,23.1,219.0,1.1893117699009201,1.1985090373778937,1.02482737766852,3.16017316017316
Санта-Фе,-31.7903,-60.4839,1990-03-01,1990,3,21.0,201.0,1.2262485591495704,1.2471548967443875,1.2186777292562982,3.1904761904761907
Санта-Фе,-31.7903,-60.4839,1990-04-01,1990,4,18.7,109.0,0.8815742853422645,0.9041742928380951,1.1288766594830997,1.9429590017825311
Санта-Фе,-31.7903,-60.4839,1990-05-01,1990,5,14.3,9.0,0.06984290036188362,0.04457781158663806,0.7779593767101946,0.2097902097902098
Санта-Фе,-31.7903,-60.4839,1990-06-01,1990,6,10.8,9.0,-0.6428869281398178,-0.6823565013892603,0.749849824213736,0.2777777777777778
Санта-Фе,-31.7903,-60.4839,1990-07-01,1990,7,10.6,47.0,-1.003639230342897,-1.0991412841954116,0.5694881938893938,1.4779874213836477
Санта-Фе,-31.7903,-60.4839,1990-08-01,1990,8,16.0,17.0,-0.3780717103455123,-0.41166351929940787,-0.23239445569839387,0.3541666666666667
Санта-Фе,-31.7903,-60.4839,1990-09-01,1990,9,14.0,65.0,0.30192545119560726,0.24616096975887983,-0.5605841990707183,1.5476190476190477
Санта-Фе,-31.7903,-60.4839,1990-10-01,1990,10,19.6,113.0,0.17338046080852912,0.22313374661846763,-0.4237781826064345,1.9217687074829932
Санта-Фе,-31.7903,-60.4839,1990-11-01,1990,11,21.9,152.0,0.6120738911427256,0.6797726406343528,0.2986663057261391,2.313546423135464
Санта-Фе,-31.7903,-60.4839,1990-12-01,1990,12,22.0,168.0,0.7351534592519534,0.807481906249124,0.7132675250192283,2.5454545454545454
Санта-Фе,-31.7903,-60.4839,1991-01-01,1991,1,23.2,184.0,1.2021910408626133,1.2151357975835086,0.9430729319934931,2.6436781609195403
Санта-Фе,-31.7903,-60.4839,1991-02-01,1991,2,23.4,4.0,0.13945234597192893,0.1613292961290183,0.4260279674192597,0.05698005698005698
Санта-Фе,-31.7903,-60.4839,1991-03-01,1991,3,23.8,26.0,-1.0078734833029444,-1.0728414117448457,-0.2308522526666962,0.3641456582633053
Санта-Фе,-31.7903,-60.4839,1991-04-01,1991,4,18.5,102.0,-2.0178065013004196,-1.8684681928523386,-0.35254581369949795,1.837837837837838
Санта-Фе,-31.7903,-60.4839,1991-05-01,1991,5,16.6,86.0,-0.7580419706351783,-0.8376691203729533,-0.449000075146118,1.726907630522088
Санта-Фе,-31.7903,-60.4839,1991-06-01,1991,6,12.1,105.0,0.8077238058313494,0.8661093558867605,-0.3818330240367226,2.8925619834710745
Санта-Фе,-31.7903,-60.4839,1991-07-01,1991,7,10.8,64.0,1.7254332447358183,1.6764377251243505,-0.6506515141785308,1.9753086419753085
Санта-Фе,-31.7903,-60.4839,1991-08-01,1991,8,13.8,47.0,1.5369267376336835,1.4514663609702358,0.04842036482748082,1.1352657004830917
Санта-Фе,-31.7903,-60.4839,1991-09-01,1991,9,16.5,47.0,0.5891315176623548,0.5980455143814807,0.914579057891609,0.9494949494949495
Санта-Фе,-31.7903,-60.4839,1991-10-01,1991,10,17.2,100.0,0.1640922375628571,0.21495677759850498,1.0281146402682693,1.937984496124031
Санта-Фе,-31.7903,-60.4839,1991-11-01,1991,11,20.4,51.0,-0.5836692090553482,-0.6568692295612061,0.3870475665184734,0.8333333333333334
Санта-Фе,-31.7903,-60.4839,1991-12-01,1991,12,23.1,254.0,0.5502965898413036,0.6222563363976585,0.7203515335112487,3.665223665223665
Санта-Фе,-31.7903,-60.4839,1992-01-01,1992,1,24.1,114.0,0.6506010713163091,0.7106818444541378,0.4688251911172374,1.5767634854771784
Санта-Фе,-31.7903,-60.4839,1992-02-01,1992,2,24.2,72.0,0.7059666939433185,0.7504900754093772,0.1717520586913696,0.9917355371900827
Санта-Фе,-31.7903,-60.4839,1992-03-01,1992,3,22.8,235.0,0.34742429458596935,0.3700703522025945,0.5774691712430904,3.435672514619883
Санта-Фе,-31.7903,-60.4839,1992-04-01,1992,4,17.1,98.0,0.26845395512361797,0.27852923500414745,0.47859383527278404,1.9103313840155944
Санта-Фе,-31.7903,-60.4839,1992-05-01,1992,5,14.8,77.0,0.6516840624779039,0.6757552250901492,0.8206811326683103,1.7342342342342343
Санта-Фе,-31.7903,-60.4839,1992-06-01,1992,6,14.2,93.0,0.6302689012273819,0.6997167983291984,0.5753298646706886,2.183098591549296
Санта-Фе,-31.7903,-60.4839,1992-07-01,1992,7,8.8,48.0,1.338961129185889,1.3839287307032389,0.703588388234078,
Санта-Фе,-31.7903,-60.4839,1992-08-01,1992,8,13.0,58.0,1.3679599968309692,1.327369513776403,1.1601832856303642,1.4871794871794872
Санта-Фе,-31.7903,-60.4839,1992-09-01,1992,9,15.1,50.0,0.5707181668600849,0.5794069413815346,0.7603678659670184,1.1037527593818985
Санта-Фе,-31.7903,-60.4839,1992-10-01,1992,10,18.1,159.0,0.7687847283924906,0.8399215459034771,1.2185276883915752,2.9281767955801103
Санта-Фе,-31.7903,-60.4839,1992-11-01,1992,11,19.0,83.0,0.2956608722280401,0.33588948052522305,0.9388950094510713,1.456140350877193
Санта-Фе,-31.7903,-60.4839,1992-12-01,1992,12,22.8,350.0,1.6914016208699092,1.6411207515343371,1.593196150858263,5.116959064327485
Санта-Фе,-31.7903,-60.4839,1993-01-01,1993,1,25.2,66.0,1.1712949907717394,1.1888458387833327,1.2731139717081095,0.873015873015873
Санта-Фе,-31.7903,-60.4839,1993-02-01,1993,2,22.8,58.0,0.9171972169579048,0.9546330100680609,0.8153713803624487,0.847953216374269
Санта-Фе,-31.7903,-60.4839,1993-03-01,1993,3,23.2,42.0,-1.4210990131565224,-1.4398795193110354,0.29021045880378066,0.603448275862069
Санта-Фе,-31.7903,-60.4839,1993-04-01,1993,4,18.8,124.0,-0.9686602923937517,-1.0350193759467259,0.04881678065600891,2.198581560283688
Санта-Фе,-31.7903,-60.4839,1993-05-01,1993,5,14.5,59.0,-0.6601039925703807,-0.7389022183826965,0.18726749438079915,1.3563218390804597
Санта-Фе,-31.7903,-60.4839,1993-06-01,1993,6,11.7,53.0,0.3874334339937905,0.4560658383504447,-0.9772960380718322,1.5099715099715099
Санта-Фе,-31.7903,-60.4839,1993-07-01,1993,7,9.8,2.0,-0.0407874600901206,-0.004184146802347468,-0.9867599151511963,
Санта-Фе,-31.7903,-60.4839,1993-08-01,1993,8,12.9,21.0,-0.31704443612994004,-0.3368221131958993,-0.940348738305019,0.5426356589147286
Санта-Фе,-31.7903,-60.4839,1993-09-01,1993,9,14.2,8.0,-1.8142443365974303,-1.6637303323804162,-0.4545470360971062,0.18779342723004694
Санта-Фе,-31.7903,-60.4839,1993-10-01,1993,10,18.9,44.0,-1.4096916685448673,-1.4900490855960598,-1.186692708095977,0.7760141093474426
Санта-Фе,-31.7903,-60.4839,1993-11-01,1993,11,20.4,237.0,0.2698523893437921,0.3055687297679348,-0.0068529997846480135,3.872549019607843
Санта-Фе,-31.7903,-60.4839,1993-12-01,1993,12,23.0,51.0,0.038801549670959876,0.06772000496029049,-0.6307204979199537,0.7391304347826086
Санта-Фе,-31.7903,-60.4839,1994-01-01,1994,1,24.7,56.0,0.10803879667785503,0.14615368552112187,-0.7382603123226512,0.7557354925775979
Санта-Фе,-31.7903,-60.4839,1994-02-01,1994,2,23.3,23.0,-1.9426488849251566,-1.8559735503399073,-1.0648546313203637,0.3290414878397711
Санта-Фе,-31.7903,-60.4839,1994-03-01,1994,3,21.4,90.0,-1.3935243473773693,-1.4152582202759931,-0.966757556768811,1.4018691588785046
Санта-Фе,-31.7903,-60.4839,1994-04-01,1994,4,18.2,89.0,-1.1739823868043726,-1.2222919444408502,-0.7809717149712633,1.63003663003663
Санта-Фе,-31.7903,-60.4839,1994-05-01,1994,5,17.0,55.0,-0.5823216017834477,-0.6597115491320973,-1.5288569840556647,1.0784313725490196
Санта-Фе,-31.7903,-60.4839,1994-06-01,1994,6,13.7,14.0,-0.3067797421981153,-0.30941235111767906,-1.3950309000426462,0.340632603406326
Санта-Фе,-31.7903,-60.4839,1994-07-01,1994,7,11.9,1.0,-0.8871614579577207,-0.987866915805951,-1.4617414171977192,0.028011204481792718
Санта-Фе,-31.7903,-60.4839,1994-08-01,1994,8,12.8,23.0,-1.3014621471183343,-1.3844351863610729,-1.1671514433440704,0.5989583333333334
Санта-Фе,-31.7903,-60.4839,1994-09-01,1994,9,17.1,5.0,-1.9894199640713395,-1.7307972050022,-1.260014070380409,0.09746588693957114
Санта-Фе,-31.7903,-60.4839,1994-10-01,1994,10,18.3,129.0,-0.2070026404569795,-0.20719793137815087,-0.7644775780731151,2.349726775956284
Санта-Фе,-31.7903,-60.4839,1994-11-01,1994,11,22.0,126.0,0.013455567370747492,0.009705288625272791,-0.5856659774156312,1.9090909090909092
Санта-Фе,-31.7903,-60.4839,1994-12-01,1994,12,26.0,142.0,0.4964028678550756,0.5612236700428794,-0.1769417156497036,1.8205128205128205
Санта-Фе,-31.7903,-60.4839,1995-01-01,1995,1,24.5,120.0,0.4336196527276247,0.4873133672781544,0.05390260552290657,1.6326530612244898
Санта-Фе,-31.7903,-60.4839,1995-02-01,1995,2,22.5,60.0,-0.11186184572326806,-0.1181990855820781,-0.14189923211222163,0.8888888888888888
Санта-Фе,-31.7903,-60.4839,1995-03-01,1995,3,22.2,154.0,-0.16084783227178728,-0.1911126070495055,0.16662945241930133,2.3123123123123124
Санта-Фе,-31.7903,-60.4839,1995-04-01,1995,4,18.2,147.0,0.016920063576534056,0.004532567216030465,0.16168003551107538,2.6923076923076925
Санта-Фе,-31.7903,-60.4839,1995-05-01,1995,5,14.7,28.0,0.13867882326396402,0.11983853471172728,-0.04190808682896254,0.6349206349206349
Санта-Фе,-31.7903,-60.4839,1995-06-01,1995,6,11.7,6.0,-0.08327142795900476,-0.05355250991203358,-0.33476129041936625,0.17094017094017094
Санта-Фе,-31.7903,-60.4839,1995-07-01,1995,7,11.6,31.0,-1.003639230342897,-1.1034132918690405,-0.38827866375486714,0.8908045977011494
Санта-Фе,-31.7903,-60.4839,1995-08-01,1995,8,12.8,0.0,-1.3372656401859007,-1.4118785459391088,-0.432485310101662,0.0
Санта-Фе,-31.7903,-60.4839,1995-09-01,1995,9,16.0,23.0,-0.8695580292436558,-1.09623565340075,-0.7655296800752801,0.4791666666666667
Санта-Фе,-31.7903,-60.4839,1995-10-01,1995,10,17.4,173.0,0.18263466370855833,0.23653700749659823,-0.4125178910519748,3.314176245210728
Санта-Фе,-31.7903,-60.4839,1995-11-01,1995,11,21.9,188.0,1.0321929266922352,1.1075907774157379,0.44012401437708215,2.861491628614916
Санта-Фе,-31.7903,-60.4839,1995-12-01,1995,12,25.5,47.0,0.5703802043886612,0.6393923984938042,0.07829074928318708,0.6143790849673203
Санта-Фе,-31.7903,-60.4839,1996-01-01,1996,1,24.8,92.0,-0.02401340566679537,-0.00244405085855228,-0.0814665238872771,1.2365591397849462
Санта-Фе,-31.7903,-60.4839,1996-02-01,1996,2,23.2,207.0,0.06703027095966672,0.07737147103935159,0.642660956101399,2.9741379310344827
Санта-Фе,-31.7903,-60.4839,1996-03-01,1996,3,22.5,112.0,0.2923262733446767,0.3103323038113302,0.547247949838885,1.6592592592592592
Санта-Фе,-31.7903,-60.4839,1996-04-01,1996,4,18.8,115.0,0.42309840686604466,0.4435851949480116,0.2133122149060354,2.0390070921985815
Санта-Фе,-31.7903,-60.4839,1996-05-01,1996,5,15.5,232.0,0.9307841670527542,0.9572952761535432,0.6447241399303049,4.989247311827957
Санта-Фе,-31.7903,-60.4839,1996-06-01,1996,6,10.3,117.0,1.8255390483060534,1.6598495163909823,1.331828147569721,3.7864077669902914
Санта-Фе,-31.7903,-60.4839,1996-07-01,1996,7,10.2,0.0,2.5726906309486797,2.207018388977902,1.3155134312340484,0.0
Санта-Фе,-31.7903,-60.4839,1996-08-01,1996,8,15.7,7.0,0.47878737736897753,0.535931079588987,1.0238896974231442,0.14861995753715498
Санта-Фе,-31.7903,-60.4839,1996-09-01,1996,9,15.1,20.0,-2.229065519525866,-1.7862138448880556,1.1251952581581053,0.44150110375275936
Санта-Фе,-31.7903,-60.4839,1996-10-01,1996,10,19.6,55.0,-1.2374479278490638,-1.3348018619699948,0.924393562934005,0.935374149659864
Санта-Фе,-31.7903,-60.4839,1996-11-01,1996,11,22.3,126.0,-0.5529968510162157,-0.6282564667667527,-0.3518933828725025,1.883408071748879
Санта-Фе,-31.7903,-60.4839,1996-12-01,1996,12,24.3,151.0,0.038801549670959876,0.06350141699035856,-0.6669029639759557,2.0713305898491083
Санта-Фе,-31.7903,-60.4839,1997-01-01,1997,1,27.1,79.0,0.19905789862552492,0.23841404379708747,-0.6165658436633372,0.971709717097171
Санта-Фе,-31.7903,-60.4839,1997-02-01,1997,2,23.3,54.0,-0.4115097876298814,-0.44699788681221997,-0.6975829918240413,0.7725321888412017
Санта-Фе,-31.7903,-60.4839,1997-03-01,1997,3,22.7,31.0,-1.439628714740779,-1.4571543819711301,-0.9972818953984108,0.4552129221732746
Санта-Фе,-31.7903,-60.4839,1997-04-01,1997,4,19.5,23.0,-2.4341906340823836,-2.107752104430366,-1.1767396032809698,0.39316239316239315
Санта-Фе,-31.7903,-60.4839,1997-05-01,1997,5,17.0,47.0,-2.0488527029448855,-1.8570466607233183,-1.423531770772997,0.9215686274509803
Санта-Фе,-31.7903,-60.4839,1997-06-01,1997,6,12.4,56.0,-0.6545405932930825,-0.7007914722410391,-1.598464641326343,1.5053763440860215
Санта-Фе,-31.7903,-60.4839,1997-07-01,1997,7,14.3,57.5,0.6465263175934298,0.7455956934991432,-1.4899177564794837,1.3403263403263403
Санта-Фе,-31.7903,-60.4839,1997-08-01,1997,8,14.5,59.0,1.084588817560836,1.0975302549916255,-1.1594128715813716,1.3563218390804597
Санта-Фе,-31.7903,-60.4839,1997-09-01,1997,9,16.0,26.0,0.4413800147757662,0.4156511131779862,-0.4494138796160929,0.5416666666666666
Санта-Фе,-31.7903,-60.4839,1997-10-01,1997,10,18.7,138.0,0.4207212965997748,0.4904787170522738,0.6162658336979776,2.4598930481283423
Санта-Фе,-31.7903,-60.4839,1997-11-01,1997,11,21.3,126.0,0.27846946383329946,0.31274174793398557,0.7410380860271345,1.971830985915493
Санта-Фе,-31.7903,-60.4839,1997-12-01,1997,12,23.2,208.0,0.9835350235832337,1.0459780865540775,0.9968491747031493,2.9885057471264367
Санта-Фе,-31.7903,-60.4839,1998-01-01,1998,1,22.9,227.0,1.5425925403444503,1.4879371059090025,1.3542707388725959,3.304221251819505
Санта-Фе,-31.7903,-60.4839,1998-02-01,1998,2,22.2,62.0,1.0551003080383616,1.083463633170663,0.909655591363163,0.9309309309309309
Санта-Фе,-31.7903,-60.4839,1998-03-01,1998,3,20.2,296.0,1.1591106218653802,1.1894379668758739,1.3650229550681727,4.884488448844884
Санта-Фе,-31.7903,-60.4839,1998-04-01,1998,4,17.2,84.0,0.464395534951084,0.4897852685316138,1.1193599313273461,1.627906976744186
Санта-Фе,-31.7903,-60.4839,1998-05-01,1998,5,15.4,43.0,0.7277289360853365,0.7556441546088551,1.0698078047220683,0.9307359307359307
Санта-Фе,-31.7903,-60.4839,1998-06-01,1998,6,12.3,30.0,-0.3169454665695084,-0.31700112704363764,0.8182008755228,0.8130081300813008
Санта-Фе,-31.7903,-60.4839,1998-07-01,1998,7,13.2,63.0,0.3031604364605463,0.3821205358990895,0.4909263849236027,1.5909090909090908
Санта-Фе,-31.7903,-60.4839,1998-08-01,1998,8,12.8,203.0,2.2347481615605616,1.8935399355862441,1.6497964121675741,5.286458333333333
Санта-Фе,-31.7903,-60.4839,1998-09-01,1998,9,14.3,70.0,1.8040537483559984,1.7792708881528267,1.1355520852000036,1.6317016317016317
Санта-Фе,-31.7903,-60.4839,1998-10-01,1998,10,19.4,38.0,1.079574498129311,1.1191858256735774,1.0167088821573198,0.6529209621993127
Санта-Фе,-31.7903,-60.4839,1998-11-01,1998,11,21.1,119.0,-0.2951867557498339,-0.33921520607477545,1.1369241121473967,1.8799368088467614
Санта-Фе,-31.7903,-60.4839,1998-12-01,1998,12,22.8,123.0,-0.35636027618802174,-0.37591360294682574,1.0064372138542594,1.7982456140350878
Санта-Фе,-31.7903,-60.4839,1999-01-01,1999,1,23.2,78.0,-0.07950408590913577,-0.05762854583897557,0.5735158714601211,1.1206896551724137
Санта-Фе,-31.7903,-60.4839,1999-02-01,1999,2,24.1,121.0,-0.11186184572326806,-0.11498887243366827,-0.3258357893162061,1.673582295988935
Санта-Фе,-31.7903,-60.4839,1999-03-01,1999,3,23.4,171.0,0.057837895542616286,0.05086005665520044,-0.2162585717625196,2.4358974358974357
Санта-Фе,-31.7903,-60.4839,1999-04-01,1999,4,16.4,305.0,1.1745396974569497,1.1689775585298299,0.8306508219078068,6.19918699186992
Санта-Фе,-31.7903,-60.4839,1999-05-01,1999,5,14.5,177.0,1.880149077544779,1.7765078852676468,1.2438287336801634,4.068965517241379
Санта-Фе,-31.7903,-60.4839,1999-06-01,1999,6,11.6,70.0,2.260228163015095,1.9251668012288123,1.4888753833910455,2.0114942528735633
Санта-Фе,-31.7903,-60.4839,1999-07-01,1999,7,10.7,87.0,2.4477463618903172,2.1370139980444405,1.7282024940307799,2.710280373831776
Санта-Фе,-31.7903,-60.4839,1999-08-01,1999,8,13.8,10.0,1.0222175690368256,1.0480300089888792,2.0076013962506347,0.24154589371980675
Санта-Фе,-31.7903,-60.4839,1999-09-01,1999,9,16.9,33.0,0.31265022129145625,0.258164539148049,1.8518110838364916,0.6508875739644971
Санта-Фе,-31.7903,-60.4839,1999-10-01,1999,10,18.6,35.0,-1.311850925421579,-1.4039321713943327,0.808672419178363,0.6272401433691757
Санта-Фе,-31.7903,-60.4839,1999-11-01,1999,11,21.5,14.0,-1.971233021675736,-1.919405913834189,-1.0037595150573504,0.21705426356589147
Санта-Фе,-31.7903,-60.4839,1999-12-01,1999,12,23.7,145.0,-1.083035873510428,-1.1475716081931617,-0.9238326548217524,2.0393811533052038
Санта-Фе,-31.7903,-60.4839,2000-01-01,2000,1,25.7,90.0,-0.6851964986237552,-0.7227679196010403,-1.2702299766837342,1.1673151750972763
Санта-Фе,-31.7903,-60.4839,2000-02-01,2000,2,23.8,250.0,0.9836286213032416,1.0147409770239242,-0.226744153539844,3.5014005602240896
Санта-Фе,-31.7903,-60.4839,2000-03-01,2000,3,21.0,109.0,0.4977406428021852,0.532229729643001,-0.2509641410372889,1.7301587301587302
Санта-Фе,-31.7903,-60.4839,2000-04-01,2000,4,19.1,393.0,1.7648144815838254,1.6358589559878776,1.1102062874647158,6.858638743455497
Санта-Фе,-31.7903,-60.4839,2000-05-01,2000,5,14.6,183.0,2.0188629319692506,1.8786247814783117,1.7579510611479732,4.178082191780822
Санта-Фе,-31.7903,-60.4839,2000-06-01,2000,6,12.6,13.0,2.430486920880283,2.018733496022713,1.8275231143385646,0.3439153439153439
Санта-Фе,-31.7903,-60.4839,2000-07-01,2000,7,9.4,42.0,1.552513191711391,1.551631037826963,1.8648269339953243,
Санта-Фе,-31.7903,-60.4839,2000-08-01,2000,8,13.2,65.0,0.4219633017151587,0.47873524040519744,1.9591850862139821,1.6414141414141414
Санта-Фе,-31.7903,-60.4839,2000-09-01,2000,9,15.3,92.0,0.9327948220645667,0.9897131788666231,2.13139421070805,2.0043572984749454
Санта-Фе,-31.7903,-60.4839,2000-10-01,2000,10,18.7,280.0,1.8329410133385202,1.6822273752638286,1.9436088356172279,4.991087344028521
Санта-Фе,-31.7903,-60.4839,2000-11-01,2000,11,19.7,305.0,2.908030153395267,2.5182322564331288,2.3553175676306166,5.1607445008460235
Санта-Фе,-31.7903,-60.4839,2000-12-01,2000,12,23.6,116.0,2.274732844244177,2.045867765637266,2.095626753265403,1.6384180790960452
Санта-Фе,-31.7903,-60.4839,2001-01-01,2001,1,25.2,98.0,1.2938347084547532,1.2903364857986601,2.029680570615083,1.2962962962962963
Санта-Фе,-31.7903,-60.4839,2001-02-01,2001,2,25.7,153.0,0.21777027852635214,0.24021266266913519,1.837351262675269,1.9844357976653697
Санта-Фе,-31.7903,-60.4839,2001-03-01,2001,3,23.3,130.0,0.12217595383034421,0.11943814933093211,1.4318349786317892,1.859799713876967
Санта-Фе,-31.7903,-60.4839,2001-04-01,2001,4,18.7,87.0,0.07021560106264359,0.05937328936448296,0.7269815694035517,1.5508021390374331
Санта-Фе,-31.7903,-60.4839,2001-05-01,2001,5,14.0,11.0,-0.6339499548908462,-0.712266039335879,-0.323275257316494,0.2619047619047619
Санта-Фе,-31.7903,-60.4839,2001-06-01,2001,6,13.3,112.0,0.17456146746455178,0.22989110373194915,0.07907733118242147,2.807017543859649
Санта-Фе,-31.7903,-60.4839,2001-07-01,2001,7,12.3,1.0,0.12040224178722622,0.17753060403595042,0.029429107548234638,0.02710027100271003
Санта-Фе,-31.7903,-60.4839,2001-08-01,2001,8,16.2,101.0,1.5175068789047979,1.4348490963362588,0.134502758747942,2.078189300411523
Санта-Фе,-31.7903,-60.4839,2001-09-01,2001,9,15.2,77.0,0.7725047284375933,0.8096624192634942,0.5319164606115984,1.6885964912280702
Санта-Фе,-31.7903,-60.4839,2001-10-01,2001,10,18.7,177.0,1.362189441681545,1.346912455946549,1.186383012263756,3.1550802139037435
Санта-Фе,-31.7903,-60.4839,2001-11-01,2001,11,21.0,151.0,1.18745885689256,1.2543576613066318,1.6501815224171446,2.3968253968253967
Санта-Фе,-31.7903,-60.4839,2001-12-01,2001,12,23.3,88.0,0.6236054410341091,0.6956692883946218,0.8952341254075888,1.2589413447782547
Санта-Фе,-31.7903,-60.4839,2002-01-01,2002,1,24.5,101.0,0.07730312803702628,0.11203835608430322,0.9209348993399659,1.3741496598639455
Санта-Фе,-31.7903,-60.4839,2002-02-01,2002,2,22.9,27.0,-1.0106699340232947,-1.0582078819002414,0.0787834453129835,0.3930131004366812
Санта-Фе,-31.7903,-60.4839,2002-03-01,2002,3,23.5,175.0,-0.36034395074135217,-0.41175674000952994,0.11261470606047735,2.482269503546099
Санта-Фе,-31.7903,-60.4839,2002-04-01,2002,4,17.0,165.0,0.05256317072457272,0.043232939957218414,-0.023499218280693165,3.235294117647059
Санта-Фе,-31.7903,-60.4839,2002-05-01,2002,5,16.7,65.0,0.6220232112529228,0.6429407989234611,-0.18978203300021126,1.2974051896207586
Санта-Фе,-31.7903,-60.4839,2002-06-01,2002,6,10.8,1.0,0.3476748669819468,0.4152360482966638,-0.22940678321173322,0.030864197530864196
Санта-Фе,-31.7903,-60.4839,2002-07-01,2002,7,11.4,44.0,-0.1078150213688262,-0.08707301223077715,-0.06890113668348512,1.286549707602339
Санта-Фе,-31.7903,-60.4839,2002-08-01,2002,8,14.6,38.0,-0.18141970824479153,-0.18652580966866064,0.4545287755676147,0.867579908675799
Санта-Фе,-31.7903,-60.4839,2002-09-01,2002,9,15.6,174.0,1.3338564715879757,1.386041410167158,1.1053776242141737,3.717948717948718
Санта-Фе,-31.7903,-60.4839,2002-10-01,2002,10,20.2,194.0,1.6623083627814368,1.5662638072035964,1.3628300680869794,3.201320132013201
Санта-Фе,-31.7903,-60.4839,2002-11-01,2002,11,21.7,178.0,2.1367954844505714,2.020872200428,1.6976039288655491,2.7342549923195083
Санта-Фе,-31.7903,-60.4839,2002-12-01,2002,12,22.6,252.0,1.8678866140151356,1.7688518865069134,2.0356050051798227,3.7168141592920354
Санта-Фе,-31.7903,-60.4839,2003-01-01,2003,1,25.7,29.0,0.9174559869589,0.9623860775251083,1.6936727454395473,0.3761348897535668
Санта-Фе,-31.7903,-60.4839,2003-02-01,2003,2,23.9,251.0,1.2579550875531647,1.2590945112804695,1.9344362185205584,3.500697350069735
Санта-Фе,-31.7903,-60.4839,2003-03-01,2003,3,21.6,116.0,0.2081908812815489,0.21705703835107745,1.254498298082722,1.7901234567901234
Санта-Фе,-31.7903,-60.4839,2003-04-01,2003,4,17.3,278.0,1.367545904921038,1.331779364132915,1.4120086870689645,5.35645472061657
Санта-Фе,-31.7903,-60.4839,2003-05-01,2003,5,15.5,102.0,1.1291390173127482,1.147878899690499,1.3984044098075252,2.193548387096774
Санта-Фе,-31.7903,-60.4839,2003-06-01,2003,6,14.2,8.0,1.4078073285787964,1.3665806340968594,0.9901030229111986,0.18779342723004694
Санта-Фе,-31.7903,-60.4839,2003-07-01,2003,7,11.4,43.0,0.5451918709893268,0.6435294555024146,1.362130997130797,1.2573099415204678
Санта-Фе,-31.7903,-60.4839,2003-08-01,2003,8,11.9,86.0,0.6551018471588379,0.7110334335324983,1.277371685514093,2.4089635854341735
Санта-Фе,-31.7903,-60.4839,2003-09-01,2003,9,15.5,77.0,0.986118099882231,1.0459999902244188,1.5622916478627236,1.6559139784946237
Санта-Фе,-31.7903,-60.4839,2003-10-01,2003,10,19.8,83.0,0.6080460982748849,0.6831486200064536,0.7236274042454781,1.3973063973063973
Санта-Фе,-31.7903,-60.4839,2003-11-01,2003,11,21.6,58.0,-0.3828605375732983,-0.44000504340824564,-0.09574980247391505,0.8950617283950617
Санта-Фе,-31.7903,-60.4839,2003-12-01,2003,12,21.7,175.0,-0.07977130019303744,-0.06565903239798936,0.4748286918537845,2.6881720430107525
Санта-Фе,-31.7903,-60.4839,2004-01-01,2004,1,25.3,10.0,-0.740502019750776,-0.7782920634812094,-0.2925174475030228,0.13175230566534915
Санта-Фе,-31.7903,-60.4839,2004-02-01,2004,2,23.0,44.0,-0.8887251850396911,-0.9378665273120651,-0.9094329368511773,0.6376811594202898
Санта-Фе,-31.7903,-60.4839,2004-03-01,2004,3,22.9,107.0,-1.4676479523086128,-1.4780887797128044,-1.090476688519682,1.5574963609898107
Санта-Фе,-31.7903,-60.4839,2004-04-01,2004,4,18.9,331.0,0.6629914595038783,0.6903369803469046,0.0571115767336287,5.837742504409171
Санта-Фе,-31.7903,-60.4839,2004-05-01,2004,5,12.7,22.0,0.9362766214097326,0.9636375341875278,0.1422073263942088,0.5774278215223098
Санта-Фе,-31.7903,-60.4839,2004-06-01,2004,6,13.0,26.0,1.3551312103417943,1.3275629030245346,-0.19603832559425477,0.6666666666666666
Санта-Фе,-31.7903,-60.4839,2004-07-01,2004,7,12.6,10.0,-1.176997173281084,-1.281539458244246,0.2920132135677146,0.26455026455026454
Санта-Фе,-31.7903,-60.4839,2004-08-01,2004,8,13.9,0.0,-1.3739569548152537,-1.4539365815503489,0.5075450458198776,0.0
Санта-Фе,-31.7903,-60.4839,2004-09-01,2004,9,17.0,21.0,-1.8142443365974303,-1.6796690438711672,0.6706823793287986,0.4117647058823529
Санта-Фе,-31.7903,-60.4839,2004-10-01,2004,10,18.3,87.0,-0.8170552187771202,-0.8989522384963234,-1.4253506397041156,1.5846994535519126
Санта-Фе,-31.7903,-60.4839,2004-11-01,2004,11,20.7,154.0,0.03155909651897348,0.031726127939860335,-0.585402687021701,2.4798711755233493
Санта-Фе,-31.7903,-60.4839,2004-12-01,2004,12,23.6,192.0,0.7351534592519534,0.807842801631986,0.09187139477855844,2.711864406779661
Санта-Фе,-31.7903,-60.4839,2005-01-01,2005,1,25.2,190.0,1.3958719841606082,1.3722756002880996,0.6438147120094898,2.513227513227513
Санта-Фе,-31.7903,-60.4839,2005-02-01,2005,2,23.5,60.0,0.718650896885017,0.7622473371735387,0.5147652598060174,0.851063829787234
Санта-Фе,-31.7903,-60.4839,2005-03-01,2005,3,20.9,286.0,0.9324348069034682,0.9749121675794875,1.0964319112839123,4.56140350877193
Санта-Фе,-31.7903,-60.4839,2005-04-01,2005,4,16.6,141.0,0.6869580487124074,0.7160495248786926,1.1796732398447634,2.831325301204819
Санта-Фе,-31.7903,-60.4839,2005-05-01,2005,5,15.1,18.0,0.8530735787653696,0.8825866466132524,0.9550436961941408,0.3973509933774834
Санта-Фе,-31.7903,-60.4839,2005-06-01,2005,6,14.4,86.0,0.45769859843917965,0.5279863831912898,0.9791292718569644,1.9907407407407407
Санта-Фе,-31.7903,-60.4839,2005-07-01,2005,7,12.5,25.0,0.19787242224651716,0.26255685003875656,0.6716935238876542,0.6666666666666666
Санта-Фе,-31.7903,-60.4839,2005-08-01,2005,8,13.5,55.0,1.0107306535033471,1.0350927943045,1.169695646266386,1.3580246913580247
Санта-Фе,-31.7903,-60.4839,2005-09-01,2005,9,13.8,22.0,-0.017986252912427093,-0.15615714985951268,0.22998167062757865,0.5314009661835749
Санта-Фе,-31.7903,-60.4839,2005-10-01,2005,10,17.3,83.0,-0.17465749189040394,-0.16542876983289054,-0.14576899026186443,1.5992292870905587
Санта-Фе,-31.7903,-60.4839,2005-11-01,2005,11,21.8,157.0,0.03155909651897348,0.035091514533276386,0.4926875072134767,2.400611620795107
Санта-Фе,-31.7903,-60.4839,2005-12-01,2005,12,22.9,33.0,-0.4118356874712095,-0.43641345035597234,-0.5433490298245542,0.48034934497816595
Санта-Фе,-31.7903,-60.4839,2006-01-01,2006,1,26.6,77.0,-0.5234942843831486,-0.5497707010805363,-0.6785553787155202,0.9649122807017544
Санта-Фе,-31.7903,-60.4839,2006-02-01,2006,2,24.2,133.0,-0.7616305808314046,-0.8142046212222925,-0.5795475630031767,1.8319559228650137
Санта-Фе,-31.7903,-60.4839,2006-03-01,2006,3,20.5,141.0,-0.05596216359972493,-0.07660975307843576,-0.3445725937078858,2.292682926829268
Санта-Фе,-31.7903,-60.4839,2006-04-01,2006,4,19.1,44.0,-0.2531397548282657,-0.29357863398116,-0.5966272185148952,0.7678883071553229
Санта-Фе,-31.7903,-60.4839,2006-05-01,2006,5,13.6,0.0,-1.0335282869687665,-1.0905477353452586,-1.1945282916785742,0.0
Санта-Фе,-31.7903,-60.4839,2006-06-01,2006,6,13.8,108.0,-0.36839006627327364,-0.3769275761550839,-0.4049195721536303,2.608695652173913
Санта-Фе,-31.7903,-60.4839,2006-07-01,2006,7,14.9,30.0,0.33260294310381455,0.4134968219032688,-0.19946609733163242,0.6711409395973155
Санта-Фе,-31.7903,-60.4839,2006-08-01,2006,8,12.4,18.0,0.893224933950066,0.9309811936723713,-0.6284586372140566,0.4838709677419355
Санта-Фе,-31.7903,-60.4839,2006-09-01,2006,9,15.9,9.0,-0.7946721011334741,-1.0325095880136348,-1.0307341298581048,0.18867924528301888
Санта-Фе,-31.7903,-60.4839,2006-10-01,2006,10,20.7,118.0,-0.3411883116694689,-0.3633002896403688,-0.2063917063310163,1.9001610305958132
Санта-Фе,-31.7903,-60.4839,2006-11-01,2006,11,21.5,114.0,-0.1618804162228518,-0.19175865094523833,0.24702685348169579,1.7674418604651163
Санта-Фе,-31.7903,-60.4839,2006-12-01,2006,12,24.5,405.0,1.9382852434815914,1.817820131803885,1.369206161733959,5.510204081632653
Санта-Фе,-31.7903,-60.4839,2007-01-01,2007,1,24.4,143.0,2.0997820743374245,1.878193421529466,1.4539780483979972,1.953551912568306
Санта-Фе,-31.7903,-60.4839,2007-02-01,2007,2,23.7,70.0,1.725229269116305,1.6319177973169126,1.2072887549595834,0.9845288326300985
Санта-Фе,-31.7903,-60.4839,2007-03-01,2007,3,20.9,539.0,1.8569101373742327,1.7603381641602693,2.117022584936085,8.596491228070175
Санта-Фе,-31.7903,-60.4839,2007-04-01,2007,4,19.0,48.0,1.4142380319659995,1.3693662432905003,1.919488014602889,0.8421052631578947
Санта-Фе,-31.7903,-60.4839,2007-05-01,2007,5,12.5,64.0,1.8713402813916993,1.7705598285907032,1.970360639602886,1.7066666666666668
Санта-Фе,-31.7903,-60.4839,2007-06-01,2007,6,10.8,32.0,-0.4529454479833328,-0.4685071946834786,1.404327691128822,0.9876543209876543
Санта-Фе,-31.7903,-60.4839,2007-07-01,2007,7,9.1,1.0,-0.3372057783631008,-0.345120102701824,1.2208111051465664,
Санта-Фе,-31.7903,-60.4839,2007-08-01,2007,8,10.4,21.0,-0.8179457250689035,-0.88375260469454,1.5963058863496553,0.6730769230769231
Санта-Фе,-31.7903,-60.4839,2007-09-01,2007,9,17.0,119.0,0.426421805435255,0.40454495319207145,-0.286945204314596,2.3333333333333335
Санта-Фе,-31.7903,-60.4839,2007-10-01,2007,10,19.3,116.0,0.685716154355223,0.7597897517890552,0.40062420728935133,2.003454231433506
Санта-Фе,-31.7903,-60.4839,2007-11-01,2007,11,20.7,7.0,-0.15249600683656367,-0.179439474351772,-0.5972617814976172,0.11272141706924316
Санта-Фе,-31.7903,-60.4839,2007-12-01,2007,12,23.7,107.0,-0.7661561239021789,-0.8228470213456454,-0.5729788938166709,1.5049226441631505
Санта-Фе,-31.7903,-60.4839,2008-01-01,2008,1,25.5,164.0,-0.427596675053967,-0.44373258188732406,-0.011791083812341325,2.1437908496732025
Санта-Фе,-31.7903,-60.4839,2008-02-01,2008,2,24.0,119.0,0.3772379987544762,0.4119193379884165,0.13612664294150836,1.6527777777777777
Санта-Фе,-31.7903,-60.4839,2008-03-01,2008,3,21.9,37.0,-0.2495626016906935,-0.29100387064797095,-0.7188911716740557,0.563165905631659
Санта-Фе,-31.7903,-60.4839,2008-04-01,2008,4,18.5,45.0,-1.1838015527981955,-1.232274590499654,-1.1026372075364712,0.8108108108108109
Санта-Фе,-31.7903,-60.4839,2008-05-01,2008,5,15.7,16.0,-2.094481964811427,-1.8813048410263682,-0.8793740916608732,0.33970276008492567
Санта-Фе,-31.7903,-60.4839,2008-06-01,2008,6,10.6,7.0,-1.4628483976115474,-1.5255444559415445,-1.055956592784667,0.22012578616352202
Санта-Фе,-31.7903,-60.4839,2008-07-01,2008,7,15.1,11.0,-1.9039476381366727,-1.9467236973712578,-1.7342549812455572,0.24282560706401765
Санта-Фе,-31.7903,-60.4839,2008-08-01,2008,8,13.8,0.0,-2.3025798169522376,-2.1387698206325942,-2.325173018028495,0.0
Санта-Фе,-31.7903,-60.4839,2008-09-01,2008,9,15.7,50.0,-0.7021648559428961,-0.9468882924378899,-1.8879338495965488,1.0615711252653928
Санта-Фе,-31.7903,-60.4839,2008-10-01,2008,10,19.0,123.0,-0.03945350305212752,-0.015978316575029006,-0.9762196831023914,2.1578947368421053
Санта-Фе,-31.7903,-60.4839,2008-11-01,2008,11,23.7,97.0,0.10333135555168112,0.11042529478513104,-0.6744990450474165,1.3642756680731365
Санта-Фе,-31.7903,-60.4839,2008-12-01,2008,12,24.8,16.0,-0.7152314234526433,-0.7734281328094912,-1.1278861310509884,0.21505376344086022
Санта-Фе,-31.7903,-60.4839,2009-01-01,2009,1,25.1,34.0,-1.74888826546287,-1.7429569872161284,-1.3111899743518691,0.45152722443559096
Санта-Фе,-31.7903,-60.4839,2009-02-01,2009,2,24.0,197.0,-0.7260737972838464,-0.7780334377167951,-0.5146543397661102,2.736111111111111
Санта-Фе,-31.7903,-60.4839,2009-03-01,2009,3,23.2,291.0,0.8654436769752899,0.90813918211679,0.28540684355156165,4.181034482758621
Санта-Фе,-31.7903,-60.4839,2009-04-01,2009,4,20.0,85.0,1.073961113317565,1.0791692332685092,0.030418835308490134,1.4166666666666667
Санта-Фе,-31.7903,-60.4839,2009-05-01,2009,5,16.1,64.0,0.8249411022398557,0.8504121486794426,0.12812989861940519,1.3250517598343683
Санта-Фе,-31.7903,-60.4839,2009-06-01,2009,6,10.8,7.0,-0.32715168874217065,-0.3312830426655816,0.5213046610892141,0.21604938271604937
Санта-Фе,-31.7903,-60.4839,2009-07-01,2009,7,10.0,70.0,0.3762594780736796,0.4670842939743086,1.0758269260277724,
Санта-Фе,-31.7903,-60.4839,2009-08-01,2009,8,15.4,8.0,-0.14424810359222037,-0.14352239917957657,0.6893107679339374,0.17316017316017315
Санта-Фе,-31.7903,-60.4839,2009-09-01,2009,9,13.3,123.0,0.9481664069269629,1.0061601077496043,0.3053029178792677,3.082706766917293
Санта-Фе,-31.7903,-60.4839,2009-10-01,2009,10,18.4,68.0,0.21019637896085974,0.26626569711286663,0.29621608637520774,1.2318840579710144
Санта-Фе,-31.7903,-60.4839,2009-11-01,2009,11,22.9,161.0,0.7870977452349892,0.8637670831285578,0.5605249050902894,2.3435225618631734
Санта-Фе,-31.7903,-60.4839,2009-12-01,2009,12,22.6,230.0,0.9018591550074532,0.9688210794033512,1.220559067863124,3.392330383480826
Санта-Фе,-31.7903,-60.4839,2010-01-01,2010,1,25.2,164.0,1.5077293770456874,1.4593382021463577,1.2147343053806403,2.1693121693121693
Санта-Фе,-31.7903,-60.4839,2010-02-01,2010,2,24.3,353.0,2.359317960452539,2.0649759339079248,1.9930441530212626,4.842249657064472
Санта-Фе,-31.7903,-60.4839,2010-03-01,2010,3,23.3,284.0,2.0439147389225116,1.8938849898874526,1.8618858337227684,4.0629470672389125
Санта-Фе,-31.7903,-60.4839,2010-04-01,2010,4,17.3,72.0,1.6100914896173215,1.521386362136126,1.8020950546036882,1.3872832369942196
Санта-Фе,-31.7903,-60.4839,2010-05-01,2010,5,14.7,101.0,0.9197762865376036,0.9468893237254271,1.8338768593947703,2.290249433106576
Санта-Фе,-31.7903,-60.4839,2010-06-01,2010,6,12.1,6.0,-0.10197654900452821,-0.07385761242704517,1.665003014819479,0.1652892561983471
Санта-Фе,-31.7903,-60.4839,2010-07-01,2010,7,11.1,14.0,0.07295264541128114,0.12504019231131314,1.4586618021527076,0.42042042042042044
Санта-Фе,-31.7903,-60.4839,2010-08-01,2010,8,11.4,17.0,-1.3372656401859007,-1.4080043782176768,0.49628181028993673,0.49707602339181284
Санта-Фе,-31.7903,-60.4839,2010-09-01,2010,9,15.4,66.0,-0.08521028702432674,-0.23805899295066255,-0.3706873831996971,1.4285714285714286
Санта-Фе,-31.7903,-60.4839,2010-10-01,2010,10,17.1,56.0,-0.41143771709460236,-0.436804833316824,-0.4203370395114253,1.0916179337231968
Санта-Фе,-31.7903,-60.4839,2010-11-01,2010,11,21.2,35.0,-1.0248259467302632,-1.1103626205944548,-1.4545569405787653,0.550314465408805
Санта-Фе,-31.7903,-60.4839,2010-12-01,2010,12,24.6,67.0,-1.4218794017547642,-1.4691211560005275,-1.424614842039071,0.907859078590786
Санта-Фе,-31.7903,-60.4839,2011-01-01,2011,1,25.9,156.0,-0.6035769520112461,-0.6366665675234058,-0.8609111591044052,2.0077220077220077
Санта-Фе,-31.7903,-60.4839,2011-02-01,2011,2,23.4,94.0,-0.15008792988885286,-0.1611170590549471,-0.7572211577141882,1.339031339031339
Санта-Фе,-31.7903,-60.4839,2011-03-01,2011,3,21.5,102.0,-0.04988488217194715,-0.0693299977619567,-0.9223177653307945,1.5813953488372092
Санта-Фе,-31.7903,-60.4839,2011-04-01,2011,4,18.7,87.0,-0.4955882107631873,-0.5555235192132896,-0.807522529731699,1.5508021390374331
Санта-Фе,-31.7903,-60.4839,2011-05-01,2011,5,14.6,123.0,0.020814013537159688,-0.010357928919919674,-0.1507255806493769,2.808219178082192
Санта-Фе,-31.7903,-60.4839,2011-06-01,2011,6,11.6,46.0,0.5414326795432487,0.6124655740152698,0.17157465654570245,1.3218390804597702
Санта-Фе,-31.7903,-60.4839,2011-07-01,2011,7,11.0,28.0,1.1011334936025752,1.1833616297088265,-0.049901580010020014,0.8484848484848485
Санта-Фе,-31.7903,-60.4839,2011-08-01,2011,8,11.8,25.0,0.0993902659010745,0.13336022785424345,-0.08765399814044475,0.7062146892655368
Санта-Фе,-31.7903,-60.4839,2011-09-01,2011,9,16.5,25.0,-0.3742963292170818,-0.5871599390293816,0.12787838644467478,0.5050505050505051
Санта-Фе,-31.7903,-60.4839,2011-10-01,2011,10,17.4,148.0,0.20104230479418622,0.2571369965561309,0.7002194868898354,2.835249042145594
Санта-Фе,-31.7903,-60.4839,2011-11-01,2011,11,22.8,145.0,0.5141719163147602,0.5732773956928643,0.4091626242234432,2.1198830409356724
Санта-Фе,-31.7903,-60.4839,2011-12-01,2011,12,23.9,52.0,0.1333157282601149,0.1708057214765147,-0.19505219552700936,0.7252440725244073
Санта-Фе,-31.7903,-60.4839,2012-01-01,2012,1,26.3,42.0,-0.7777835027314693,-0.8229606755794684,-0.6191520253847359,0.532319391634981
Санта-Фе,-31.7903,-60.4839,2012-02-01,2012,2,24.8,192.0,-0.3951871750281537,-0.4296367874443756,-0.01956013969786589,2.5806451612903225
Санта-Фе,-31.7903,-60.4839,2012-03-01,2012,3,21.9,129.0,0.01631499193113436,0.0026272377748893017,0.059533950836937244,1.9634703196347032
Санта-Фе,-31.7903,-60.4839,2012-04-01,2012,4,18.3,43.0,0.03479861937456834,0.022699489027489483,-0.5122918242916323,0.7832422586520947
Санта-Фе,-31.7903,-60.4839,2012-05-01,2012,5,16.9,81.0,-0.42442024321324906,-0.49579631312603617,-0.613078799101923,1.5976331360946747
Санта-Фе,-31.7903,-60.4839,2012-06-01,2012,6,12.5,6.0,-0.6082646264608548,-0.6472477056885442,-0.4629094710693704,0.16
Санта-Фе,-31.7903,-60.4839,2012-07-01,2012,7,10.1,12.0,-0.30066970114220853,-0.31404535322031835,-0.15563721605944045,0.39603960396039606
Санта-Фе,-31.7903,-60.4839,2012-08-01,2012,8,14.2,121.0,0.6811895319796465,0.7365737347799803,-0.23383362201813565,2.84037558685446
Санта-Фе,-31.7903,-60.4839,2012-09-01,2012,9,16.7,82.0,1.052797445973514,1.1132774985814637,0.21183981216527512,1.6367265469061876
Санта-Фе,-31.7903,-60.4839,2012-10-01,2012,10,19.0,266.0,2.0011290498277035,1.7884061977192935,1.5801877899975028,4.666666666666667
Санта-Фе,-31.7903,-60.4839,2012-11-01,2012,11,22.9,94.0,1.451319018542828,1.4862014622185478,1.4603082259246156,1.3682678311499272
Санта-Фе,-31.7903,-60.4839,2012-12-01,2012,12,24.2,248.0,1.7802243698306737,1.70411609740798,1.855894797658317,3.4159779614325068
Санта-Фе,-31.7903,-60.4839,2013-01-01,2013,1,24.9,32.0,0.33239984975232906,0.38212852199077246,1.6043261518405592,0.428380187416332
Санта-Фе,-31.7903,-60.4839,2013-02-01,2013,2,23.5,98.0,0.2947396565983533,0.32474728057093305,1.048133826314943,1.3900709219858156
Санта-Фе,-31.7903,-60.4839,2013-03-01,2013,3,20.0,99.0,-0.8893628462965343,-0.9576176431960917,0.6199615013867603,1.65
Санта-Фе,-31.7903,-60.4839,2013-04-01,2013,4,18.9,157.0,-0.025250880587810505,-0.04153847595049791,0.06956593204650728,2.7689594356261025
Санта-Фе,-31.7903,-60.4839,2013-05-01,2013,5,15.0,96.0,0.29198002994739874,0.2901030370922697,0.3287266550521186,2.1333333333333333
Санта-Фе,-31.7903,-60.4839,2013-06-01,2013,6,12.8,38.0,0.7938807315030236,0.853640177908328,-0.3072123611726274,0.9895833333333334
Санта-Фе,-31.7903,-60.4839,2013-07-01,2013,7,12.7,7.0,0.3762594780736796,0.463258153629453,0.038680994120478464,0.1837270341207349
Санта-Фе,-31.7903,-60.4839,2013-08-01,2013,8,12.1,6.0,-0.8984023235948417,-0.9837060385078723,-0.14856175118820694,0.1652892561983471
Санта-Фе,-31.7903,-60.4839,2013-09-01,2013,9,15.5,24.0,-1.4529923217774623,-1.5104833102812034,0.0778765124020749,0.5161290322580645
Санта-Фе,-31.7903,-60.4839,2013-10-01,2013,10,19.7,197.0,0.4542360662746808,0.5265832550989513,0.5082712931794331,3.3333333333333335
Санта-Фе,-31.7903,-60.4839,2013-11-01,2013,11,21.7,169.0,1.0769857089943455,1.1491887766607076,0.5879632815455159,2.596006144393241
Санта-Фе,-31.7903,-60.4839,2013-12-01,2013,12,26.8,59.0,0.6829194622216629,0.7513237517990953,0.07569520523531269,0.7338308457711443
Санта-Фе,-31.7903,-60.4839,2014-01-01,2014,1,26.2,118.0,0.12333133097880085,0.15564681215824977,0.22434356806786376,1.5012722646310432
Санта-Фе,-31.7903,-60.4839,2014-02-01,2014,2,23.1,210.0,0.3567532294049615,0.3874584339131955,0.8599093339839672,3.0303030303030303
Санта-Фе,-31.7903,-60.4839,2014-03-01,2014,3,19.6,198.0,0.8846908335311645,0.9288700404735557,1.0351776685122671,3.36734693877551
Санта-Фе,-31.7903,-60.4839,2014-04-01,2014,4,18.3,248.0,1.4103695002515928,1.3671944237794518,1.1127370803196204,4.517304189435337
Санта-Фе,-31.7903,-60.4839,2014-05-01,2014,5,15.2,54.0,1.1500114365152179,1.1680063136042231,0.9532012205352342,1.1842105263157894
Санта-Фе,-31.7903,-60.4839,2014-06-01,2014,6,12.4,26.0,1.0410816956645403,1.073349728744472,1.2579650754456315,0.6989247311827957
Санта-Фе,-31.7903,-60.4839,2014-07-01,2014,7,13.0,77.0,0.599619985478978,0.7008026214577819,1.4089991561717357,1.9743589743589745
Санта-Фе,-31.7903,-60.4839,2014-08-01,2014,8,15.0,0.0,0.16436081230766836,0.1969500976757248,1.1290039122448894,0.0
Санта-Фе,-31.7903,-60.4839,2014-09-01,2014,9,16.6,74.0,0.5238731540136514,0.5165887963302098,1.0632278039373628,1.4859437751004014
Санта-Фе,-31.7903,-60.4839,2014-10-01,2014,10,21.1,68.0,-0.3760321194499894,-0.40766404165844594,-0.06072757676500846,1.0742496050552923
Санта-Фе,-31.7903,-60.4839,2014-11-01,2014,11,21.6,102.0,-0.13378062411728003,-0.161023912147891,-0.1675731887347869,1.5740740740740742
Санта-Фе,-31.7903,-60.4839,2014-12-01,2014,12,23.3,135.0,-0.16279772850941698,-0.16188051090937147,0.03393740438258931,1.9313304721030042
Санта-Фе,-31.7903,-60.4839,2015-01-01,2015,1,24.6,195.0,0.7388665148130074,0.7949503082525455,0.23156221908144514,2.6422764227642275
Санта-Фе,-31.7903,-60.4839,2015-02-01,2015,2,23.9,189.0,1.1835497257190517,1.19514571547569,0.7975486307804964,2.6359832635983262
Санта-Фе,-31.7903,-60.4839,2015-03-01,2015,3,22.3,149.0,0.9181670947495941,0.960475565196323,0.6231044942521845,2.227204783258595
Санта-Фе,-31.7903,-60.4839,2015-04-01,2015,4,20.7,48.0,0.16254197093857284,0.16157745599311982,0.45218227934462346,0.7729468599033816
Санта-Фе,-31.7903,-60.4839,2015-05-01,2015,5,17.1,73.0,-0.289673850635077,-0.3549679594257228,0.5792629078500842,1.4230019493177388
Санта-Фе,-31.7903,-60.4839,2015-06-01,2015,6,14.4,31.0,-0.36839006627327364,-0.3828743700461456,0.553560764733753,0.7175925925925926
Санта-Фе,-31.7903,-60.4839,2015-07-01,2015,7,12.6,26.0,0.21313412990152542,0.27678476333642826,0.15515027120487265,0.6878306878306878
Санта-Фе,-31.7903,-60.4839,2015-08-01,2015,8,15.8,102.0,0.9289951275745851,0.9614117357368179,0.03712254782837464,2.151898734177215
Санта-Фе,-31.7903,-60.4839,2015-09-01,2015,9,15.2,25.0,0.5427534095984993,0.5405709586293451,-0.12167040596673431,0.5482456140350878
Санта-Фе,-31.7903,-60.4839,2015-10-01,2015,10,17.1,97.0,0.42913917310768823,0.5006342055988114,0.40131196693428073,1.8908382066276803
Санта-Фе,-31.7903,-60.4839,2015-11-01,2015,11,20.7,103.0,-0.3145323969842155,-0.35859421567116334,0.14539561471372198,1.6586151368760065
Санта-Фе,-31.7903,-60.4839,2015-12-01,2015,12,24.0,119.0,-0.05734420468530245,-0.039549296623331495,0.14758177923909482,1.6527777777777777
Санта-Фе,-31.7903,-60.4839,2016-01-01,2016,1,26.2,50.0,-0.4796409343952811,-0.5017202204550643,-0.2503987362765455,0.6361323155216285
Санта-Фе,-31.7903,-60.4839,2016-02-01,2016,2,25.7,262.0,0.6484670183683727,0.6894256162123411,0.2657967360081337,3.398184176394293
Санта-Фе,-31.7903,-60.4839,2016-03-01,2016,3,20.8,87.0,0.2251648433776792,0.2346297348680408,0.10743428494157023,1.3942307692307692
Санта-Фе,-31.7903,-60.4839,2016-04-01,2016,4,18.4,248.0,1.1745396974569497,1.168742833988629,0.6523657209772877,4.492753623188406
Санта-Фе,-31.7903,-60.4839,2016-05-01,2016,5,12.9,14.0,0.2723613865748164,0.26989012648101024,0.5432540989539426,0.36175710594315247
Санта-Фе,-31.7903,-60.4839,2016-06-01,2016,6,10.2,27.0,0.77997868356469,0.8437390641081366,0.5710199016561549,0.8823529411764706
Санта-Фе,-31.7903,-60.4839,2016-07-01,2016,7,11.0,37.0,-0.7116094643166948,-0.7776232017455441,0.9268861124540149,1.121212121212121
Санта-Фе,-31.7903,-60.4839,2016-08-01,2016,8,14.1,2.0,-0.52833216458741,-0.5774812209552058,-0.0561956437583992,0.04728132387706856
Санта-Фе,-31.7903,-60.4839,2016-09-01,2016,9,14.8,33.0,-0.48030677586338494,-0.7075273264794841,0.33788996504445684,0.7432432432432432
Санта-Фе,-31.7903,-60.4839,2016-10-01,2016,10,18.0,208.0,0.5843214562474524,0.6598238308517305,0.14137858920216975,3.8518518518518516
Санта-Фе,-31.7903,-60.4839,2016-11-01,2016,11,21.0,103.0,0.7240986163429752,0.7993879189386497,0.35626801698522026,1.6349206349206349
Санта-Фе,-31.7903,-60.4839,2016-12-01,2016,12,24.3,267.0,1.6126966666221902,1.5792135633439548,1.1732147137863214,3.662551440329218
Санта-Фе,-31.7903,-60.4839,2017-01-01,2017,1,25.1,166.0,1.3958719841606082,1.3717282464822738,1.3306057323777074,2.2045152722443557
Санта-Фе,-31.7903,-60.4839,2017-02-01,2017,2,24.2,151.0,1.5453647452470645,1.4937371678392664,1.465131734676352,2.0798898071625342
Санта-Фе,-31.7903,-60.4839,2017-03-01,2017,3,21.9,56.0,0.07549370185542373,0.06994726983763619,1.036202878980093,0.852359208523592
Санта-Фе,-31.7903,-60.4839,2017-04-01,2017,4,18.1,143.0,-0.04964184277738382,-0.0700019234327787,0.7165451322658166,2.6335174953959486
Санта-Фе,-31.7903,-60.4839,2017-05-01,2017,5,15.6,58.0,-0.39218865969863964,-0.4610093558885798,0.7853070293218385,1.2393162393162394
Санта-Фе,-31.7903,-60.4839,2017-06-01,2017,6,13.5,18.0,0.25001592523691835,0.310230488946789,0.08591245919878386,0.4444444444444444
Санта-Фе,-31.7903,-60.4839,2017-07-01,2017,7,14.0,42.0,0.0247400985535921,0.06211032327742149,-0.12603789769419038,1.0
Санта-Фе,-31.7903,-60.4839,2017-08-01,2017,8,15.0,148.0,1.4585322753029126,1.3915806154572627,0.2971302177787087,3.2888888888888888
Санта-Фе,-31.7903,-60.4839,2017-09-01,2017,9,16.4,97.0,1.5263652120326852,1.5543530784819781,1.1948453346224341,1.9715447154471546
Санта-Фе,-31.7903,-60.4839,2017-10-01,2017,10,18.0,91.0,1.243171107995765,1.2534378605621515,1.0534684898655506,1.6851851851851851
Санта-Фе,-31.7903,-60.4839,2017-11-01,2017,11,21.0,98.0,0.24391493371927203,0.2745119665945472,0.9533121216333843,1.5555555555555556
Санта-Фе,-31.7903,-60.4839,2017-12-01,2017,12,24.5,99.0,-0.2936591309290396,-0.3063535491322419,0.784577855107341,1.346938775510204
Санта-Фе,-31.7903,-60.4839,2018-01-01,2018,1,25.4,36.0,-0.8343417756977549,-0.8792540742994099,0.2022255220569342,0.47244094488188976
Санта-Фе,-31.7903,-60.4839,2018-02-01,2018,2,25.6,10.0,-1.7607313954090413,-1.7215804415143623,-1.002205654678372,0.13020833333333334
Санта-Фе,-31.7903,-60.4839,2018-03-01,2018,3,22.3,24.0,-2.4941700550123254,-2.18587199917744,-1.6907311910818459,0.35874439461883406
Санта-Фе,-31.7903,-60.4839,2018-04-01,2018,4,22.5,188.0,-0.986542940389015,-1.0573321870089953,-1.2200746832843405,2.785185185185185
Санта-Фе,-31.7903,-60.4839,2018-05-01,2018,5,16.3,190.0,0.6041133648085482,0.6216663459110748,-0.5741352162298256,3.885480572597137
Санта-Фе,-31.7903,-60.4839,2018-06-01,2018,6,10.8,7.0,1.3903324842920872,1.3518505011198076,-0.6808457805289511,0.21604938271604937
Санта-Фе,-31.7903,-60.4839,2018-07-01,2018,7,10.5,39.0,1.5316723554423397,1.5349913896294625,-0.1897325271050151,1.2380952380952381
Санта-Фе,-31.7903,-60.4839,2018-08-01,2018,8,11.8,46.0,-0.019033969890537156,0.003029013107130582,0.4933679381175503,1.2994350282485876
Санта-Фе,-31.7903,-60.4839,2018-09-01,2018,9,18.2,29.0,0.1321596264787085,0.03089776998018307,1.1616416561242722,0.5311355311355311
Санта-Фе,-31.7903,-60.4839,2018-10-01,2018,10,18.1,37.35714285714286,-0.7549263975912842,-0.8292155298381679,0.36071389875888865,0.6879768481978428
Санта-Фе,-31.7903,-60.4839,2018-11-01,2018,11,21.5,45.714285714285715,-1.5653597178977905,-1.6021680490442842,-1.3755155645404942,0.70874861572536
Санта-Фе,-31.7903,-60.4839,2018-12-01,2018,12,23.2,136.32636887698726,-0.857410996515576,-0.9175598229271877,-0.8530785744951165,1.9587121965084378
Санта-Фе,-31.7903,-60.4839,2019-01-01,2019,1,24.4,87.24147343296012,-0.5034231737030748,-0.5252607422913028,-0.9529840505467547,1.1918234075540999
Санта-Фе,-31.7903,-60.4839,2019-02-01,2019,2,23.7,128.00859397085145,0.10756293031047456,0.12388775975351501,-0.8165052498640484,1.8004021655534663
Санта-Фе,-31.7903,-60.4839,2019-03-01,2019,3,20.6,216.3120159989887,0.40479449405873086,0.43383791977080743,-0.2102421187891109,3.5001944336405937
Санта-Фе,-31.7903,-60.4839,2019-04-01,2019,4,18.6,73.06806976558626,0.3355019359350083,0.3513717592895071,-0.1160447168313382,1.3094636158707214
Санта-Фе,-31.7903,-60.4839,2019-05-01,2019,5,15.8,46.478724937270584,0.18510602214629493,0.17159220382790671,0.13403085216127658,0.9805638172419955
Санта-Фе,-31.7903,-60.4839,2019-06-01,2019,6,14.7,54.685623912835766,-0.14709832129098216,-0.1290092015349606,0.159729329575086,1.240036823420312
Санта-Фе,-31.7903,-60.4839,2019-07-01,2019,7,11.5,40.906912409651135,0.39170475872601856,0.4782117100583032,0.39420814142532606,1.1857076060768446
Санта-Фе,-31.7903,-60.4839,2019-08-01,2019,8,12.9,13.093500721805645,0.2536728344940931,0.2961919986477513,0.15557344860893882,0.338333351984642
Санта-Фе,-31.7903,-60.4839,2019-09-01,2019,9,15.5,63.06741464724944,0.16834477125538663,0.07819850264611432,-0.23704536475540086,1.3562884870376224
Санта-Фе,-31.7903,-60.4839,2019-10-01,2019,10,18.3,72.05923436762671,-0.30438716406028793,-0.31743427153879994,-0.13601394487455445,1.3125543600660603
Санта-Фе,-31.7903,-60.4839,2019-11-01,2019,11,22.8,96.47469318712194,-0.2509699582117198,-0.29144824409009845,-0.22156483072065408,1.4104487308058764
Санта-Фе,-31.7903,-60.4839,2019-12-01,2019,12,23.6,123.59356442089599,-0.26159398449132026,-0.2716688745012048,-0.2954040467303918,1.7456718138544631
Санта-Фе,-31.7903,-60.4839,2020-01-01,2020,1,24.8,6.895466942996194,-0.8920368956953717,-0.9389826770710741,-0.9918288056588666,0.09268100729833594
Санта-Фе,-31.7903,-60.4839,2020-02-01,2020,2,23.7,10.755022999330492,-1.8053451536077336,-1.7524568837583896,-1.3205723138707297,0.1512661462634387
Санта-Фе,-31.7903,-60.4839,2020-03-01,2020,3,24.3,98.13445907466392,-1.9278746706293766,-1.8275710461690573,-1.441890468174826,1.346151701984416
Санта-Фе,-31.7903,-60.4839,2020-04-01,2020,4,18.6,30.062897223310756,-1.9144623182296647,-1.8019173796797265,-1.6323295580032506,0.5387615989840637
Санта-Фе,-31.7903,-60.4839,2020-05-01,2020,5,15.4,64.0946926831849,-0.9616745098241386,-1.0298051505747954,-1.6885484696903839,1.3873310104585477
Санта-Фе,-31.7903,-60.4839,2020-06-01,2020,6,12.4,7.931204113194529,-0.9522438894650883,-1.0195562071856454,-1.977833526786334,0.2132044116450142
Санта-Фе,-31.7903,-60.4839,2020-07-01,2020,7,10.6,9.928100487069628,-0.6291646739339904,-0.6925959577702276,-1.8399546293933886,0.31220441783237823
Санта-Фе,-31.7903,-60.4839,2020-08-01,2020,8,15.1,66.2927089206384,-0.15992835065548472,-0.1643907222539711,-1.1343881813536132,1.4634152079611127
Санта-Фе,-31.7903,-60.4839,2020-09-01,2020,9,15.6,40.31384336107239,0.1621142275424259,0.06800898280912922,-0.9315364737692364,0.8614069094246236
Санта-Фе,-31.7903,-60.4839,2020-10-01,2020,10,19.2,93.76000661693877,0.22265306661932607,0.2766107897258642,-0.21083757794071417,1.627777892655187
Санта-Фе,-31.7903,-60.4839,2020-11-01,2020,11,22.4,60.38704333775044,-0.6201147173780845,-0.7008670304660417,-0.7533031488080398,0.8986167163355722
Санта-Фе,-31.7903,-60.4839,2020-12-01,2020,12,23.1,84.29109876900186,-0.6946820595115668,-0.7482230018754802,-0.6955421805203085,1.2163217715584684
Санта-Фе,-31.7903,-60.4839,2021-01-01,2021,1,24.4,263.0,0.572448623953993,0.6310219257474938,0.436317714411171,3.592896174863388
Санта-Фе,-31.7903,-60.4839,2021-02-01,2021,2,23.6,29.0,0.2828681351742962,0.3135075673034992,-0.20446606641767837,0.4096045197740113
Санта-Фе,-31.7903,-60.4839,2021-03-01,2021,3,21.5,129.0,0.34742429458596935,0.3711113997627193,-0.17055238717805069,2.0
Санта-Фе,-31.7903,-60.4839,2021-04-01,2021,4,19.5,76.0,-0.8813460403222206,-0.9507033197987244,-0.3268783519925745,1.2991452991452992
Санта-Фе,-31.7903,-60.4839,2021-05-01,2021,5,14.2,49.0,-0.4163308828101748,-0.4863813610126387,-0.14273519483767802,1.1502347417840375
Санта-Фе,-31.7903,-60.4839,2021-06-01,2021,6,11.6,3.0,-0.6312901809249827,-0.6711874530779,-0.14584345594062134,0.08620689655172414
Санта-Фе,-31.7903,-60.4839,2021-07-01,2021,7,12.1,9.0,-1.1011132946370543,-1.2045284455151224,-1.2936955007467854,0.24793388429752067
Санта-Фе,-31.7903,-60.4839,2021-08-01,2021,8,14.3,3.0,-2.5655632722779984,-2.270213544482696,-1.189413621910913,0.06993006993006994
Санта-Фе,-31.7903,-60.4839,2021-09-01,2021,9,16.8,13.0,-2.638935781939592,-1.8485197835352052,-1.6218566055069783,0.25793650793650796
Санта-Фе,-31.7903,-60.4839,2021-10-01,2021,10,19.3,14.0,-2.719646080434466,-2.428112777266871,-2.3166875956045843,0.24179620034542315
Санта-Фе,-31.7903,-60.4839,2021-11-01,2021,11,22.1,22.0,-2.4719327113390825,-2.264256341300439,-2.4482045671548507,0.33182503770739064
Санта-Фе,-31.7903,-60.4839,2021-12-01,2021,12,25.8,2.0,-2.7801864665141687,-2.5305999442215232,-2.7612466841845302,0.025839793281653745
Санта-Фе,-31.7903,-60.4839,2022-01-01,2022,1,26.6,53.0,-2.7151228647290937,-2.4711897850138462,-2.370645186320047,0.6641604010025063
Санта-Фе,-31.7903,-60.4839,2022-02-01,2022,2,23.5,33.0,-2.51596597334109,-2.257786152225004,-2.503507488522926,0.46808510638297873
Санта-Фе,-31.7903,-60.4839,2022-03-01,2022,3,20.2,102.0,-1.224643117909695,-1.2710409109878391,-2.340019564770966,1.683168316831683
Санта-Фе,-31.7903,-60.4839,2022-04-01,2022,4,17.8,9.0,-1.8431009729929206,-1.7483428142498614,-2.28279702654949,0.16853932584269662
Санта-Фе,-31.7903,-60.4839,2022-05-01,2022,5,13.3,6.0,-1.8199475358058437,-1.7034554025720001,-2.3489866172696447,0.15037593984962405
Санта-Фе,-31.7903,-60.4839,2022-06-01,2022,6,10.0,0.0,-2.731199178061084,-2.4861812036211157,-2.0516637662100026,
Санта-Фе,-31.7903,-60.4839,2022-07-01,2022,7,14.1,13.0,-2.5522613387275275,-2.4017679070191837,-2.2813604787337893,0.3073286052009456
Санта-Фе,-31.7903,-60.4839,2022-08-01,2022,8,13.2,49.0,-0.619846606809059,-0.682567837211842,-1.8633136292145647,1.2373737373737375
Санта-Фе,-31.7903,-60.4839,2022-09-01,2022,9,15.1,27.0,-0.19968227278645256,-0.3843190727912136,-2.1704678333815086,0.5960264900662252
Санта-Фе,-31.7903,-60.4839,2022-10-01,2022,10,18.3,27.0,-0.8908793629944756,-0.973876985885961,-1.930395532272125,0.4918032786885246
Санта-Фе,-31.7903,-60.4839,2022-11-01,2022,11,23.3,47.0,-1.71004582553721,-1.719414453091942,-1.7050889731361163,0.6723891273247496
Санта-Фе,-31.7903,-60.4839,2022-12-01,2022,12,26.0,64.0,-1.6211801056480526,-1.6517309349003695,-1.6307687889263547,0.8205128205128205
Санта-Фе,-31.7903,-60.4839,2023-01-01,2023,1,27.4,52.0,-1.5612665738026823,-1.585139760862048,-1.603705528406458,0.6326034063260341
Санта-Фе,-31.7903,-60.4839,2023-02-01,2023,2,25.1,44.0,-1.5882675514288789,-1.5858371223297003,-1.905928395029136,0.5843293492695883
Санта-Фе,-31.7903,-60.4839,2023-03-01,2023,3,26.2,143.0,-0.8127364060463218,-0.8917663107861391,-1.6021461171882105,1.8193384223918576
Санта-Фе,-31.7903,-60.4839,2023-04-01,2023,4,18.8,17.0,-1.1544806271588506,-1.2123681366930468,-1.632774631450224,0.30141843971631205
Санта-Фе,-31.7903,-60.4839,2023-05-01,2023,5,16.7,207.0,0.38847850725185673,0.38950610253191426,-0.6814391303815113,4.131736526946108
Санта-Фе,-31.7903,-60.4839,2023-06-01,2023,6,14.0,8.0,0.35566911648549154,0.42010887301839356,-0.5929419636481011,0.19047619047619047
Санта-Фе,-31.7903,-60.4839,2023-07-01,2023,7,13.5,22.0,1.5421064132047886,1.5391190960514987,-0.3002187748674452,0.5432098765432098
Санта-Фе,-31.7903,-60.4839,2023-08-01,2023,8,15.0,1.0,-1.572916553240773,-1.6345174268809428,-0.19581315153207313,0.022222222222222223
Санта-Фе,-31.7903,-60.4839,2023-09-01,2023,9,16.1,11.0,-1.612601097207408,-1.5988963276452535,-0.47300245023829657,0.22774327122153207
Санта-Фе,-31.7903,-60.4839,2023-10-01,2023,10,19.3,80.0,-1.0641859545418462,-1.1609165497378726,0.19939732206929628,1.381692573402418
Санта-Фе,-31.7903,-60.4839,2023-11-01,2023,11,21.6,148.0,-0.18070311681666043,-0.2118583030163043,-0.829078419438225,2.2839506172839505
Санта-Фе,-31.7903,-60.4839,2023-12-01,2023,12,23.4,163.0,0.4556549105239747,0.5203373884520998,-0.18350277942416673,2.321937321937322
Санта-Фе,-31.7903,-60.4839,2024-01-01,2024,1,24.8,118.0,0.7186336003434897,0.7751733694828509,-0.09449956114989419,1.586021505376344
Санта-Фе,-31.7903,-60.4839,2024-02-01,2024,2,25.7,141.0,0.5902622087152612,0.6323285834688608,0.29137581454898465,1.828793774319066
Санта-Фе,-31.7903,-60.4839,2024-03-01,2024,3,23.9,177.0,0.42865472346869,0.45560830536675345,0.5781273459334757,2.4686192468619246
Санта-Фе,-31.7903,-60.4839,2024-04-01,2024,4,18.8,148.0,0.5850599198950911,0.6092405683422286,0.7483580804313014,2.624113475177305
Санта-Фе,-31.7903,-60.4839,2024-05-01,2024,5,11.9,48.0,0.42636143160153195,0.435659937344755,0.6047193767015645,1.3445378151260505
Санта-Фе,-31.7903,-60.4839,2024-06-01,2024,6,15.3,0.0,0.05306922666675819,0.09764483053784592,0.2934719034911958,0.0
Санта-Фе,-31.7903,-60.4839,2024-07-01,2024,7,10.8,22.0,-0.8871614579577207,-0.9776935030642521,0.26802873357737933,0.6790123456790124
Санта-Фе,-31.7903,-60.4839,2024-08-01,2024,8,12.8,11.0,-1.4899490246458909,-1.554749215188159,-0.127843728132238,0.2864583333333333
Санта-Фе,-31.7903,-60.4839,2024-09-01,2024,9,18.1,0.3,-1.655018332264195,-1.6139782636780935,-0.8243712503003803,0.0055248618784530384
Санта-Фе,-31.7903,-60.4839,2024-10-01,2024,10,20.8,89.0,-0.9319582899900857,-1.027024013449356,-1.3801100595208728,1.4262820512820513
Санта-Фе,-31.7903,-60.4839,2024-11-01,2024,11,22.5,217.0,0.41695966449254795,0.46151663797512216,-0.23456103914287138,3.214814814814815
Санта-Фе,-31.7903,-60.4839,2024-12-01,2024,12,22.4,62.0,0.2967511724178486,0.3487478791514749,-0.35540592754448713,0.9226190476190477
Санта-Фе,-31.7903,-60.4839,2025-01-01,2025,1,26.4,70.0,0.14617720945160928,0.1839712414437784,-0.5458423249490687,0.8838383838383839
Санта-Фе,-31.7903,-60.4839,2025-02-01,2025,2,26.6,172.0,-0.2511237906129453,-0.2734320774788164,0.0121638315980227,2.155388471177945
Санта-Фе,-31.7903,-60.4839,2025-03-01,2025,3,22.8,130.0,0.06961763318482413,0.05958112161326798,0.20406927181635903,1.9005847953216375
Санта-Фе,-31.7903,-60.4839,2025-04-01,2025,4,17.7,37.0,-0.11786492067298468,-0.1478524508640347,-0.11378647615814402,0.696798493408663
Санта-Фе,-31.7903,-60.4839,2025-05-01,2025,5,17.0,49.0,-0.7399891360050028,-0.8185426561275571,-0.7134654591142628,0.9607843137254902
Санта-Фе,-31.7903,-60.4839,2025-06-01,2025,6,10.3,20.0,-0.9007950532500253,-0.9641302394503343,-0.5491620166975798,0.6472491909385113
Санта-Фе,-31.7903,-60.4839,2025-07-01,2025,7,12.3,72.0,0.3762594780736796,0.463881202304378,-0.053893864083431414,1.951219512195122
Санта-Фе,-31.7903,-60.4839,2025-08-01,2025,8,13.7,187.0,2.0975173389338684,1.8152064121041542,0.5007650487358497,4.549878345498784
Санта-Фе,-31.7903,-60.4839,2025-09-01,2025,9,16.1,34.0,1.5619818695240701,1.5856312829466814,0.599991384497001,0.7039337474120082
Санта-Фе,-31.7903,-60.4839,2025-10-01,2025,10,19.5,48.0,0.7836356120761948,0.8521179543600451,0.7944275298753976,0.8205128205128205
Санта-Фе,-31.7903,-60.4839,2025-11-01,2025,11,21.3,116.0,-0.5836692090553482,-0.6605326662507212,0.8425715057082243,1.8153364632237872
Санта-Фе,-31.7903,-60.4839,2025-12-01,2025,12,24.9,136.0,-0.20095890657175702,-0.20466637201345,0.883308725022967,1.820615796519411
Санта-Фе,-31.7903,-60.4839,2026-01-01,2026,1,25.1,47.0,-0.2501587840361353,-0.2505163942896384,0.19560273399131495,0.6241699867197875
Санта-Фе,-31.7903,-60.4839,2026-02-01,2026,2,24.4,199.0,0.3224059160224298,0.3525944144816287,-0.1539259272962461,2.7185792349726774
Санта-Фе,-31.7903,-60.4839,2026-03-01,2026,3,24.4,199.0,0.4766097267951848,0.507352005514934,0.2277780518061836,2.7185792349726774
Санта-Фе,-31.7903,-60.4839,2026-04-01,2026,4,24.4,199.0,1.1745396974569497,1.1654722573094203,0.7494446099837215,2.7185792349726774
Санта-Фе,-31.7903,-60.4839,2026-05-01,2026,5,15.2,57.563210689798375,0.9118492739281461,0.9341771979422387,0.7684011789745121,1.2623511116183854
Санта-Фе,-31.7903,-60.4839,2026-06-01,2026,6,12.2,3.3639278190191604,0.5707845393497408,0.6365379095237439,0.6446627648981618,0.09191059614806449
Санта-Фе,-31.7903,-60.4839,2026-07-01,2026,7,11.5,35.339483897345616,-0.35072551203883107,-0.37170570048698287,0.9940897525051459,1.024332866589728
Санта-Фе,-31.7903,-60.4839,2026-08-01,2026,8,13.2,9.487612849305147,-0.9773664989510763,-1.0643457236780214,0.5525026468301282,0.23958618306326132
Санта-Фе,-31.7903,-60.4839,2026-09-01,2026,9,15.5,38.36175897332361,-0.28910956112490094,-0.4888099933454956,0.19424339850311614,0.8249840639424433
Санта-Фе,-31.7903,-60.4839,2026-10-01,2026,10,18.3,66.40710227846563,-0.7284426127145698,-0.7981542048937302,-0.9346061989401847,1.209601134398281
Санта-Фе,-31.7903,-60.4839,2026-11-01,2026,11,21.3,183.7008151990936,0.26527674092339715,0.2987733597533481,-0.24961414610667673,2.8748171392659403
Санта-Фе,-31.7903,-60.4839,2026-12-01,2026,12,23.6,110.82539252580554,0.24703403731211704,0.29693386022058815,-0.04436023231254032,1.565330402906858
